Open Time,Open,High,Low,Close,Volume,Close Time,Quote Asset Volume,Number of trades,Taker Buy Base Asset Volume,Taker Buy Quote Asset volume
1571443200000,0.01137000,0.01189000,0.01122000,0.01138000,3517587.20000000,1571529599999,40341.40959100,409,2164582.30000000,24814.11220800,0
