Open Time,Open,High,Low,Close,Volume,Close Time,Quote Asset Volume,Number of trades,Taker Buy Base Asset Volume,Taker Buy Quote Asset volume
1567382400000,0.01615000,0.01885000,0.01583000,0.01856000,67704758.80000000,1567468799999,1204776.88511800,6249,35357154.00000000,629285.06306400,0
