Open Time,Open,High,Low,Close,Volume,Close Time,Quote Asset Volume,Number of trades,Taker Buy Base Asset Volume,Taker Buy Quote Asset volume
1575849600000,0.01274000,0.01320000,0.01213000,0.01235000,21376763.30000000,1575935999999,270635.80561000,1572,9370594.80000000,118886.52320700,0
