Open Time,Open,High,Low,Close,Volume,Close Time,Quote Asset Volume,Number of trades,Taker Buy Base Asset Volume,Taker Buy Quote Asset volume
1561161600000,0.02370000,0.02522000,0.02268000,0.02358000,133486400.80000000,1561247999999,3177579.65459600,10034,47167770.80000000,1130076.18740500,0
