Open Time,Open,High,Low,Close,Volume,Close Time,Quote Asset Volume,Number of trades,Taker Buy Base Asset Volume,Taker Buy Quote Asset volume
1569715200000,0.01151000,0.01166000,0.01033000,0.01084000,20999949.90000000,1569801599999,228328.81300700,1161,7984718.20000000,87539.42593300,0
