Open Time,Open,High,Low,Close,Volume,Close Time,Quote Asset Volume,Number of trades,Taker Buy Base Asset Volume,Taker Buy Quote Asset volume
1560988800000,0.02790000,0.02845000,0.02525000,0.02633000,103437851.90000000,1561075199999,2760145.25565200,7849,29338053.00000000,788112.50093700,0
