Open Time,Open,High,Low,Close,Volume,Close Time,Quote Asset Volume,Number of trades,Taker Buy Base Asset Volume,Taker Buy Quote Asset volume
1568764800000,0.01566000,0.01660000,0.01564000,0.01617000,24886927.50000000,1568851199999,401986.45229900,2384,11859234.10000000,191124.29867700,0
