Open Time,Open,High,Low,Close,Volume,Close Time,Quote Asset Volume,Number of trades,Taker Buy Base Asset Volume,Taker Buy Quote Asset volume
1567468800000,0.01855000,0.01914000,0.01772000,0.01859000,38239390.00000000,1567555199999,701068.25878800,4667,14104191.60000000,259921.92177100,0
