Open Time,Open,High,Low,Close,Volume,Close Time,Quote Asset Volume,Number of trades,Taker Buy Base Asset Volume,Taker Buy Quote Asset volume
1560556800000,0.02737000,0.03006000,0.02563000,0.02680000,159700618.50000000,1560643199999,4441647.62126700,13278,72765463.60000000,2030263.02065700,0
