Open Time,Open,High,Low,Close,Volume,Close Time,Quote Asset Volume,Number of trades,Taker Buy Base Asset Volume,Taker Buy Quote Asset volume
1576627200000,0.00987000,0.01097000,0.00939000,0.01077000,10988124.10000000,1576713599999,111758.30494600,964,5287093.60000000,54088.05798800,0
