Open Time,Open,High,Low,Close,Volume,Close Time,Quote Asset Volume,Number of trades,Taker Buy Base Asset Volume,Taker Buy Quote Asset volume
1571875200000,0.01016000,0.01022000,0.00986000,0.01017000,4222862.10000000,1571961599999,42460.91365900,412,1968555.50000000,19832.96815100,0
