Open Time,Open,High,Low,Close,Volume,Close Time,Quote Asset Volume,Number of trades,Taker Buy Base Asset Volume,Taker Buy Quote Asset volume
1568505600000,0.01579000,0.01605000,0.01555000,0.01572000,6572914.60000000,1568591999999,104407.55550200,695,3336413.60000000,53114.57675500,0
