Open Time,Open,High,Low,Close,Volume,Close Time,Quote Asset Volume,Number of trades,Taker Buy Base Asset Volume,Taker Buy Quote Asset volume
1562976000000,0.02493000,0.02670000,0.02350000,0.02488000,45522906.60000000,1563062399999,1155776.51452600,7394,18773799.10000000,476798.85549600,0
