Open Time,Open,High,Low,Close,Volume,Close Time,Quote Asset Volume,Number of trades,Taker Buy Base Asset Volume,Taker Buy Quote Asset volume
1563148800000,0.02156000,0.02320000,0.01920000,0.02209000,54219704.60000000,1563235199999,1114663.39355700,6162,23087273.70000000,475937.78459800,0
