Open Time,Open,High,Low,Close,Volume,Close Time,Quote Asset Volume,Number of trades,Taker Buy Base Asset Volume,Taker Buy Quote Asset volume
1568160000000,0.01616000,0.01640000,0.01501000,0.01539000,20721543.80000000,1568246399999,325985.86170900,1582,6162758.90000000,96943.68450100,0
