Open Time,Open,High,Low,Close,Volume,Close Time,Quote Asset Volume,Number of trades,Taker Buy Base Asset Volume,Taker Buy Quote Asset volume
1571616000000,0.01146000,0.01178000,0.01138000,0.01162000,4481011.50000000,1571702399999,51890.51311100,544,2412420.30000000,27976.36505600,0
