Open Time,Open,High,Low,Close,Volume,Close Time,Quote Asset Volume,Number of trades,Taker Buy Base Asset Volume,Taker Buy Quote Asset volume
1575504000000,0.01208000,0.01270000,0.01169000,0.01259000,12318715.50000000,1575590399999,151197.52888800,1009,6075017.50000000,74811.09518900,0
