Open Time,Open,High,Low,Close,Volume,Close Time,Quote Asset Volume,Number of trades,Taker Buy Base Asset Volume,Taker Buy Quote Asset volume
1576281600000,0.01127000,0.01168000,0.01092000,0.01134000,9513307.50000000,1576367999999,108168.68277400,635,4502551.80000000,51205.71944000,0
