Open Time,Open,High,Low,Close,Volume,Close Time,Quote Asset Volume,Number of trades,Taker Buy Base Asset Volume,Taker Buy Quote Asset volume
1564012800000,0.02207000,0.02404000,0.02173000,0.02267000,44095844.90000000,1564099199999,1011323.56993200,5683,21042402.30000000,483801.02359000,0
