Open Time,Open,High,Low,Close,Volume,Close Time,Quote Asset Volume,Number of trades,Taker Buy Base Asset Volume,Taker Buy Quote Asset volume
1561939200000,0.02595000,0.02989000,0.02430000,0.02556000,111483531.70000000,1562025599999,3003391.44160600,12003,47035423.00000000,1285564.90878800,0
