Open Time,Open,High,Low,Close,Volume,Close Time,Quote Asset Volume,Number of trades,Taker Buy Base Asset Volume,Taker Buy Quote Asset volume
1565827200000,0.01550000,0.01593000,0.01511000,0.01530000,16135697.80000000,1565913599999,248903.15353400,1142,5735756.10000000,88548.55667700,0
