Open Time,Open,High,Low,Close,Volume,Close Time,Quote Asset Volume,Number of trades,Taker Buy Base Asset Volume,Taker Buy Quote Asset volume
1565481600000,0.01795000,0.01939000,0.01748000,0.01817000,31325773.00000000,1565567999999,580266.62341800,2931,13237119.00000000,245192.50961200,0
