Open Time,Open,High,Low,Close,Volume,Close Time,Quote Asset Volume,Number of trades,Taker Buy Base Asset Volume,Taker Buy Quote Asset volume
1560902400000,0.02736000,0.02999000,0.02733000,0.02790000,134345366.40000000,1560988799999,3842102.66234800,12444,67703251.40000000,1939275.31531700,0
