Open Time,Open,High,Low,Close,Volume,Close Time,Quote Asset Volume,Number of trades,Taker Buy Base Asset Volume,Taker Buy Quote Asset volume
1572220800000,0.01190000,0.01203000,0.01151000,0.01167000,10489988.60000000,1572307199999,124176.20179900,864,3670249.10000000,43476.75540100,0
