Open Time,Open,High,Low,Close,Volume,Close Time,Quote Asset Volume,Number of trades,Taker Buy Base Asset Volume,Taker Buy Quote Asset volume
1568678400000,0.01523000,0.01586000,0.01500000,0.01563000,17255371.50000000,1568764799999,266571.26473200,1512,7439875.10000000,115641.42232900,0
