Open Time,Open,High,Low,Close,Volume,Close Time,Quote Asset Volume,Number of trades,Taker Buy Base Asset Volume,Taker Buy Quote Asset volume
1561248000000,0.02358000,0.02500000,0.02240000,0.02290000,69080010.90000000,1561334399999,1650574.28606600,5560,26460524.00000000,636296.73807600,0
