Open Time,Open,High,Low,Close,Volume,Close Time,Quote Asset Volume,Number of trades,Taker Buy Base Asset Volume,Taker Buy Quote Asset volume
1573948800000,0.01291000,0.01308000,0.01278000,0.01285000,2849429.60000000,1574035199999,36867.15781200,341,842965.10000000,10914.36102200,0
