Open Time,Open,High,Low,Close,Volume,Close Time,Quote Asset Volume,Number of trades,Taker Buy Base Asset Volume,Taker Buy Quote Asset volume
1575676800000,0.01337000,0.01380000,0.01312000,0.01338000,15048919.40000000,1575763199999,202397.52641000,1303,5958675.30000000,79879.71705600,0
