Open Time,Open,High,Low,Close,Volume,Close Time,Quote Asset Volume,Number of trades,Taker Buy Base Asset Volume,Taker Buy Quote Asset volume
1573084800000,0.01362000,0.01459000,0.01301000,0.01430000,28812254.60000000,1573171199999,406793.56103600,1815,13808452.00000000,195135.49211300,0
