Open Time,Open,High,Low,Close,Volume,Close Time,Quote Asset Volume,Number of trades,Taker Buy Base Asset Volume,Taker Buy Quote Asset volume
1563494400000,0.02100000,0.02146000,0.02022000,0.02092000,21629768.00000000,1563580799999,451231.08561900,2957,10616587.80000000,221685.43969800,0
