Open Time,Open,High,Low,Close,Volume,Close Time,Quote Asset Volume,Number of trades,Taker Buy Base Asset Volume,Taker Buy Quote Asset volume
1564790400000,0.02318000,0.02340000,0.02150000,0.02188000,31101554.00000000,1564876799999,698112.35169000,3985,10875118.60000000,244734.29280800,0
