Open Time,Open,High,Low,Close,Volume,Close Time,Quote Asset Volume,Number of trades,Taker Buy Base Asset Volume,Taker Buy Quote Asset volume
1566691200000,0.01606000,0.01663000,0.01505000,0.01520000,17635134.30000000,1566777599999,279892.00140700,2147,7396786.40000000,117838.52560000,0
