Open Time,Open,High,Low,Close,Volume,Close Time,Quote Asset Volume,Number of trades,Taker Buy Base Asset Volume,Taker Buy Quote Asset volume
1576108800000,0.01131000,0.01144000,0.01078000,0.01101000,10734065.10000000,1576195199999,119517.19095400,842,3938089.30000000,43832.53572700,0
