Open Time,Open,High,Low,Close,Volume,Close Time,Quote Asset Volume,Number of trades,Taker Buy Base Asset Volume,Taker Buy Quote Asset volume
1569024000000,0.01530000,0.01543000,0.01492000,0.01510000,6581855.10000000,1569110399999,99605.33231800,931,1707647.80000000,25939.63851900,0
