Open Time,Open,High,Low,Close,Volume,Close Time,Quote Asset Volume,Number of trades,Taker Buy Base Asset Volume,Taker Buy Quote Asset volume
1567728000000,0.01905000,0.01914000,0.01656000,0.01706000,48486170.10000000,1567814399999,840810.28250100,3269,16525475.00000000,286581.10242200,0
