Open Time,Open,High,Low,Close,Volume,Close Time,Quote Asset Volume,Number of trades,Taker Buy Base Asset Volume,Taker Buy Quote Asset volume
1569542400000,0.01134000,0.01151000,0.01086000,0.01144000,15256413.20000000,1569628799999,170745.17154800,1275,7229571.30000000,80929.75778000,0
