Open Time,Open,High,Low,Close,Volume,Close Time,Quote Asset Volume,Number of trades,Taker Buy Base Asset Volume,Taker Buy Quote Asset volume
1575590400000,0.01249000,0.01360000,0.01204000,0.01331000,18623833.60000000,1575676799999,237036.82044600,1418,8691700.40000000,110984.84108000,0
