Open Time,Open,High,Low,Close,Volume,Close Time,Quote Asset Volume,Number of trades,Taker Buy Base Asset Volume,Taker Buy Quote Asset volume
1569974400000,0.01053000,0.01078000,0.01026000,0.01077000,7936704.30000000,1570060799999,83728.13408900,895,4400051.30000000,46476.41367500,0
