Open Time,Open,High,Low,Close,Volume,Close Time,Quote Asset Volume,Number of trades,Taker Buy Base Asset Volume,Taker Buy Quote Asset volume
1572998400000,0.01388000,0.01393000,0.01312000,0.01356000,18165110.20000000,1573084799999,244870.48984900,1340,9300960.10000000,125430.03934400,0
