Open Time,Open,High,Low,Close,Volume,Close Time,Quote Asset Volume,Number of trades,Taker Buy Base Asset Volume,Taker Buy Quote Asset volume
1572566400000,0.01199000,0.01204000,0.01148000,0.01193000,8186227.50000000,1572652799999,96539.01380700,464,2341833.60000000,27552.62344600,0
