Open Time,Open,High,Low,Close,Volume,Close Time,Quote Asset Volume,Number of trades,Taker Buy Base Asset Volume,Taker Buy Quote Asset volume
1577750400000,0.01133000,0.01147000,0.01075000,0.01086000,15209362.00000000,1577836799999,169608.38579900,1151,8945826.70000000,99794.39235600,0
