Open Time,Open,High,Low,Close,Volume,Close Time,Quote Asset Volume,Number of trades,Taker Buy Base Asset Volume,Taker Buy Quote Asset volume
1572048000000,0.01144000,0.01453000,0.01087000,0.01163000,41629745.30000000,1572134399999,507555.54633100,2678,20545660.20000000,251555.00593200,0
