Open Time,Open,High,Low,Close,Volume,Close Time,Quote Asset Volume,Number of trades,Taker Buy Base Asset Volume,Taker Buy Quote Asset volume
1563753600000,0.02072000,0.02256000,0.02053000,0.02183000,33411246.60000000,1563839999999,722866.15729200,3972,18642269.40000000,403138.74890300,0
