Open Time,Open,High,Low,Close,Volume,Close Time,Quote Asset Volume,Number of trades,Taker Buy Base Asset Volume,Taker Buy Quote Asset volume
1572134400000,0.01159000,0.01204000,0.01127000,0.01180000,11879803.70000000,1572220799999,138428.89956800,1072,6006447.50000000,70166.96450500,0
