Open Time,Open,High,Low,Close,Volume,Close Time,Quote Asset Volume,Number of trades,Taker Buy Base Asset Volume,Taker Buy Quote Asset volume
1567036800000,0.02040000,0.02124000,0.01740000,0.01759000,129340945.70000000,1567123199999,2466750.86371100,11571,52680119.00000000,1009238.78746300,0
