Open Time,Open,High,Low,Close,Volume,Close Time,Quote Asset Volume,Number of trades,Taker Buy Base Asset Volume,Taker Buy Quote Asset volume
1571788800000,0.01120000,0.01131000,0.00975000,0.01015000,12174645.40000000,1571875199999,126879.05790400,1026,5672373.90000000,59244.36338400,0
