Open Time,Open,High,Low,Close,Volume,Close Time,Quote Asset Volume,Number of trades,Taker Buy Base Asset Volume,Taker Buy Quote Asset volume
1563235200000,0.02208000,0.02273000,0.01800000,0.01809000,37286898.20000000,1563321599999,746226.10497200,4409,16551720.10000000,328698.54008100,0
