Open Time,Open,High,Low,Close,Volume,Close Time,Quote Asset Volume,Number of trades,Taker Buy Base Asset Volume,Taker Buy Quote Asset volume
1568419200000,0.01584000,0.01621000,0.01551000,0.01568000,6195481.70000000,1568505599999,97454.41990200,712,2699876.40000000,42678.60797700,0
