Open Time,Open,High,Low,Close,Volume,Close Time,Quote Asset Volume,Number of trades,Taker Buy Base Asset Volume,Taker Buy Quote Asset volume
1573862400000,0.01314000,0.01314000,0.01273000,0.01296000,3010528.60000000,1573948799999,38833.67602600,364,1399832.50000000,18100.56751500,0
