Open Time,Open,High,Low,Close,Volume,Close Time,Quote Asset Volume,Number of trades,Taker Buy Base Asset Volume,Taker Buy Quote Asset volume
1563926400000,0.02023000,0.02231000,0.01964000,0.02211000,31555084.00000000,1564012799999,660554.89330500,3680,16171872.00000000,339433.46717600,0
