Open Time,Open,High,Low,Close,Volume,Close Time,Quote Asset Volume,Number of trades,Taker Buy Base Asset Volume,Taker Buy Quote Asset volume
1569456000000,0.01145000,0.01196000,0.01015000,0.01133000,21722165.10000000,1569542399999,240449.44792300,2221,9622528.00000000,105400.22834200,0
