Open Time,Open,High,Low,Close,Volume,Close Time,Quote Asset Volume,Number of trades,Taker Buy Base Asset Volume,Taker Buy Quote Asset volume
1575072000000,0.01298000,0.01315000,0.01228000,0.01261000,10777986.20000000,1575158399999,136652.36650200,2246,4902225.70000000,62332.88317500,0
