Open Time,Open,High,Low,Close,Volume,Close Time,Quote Asset Volume,Number of trades,Taker Buy Base Asset Volume,Taker Buy Quote Asset volume
1571011200000,0.01216000,0.01288000,0.01215000,0.01269000,6505757.00000000,1571097599999,81803.00318200,768,2632828.80000000,33174.79718900,0
