Open Time,Open,High,Low,Close,Volume,Close Time,Quote Asset Volume,Number of trades,Taker Buy Base Asset Volume,Taker Buy Quote Asset volume
1566518400000,0.01515000,0.01749000,0.01496000,0.01689000,63310993.00000000,1566604799999,1033828.16027900,4866,34079129.90000000,556475.74640300,0
