Open Time,Open,High,Low,Close,Volume,Close Time,Quote Asset Volume,Number of trades,Taker Buy Base Asset Volume,Taker Buy Quote Asset volume
1567900800000,0.01695000,0.01738000,0.01655000,0.01674000,19326739.90000000,1567987199999,326666.57579700,1303,6022144.30000000,101706.50941200,0
