Open Time,Open,High,Low,Close,Volume,Close Time,Quote Asset Volume,Number of trades,Taker Buy Base Asset Volume,Taker Buy Quote Asset volume
1572307200000,0.01167000,0.01221000,0.01162000,0.01201000,8862374.10000000,1572393599999,106730.09561000,652,4800962.10000000,58040.77848500,0
