Open Time,Open,High,Low,Close,Volume,Close Time,Quote Asset Volume,Number of trades,Taker Buy Base Asset Volume,Taker Buy Quote Asset volume
1573603200000,0.01316000,0.01335000,0.01285000,0.01318000,10681023.60000000,1573689599999,139246.93918200,872,4355925.90000000,56951.81640600,0
