Open Time,Open,High,Low,Close,Volume,Close Time,Quote Asset Volume,Number of trades,Taker Buy Base Asset Volume,Taker Buy Quote Asset volume
1569196800000,0.01455000,0.01550000,0.01434000,0.01457000,22058424.30000000,1569283199999,329425.42344900,2092,11093424.10000000,166354.02879000,0
