Open Time,Open,High,Low,Close,Volume,Close Time,Quote Asset Volume,Number of trades,Taker Buy Base Asset Volume,Taker Buy Quote Asset volume
1568937600000,0.01538000,0.01596000,0.01495000,0.01530000,35309618.30000000,1569023999999,543032.70300000,1904,23292633.80000000,356555.74823100,0
