Open Time,Open,High,Low,Close,Volume,Close Time,Quote Asset Volume,Number of trades,Taker Buy Base Asset Volume,Taker Buy Quote Asset volume
1566172800000,0.01602000,0.01623000,0.01522000,0.01571000,25831304.20000000,1566259199999,407917.51059700,2111,10871309.80000000,172020.16300000,0
