Open Time,Open,High,Low,Close,Volume,Close Time,Quote Asset Volume,Number of trades,Taker Buy Base Asset Volume,Taker Buy Quote Asset volume
1562716800000,0.02424000,0.02550000,0.02300000,0.02388000,64831711.40000000,1562803199999,1542320.85711900,8104,29851537.40000000,712724.34955600,0
