Open Time,Open,High,Low,Close,Volume,Close Time,Quote Asset Volume,Number of trades,Taker Buy Base Asset Volume,Taker Buy Quote Asset volume
1560384000000,0.03220000,0.03600000,0.02932000,0.03009000,365016984.20000000,1560470399999,12047396.17900000,26093,167805202.00000000,5548225.22687900,0
