Open Time,Open,High,Low,Close,Volume,Close Time,Quote Asset Volume,Number of trades,Taker Buy Base Asset Volume,Taker Buy Quote Asset volume
1575417600000,0.01193000,0.01275000,0.01130000,0.01206000,26208072.60000000,1575503999999,310804.10004600,1881,12235703.40000000,145374.40916400,0
