Open Time,Open,High,Low,Close,Volume,Close Time,Quote Asset Volume,Number of trades,Taker Buy Base Asset Volume,Taker Buy Quote Asset volume
1565913600000,0.01530000,0.01625000,0.01448000,0.01517000,29745966.20000000,1565999999999,456250.14458500,2628,13052228.70000000,200430.26218400,0
