Open Time,Open,High,Low,Close,Volume,Close Time,Quote Asset Volume,Number of trades,Taker Buy Base Asset Volume,Taker Buy Quote Asset volume
1567814400000,0.01706000,0.01760000,0.01649000,0.01699000,23989960.40000000,1567900799999,403045.77500000,1729,10660170.10000000,179163.18067100,0
