Open Time,Open,High,Low,Close,Volume,Close Time,Quote Asset Volume,Number of trades,Taker Buy Base Asset Volume,Taker Buy Quote Asset volume
1573430400000,0.01388000,0.01440000,0.01322000,0.01347000,15844572.80000000,1573516799999,216332.60939000,1462,7420958.00000000,101635.81308000,0
