Open Time,Open,High,Low,Close,Volume,Close Time,Quote Asset Volume,Number of trades,Taker Buy Base Asset Volume,Taker Buy Quote Asset volume
1570752000000,0.01189000,0.01325000,0.01140000,0.01246000,42828127.00000000,1570838399999,530233.46052000,3835,22939778.20000000,283113.79140300,0
