Open Time,Open,High,Low,Close,Volume,Close Time,Quote Asset Volume,Number of trades,Taker Buy Base Asset Volume,Taker Buy Quote Asset volume
1569801600000,0.01084000,0.01110000,0.00995000,0.01077000,21176169.30000000,1569887999999,222734.88870900,1834,9762122.20000000,102835.52342500,0
