Open Time,Open,High,Low,Close,Volume,Close Time,Quote Asset Volume,Number of trades,Taker Buy Base Asset Volume,Taker Buy Quote Asset volume
1561766400000,0.02490000,0.02928000,0.02360000,0.02651000,215022913.00000000,1561852799999,5867510.84600500,18350,125452740.60000000,3444709.71695100,0
