Open Time,Open,High,Low,Close,Volume,Close Time,Quote Asset Volume,Number of trades,Taker Buy Base Asset Volume,Taker Buy Quote Asset volume
1571184000000,0.01258000,0.01270000,0.01070000,0.01139000,18910682.10000000,1571270399999,219531.76305600,1556,6397485.40000000,74648.07229200,0
