Open Time,Open,High,Low,Close,Volume,Close Time,Quote Asset Volume,Number of trades,Taker Buy Base Asset Volume,Taker Buy Quote Asset volume
1567987200000,0.01674000,0.01767000,0.01611000,0.01729000,32685071.00000000,1568073599999,548733.14633200,2038,17914539.60000000,300826.23137400,0
