Open Time,Open,High,Low,Close,Volume,Close Time,Quote Asset Volume,Number of trades,Taker Buy Base Asset Volume,Taker Buy Quote Asset volume
1577577600000,0.01183000,0.01218000,0.01119000,0.01143000,29988013.00000000,1577663999999,348038.27722400,2264,11388422.10000000,132570.95108300,0
