Open Time,Open,High,Low,Close,Volume,Close Time,Quote Asset Volume,Number of trades,Taker Buy Base Asset Volume,Taker Buy Quote Asset volume
1566432000000,0.01444000,0.01541000,0.01415000,0.01515000,19347070.80000000,1566518399999,285553.52510600,1740,8763900.60000000,129981.60333400,0
