Open Time,Open,High,Low,Close,Volume,Close Time,Quote Asset Volume,Number of trades,Taker Buy Base Asset Volume,Taker Buy Quote Asset volume
1571961600000,0.01012000,0.01236000,0.00997000,0.01143000,15081356.40000000,1572047999999,164965.38382700,1255,8678502.40000000,95879.53740400,0
