Open Time,Open,High,Low,Close,Volume,Close Time,Quote Asset Volume,Number of trades,Taker Buy Base Asset Volume,Taker Buy Quote Asset volume
1564444800000,0.02443000,0.02469000,0.02224000,0.02251000,51505804.90000000,1564531199999,1198606.81139000,5515,19818028.90000000,462484.60233000,0
