Open Time,Open,High,Low,Close,Volume,Close Time,Quote Asset Volume,Number of trades,Taker Buy Base Asset Volume,Taker Buy Quote Asset volume
1561593600000,0.02230000,0.02679000,0.02159000,0.02278000,211512920.80000000,1561679999999,5163626.98192900,18477,102446697.80000000,2528478.68042100,0
