Open Time,Open,High,Low,Close,Volume,Close Time,Quote Asset Volume,Number of trades,Taker Buy Base Asset Volume,Taker Buy Quote Asset volume
1576368000000,0.01134000,0.01272000,0.01122000,0.01198000,14161098.60000000,1576454399999,170619.45715800,1162,6817493.50000000,82373.28054200,0
