Open Time,Open,High,Low,Close,Volume,Close Time,Quote Asset Volume,Number of trades,Taker Buy Base Asset Volume,Taker Buy Quote Asset volume
1568073600000,0.01729000,0.01757000,0.01572000,0.01615000,24172075.30000000,1568159999999,402884.65543600,1788,9519875.90000000,159889.70565400,0
