Open Time,Open,High,Low,Close,Volume,Close Time,Quote Asset Volume,Number of trades,Taker Buy Base Asset Volume,Taker Buy Quote Asset volume
1562889600000,0.02440000,0.02764000,0.02383000,0.02477000,70171757.60000000,1562975999999,1797437.39847500,10684,34009292.30000000,874054.94550400,0
