Open Time,Open,High,Low,Close,Volume,Close Time,Quote Asset Volume,Number of trades,Taker Buy Base Asset Volume,Taker Buy Quote Asset volume
1573776000000,0.01281000,0.01316000,0.01234000,0.01311000,9441646.60000000,1573862399999,120051.31313800,919,5103852.80000000,65023.74299700,0
