Open Time,Open,High,Low,Close,Volume,Close Time,Quote Asset Volume,Number of trades,Taker Buy Base Asset Volume,Taker Buy Quote Asset volume
1574121600000,0.01218000,0.01218000,0.01126000,0.01187000,6508184.80000000,1574207999999,75832.09393600,890,2761795.30000000,32236.60482600,0
