Open Time,Open,High,Low,Close,Volume,Close Time,Quote Asset Volume,Number of trades,Taker Buy Base Asset Volume,Taker Buy Quote Asset volume
1561334400000,0.02290000,0.02344000,0.02242000,0.02302000,37475061.60000000,1561420799999,856626.38759000,3233,15157589.00000000,348421.39271700,0
