Open Time,Open,High,Low,Close,Volume,Close Time,Quote Asset Volume,Number of trades,Taker Buy Base Asset Volume,Taker Buy Quote Asset volume
1561507200000,0.02156000,0.02341000,0.02101000,0.02240000,99470048.10000000,1561593599999,2221161.01045600,7901,52899682.30000000,1187415.14122900,0
