Open Time,Open,High,Low,Close,Volume,Close Time,Quote Asset Volume,Number of trades,Taker Buy Base Asset Volume,Taker Buy Quote Asset volume
1566000000000,0.01517000,0.01560000,0.01502000,0.01513000,10100542.90000000,1566086399999,154908.96846900,1022,4949033.10000000,75973.42377000,0
