Open Time,Open,High,Low,Close,Volume,Close Time,Quote Asset Volume,Number of trades,Taker Buy Base Asset Volume,Taker Buy Quote Asset volume
1567209600000,0.01787000,0.01803000,0.01602000,0.01670000,45645556.40000000,1567295999999,778182.13489800,4969,18690655.80000000,319485.52228000,0
