Open Time,Open,High,Low,Close,Volume,Close Time,Quote Asset Volume,Number of trades,Taker Buy Base Asset Volume,Taker Buy Quote Asset volume
1564185600000,0.02377000,0.02598000,0.02314000,0.02492000,53607495.40000000,1564271999999,1319333.83275200,8316,24777528.90000000,611007.01592500,0
