Open Time,Open,High,Low,Close,Volume,Close Time,Quote Asset Volume,Number of trades,Taker Buy Base Asset Volume,Taker Buy Quote Asset volume
1575158400000,0.01255000,0.01294000,0.01185000,0.01282000,8957585.60000000,1575244799999,109201.62706700,880,4067273.10000000,49745.91408800,0
