Open Time,Open,High,Low,Close,Volume,Close Time,Quote Asset Volume,Number of trades,Taker Buy Base Asset Volume,Taker Buy Quote Asset volume
1564963200000,0.02164000,0.02274000,0.02136000,0.02171000,36185766.90000000,1565049599999,787544.21940400,4181,15182330.90000000,330977.46026400,0
