Open Time,Open,High,Low,Close,Volume,Close Time,Quote Asset Volume,Number of trades,Taker Buy Base Asset Volume,Taker Buy Quote Asset volume
1573344000000,0.01394000,0.01418000,0.01355000,0.01385000,9275125.40000000,1573430399999,128613.32869600,1027,4913177.30000000,68280.47108000,0
