Open Time,Open,High,Low,Close,Volume,Close Time,Quote Asset Volume,Number of trades,Taker Buy Base Asset Volume,Taker Buy Quote Asset volume
1577318400000,0.01018000,0.01132000,0.01012000,0.01031000,26109535.70000000,1577404799999,276569.46785700,1929,12598268.80000000,132907.91800400,0
