Open Time,Open,High,Low,Close,Volume,Close Time,Quote Asset Volume,Number of trades,Taker Buy Base Asset Volume,Taker Buy Quote Asset volume
1571529600000,0.01133000,0.01157000,0.01116000,0.01147000,4259305.10000000,1571615999999,48516.95223700,504,1236507.40000000,14066.69946500,0
