Open Time,Open,High,Low,Close,Volume,Close Time,Quote Asset Volume,Number of trades,Taker Buy Base Asset Volume,Taker Buy Quote Asset volume
1573257600000,0.01343000,0.01413000,0.01298000,0.01391000,16204003.60000000,1573343999999,216536.27517700,1249,7802361.80000000,104435.17099200,0
