Open Time,Open,High,Low,Close,Volume,Close Time,Quote Asset Volume,Number of trades,Taker Buy Base Asset Volume,Taker Buy Quote Asset volume
1562198400000,0.03037000,0.03268000,0.02585000,0.02735000,118502113.80000000,1562284799999,3384859.29823500,12974,43384060.00000000,1247421.77604800,0
