Open Time,Open,High,Low,Close,Volume,Close Time,Quote Asset Volume,Number of trades,Taker Buy Base Asset Volume,Taker Buy Quote Asset volume
1560816000000,0.02666000,0.02800000,0.02568000,0.02728000,107203322.70000000,1560902399999,2883845.12577500,8497,43057012.10000000,1162833.53335700,0
