Open Time,Open,High,Low,Close,Volume,Close Time,Quote Asset Volume,Number of trades,Taker Buy Base Asset Volume,Taker Buy Quote Asset volume
1566864000000,0.01656000,0.02076000,0.01588000,0.01949000,180167546.40000000,1566950399999,3304072.45891400,16354,87003154.90000000,1595978.72264500,0
