Open Time,Open,High,Low,Close,Volume,Close Time,Quote Asset Volume,Number of trades,Taker Buy Base Asset Volume,Taker Buy Quote Asset volume
1561420800000,0.02295000,0.02313000,0.02132000,0.02156000,56001929.00000000,1561507199999,1246432.75941700,4792,18188339.70000000,406175.48820700,0
