Open Time,Open,High,Low,Close,Volume,Close Time,Quote Asset Volume,Number of trades,Taker Buy Base Asset Volume,Taker Buy Quote Asset volume
1577059200000,0.01025000,0.01034000,0.00977000,0.01005000,34818232.80000000,1577145599999,353300.95970400,3213,15913595.70000000,162147.11010700,0
