Open Time,Open,High,Low,Close,Volume,Close Time,Quote Asset Volume,Number of trades,Taker Buy Base Asset Volume,Taker Buy Quote Asset volume
1574035200000,0.01290000,0.01290000,0.01203000,0.01215000,5174501.90000000,1574121599999,64678.11474200,528,2235808.40000000,28125.87612900,0
