Open Time,Open,High,Low,Close,Volume,Close Time,Quote Asset Volume,Number of trades,Taker Buy Base Asset Volume,Taker Buy Quote Asset volume
1564876800000,0.02188000,0.02264000,0.02140000,0.02159000,21487324.00000000,1564963199999,471254.40491100,2976,9922337.40000000,218355.88396200,0
