Open Time,Open,High,Low,Close,Volume,Close Time,Quote Asset Volume,Number of trades,Taker Buy Base Asset Volume,Taker Buy Quote Asset volume
1570579200000,0.01184000,0.01287000,0.01180000,0.01272000,32441533.50000000,1570665599999,396160.35481300,4186,15619113.90000000,191160.30804400,0
