Open Time,Open,High,Low,Close,Volume,Close Time,Quote Asset Volume,Number of trades,Taker Buy Base Asset Volume,Taker Buy Quote Asset volume
1566345600000,0.01532000,0.01534000,0.01392000,0.01441000,15226639.20000000,1566431999999,218621.15547200,1595,6045556.90000000,86840.66167900,0
