Open Time,Open,High,Low,Close,Volume,Close Time,Quote Asset Volume,Number of trades,Taker Buy Base Asset Volume,Taker Buy Quote Asset volume
1574294400000,0.01134000,0.01142000,0.01015000,0.01046000,15563503.00000000,1574380799999,168056.09077400,1070,7237360.10000000,77609.37441600,0
