Open Time,Open,High,Low,Close,Volume,Close Time,Quote Asset Volume,Number of trades,Taker Buy Base Asset Volume,Taker Buy Quote Asset volume
1570492800000,0.01101000,0.01220000,0.01098000,0.01182000,23434866.50000000,1570579199999,273207.44078300,2411,12954632.00000000,150789.12455800,0
