Open Time,Open,High,Low,Close,Volume,Close Time,Quote Asset Volume,Number of trades,Taker Buy Base Asset Volume,Taker Buy Quote Asset volume
1570060800000,0.01079000,0.01097000,0.01035000,0.01062000,12974405.40000000,1570147199999,138843.87549400,1434,6113674.60000000,65751.84945500,0
