Open Time,Open,High,Low,Close,Volume,Close Time,Quote Asset Volume,Number of trades,Taker Buy Base Asset Volume,Taker Buy Quote Asset volume
1570147200000,0.01058000,0.01090000,0.01031000,0.01076000,8952425.80000000,1570233599999,95026.66054200,1027,4824277.90000000,51351.04245100,0
