Open Time,Open,High,Low,Close,Volume,Close Time,Quote Asset Volume,Number of trades,Taker Buy Base Asset Volume,Taker Buy Quote Asset volume
1562025600000,0.02556000,0.02617000,0.02300000,0.02525000,105371488.60000000,1562111999999,2575719.75222900,10839,47134241.20000000,1159543.71476500,0
