Open Time,Open,High,Low,Close,Volume,Close Time,Quote Asset Volume,Number of trades,Taker Buy Base Asset Volume,Taker Buy Quote Asset volume
1570665600000,0.01272000,0.01280000,0.01158000,0.01187000,19552295.70000000,1570751999999,235196.66145400,2786,8863307.20000000,106821.39710600,0
