Open Time,Open,High,Low,Close,Volume,Close Time,Quote Asset Volume,Number of trades,Taker Buy Base Asset Volume,Taker Buy Quote Asset volume
1563667200000,0.02132000,0.02139000,0.02013000,0.02082000,14504782.80000000,1563753599999,303191.40732100,2036,6056265.00000000,126361.57507200,0
