Open Time,Open,High,Low,Close,Volume,Close Time,Quote Asset Volume,Number of trades,Taker Buy Base Asset Volume,Taker Buy Quote Asset volume
1560211200000,0.03590000,0.04500000,0.03000000,0.03240000,767242774.60000000,1560297599999,28270804.80521100,61185,336124609.70000000,12401140.25550100,0
