Open Time,Open,High,Low,Close,Volume,Close Time,Quote Asset Volume,Number of trades,Taker Buy Base Asset Volume,Taker Buy Quote Asset volume
1567296000000,0.01665000,0.01679000,0.01550000,0.01617000,26628421.20000000,1567382399999,430759.64785800,3243,11091237.00000000,179615.00286200,0
