Open Time,Open,High,Low,Close,Volume,Close Time,Quote Asset Volume,Number of trades,Taker Buy Base Asset Volume,Taker Buy Quote Asset volume
1567555200000,0.01859000,0.01966000,0.01807000,0.01924000,34273281.60000000,1567641599999,651327.58292600,3762,16904787.80000000,322228.44595900,0
