Open Time,Open,High,Low,Close,Volume,Close Time,Quote Asset Volume,Number of trades,Taker Buy Base Asset Volume,Taker Buy Quote Asset volume
1574726400000,0.01113000,0.01238000,0.01103000,0.01196000,28031200.20000000,1574812799999,329802.09373900,2411,11863670.90000000,139399.89767200,0
