Open Time,Open,High,Low,Close,Volume,Close Time,Quote Asset Volume,Number of trades,Taker Buy Base Asset Volume,Taker Buy Quote Asset volume
1563840000000,0.02183000,0.02226000,0.01920000,0.02033000,34808375.00000000,1563926399999,720883.94023500,3383,17551693.90000000,366307.75142900,0
