Open Time,Open,High,Low,Close,Volume,Close Time,Quote Asset Volume,Number of trades,Taker Buy Base Asset Volume,Taker Buy Quote Asset volume
1569369600000,0.01179000,0.01255000,0.01033000,0.01145000,40630922.80000000,1569455999999,448275.50652000,2372,20613589.90000000,229907.47347500,0
