Open Time,Open,High,Low,Close,Volume,Close Time,Quote Asset Volume,Number of trades,Taker Buy Base Asset Volume,Taker Buy Quote Asset volume
1577404800000,0.01031000,0.01140000,0.01024000,0.01113000,20174568.30000000,1577491199999,217863.61771500,1913,11202089.90000000,121105.39665900,0
