Open Time,Open,High,Low,Close,Volume,Close Time,Quote Asset Volume,Number of trades,Taker Buy Base Asset Volume,Taker Buy Quote Asset volume
1565049600000,0.02169000,0.02383000,0.02162000,0.02223000,49599155.20000000,1565135999999,1120908.14338300,6415,21921672.70000000,496554.05226700,0
