Open Time,Open,High,Low,Close,Volume,Close Time,Quote Asset Volume,Number of trades,Taker Buy Base Asset Volume,Taker Buy Quote Asset volume
1572825600000,0.01207000,0.01375000,0.01187000,0.01322000,35792381.40000000,1572911999999,462915.06675200,2490,15801849.60000000,202182.11529500,0
