Open Time,Open,High,Low,Close,Volume,Close Time,Quote Asset Volume,Number of trades,Taker Buy Base Asset Volume,Taker Buy Quote Asset volume
1572393600000,0.01213000,0.01215000,0.01183000,0.01204000,7057772.10000000,1572479999999,84388.14002500,492,2561229.20000000,30829.40245100,0
