Open Time,Open,High,Low,Close,Volume,Close Time,Quote Asset Volume,Number of trades,Taker Buy Base Asset Volume,Taker Buy Quote Asset volume
1574985600000,0.01289000,0.01363000,0.01272000,0.01297000,12890246.30000000,1575071999999,168123.77051300,1519,6311987.10000000,82281.52719400,0
