Open Time,Open,High,Low,Close,Volume,Close Time,Quote Asset Volume,Number of trades,Taker Buy Base Asset Volume,Taker Buy Quote Asset volume
1575763200000,0.01336000,0.01346000,0.01220000,0.01273000,32278147.80000000,1575849599999,413117.30354100,2638,15130774.20000000,193539.65069600,0
