Open Time,Open,High,Low,Close,Volume,Close Time,Quote Asset Volume,Number of trades,Taker Buy Base Asset Volume,Taker Buy Quote Asset volume
1576540800000,0.01094000,0.01107000,0.00952000,0.00987000,13981349.00000000,1576627199999,143125.43212100,1154,6606399.30000000,67676.54967600,0
