Open Time,Open,High,Low,Close,Volume,Close Time,Quote Asset Volume,Number of trades,Taker Buy Base Asset Volume,Taker Buy Quote Asset volume
1573689600000,0.01317000,0.01323000,0.01262000,0.01277000,5304315.80000000,1573775999999,68227.20318400,502,1629422.80000000,21037.98658500,0
