Open Time,Open,High,Low,Close,Volume,Close Time,Quote Asset Volume,Number of trades,Taker Buy Base Asset Volume,Taker Buy Quote Asset volume
1566950400000,0.01945000,0.02198000,0.01835000,0.02040000,178148524.90000000,1567036799999,3580289.78961900,16048,83164828.70000000,1672761.69907900,0
