Open Time,Open,High,Low,Close,Volume,Close Time,Quote Asset Volume,Number of trades,Taker Buy Base Asset Volume,Taker Buy Quote Asset volume
1565222400000,0.02199000,0.02202000,0.01975000,0.01993000,51542377.90000000,1565308799999,1064076.14009900,5411,18302186.60000000,379107.27052300,0
