Open Time,Open,High,Low,Close,Volume,Close Time,Quote Asset Volume,Number of trades,Taker Buy Base Asset Volume,Taker Buy Quote Asset volume
1563062400000,0.02501000,0.02577000,0.02151000,0.02160000,41976469.80000000,1563148799999,981039.64875000,6048,15125722.80000000,354235.85526900,0
