Open Time,Open,High,Low,Close,Volume,Close Time,Quote Asset Volume,Number of trades,Taker Buy Base Asset Volume,Taker Buy Quote Asset volume
1575244800000,0.01280000,0.01286000,0.01194000,0.01208000,8169914.00000000,1575331199999,100564.85556800,941,3241517.70000000,39895.18429400,0
