Open Time,Open,High,Low,Close,Volume,Close Time,Quote Asset Volume,Number of trades,Taker Buy Base Asset Volume,Taker Buy Quote Asset volume
1562112000000,0.02525000,0.03351000,0.02500000,0.03045000,235893686.40000000,1562198399999,7119582.91652600,25122,126268828.60000000,3805821.38237800,0
