Open Time,Open,High,Low,Close,Volume,Close Time,Quote Asset Volume,Number of trades,Taker Buy Base Asset Volume,Taker Buy Quote Asset volume
1576195200000,0.01108000,0.01161000,0.01100000,0.01127000,6592143.00000000,1576281599999,74562.93533800,467,2826823.70000000,32030.51918500,0
