Open Time,Open,High,Low,Close,Volume,Close Time,Quote Asset Volume,Number of trades,Taker Buy Base Asset Volume,Taker Buy Quote Asset volume
1576713600000,0.01077000,0.01086000,0.01000000,0.01031000,26927740.60000000,1576799999999,276529.53043200,3009,11566458.30000000,119056.38492800,0
