Open Time,Open,High,Low,Close,Volume,Close Time,Quote Asset Volume,Number of trades,Taker Buy Base Asset Volume,Taker Buy Quote Asset volume
1581033600000,0.01064000,0.01158000,0.01039000,0.01137000,44079646.90000000,1581119999999,484084.81489600,2813,21149130.50000000,233366.99886600,0
