Open Time,Open,High,Low,Close,Volume,Close Time,Quote Asset Volume,Number of trades,Taker Buy Base Asset Volume,Taker Buy Quote Asset volume
1584403200000,0.00229000,0.00253000,0.00222000,0.00235000,58404880.70000000,1584489599999,137512.80657100,1312,28130962.60000000,66487.21397800,0
