Open Time,Open,High,Low,Close,Volume,Close Time,Quote Asset Volume,Number of trades,Taker Buy Base Asset Volume,Taker Buy Quote Asset volume
1592179200000,0.00658000,0.00663000,0.00593000,0.00656000,69326951.50000000,1592265599999,441119.10203500,2949,31115403.70000000,198398.15996100,0
