Open Time,Open,High,Low,Close,Volume,Close Time,Quote Asset Volume,Number of trades,Taker Buy Base Asset Volume,Taker Buy Quote Asset volume
1605657600000,0.01950000,0.01965000,0.01620000,0.01736000,136729365.90000000,1605743999999,2406887.85698500,16988,65043180.00000000,1147783.39166800,0
