Open Time,Open,High,Low,Close,Volume,Close Time,Quote Asset Volume,Number of trades,Taker Buy Base Asset Volume,Taker Buy Quote Asset volume
1580169600000,0.00964000,0.00964000,0.00902000,0.00911000,72008283.50000000,1580255999999,661823.56867300,3087,17810405.10000000,164053.35985100,0
