Open Time,Open,High,Low,Close,Volume,Close Time,Quote Asset Volume,Number of trades,Taker Buy Base Asset Volume,Taker Buy Quote Asset volume
1597363200000,0.01912000,0.02071000,0.01881000,0.01986000,78494765.90000000,1597449599999,1558516.37038400,7683,38579005.20000000,767488.56754200,0
