Open Time,Open,High,Low,Close,Volume,Close Time,Quote Asset Volume,Number of trades,Taker Buy Base Asset Volume,Taker Buy Quote Asset volume
1590710400000,0.00557000,0.00608000,0.00553000,0.00597000,54312471.00000000,1590796799999,316565.96245100,2452,28448513.50000000,166099.20634500,0
