Open Time,Open,High,Low,Close,Volume,Close Time,Quote Asset Volume,Number of trades,Taker Buy Base Asset Volume,Taker Buy Quote Asset volume
1589760000000,0.00457000,0.00491000,0.00430000,0.00463000,109252210.20000000,1589846399999,508199.47912000,2968,55163986.00000000,257979.29319100,0
