Open Time,Open,High,Low,Close,Volume,Close Time,Quote Asset Volume,Number of trades,Taker Buy Base Asset Volume,Taker Buy Quote Asset volume
1599523200000,0.03246000,0.03400000,0.02776000,0.02976000,133768026.80000000,1599609599999,4016859.89081700,16763,66684457.80000000,2005431.82064500,0
