Open Time,Open,High,Low,Close,Volume,Close Time,Quote Asset Volume,Number of trades,Taker Buy Base Asset Volume,Taker Buy Quote Asset volume
1600560000000,0.03974000,0.04053000,0.03210000,0.03455000,153196500.00000000,1600646399999,5448317.49588900,20310,67701432.10000000,2407094.94788700,0
