Open Time,Open,High,Low,Close,Volume,Close Time,Quote Asset Volume,Number of trades,Taker Buy Base Asset Volume,Taker Buy Quote Asset volume
1600300800000,0.02704000,0.02956000,0.02620000,0.02703000,74841690.70000000,1600387199999,2054140.24890000,9303,33081356.10000000,909111.14598900,0
