Open Time,Open,High,Low,Close,Volume,Close Time,Quote Asset Volume,Number of trades,Taker Buy Base Asset Volume,Taker Buy Quote Asset volume
1593302400000,0.00574000,0.00610000,0.00560000,0.00601000,25918712.50000000,1593388799999,152399.88130000,1347,13819076.10000000,81354.11296600,0
