Open Time,Open,High,Low,Close,Volume,Close Time,Quote Asset Volume,Number of trades,Taker Buy Base Asset Volume,Taker Buy Quote Asset volume
1591920000000,0.00601000,0.00616000,0.00580000,0.00603000,44998001.60000000,1592006399999,269742.38086800,1647,17600261.20000000,105691.52680300,0
