Open Time,Open,High,Low,Close,Volume,Close Time,Quote Asset Volume,Number of trades,Taker Buy Base Asset Volume,Taker Buy Quote Asset volume
1598313600000,0.03169000,0.03173000,0.02700000,0.02927000,107758655.00000000,1598399999999,3161422.57742900,12387,48306408.70000000,1416249.61006300,0
