Open Time,Open,High,Low,Close,Volume,Close Time,Quote Asset Volume,Number of trades,Taker Buy Base Asset Volume,Taker Buy Quote Asset volume
1582416000000,0.00923000,0.00960000,0.00910000,0.00960000,52047922.60000000,1582502399999,482016.82879900,3828,21040128.00000000,194903.75444900,0
