Open Time,Open,High,Low,Close,Volume,Close Time,Quote Asset Volume,Number of trades,Taker Buy Base Asset Volume,Taker Buy Quote Asset volume
1607126400000,0.02087000,0.02268000,0.02040000,0.02248000,71356002.40000000,1607212799999,1552217.18257600,11139,37597556.80000000,820667.12801200,0
