Open Time,Open,High,Low,Close,Volume,Close Time,Quote Asset Volume,Number of trades,Taker Buy Base Asset Volume,Taker Buy Quote Asset volume
1584316800000,0.00271000,0.00273000,0.00195000,0.00230000,89047018.50000000,1584403199999,201840.76408500,1948,39124460.60000000,88770.96013600,0
