Open Time,Open,High,Low,Close,Volume,Close Time,Quote Asset Volume,Number of trades,Taker Buy Base Asset Volume,Taker Buy Quote Asset volume
1603756800000,0.02179000,0.02295000,0.02100000,0.02160000,99559255.10000000,1603843199999,2172451.12705800,12577,46348497.50000000,1011740.59403200,0
