Open Time,Open,High,Low,Close,Volume,Close Time,Quote Asset Volume,Number of trades,Taker Buy Base Asset Volume,Taker Buy Quote Asset volume
1589500800000,0.00553000,0.00570000,0.00494000,0.00518000,143824034.30000000,1589587199999,751281.99482400,3993,67582262.20000000,354810.44607500,0
