Open Time,Open,High,Low,Close,Volume,Close Time,Quote Asset Volume,Number of trades,Taker Buy Base Asset Volume,Taker Buy Quote Asset volume
1603324800000,0.02360000,0.02750000,0.02350000,0.02505000,113784460.60000000,1603411199999,2912230.12781000,13454,59759102.80000000,1529780.47935400,0
