Open Time,Open,High,Low,Close,Volume,Close Time,Quote Asset Volume,Number of trades,Taker Buy Base Asset Volume,Taker Buy Quote Asset volume
1602892800000,0.02524000,0.02689000,0.02427000,0.02597000,105122698.90000000,1602979199999,2661188.47733500,10992,51539373.00000000,1305928.62282900,0
