Open Time,Open,High,Low,Close,Volume,Close Time,Quote Asset Volume,Number of trades,Taker Buy Base Asset Volume,Taker Buy Quote Asset volume
1589846400000,0.00465000,0.00525000,0.00446000,0.00481000,89007424.00000000,1589932799999,429511.89786400,2839,43906060.30000000,212631.24877900,0
