Open Time,Open,High,Low,Close,Volume,Close Time,Quote Asset Volume,Number of trades,Taker Buy Base Asset Volume,Taker Buy Quote Asset volume
1579824000000,0.00932000,0.00960000,0.00907000,0.00940000,7776606.70000000,1579910399999,72813.58257900,692,3285995.90000000,30958.89199900,0
