Open Time,Open,High,Low,Close,Volume,Close Time,Quote Asset Volume,Number of trades,Taker Buy Base Asset Volume,Taker Buy Quote Asset volume
1600128000000,0.02941000,0.03350000,0.02634000,0.02671000,109872370.10000000,1600214399999,3301620.31810600,13897,50490288.50000000,1525743.80013300,0
