Open Time,Open,High,Low,Close,Volume,Close Time,Quote Asset Volume,Number of trades,Taker Buy Base Asset Volume,Taker Buy Quote Asset volume
1599868800000,0.03098000,0.03152000,0.02888000,0.03003000,64978066.50000000,1599955199999,1945351.30242800,8906,30729767.20000000,922731.63528400,0
