Open Time,Open,High,Low,Close,Volume,Close Time,Quote Asset Volume,Number of trades,Taker Buy Base Asset Volume,Taker Buy Quote Asset volume
1592956800000,0.00704000,0.00709000,0.00632000,0.00659000,73006384.20000000,1593043199999,485203.87614700,2775,29247678.30000000,194254.37357500,0
