Open Time,Open,High,Low,Close,Volume,Close Time,Quote Asset Volume,Number of trades,Taker Buy Base Asset Volume,Taker Buy Quote Asset volume
1583884800000,0.00622000,0.00652000,0.00536000,0.00586000,49600153.60000000,1583971199999,296212.04501100,2084,22257259.70000000,133370.29597800,0
