Open Time,Open,High,Low,Close,Volume,Close Time,Quote Asset Volume,Number of trades,Taker Buy Base Asset Volume,Taker Buy Quote Asset volume
1582156800000,0.00977000,0.00982000,0.00890000,0.00930000,63603739.60000000,1582243199999,592870.43531300,3189,26726817.90000000,248925.47050200,0
