Open Time,Open,High,Low,Close,Volume,Close Time,Quote Asset Volume,Number of trades,Taker Buy Base Asset Volume,Taker Buy Quote Asset volume
1601942400000,0.03014000,0.03033000,0.02484000,0.02593000,167130030.00000000,1602028799999,4468246.39228800,20342,73331306.70000000,1957010.35560300,0
