Open Time,Open,High,Low,Close,Volume,Close Time,Quote Asset Volume,Number of trades,Taker Buy Base Asset Volume,Taker Buy Quote Asset volume
1579996800000,0.00950000,0.00990000,0.00939000,0.00965000,14376634.20000000,1580083199999,139899.39067500,1017,6278232.40000000,61178.64502800,0
