Open Time,Open,High,Low,Close,Volume,Close Time,Quote Asset Volume,Number of trades,Taker Buy Base Asset Volume,Taker Buy Quote Asset volume
1588118400000,0.00445000,0.00505000,0.00427000,0.00483000,169738669.30000000,1588204799999,801474.22038500,4928,79392917.80000000,375832.71986700,0
