Open Time,Open,High,Low,Close,Volume,Close Time,Quote Asset Volume,Number of trades,Taker Buy Base Asset Volume,Taker Buy Quote Asset volume
1607990400000,0.02103000,0.02145000,0.02040000,0.02100000,51318343.60000000,1608076799999,1077456.26615700,8964,23372547.00000000,491360.19027000,0
