Open Time,Open,High,Low,Close,Volume,Close Time,Quote Asset Volume,Number of trades,Taker Buy Base Asset Volume,Taker Buy Quote Asset volume
1597795200000,0.02964000,0.03100000,0.02623000,0.02985000,151796382.20000000,1597881599999,4348845.46085700,17650,66589971.90000000,1912727.09987000,0
