Open Time,Open,High,Low,Close,Volume,Close Time,Quote Asset Volume,Number of trades,Taker Buy Base Asset Volume,Taker Buy Quote Asset volume
1597104000000,0.01831000,0.01835000,0.01525000,0.01629000,112488909.50000000,1597190399999,1866635.08642900,7601,46866618.00000000,778079.88375100,0
