Open Time,Open,High,Low,Close,Volume,Close Time,Quote Asset Volume,Number of trades,Taker Buy Base Asset Volume,Taker Buy Quote Asset volume
1585526400000,0.00272000,0.00304000,0.00269000,0.00297000,34872257.20000000,1585612799999,101397.39991400,743,19031024.20000000,55853.99224700,0
