Open Time,Open,High,Low,Close,Volume,Close Time,Quote Asset Volume,Number of trades,Taker Buy Base Asset Volume,Taker Buy Quote Asset volume
1584489600000,0.00236000,0.00240000,0.00213000,0.00231000,53254541.10000000,1584575999999,120926.48080200,1078,20472896.10000000,46699.27196500,0
