Open Time,Open,High,Low,Close,Volume,Close Time,Quote Asset Volume,Number of trades,Taker Buy Base Asset Volume,Taker Buy Quote Asset volume
1584921600000,0.00249000,0.00282000,0.00237000,0.00278000,49815505.10000000,1585007999999,128482.44866900,1198,19379695.90000000,50291.38327200,0
