Open Time,Open,High,Low,Close,Volume,Close Time,Quote Asset Volume,Number of trades,Taker Buy Base Asset Volume,Taker Buy Quote Asset volume
1606003200000,0.01999000,0.02041000,0.01761000,0.01890000,131078349.20000000,1606089599999,2488476.97747800,19154,62991781.00000000,1198049.70198100,0
