Open Time,Open,High,Low,Close,Volume,Close Time,Quote Asset Volume,Number of trades,Taker Buy Base Asset Volume,Taker Buy Quote Asset volume
1593820800000,0.01273000,0.01407000,0.01128000,0.01139000,665881183.40000000,1593907199999,8458602.00894000,28325,311328333.20000000,3958824.07636100,0
