Open Time,Open,High,Low,Close,Volume,Close Time,Quote Asset Volume,Number of trades,Taker Buy Base Asset Volume,Taker Buy Quote Asset volume
1605225600000,0.01758000,0.01934000,0.01730000,0.01860000,124078927.90000000,1605311999999,2270377.93564000,17604,58816121.90000000,1078727.73519700,0
