Open Time,Open,High,Low,Close,Volume,Close Time,Quote Asset Volume,Number of trades,Taker Buy Base Asset Volume,Taker Buy Quote Asset volume
1586822400000,0.00324000,0.00332000,0.00318000,0.00324000,21480143.10000000,1586908799999,69394.52620500,744,8195130.10000000,26570.67315100,0
