Open Time,Open,High,Low,Close,Volume,Close Time,Quote Asset Volume,Number of trades,Taker Buy Base Asset Volume,Taker Buy Quote Asset volume
1592006400000,0.00605000,0.00695000,0.00595000,0.00669000,97754629.90000000,1592092799999,638218.92758700,3664,50175938.90000000,328629.83559700,0
