Open Time,Open,High,Low,Close,Volume,Close Time,Quote Asset Volume,Number of trades,Taker Buy Base Asset Volume,Taker Buy Quote Asset volume
1587081600000,0.00314000,0.00325000,0.00309000,0.00311000,63519363.10000000,1587167999999,200920.67976900,867,39576221.60000000,125120.71178800,0
