Open Time,Open,High,Low,Close,Volume,Close Time,Quote Asset Volume,Number of trades,Taker Buy Base Asset Volume,Taker Buy Quote Asset volume
1577836800000,0.01084000,0.01095000,0.01038000,0.01058000,20995230.90000000,1577923199999,222984.14881500,1753,10695621.50000000,113760.34909100,0
