Open Time,Open,High,Low,Close,Volume,Close Time,Quote Asset Volume,Number of trades,Taker Buy Base Asset Volume,Taker Buy Quote Asset volume
1586131200000,0.00317000,0.00343000,0.00315000,0.00337000,32587558.00000000,1586217599999,107255.54548800,1025,16638789.70000000,54967.39610400,0
