Open Time,Open,High,Low,Close,Volume,Close Time,Quote Asset Volume,Number of trades,Taker Buy Base Asset Volume,Taker Buy Quote Asset volume
1598486400000,0.02889000,0.02958000,0.02477000,0.02620000,85789196.50000000,1598572799999,2296891.55827300,8986,38710587.40000000,1037969.72043900,0
