Open Time,Open,High,Low,Close,Volume,Close Time,Quote Asset Volume,Number of trades,Taker Buy Base Asset Volume,Taker Buy Quote Asset volume
1599436800000,0.03353000,0.03597000,0.02700000,0.03224000,154427673.20000000,1599523199999,4674136.14481500,19362,75799694.80000000,2305432.25592100,0
