Open Time,Open,High,Low,Close,Volume,Close Time,Quote Asset Volume,Number of trades,Taker Buy Base Asset Volume,Taker Buy Quote Asset volume
1592784000000,0.00732000,0.00745000,0.00670000,0.00703000,107395013.10000000,1592870399999,759858.18808500,3600,49410873.50000000,350138.35800800,0
