Open Time,Open,High,Low,Close,Volume,Close Time,Quote Asset Volume,Number of trades,Taker Buy Base Asset Volume,Taker Buy Quote Asset volume
1578355200000,0.01077000,0.01093000,0.01022000,0.01035000,23270191.70000000,1578441599999,247272.34572400,2017,12305976.00000000,131395.04848400,0
