Open Time,Open,High,Low,Close,Volume,Close Time,Quote Asset Volume,Number of trades,Taker Buy Base Asset Volume,Taker Buy Quote Asset volume
1600819200000,0.04454000,0.04580000,0.03400000,0.03530000,242318946.80000000,1600905599999,9604144.09632800,32760,103846524.70000000,4129807.00492200,0
