Open Time,Open,High,Low,Close,Volume,Close Time,Quote Asset Volume,Number of trades,Taker Buy Base Asset Volume,Taker Buy Quote Asset volume
1604361600000,0.01591000,0.01610000,0.01447000,0.01518000,114057156.10000000,1604447999999,1724901.30491900,11721,56560169.80000000,856472.47283300,0
