Open Time,Open,High,Low,Close,Volume,Close Time,Quote Asset Volume,Number of trades,Taker Buy Base Asset Volume,Taker Buy Quote Asset volume
1589587200000,0.00514000,0.00519000,0.00465000,0.00483000,114117907.80000000,1589673599999,554386.49142500,3289,49359159.40000000,239425.11877600,0
