Open Time,Open,High,Low,Close,Volume,Close Time,Quote Asset Volume,Number of trades,Taker Buy Base Asset Volume,Taker Buy Quote Asset volume
1607731200000,0.01834000,0.01936000,0.01834000,0.01905000,37703340.40000000,1607817599999,718817.97841900,7582,17823107.90000000,339709.51659800,0
