Open Time,Open,High,Low,Close,Volume,Close Time,Quote Asset Volume,Number of trades,Taker Buy Base Asset Volume,Taker Buy Quote Asset volume
1580428800000,0.00875000,0.00952000,0.00861000,0.00925000,40816110.20000000,1580515199999,366766.42182300,2146,22984976.40000000,208099.62515200,0
