Open Time,Open,High,Low,Close,Volume,Close Time,Quote Asset Volume,Number of trades,Taker Buy Base Asset Volume,Taker Buy Quote Asset volume
1594252800000,0.01156000,0.01170000,0.01051000,0.01117000,187174860.20000000,1594339199999,2080474.90709900,9410,80415916.30000000,896430.09808300,0
