Open Time,Open,High,Low,Close,Volume,Close Time,Quote Asset Volume,Number of trades,Taker Buy Base Asset Volume,Taker Buy Quote Asset volume
1580688000000,0.00921000,0.00961000,0.00910000,0.00943000,29069074.70000000,1580774399999,270617.95136900,1565,14276275.30000000,133692.58888900,0
