Open Time,Open,High,Low,Close,Volume,Close Time,Quote Asset Volume,Number of trades,Taker Buy Base Asset Volume,Taker Buy Quote Asset volume
1600732800000,0.03720000,0.04599000,0.03575000,0.04455000,275673648.80000000,1600819199999,11271861.60885900,44502,144306304.00000000,5925007.75912800,0
