Open Time,Open,High,Low,Close,Volume,Close Time,Quote Asset Volume,Number of trades,Taker Buy Base Asset Volume,Taker Buy Quote Asset volume
1601164800000,0.04008000,0.04093000,0.03731000,0.03972000,111875643.60000000,1601251199999,4396911.88534700,21616,52050343.20000000,2045870.54834800,0
