Open Time,Open,High,Low,Close,Volume,Close Time,Quote Asset Volume,Number of trades,Taker Buy Base Asset Volume,Taker Buy Quote Asset volume
1582243200000,0.00930000,0.00978000,0.00922000,0.00938000,46533409.70000000,1582329599999,440832.03881100,3071,17373752.90000000,165032.25532100,0
