Open Time,Open,High,Low,Close,Volume,Close Time,Quote Asset Volume,Number of trades,Taker Buy Base Asset Volume,Taker Buy Quote Asset volume
1584144000000,0.00282000,0.00312000,0.00252000,0.00261000,43418108.90000000,1584230399999,122954.88298400,1096,21825982.00000000,62003.95127600,0
