Open Time,Open,High,Low,Close,Volume,Close Time,Quote Asset Volume,Number of trades,Taker Buy Base Asset Volume,Taker Buy Quote Asset volume
1603152000000,0.02521000,0.02557000,0.02144000,0.02272000,128882098.60000000,1603238399999,2967169.73289600,12871,58726010.20000000,1348572.95570600,0
