Open Time,Open,High,Low,Close,Volume,Close Time,Quote Asset Volume,Number of trades,Taker Buy Base Asset Volume,Taker Buy Quote Asset volume
1591488000000,0.00640000,0.00650000,0.00609000,0.00631000,33502238.40000000,1591574399999,209693.36888200,1331,12766615.10000000,80236.07999700,0
