Open Time,Open,High,Low,Close,Volume,Close Time,Quote Asset Volume,Number of trades,Taker Buy Base Asset Volume,Taker Buy Quote Asset volume
1604966400000,0.01818000,0.02100000,0.01785000,0.02095000,150646462.60000000,1605052799999,2985782.90655400,22023,77239448.10000000,1530874.21080600,0
