Open Time,Open,High,Low,Close,Volume,Close Time,Quote Asset Volume,Number of trades,Taker Buy Base Asset Volume,Taker Buy Quote Asset volume
1581292800000,0.01097000,0.01114000,0.01000000,0.01080000,67824647.20000000,1581379199999,714583.09556700,4676,35347488.10000000,373332.16691300,0
