Open Time,Open,High,Low,Close,Volume,Close Time,Quote Asset Volume,Number of trades,Taker Buy Base Asset Volume,Taker Buy Quote Asset volume
1584230400000,0.00262000,0.00293000,0.00254000,0.00275000,51588692.00000000,1584316799999,140585.88914000,898,18903169.30000000,51383.56028100,0
