Open Time,Open,High,Low,Close,Volume,Close Time,Quote Asset Volume,Number of trades,Taker Buy Base Asset Volume,Taker Buy Quote Asset volume
1581206400000,0.01061000,0.01130000,0.01052000,0.01099000,30659533.00000000,1581292799999,333681.57822000,2504,17645151.20000000,192795.33458500,0
