Open Time,Open,High,Low,Close,Volume,Close Time,Quote Asset Volume,Number of trades,Taker Buy Base Asset Volume,Taker Buy Quote Asset volume
1590192000000,0.00534000,0.00607000,0.00518000,0.00580000,87716013.90000000,1590278399999,490633.69160800,3604,44385711.20000000,248481.64285700,0
