Open Time,Open,High,Low,Close,Volume,Close Time,Quote Asset Volume,Number of trades,Taker Buy Base Asset Volume,Taker Buy Quote Asset volume
1589068800000,0.00393000,0.00393000,0.00317000,0.00358000,103680132.40000000,1589155199999,362507.40427400,2153,39909258.00000000,140184.28988900,0
