Open Time,Open,High,Low,Close,Volume,Close Time,Quote Asset Volume,Number of trades,Taker Buy Base Asset Volume,Taker Buy Quote Asset volume
1604534400000,0.01379000,0.01515000,0.01329000,0.01437000,176764522.40000000,1604620799999,2523057.64675700,14790,90395136.30000000,1291661.42345200,0
