Open Time,Open,High,Low,Close,Volume,Close Time,Quote Asset Volume,Number of trades,Taker Buy Base Asset Volume,Taker Buy Quote Asset volume
1580860800000,0.01007000,0.01026000,0.00950000,0.00994000,58164589.50000000,1580947199999,574044.52505300,4239,30367130.60000000,300632.04664600,0
