Open Time,Open,High,Low,Close,Volume,Close Time,Quote Asset Volume,Number of trades,Taker Buy Base Asset Volume,Taker Buy Quote Asset volume
1608854400000,0.01760000,0.01840000,0.01663000,0.01734000,67057139.50000000,1608940799999,1169746.89931800,11075,35502224.80000000,619401.84929200,0
