Open Time,Open,High,Low,Close,Volume,Close Time,Quote Asset Volume,Number of trades,Taker Buy Base Asset Volume,Taker Buy Quote Asset volume
1578441600000,0.01035000,0.01050000,0.01000000,0.01013000,16194711.90000000,1578527999999,165610.36426300,1210,6084840.70000000,62462.11832100,0
