Open Time,Open,High,Low,Close,Volume,Close Time,Quote Asset Volume,Number of trades,Taker Buy Base Asset Volume,Taker Buy Quote Asset volume
1604793600000,0.01802000,0.02013000,0.01736000,0.01934000,209651760.10000000,1604879999999,3995489.92131600,29367,106230792.10000000,2024078.58843300,0
