Open Time,Open,High,Low,Close,Volume,Close Time,Quote Asset Volume,Number of trades,Taker Buy Base Asset Volume,Taker Buy Quote Asset volume
1589414400000,0.00467000,0.00559000,0.00464000,0.00553000,218692454.80000000,1589500799999,1143493.45259800,7060,102966409.00000000,538841.64221100,0
