Open Time,Open,High,Low,Close,Volume,Close Time,Quote Asset Volume,Number of trades,Taker Buy Base Asset Volume,Taker Buy Quote Asset volume
1608163200000,0.02082000,0.02141000,0.01932000,0.01957000,176586495.50000000,1608249599999,3602789.02428900,37117,82117853.60000000,1678444.58502000,0
