Open Time,Open,High,Low,Close,Volume,Close Time,Quote Asset Volume,Number of trades,Taker Buy Base Asset Volume,Taker Buy Quote Asset volume
1582070400000,0.01061000,0.01080000,0.00948000,0.00979000,22242244.50000000,1582156799999,226904.11430700,1321,6703236.50000000,69536.29199300,0
