Open Time,Open,High,Low,Close,Volume,Close Time,Quote Asset Volume,Number of trades,Taker Buy Base Asset Volume,Taker Buy Quote Asset volume
1587254400000,0.00328000,0.00332000,0.00320000,0.00327000,16911158.30000000,1587340799999,55086.06898400,581,6982338.90000000,22813.89054100,0
