Open Time,Open,High,Low,Close,Volume,Close Time,Quote Asset Volume,Number of trades,Taker Buy Base Asset Volume,Taker Buy Quote Asset volume
1587945600000,0.00422000,0.00494000,0.00398000,0.00442000,251799992.50000000,1588031999999,1112631.04426400,7407,114961982.00000000,507765.20142200,0
