Open Time,Open,High,Low,Close,Volume,Close Time,Quote Asset Volume,Number of trades,Taker Buy Base Asset Volume,Taker Buy Quote Asset volume
1595548800000,0.01457000,0.01471000,0.01349000,0.01468000,80256661.10000000,1595635199999,1132494.11115000,6223,36015517.90000000,509509.13629000,0
