Open Time,Open,High,Low,Close,Volume,Close Time,Quote Asset Volume,Number of trades,Taker Buy Base Asset Volume,Taker Buy Quote Asset volume
1578700800000,0.01034000,0.01034000,0.01001000,0.01007000,9748104.70000000,1578787199999,99418.14907000,563,4126816.20000000,42151.54979900,0
