Open Time,Open,High,Low,Close,Volume,Close Time,Quote Asset Volume,Number of trades,Taker Buy Base Asset Volume,Taker Buy Quote Asset volume
1595289600000,0.01616000,0.01950000,0.01476000,0.01524000,545138916.10000000,1595375999999,9136384.00136200,33468,256158976.50000000,4303467.26753000,0
