Open Time,Open,High,Low,Close,Volume,Close Time,Quote Asset Volume,Number of trades,Taker Buy Base Asset Volume,Taker Buy Quote Asset volume
1601510400000,0.03911000,0.04050000,0.03500000,0.03701000,129909741.60000000,1601596799999,4928930.71525300,22267,61546689.90000000,2342738.17664500,0
