Open Time,Open,High,Low,Close,Volume,Close Time,Quote Asset Volume,Number of trades,Taker Buy Base Asset Volume,Taker Buy Quote Asset volume
1589673600000,0.00484000,0.00502000,0.00449000,0.00458000,93643906.90000000,1589759999999,448293.55372500,2898,35419066.00000000,170760.19792600,0
