Open Time,Open,High,Low,Close,Volume,Close Time,Quote Asset Volume,Number of trades,Taker Buy Base Asset Volume,Taker Buy Quote Asset volume
1587427200000,0.00298000,0.00306000,0.00294000,0.00296000,16040428.30000000,1587513599999,47915.07727400,481,7786779.70000000,23307.56449600,0
