Open Time,Open,High,Low,Close,Volume,Close Time,Quote Asset Volume,Number of trades,Taker Buy Base Asset Volume,Taker Buy Quote Asset volume
1594857600000,0.01060000,0.01071000,0.00941000,0.01013000,121678352.50000000,1594943999999,1224677.21757000,5928,55578471.90000000,560874.30951100,0
