Open Time,Open,High,Low,Close,Volume,Close Time,Quote Asset Volume,Number of trades,Taker Buy Base Asset Volume,Taker Buy Quote Asset volume
1604880000000,0.01933000,0.01947000,0.01750000,0.01818000,131109813.40000000,1604966399999,2421739.41664500,19388,63158233.00000000,1167117.71332600,0
