Open Time,Open,High,Low,Close,Volume,Close Time,Quote Asset Volume,Number of trades,Taker Buy Base Asset Volume,Taker Buy Quote Asset volume
1600214400000,0.02671000,0.02761000,0.02510000,0.02698000,55678877.20000000,1600300799999,1467051.35464500,8137,25639044.60000000,676696.43074800,0
