Open Time,Open,High,Low,Close,Volume,Close Time,Quote Asset Volume,Number of trades,Taker Buy Base Asset Volume,Taker Buy Quote Asset volume
1609027200000,0.01664000,0.01773000,0.01614000,0.01664000,113322541.00000000,1609113599999,1919790.67740800,14532,59772747.50000000,1012722.39229900,0
