Open Time,Open,High,Low,Close,Volume,Close Time,Quote Asset Volume,Number of trades,Taker Buy Base Asset Volume,Taker Buy Quote Asset volume
1586563200000,0.00328000,0.00341000,0.00315000,0.00330000,38894297.20000000,1586649599999,127908.89834800,1110,15367357.40000000,50776.96469500,0
