Open Time,Open,High,Low,Close,Volume,Close Time,Quote Asset Volume,Number of trades,Taker Buy Base Asset Volume,Taker Buy Quote Asset volume
1579046400000,0.00942000,0.01018000,0.00922000,0.00961000,105883527.40000000,1579132799999,1016438.98068500,4895,50691984.60000000,488315.91058400,0
