Open Time,Open,High,Low,Close,Volume,Close Time,Quote Asset Volume,Number of trades,Taker Buy Base Asset Volume,Taker Buy Quote Asset volume
1579392000000,0.01002000,0.01012000,0.00928000,0.00958000,24934624.00000000,1579478399999,240425.18495600,1509,8135812.40000000,78246.05392600,0
