Open Time,Open,High,Low,Close,Volume,Close Time,Quote Asset Volume,Number of trades,Taker Buy Base Asset Volume,Taker Buy Quote Asset volume
1607212800000,0.02249000,0.02309000,0.02098000,0.02195000,63731380.00000000,1607299199999,1399291.35187400,9878,31047556.30000000,682552.57183500,0
