Open Time,Open,High,Low,Close,Volume,Close Time,Quote Asset Volume,Number of trades,Taker Buy Base Asset Volume,Taker Buy Quote Asset volume
1584576000000,0.00231000,0.00380000,0.00227000,0.00297000,157686190.80000000,1584662399999,444756.87759400,3079,68979016.80000000,195934.85640600,0
