Open Time,Open,High,Low,Close,Volume,Close Time,Quote Asset Volume,Number of trades,Taker Buy Base Asset Volume,Taker Buy Quote Asset volume
1584835200000,0.00273000,0.00290000,0.00245000,0.00251000,54114454.20000000,1584921599999,146975.88290500,1089,26444648.20000000,71898.35166800,0
