Open Time,Open,High,Low,Close,Volume,Close Time,Quote Asset Volume,Number of trades,Taker Buy Base Asset Volume,Taker Buy Quote Asset volume
1585008000000,0.00276000,0.00296000,0.00271000,0.00283000,47344947.50000000,1585094399999,134379.49266000,1081,23614904.20000000,67369.09797300,0
