Open Time,Open,High,Low,Close,Volume,Close Time,Quote Asset Volume,Number of trades,Taker Buy Base Asset Volume,Taker Buy Quote Asset volume
1581897600000,0.01065000,0.01067000,0.00976000,0.01042000,68486591.90000000,1581983999999,692915.83702400,3964,34732536.80000000,350923.35794300,0
