Open Time,Open,High,Low,Close,Volume,Close Time,Quote Asset Volume,Number of trades,Taker Buy Base Asset Volume,Taker Buy Quote Asset volume
1583107200000,0.00636000,0.00686000,0.00619000,0.00679000,66718248.50000000,1583193599999,435015.35148800,1968,25074741.70000000,164479.67643900,0
