Open Time,Open,High,Low,Close,Volume,Close Time,Quote Asset Volume,Number of trades,Taker Buy Base Asset Volume,Taker Buy Quote Asset volume
1596153600000,0.01382000,0.01446000,0.01295000,0.01326000,110601740.40000000,1596239999999,1494480.24452200,6390,54678470.30000000,741696.52434000,0
