Open Time,Open,High,Low,Close,Volume,Close Time,Quote Asset Volume,Number of trades,Taker Buy Base Asset Volume,Taker Buy Quote Asset volume
1584057600000,0.00260000,0.00381000,0.00170000,0.00282000,134466027.70000000,1584143999999,349143.47324600,3453,68219480.30000000,177461.15113000,0
