Open Time,Open,High,Low,Close,Volume,Close Time,Quote Asset Volume,Number of trades,Taker Buy Base Asset Volume,Taker Buy Quote Asset volume
1588464000000,0.00496000,0.00502000,0.00447000,0.00459000,57364622.70000000,1588550399999,273783.80873900,1711,25645469.70000000,123225.68981600,0
