Open Time,Open,High,Low,Close,Volume,Close Time,Quote Asset Volume,Number of trades,Taker Buy Base Asset Volume,Taker Buy Quote Asset volume
1585353600000,0.00300000,0.00306000,0.00272000,0.00298000,47910451.70000000,1585439999999,139254.04830500,1041,18766648.20000000,54625.80806700,0
