Open Time,Open,High,Low,Close,Volume,Close Time,Quote Asset Volume,Number of trades,Taker Buy Base Asset Volume,Taker Buy Quote Asset volume
1578009600000,0.01024000,0.01057000,0.01008000,0.01035000,10063301.50000000,1578095999999,103976.10893700,813,4934525.50000000,51013.44141200,0
