Open Time,Open,High,Low,Close,Volume,Close Time,Quote Asset Volume,Number of trades,Taker Buy Base Asset Volume,Taker Buy Quote Asset volume
1579305600000,0.01004000,0.01025000,0.00975000,0.01002000,30634190.00000000,1579391999999,306485.78891000,1894,15355714.50000000,153665.82714100,0
