Open Time,Open,High,Low,Close,Volume,Close Time,Quote Asset Volume,Number of trades,Taker Buy Base Asset Volume,Taker Buy Quote Asset volume
1582329600000,0.00942000,0.00943000,0.00907000,0.00923000,30067198.50000000,1582415999999,278228.94861200,2518,10809219.50000000,99946.50414400,0
