Open Time,Open,High,Low,Close,Volume,Close Time,Quote Asset Volume,Number of trades,Taker Buy Base Asset Volume,Taker Buy Quote Asset volume
1608768000000,0.01638000,0.01783000,0.01546000,0.01759000,108707861.00000000,1608854399999,1774892.68907300,12964,57875373.90000000,945963.95180600,0
