Open Time,Open,High,Low,Close,Volume,Close Time,Quote Asset Volume,Number of trades,Taker Buy Base Asset Volume,Taker Buy Quote Asset volume
1586908800000,0.00323000,0.00327000,0.00292000,0.00296000,34686694.30000000,1586995199999,106012.09916600,994,17564506.00000000,53407.00616500,0
