Open Time,Open,High,Low,Close,Volume,Close Time,Quote Asset Volume,Number of trades,Taker Buy Base Asset Volume,Taker Buy Quote Asset volume
1601596800000,0.03700000,0.03757000,0.03017000,0.03331000,207691336.20000000,1601683199999,6856259.45415800,25659,103357344.00000000,3405560.65296200,0
