Open Time,Open,High,Low,Close,Volume,Close Time,Quote Asset Volume,Number of trades,Taker Buy Base Asset Volume,Taker Buy Quote Asset volume
1606521600000,0.01800000,0.02003000,0.01761000,0.01933000,125957676.50000000,1606607999999,2364482.76708900,16003,66561857.10000000,1249198.60096800,0
