Open Time,Open,High,Low,Close,Volume,Close Time,Quote Asset Volume,Number of trades,Taker Buy Base Asset Volume,Taker Buy Quote Asset volume
1607385600000,0.02165000,0.02167000,0.01858000,0.01906000,117884694.40000000,1607471999999,2363375.41857600,15512,58836121.40000000,1180841.38140600,0
