Open Time,Open,High,Low,Close,Volume,Close Time,Quote Asset Volume,Number of trades,Taker Buy Base Asset Volume,Taker Buy Quote Asset volume
1595030400000,0.01262000,0.01310000,0.01158000,0.01200000,226546845.30000000,1595116799999,2765630.94207300,10935,105732242.70000000,1293341.02926200,0
