Open Time,Open,High,Low,Close,Volume,Close Time,Quote Asset Volume,Number of trades,Taker Buy Base Asset Volume,Taker Buy Quote Asset volume
1604188800000,0.01669000,0.01708000,0.01573000,0.01611000,93353598.50000000,1604275199999,1510263.20452900,10040,42767512.70000000,691726.62019500,0
