Open Time,Open,High,Low,Close,Volume,Close Time,Quote Asset Volume,Number of trades,Taker Buy Base Asset Volume,Taker Buy Quote Asset volume
1590883200000,0.00585000,0.00606000,0.00545000,0.00556000,83890112.20000000,1590969599999,485857.31898600,2937,39275498.40000000,228387.30494600,0
