Open Time,Open,High,Low,Close,Volume,Close Time,Quote Asset Volume,Number of trades,Taker Buy Base Asset Volume,Taker Buy Quote Asset volume
1609113600000,0.01665000,0.01800000,0.01630000,0.01739000,106208452.40000000,1609199999999,1839473.58776100,13236,52104724.90000000,903837.60998100,0
