Open Time,Open,High,Low,Close,Volume,Close Time,Quote Asset Volume,Number of trades,Taker Buy Base Asset Volume,Taker Buy Quote Asset volume
1598659200000,0.02780000,0.02899000,0.02650000,0.02676000,53714503.90000000,1598745599999,1475605.02910500,5764,25949896.20000000,713514.12578500,0
