Open Time,Open,High,Low,Close,Volume,Close Time,Quote Asset Volume,Number of trades,Taker Buy Base Asset Volume,Taker Buy Quote Asset volume
1605052800000,0.02085000,0.02207000,0.01970000,0.01972000,160670985.00000000,1605139199999,3337244.46640700,23400,77896880.60000000,1622420.23387600,0
