Open Time,Open,High,Low,Close,Volume,Close Time,Quote Asset Volume,Number of trades,Taker Buy Base Asset Volume,Taker Buy Quote Asset volume
1582588800000,0.00900000,0.00901000,0.00768000,0.00791000,69490776.80000000,1582675199999,565718.14616100,3094,27754932.00000000,225081.15535000,0
