Open Time,Open,High,Low,Close,Volume,Close Time,Quote Asset Volume,Number of trades,Taker Buy Base Asset Volume,Taker Buy Quote Asset volume
1591315200000,0.00649000,0.00675000,0.00616000,0.00627000,57390648.20000000,1591401599999,369814.79721500,2119,23342294.60000000,151033.76937300,0
