Open Time,Open,High,Low,Close,Volume,Close Time,Quote Asset Volume,Number of trades,Taker Buy Base Asset Volume,Taker Buy Quote Asset volume
1599782400000,0.03250000,0.03273000,0.02915000,0.03097000,81413092.60000000,1599868799999,2470768.14003400,9992,36615699.20000000,1110301.07201900,0
