Open Time,Open,High,Low,Close,Volume,Close Time,Quote Asset Volume,Number of trades,Taker Buy Base Asset Volume,Taker Buy Quote Asset volume
1595894400000,0.01232000,0.01418000,0.01200000,0.01294000,134993142.10000000,1595980799999,1760908.69403900,7394,67499991.70000000,885413.26226300,0
