Open Time,Open,High,Low,Close,Volume,Close Time,Quote Asset Volume,Number of trades,Taker Buy Base Asset Volume,Taker Buy Quote Asset volume
1594166400000,0.01206000,0.01229000,0.01129000,0.01156000,223898124.20000000,1594252799999,2633884.65029400,10275,96825546.70000000,1142334.22367000,0
