Open Time,Open,High,Low,Close,Volume,Close Time,Quote Asset Volume,Number of trades,Taker Buy Base Asset Volume,Taker Buy Quote Asset volume
1606608000000,0.01938000,0.02025000,0.01880000,0.01931000,56663897.40000000,1606694399999,1106328.37405100,8983,27999758.50000000,546971.36461400,0
