Open Time,Open,High,Low,Close,Volume,Close Time,Quote Asset Volume,Number of trades,Taker Buy Base Asset Volume,Taker Buy Quote Asset volume
1587340800000,0.00327000,0.00331000,0.00287000,0.00294000,43057725.80000000,1587427199999,133535.67214200,1073,18828566.90000000,58436.31996100,0
