Open Time,Open,High,Low,Close,Volume,Close Time,Quote Asset Volume,Number of trades,Taker Buy Base Asset Volume,Taker Buy Quote Asset volume
1586736000000,0.00336000,0.00337000,0.00309000,0.00326000,39596573.40000000,1586822399999,125965.12535800,1033,16593797.40000000,52917.63953100,0
