Open Time,Open,High,Low,Close,Volume,Close Time,Quote Asset Volume,Number of trades,Taker Buy Base Asset Volume,Taker Buy Quote Asset volume
1591574400000,0.00626000,0.00640000,0.00618000,0.00626000,18513926.10000000,1591660799999,116319.83388700,960,7231002.20000000,45626.09647200,0
