Open Time,Open,High,Low,Close,Volume,Close Time,Quote Asset Volume,Number of trades,Taker Buy Base Asset Volume,Taker Buy Quote Asset volume
1608681600000,0.01880000,0.01938000,0.01469000,0.01641000,140243601.80000000,1608767999999,2457609.65436800,19105,53552735.20000000,940914.86189300,0
