Open Time,Open,High,Low,Close,Volume,Close Time,Quote Asset Volume,Number of trades,Taker Buy Base Asset Volume,Taker Buy Quote Asset volume
1604448000000,0.01521000,0.01523000,0.01264000,0.01381000,164934098.00000000,1604534399999,2259155.47381500,14500,76306618.90000000,1048946.65556800,0
