Open Time,Open,High,Low,Close,Volume,Close Time,Quote Asset Volume,Number of trades,Taker Buy Base Asset Volume,Taker Buy Quote Asset volume
1603929600000,0.01887000,0.01933000,0.01606000,0.01665000,154438985.50000000,1604015999999,2664488.50633900,12198,79540061.40000000,1369182.06268100,0
