Open Time,Open,High,Low,Close,Volume,Close Time,Quote Asset Volume,Number of trades,Taker Buy Base Asset Volume,Taker Buy Quote Asset volume
1594339200000,0.01116000,0.01139000,0.00979000,0.01037000,192463190.60000000,1594425599999,1989912.41049000,8720,83067518.70000000,861331.00245900,0
