Open Time,Open,High,Low,Close,Volume,Close Time,Quote Asset Volume,Number of trades,Taker Buy Base Asset Volume,Taker Buy Quote Asset volume
1606089600000,0.01895000,0.02258000,0.01859000,0.02215000,227046487.30000000,1606175999999,4769212.58870100,31701,117789227.60000000,2472018.61342600,0
