Open Time,Open,High,Low,Close,Volume,Close Time,Quote Asset Volume,Number of trades,Taker Buy Base Asset Volume,Taker Buy Quote Asset volume
1591228800000,0.00633000,0.00653000,0.00594000,0.00646000,80540157.40000000,1591315199999,506461.22883700,3108,34165417.60000000,215301.72878500,0
