Open Time,Open,High,Low,Close,Volume,Close Time,Quote Asset Volume,Number of trades,Taker Buy Base Asset Volume,Taker Buy Quote Asset volume
1600905600000,0.03530000,0.04133000,0.03423000,0.03968000,211137405.90000000,1600991999999,7979574.61192200,43960,108364585.10000000,4117467.94372200,0
