Open Time,Open,High,Low,Close,Volume,Close Time,Quote Asset Volume,Number of trades,Taker Buy Base Asset Volume,Taker Buy Quote Asset volume
1578096000000,0.01036000,0.01077000,0.01027000,0.01068000,11636937.40000000,1578182399999,122428.24013500,834,5438101.80000000,57310.43463900,0
