Open Time,Open,High,Low,Close,Volume,Close Time,Quote Asset Volume,Number of trades,Taker Buy Base Asset Volume,Taker Buy Quote Asset volume
1585440000000,0.00299000,0.00301000,0.00267000,0.00273000,42366990.90000000,1585526399999,120207.57412200,751,14016999.30000000,39665.78142000,0
