Open Time,Open,High,Low,Close,Volume,Close Time,Quote Asset Volume,Number of trades,Taker Buy Base Asset Volume,Taker Buy Quote Asset volume
1580515200000,0.00929000,0.00987000,0.00912000,0.00955000,44895435.70000000,1580601599999,426215.46100600,2298,22868016.10000000,217636.14055500,0
