Open Time,Open,High,Low,Close,Volume,Close Time,Quote Asset Volume,Number of trades,Taker Buy Base Asset Volume,Taker Buy Quote Asset volume
1602115200000,0.02707000,0.02930000,0.02501000,0.02918000,110634882.00000000,1602201599999,2963251.39035300,13817,54754345.90000000,1470430.61271300,0
