Open Time,Open,High,Low,Close,Volume,Close Time,Quote Asset Volume,Number of trades,Taker Buy Base Asset Volume,Taker Buy Quote Asset volume
1584748800000,0.00283000,0.00297000,0.00255000,0.00272000,98203505.40000000,1584835199999,267189.57572800,1881,49442560.30000000,134865.44714400,0
