Open Time,Open,High,Low,Close,Volume,Close Time,Quote Asset Volume,Number of trades,Taker Buy Base Asset Volume,Taker Buy Quote Asset volume
1581984000000,0.01038000,0.01085000,0.01010000,0.01061000,28578160.00000000,1582070399999,298450.48450000,1747,12321999.30000000,129175.77222300,0
