Open Time,Open,High,Low,Close,Volume,Close Time,Quote Asset Volume,Number of trades,Taker Buy Base Asset Volume,Taker Buy Quote Asset volume
1587686400000,0.00314000,0.00347000,0.00314000,0.00337000,55664446.60000000,1587772799999,186688.45026800,1370,26736012.20000000,89581.64754700,0
