Open Time,Open,High,Low,Close,Volume,Close Time,Quote Asset Volume,Number of trades,Taker Buy Base Asset Volume,Taker Buy Quote Asset volume
1577923200000,0.01055000,0.01066000,0.01012000,0.01025000,9099710.50000000,1578009599999,94597.37434700,795,5042902.30000000,52366.62657500,0
