Open Time,Open,High,Low,Close,Volume,Close Time,Quote Asset Volume,Number of trades,Taker Buy Base Asset Volume,Taker Buy Quote Asset volume
1586649600000,0.00330000,0.00360000,0.00319000,0.00336000,36183258.40000000,1586735999999,123738.80009800,1182,15243819.00000000,52290.81208700,0
