Open Time,Open,High,Low,Close,Volume,Close Time,Quote Asset Volume,Number of trades,Taker Buy Base Asset Volume,Taker Buy Quote Asset volume
1607558400000,0.01957000,0.02080000,0.01869000,0.01991000,137998757.90000000,1607644799999,2727636.48174700,17243,66995495.30000000,1325058.98876400,0
