Open Time,Open,High,Low,Close,Volume,Close Time,Quote Asset Volume,Number of trades,Taker Buy Base Asset Volume,Taker Buy Quote Asset volume
1586476800000,0.00382000,0.00383000,0.00310000,0.00323000,81567178.30000000,1586563199999,274846.19825200,1878,33754198.80000000,112893.80775200,0
