Open Time,Open,High,Low,Close,Volume,Close Time,Quote Asset Volume,Number of trades,Taker Buy Base Asset Volume,Taker Buy Quote Asset volume
1606780800000,0.02102000,0.02317000,0.01987000,0.02044000,160549010.30000000,1606867199999,3460132.70034700,21743,79814468.50000000,1721023.08204800,0
