Open Time,Open,High,Low,Close,Volume,Close Time,Quote Asset Volume,Number of trades,Taker Buy Base Asset Volume,Taker Buy Quote Asset volume
1594598400000,0.01176000,0.01220000,0.01045000,0.01069000,158151241.60000000,1594684799999,1822464.66503400,9987,70336216.90000000,814978.21772200,0
