Open Time,Open,High,Low,Close,Volume,Close Time,Quote Asset Volume,Number of trades,Taker Buy Base Asset Volume,Taker Buy Quote Asset volume
1593907200000,0.01141000,0.01225000,0.01021000,0.01106000,360711951.80000000,1593993599999,4062159.12239300,16017,172170234.10000000,1944393.37904200,0
