Open Time,Open,High,Low,Close,Volume,Close Time,Quote Asset Volume,Number of trades,Taker Buy Base Asset Volume,Taker Buy Quote Asset volume
1605571200000,0.01924000,0.02026000,0.01828000,0.01953000,163083908.30000000,1605657599999,3130585.07365500,22370,79414347.40000000,1526103.54690600,0
