Open Time,Open,High,Low,Close,Volume,Close Time,Quote Asset Volume,Number of trades,Taker Buy Base Asset Volume,Taker Buy Quote Asset volume
1593734400000,0.00876000,0.01339000,0.00820000,0.01279000,1468007637.70000000,1593820799999,16671814.89341900,54535,724949255.40000000,8258724.29222200,0
