Open Time,Open,High,Low,Close,Volume,Close Time,Quote Asset Volume,Number of trades,Taker Buy Base Asset Volume,Taker Buy Quote Asset volume
1592611200000,0.00754000,0.00775000,0.00722000,0.00753000,55035604.90000000,1592697599999,411462.11083300,2454,26007033.50000000,195039.80347300,0
