Open Time,Open,High,Low,Close,Volume,Close Time,Quote Asset Volume,Number of trades,Taker Buy Base Asset Volume,Taker Buy Quote Asset volume
1602374400000,0.03120000,0.03371000,0.02989000,0.03247000,69039861.90000000,1602460799999,2179894.65163200,10912,34697057.90000000,1100181.49343500,0
