Open Time,Open,High,Low,Close,Volume,Close Time,Quote Asset Volume,Number of trades,Taker Buy Base Asset Volume,Taker Buy Quote Asset volume
1597190400000,0.01622000,0.01940000,0.01473000,0.01869000,176750546.70000000,1597276799999,3027585.60850000,11882,93714324.20000000,1617019.85891900,0
