Open Time,Open,High,Low,Close,Volume,Close Time,Quote Asset Volume,Number of trades,Taker Buy Base Asset Volume,Taker Buy Quote Asset volume
1580342400000,0.00881000,0.00910000,0.00862000,0.00878000,35569613.20000000,1580428799999,313212.69373200,1680,16038620.50000000,141196.98711900,0
