Open Time,Open,High,Low,Close,Volume,Close Time,Quote Asset Volume,Number of trades,Taker Buy Base Asset Volume,Taker Buy Quote Asset volume
1592352000000,0.00683000,0.00690000,0.00654000,0.00673000,20407089.90000000,1592438399999,137283.57134100,1202,8235372.60000000,55452.42941500,0
