Open Time,Open,High,Low,Close,Volume,Close Time,Quote Asset Volume,Number of trades,Taker Buy Base Asset Volume,Taker Buy Quote Asset volume
1578268800000,0.01049000,0.01107000,0.01045000,0.01076000,19465295.10000000,1578355199999,208205.72706500,1806,10622032.10000000,113927.32047800,0
