Open Time,Open,High,Low,Close,Volume,Close Time,Quote Asset Volume,Number of trades,Taker Buy Base Asset Volume,Taker Buy Quote Asset volume
1609200000000,0.01737000,0.01772000,0.01553000,0.01633000,135641800.70000000,1609286399999,2230233.72104400,15649,70749923.50000000,1163685.84588100,0
