Open Time,Open,High,Low,Close,Volume,Close Time,Quote Asset Volume,Number of trades,Taker Buy Base Asset Volume,Taker Buy Quote Asset volume
1596240000000,0.01324000,0.01362000,0.01280000,0.01301000,65413063.10000000,1596326399999,863701.18204900,3877,25162904.20000000,333329.78936900,0
