Open Time,Open,High,Low,Close,Volume,Close Time,Quote Asset Volume,Number of trades,Taker Buy Base Asset Volume,Taker Buy Quote Asset volume
1599091200000,0.05510000,0.05525000,0.03925000,0.04089000,244660331.00000000,1599177599999,11549273.56122100,40262,104259121.70000000,4939430.77743800,0
