Open Time,Open,High,Low,Close,Volume,Close Time,Quote Asset Volume,Number of trades,Taker Buy Base Asset Volume,Taker Buy Quote Asset volume
1602806400000,0.02988000,0.03025000,0.02508000,0.02522000,97764705.90000000,1602892799999,2669930.66608900,12181,41270715.80000000,1132132.90743500,0
