Open Time,Open,High,Low,Close,Volume,Close Time,Quote Asset Volume,Number of trades,Taker Buy Base Asset Volume,Taker Buy Quote Asset volume
1593993600000,0.01101000,0.01390000,0.01056000,0.01240000,529580314.80000000,1594079999999,6692596.45966800,24548,251516755.80000000,3184681.48329200,0
