Open Time,Open,High,Low,Close,Volume,Close Time,Quote Asset Volume,Number of trades,Taker Buy Base Asset Volume,Taker Buy Quote Asset volume
1608940800000,0.01730000,0.01731000,0.01609000,0.01663000,79524714.10000000,1609027199999,1323506.61966400,10992,37702815.90000000,627853.48163200,0
