Open Time,Open,High,Low,Close,Volume,Close Time,Quote Asset Volume,Number of trades,Taker Buy Base Asset Volume,Taker Buy Quote Asset volume
1606694400000,0.01936000,0.02113000,0.01933000,0.02105000,120058547.50000000,1606780799999,2456261.24162200,16167,66578830.80000000,1361530.69118900,0
