Open Time,Open,High,Low,Close,Volume,Close Time,Quote Asset Volume,Number of trades,Taker Buy Base Asset Volume,Taker Buy Quote Asset volume
1588032000000,0.00443000,0.00459000,0.00415000,0.00442000,81090690.20000000,1588118399999,353666.69404700,2513,35057984.60000000,153250.52525800,0
