Open Time,Open,High,Low,Close,Volume,Close Time,Quote Asset Volume,Number of trades,Taker Buy Base Asset Volume,Taker Buy Quote Asset volume
1583280000000,0.00664000,0.00729000,0.00662000,0.00684000,40053443.40000000,1583366399999,275283.31864800,1854,17611547.00000000,121547.11810300,0
