Open Time,Open,High,Low,Close,Volume,Close Time,Quote Asset Volume,Number of trades,Taker Buy Base Asset Volume,Taker Buy Quote Asset volume
1582761600000,0.00705000,0.00766000,0.00664000,0.00697000,46509480.30000000,1582847999999,333992.08882400,2261,18126110.00000000,130373.20257200,0
