Open Time,Open,High,Low,Close,Volume,Close Time,Quote Asset Volume,Number of trades,Taker Buy Base Asset Volume,Taker Buy Quote Asset volume
1602633600000,0.03115000,0.03150000,0.02759000,0.02882000,98226892.40000000,1602719999999,2865577.81782400,11151,46049778.10000000,1346465.50041500,0
