Open Time,Open,High,Low,Close,Volume,Close Time,Quote Asset Volume,Number of trades,Taker Buy Base Asset Volume,Taker Buy Quote Asset volume
1579737600000,0.00959000,0.00963000,0.00908000,0.00932000,11097975.70000000,1579823999999,103061.86366300,768,4288891.90000000,39735.24788600,0
