Open Time,Open,High,Low,Close,Volume,Close Time,Quote Asset Volume,Number of trades,Taker Buy Base Asset Volume,Taker Buy Quote Asset volume
1586217600000,0.00337000,0.00367000,0.00328000,0.00340000,54842888.70000000,1586303999999,189882.11433000,1353,23667631.20000000,82166.93674500,0
