Open Time,Open,High,Low,Close,Volume,Close Time,Quote Asset Volume,Number of trades,Taker Buy Base Asset Volume,Taker Buy Quote Asset volume
1606953600000,0.02256000,0.02474000,0.02229000,0.02284000,154821952.00000000,1607039999999,3626250.47730000,20628,83833615.50000000,1966184.28094200,0
