Open Time,Open,High,Low,Close,Volume,Close Time,Quote Asset Volume,Number of trades,Taker Buy Base Asset Volume,Taker Buy Quote Asset volume
1608508800000,0.02084000,0.02182000,0.01875000,0.01890000,129173818.20000000,1608595199999,2609415.51159800,19566,58512270.60000000,1181862.34619900,0
