Open Time,Open,High,Low,Close,Volume,Close Time,Quote Asset Volume,Number of trades,Taker Buy Base Asset Volume,Taker Buy Quote Asset volume
1590796800000,0.00597000,0.00615000,0.00566000,0.00582000,59316400.10000000,1590883199999,352853.07065600,2045,28394190.80000000,169423.98709400,0
