Open Time,Open,High,Low,Close,Volume,Close Time,Quote Asset Volume,Number of trades,Taker Buy Base Asset Volume,Taker Buy Quote Asset volume
1578787200000,0.01010000,0.01028000,0.00999000,0.01017000,9994782.50000000,1578873599999,101175.16195200,579,4008510.00000000,40680.37600500,0
