Open Time,Open,High,Low,Close,Volume,Close Time,Quote Asset Volume,Number of trades,Taker Buy Base Asset Volume,Taker Buy Quote Asset volume
1596931200000,0.01740000,0.01916000,0.01666000,0.01806000,138055627.00000000,1597017599999,2466196.74965800,8726,72315744.00000000,1294055.70784400,0
