Open Time,Open,High,Low,Close,Volume,Close Time,Quote Asset Volume,Number of trades,Taker Buy Base Asset Volume,Taker Buy Quote Asset volume
1596326400000,0.01296000,0.01393000,0.01181000,0.01305000,92109567.40000000,1596412799999,1193670.76798200,5830,43548595.80000000,566566.38791300,0
