Open Time,Open,High,Low,Close,Volume,Close Time,Quote Asset Volume,Number of trades,Taker Buy Base Asset Volume,Taker Buy Quote Asset volume
1583798400000,0.00615000,0.00693000,0.00581000,0.00620000,53277412.20000000,1583884799999,330437.86585400,2094,22872047.20000000,142845.63013800,0
