Open Time,Open,High,Low,Close,Volume,Close Time,Quote Asset Volume,Number of trades,Taker Buy Base Asset Volume,Taker Buy Quote Asset volume
1580774400000,0.00945000,0.01025000,0.00920000,0.01007000,82509576.90000000,1580860799999,799963.96077700,4089,37023515.70000000,360444.73602700,0
