Open Time,Open,High,Low,Close,Volume,Close Time,Quote Asset Volume,Number of trades,Taker Buy Base Asset Volume,Taker Buy Quote Asset volume
1606867200000,0.02040000,0.02309000,0.02001000,0.02259000,108513259.80000000,1606953599999,2342505.79655500,14604,55828489.00000000,1204470.70427300,0
