Open Time,Open,High,Low,Close,Volume,Close Time,Quote Asset Volume,Number of trades,Taker Buy Base Asset Volume,Taker Buy Quote Asset volume
1598400000000,0.02941000,0.03130000,0.02744000,0.02885000,73311957.00000000,1598486399999,2138669.52738500,8654,35201890.80000000,1030874.23308200,0
