Open Time,Open,High,Low,Close,Volume,Close Time,Quote Asset Volume,Number of trades,Taker Buy Base Asset Volume,Taker Buy Quote Asset volume
1607817600000,0.01911000,0.02079000,0.01889000,0.01993000,76068673.20000000,1607903999999,1525931.03341100,11571,37684173.10000000,755996.35144600,0
