Open Time,Open,High,Low,Close,Volume,Close Time,Quote Asset Volume,Number of trades,Taker Buy Base Asset Volume,Taker Buy Quote Asset volume
1589155200000,0.00360000,0.00414000,0.00353000,0.00399000,138132450.40000000,1589241599999,534608.76430700,4122,72378295.30000000,280540.64360000,0
