Open Time,Open,High,Low,Close,Volume,Close Time,Quote Asset Volume,Number of trades,Taker Buy Base Asset Volume,Taker Buy Quote Asset volume
1592265600000,0.00655000,0.00705000,0.00647000,0.00680000,53957530.30000000,1592351999999,363015.56301900,2325,28136108.10000000,189418.41449600,0
