Open Time,Open,High,Low,Close,Volume,Close Time,Quote Asset Volume,Number of trades,Taker Buy Base Asset Volume,Taker Buy Quote Asset volume
1606176000000,0.02218000,0.02423000,0.02133000,0.02346000,295561425.00000000,1606262399999,6732778.41364300,39113,142880683.00000000,3259173.07457700,0
