Open Time,Open,High,Low,Close,Volume,Close Time,Quote Asset Volume,Number of trades,Taker Buy Base Asset Volume,Taker Buy Quote Asset volume
1588550400000,0.00461000,0.00462000,0.00410000,0.00438000,106186544.20000000,1588636799999,459175.88393200,3332,44318526.40000000,192577.08193000,0
