Open Time,Open,High,Low,Close,Volume,Close Time,Quote Asset Volume,Number of trades,Taker Buy Base Asset Volume,Taker Buy Quote Asset volume
1605916800000,0.01847000,0.02062000,0.01805000,0.02006000,170666932.80000000,1606003199999,3349550.30282200,26227,92612226.80000000,1818623.59443000,0
