Open Time,Open,High,Low,Close,Volume,Close Time,Quote Asset Volume,Number of trades,Taker Buy Base Asset Volume,Taker Buy Quote Asset volume
1581638400000,0.01193000,0.01293000,0.01156000,0.01293000,35687481.60000000,1581724799999,443108.53307200,2513,16919859.00000000,209992.38993700,0
