Open Time,Open,High,Low,Close,Volume,Close Time,Quote Asset Volume,Number of trades,Taker Buy Base Asset Volume,Taker Buy Quote Asset volume
1583193600000,0.00675000,0.00740000,0.00656000,0.00665000,100814673.30000000,1583279999999,687026.25644500,3618,45267771.90000000,308849.76156100,0
