Open Time,Open,High,Low,Close,Volume,Close Time,Quote Asset Volume,Number of trades,Taker Buy Base Asset Volume,Taker Buy Quote Asset volume
1597708800000,0.02633000,0.03283000,0.02602000,0.02954000,221612692.30000000,1597795199999,6521239.22649800,27984,114982472.90000000,3397634.99938000,0
