Open Time,Open,High,Low,Close,Volume,Close Time,Quote Asset Volume,Number of trades,Taker Buy Base Asset Volume,Taker Buy Quote Asset volume
1592524800000,0.00732000,0.00788000,0.00696000,0.00754000,83687662.80000000,1592611199999,626401.15278800,4119,37737105.80000000,282816.29270200,0
