Open Time,Open,High,Low,Close,Volume,Close Time,Quote Asset Volume,Number of trades,Taker Buy Base Asset Volume,Taker Buy Quote Asset volume
1596672000000,0.01572000,0.01725000,0.01545000,0.01613000,166960119.90000000,1596758399999,2719939.28246700,11887,74554082.90000000,1218316.93389600,0
