Open Time,Open,High,Low,Close,Volume,Close Time,Quote Asset Volume,Number of trades,Taker Buy Base Asset Volume,Taker Buy Quote Asset volume
1608076800000,0.02102000,0.02150000,0.02011000,0.02081000,69698782.60000000,1608163199999,1447025.88483200,13575,28990700.80000000,602251.36812000,0
