Open Time,Open,High,Low,Close,Volume,Close Time,Quote Asset Volume,Number of trades,Taker Buy Base Asset Volume,Taker Buy Quote Asset volume
1599177600000,0.04091000,0.04604000,0.03511000,0.04530000,196724554.50000000,1599263999999,7938261.88564300,29436,96306583.20000000,3902263.05276100,0
