Open Time,Open,High,Low,Close,Volume,Close Time,Quote Asset Volume,Number of trades,Taker Buy Base Asset Volume,Taker Buy Quote Asset volume
1606262400000,0.02352000,0.02556000,0.02159000,0.02261000,240353046.80000000,1606348799999,5723453.53190200,34595,123582240.10000000,2951588.31736800,0
