Open Time,Open,High,Low,Close,Volume,Close Time,Quote Asset Volume,Number of trades,Taker Buy Base Asset Volume,Taker Buy Quote Asset volume
1606435200000,0.01828000,0.01913000,0.01694000,0.01800000,119203229.60000000,1606521599999,2140383.91062100,13670,59511245.10000000,1069154.77135200,0
