Open Time,Open,High,Low,Close,Volume,Close Time,Quote Asset Volume,Number of trades,Taker Buy Base Asset Volume,Taker Buy Quote Asset volume
1591660800000,0.00625000,0.00640000,0.00613000,0.00623000,23078526.40000000,1591747199999,144650.11829400,1356,10686116.20000000,67241.06067100,0
