Open Time,Open,High,Low,Close,Volume,Close Time,Quote Asset Volume,Number of trades,Taker Buy Base Asset Volume,Taker Buy Quote Asset volume
1586304000000,0.00340000,0.00362000,0.00335000,0.00348000,35313150.00000000,1586390399999,122411.59230300,908,16145656.60000000,56137.95506000,0
