Open Time,Open,High,Low,Close,Volume,Close Time,Quote Asset Volume,Number of trades,Taker Buy Base Asset Volume,Taker Buy Quote Asset volume
1588896000000,0.00403000,0.00413000,0.00390000,0.00401000,34195813.10000000,1588982399999,136768.59058300,1396,13995652.90000000,56207.98427600,0
