Open Time,Open,High,Low,Close,Volume,Close Time,Quote Asset Volume,Number of trades,Taker Buy Base Asset Volume,Taker Buy Quote Asset volume
1599004800000,0.03985000,0.05665000,0.03886000,0.05516000,473672100.30000000,1599091199999,23405760.83452200,74071,238923753.20000000,11838568.41276700,0
