Open Time,Open,High,Low,Close,Volume,Close Time,Quote Asset Volume,Number of trades,Taker Buy Base Asset Volume,Taker Buy Quote Asset volume
1592870400000,0.00703000,0.00720000,0.00697000,0.00704000,21810508.30000000,1592956799999,153913.12839100,1279,10498977.50000000,74191.52206300,0
