Open Time,Open,High,Low,Close,Volume,Close Time,Quote Asset Volume,Number of trades,Taker Buy Base Asset Volume,Taker Buy Quote Asset volume
1609286400000,0.01634000,0.01730000,0.01547000,0.01659000,127422455.10000000,1609372799999,2082740.00350500,14176,62318999.80000000,1018367.63144000,0
