Open Time,Open,High,Low,Close,Volume,Close Time,Quote Asset Volume,Number of trades,Taker Buy Base Asset Volume,Taker Buy Quote Asset volume
1598832000000,0.03575000,0.04692000,0.03527000,0.03925000,444396437.50000000,1598918399999,18103987.43974100,54356,225198257.40000000,9182527.57573300,0
