Open Time,Open,High,Low,Close,Volume,Close Time,Quote Asset Volume,Number of trades,Taker Buy Base Asset Volume,Taker Buy Quote Asset volume
1593475200000,0.00589000,0.00614000,0.00574000,0.00610000,19922642.90000000,1593561599999,118399.02004200,886,8802131.40000000,52323.87574600,0
