Open Time,Open,High,Low,Close,Volume,Close Time,Quote Asset Volume,Number of trades,Taker Buy Base Asset Volume,Taker Buy Quote Asset volume
1595721600000,0.01390000,0.01520000,0.01323000,0.01511000,137829210.90000000,1595807999999,1945509.44034500,10515,64719901.80000000,916536.48205400,0
