Open Time,Open,High,Low,Close,Volume,Close Time,Quote Asset Volume,Number of trades,Taker Buy Base Asset Volume,Taker Buy Quote Asset volume
1594944000000,0.01013000,0.01277000,0.00985000,0.01268000,334840624.90000000,1595030399999,3862755.55975300,17752,171923742.20000000,1986706.71215000,0
