Open Time,Open,High,Low,Close,Volume,Close Time,Quote Asset Volume,Number of trades,Taker Buy Base Asset Volume,Taker Buy Quote Asset volume
1604620800000,0.01435000,0.01830000,0.01418000,0.01791000,247679889.60000000,1604707199999,4168280.26893200,30009,135722564.70000000,2277870.84297900,0
