Open Time,Open,High,Low,Close,Volume,Close Time,Quote Asset Volume,Number of trades,Taker Buy Base Asset Volume,Taker Buy Quote Asset volume
1595116800000,0.01206000,0.01295000,0.01159000,0.01281000,132154870.20000000,1595203199999,1594364.78550800,7344,61899723.80000000,748708.87257700,0
