Open Time,Open,High,Low,Close,Volume,Close Time,Quote Asset Volume,Number of trades,Taker Buy Base Asset Volume,Taker Buy Quote Asset volume
1597276800000,0.01866000,0.02180000,0.01814000,0.01916000,195738995.90000000,1597363199999,3885009.30481300,15244,95997258.40000000,1908781.31492700,0
