Open Time,Open,High,Low,Close,Volume,Close Time,Quote Asset Volume,Number of trades,Taker Buy Base Asset Volume,Taker Buy Quote Asset volume
1601251200000,0.03976000,0.04490000,0.03845000,0.03922000,176158845.40000000,1601337599999,7245715.58258700,33201,86435994.70000000,3568408.38041900,0
