Open Time,Open,High,Low,Close,Volume,Close Time,Quote Asset Volume,Number of trades,Taker Buy Base Asset Volume,Taker Buy Quote Asset volume
1597881600000,0.02983000,0.03807000,0.02921000,0.03544000,248930819.20000000,1597967999999,8527352.80643400,35100,128699167.40000000,4411903.45888700,0
