Open Time,Open,High,Low,Close,Volume,Close Time,Quote Asset Volume,Number of trades,Taker Buy Base Asset Volume,Taker Buy Quote Asset volume
1583625600000,0.00776000,0.00795000,0.00620000,0.00632000,103819132.80000000,1583711999999,729297.97881300,3966,45033608.10000000,319839.50619700,0
