Open Time,Open,High,Low,Close,Volume,Close Time,Quote Asset Volume,Number of trades,Taker Buy Base Asset Volume,Taker Buy Quote Asset volume
1594512000000,0.01128000,0.01290000,0.01123000,0.01173000,193876052.50000000,1594598399999,2322644.66081600,10428,93465033.90000000,1122681.70849900,0
