Open Time,Open,High,Low,Close,Volume,Close Time,Quote Asset Volume,Number of trades,Taker Buy Base Asset Volume,Taker Buy Quote Asset volume
1590278400000,0.00582000,0.00630000,0.00510000,0.00550000,200215700.20000000,1590364799999,1156842.83185300,6518,92156229.80000000,533624.04685200,0
