Open Time,Open,High,Low,Close,Volume,Close Time,Quote Asset Volume,Number of trades,Taker Buy Base Asset Volume,Taker Buy Quote Asset volume
1581465600000,0.01141000,0.01292000,0.01130000,0.01204000,83874941.70000000,1581551999999,1012824.10562200,5364,38380278.30000000,463717.58297200,0
