Open Time,Open,High,Low,Close,Volume,Close Time,Quote Asset Volume,Number of trades,Taker Buy Base Asset Volume,Taker Buy Quote Asset volume
1589328000000,0.00393000,0.00473000,0.00390000,0.00464000,153547342.20000000,1589414399999,683436.20419200,4362,79151499.30000000,351776.49295100,0
