Open Time,Open,High,Low,Close,Volume,Close Time,Quote Asset Volume,Number of trades,Taker Buy Base Asset Volume,Taker Buy Quote Asset volume
1601337600000,0.03914000,0.04062000,0.03690000,0.03908000,107531793.10000000,1601423999999,4188908.11482700,18477,49440261.10000000,1928237.89036400,0
