Open Time,Open,High,Low,Close,Volume,Close Time,Quote Asset Volume,Number of trades,Taker Buy Base Asset Volume,Taker Buy Quote Asset volume
1604275200000,0.01611000,0.01755000,0.01585000,0.01591000,121664892.50000000,1604361599999,2024309.87008600,14352,61355393.30000000,1023867.54273700,0
