Open Time,Open,High,Low,Close,Volume,Close Time,Quote Asset Volume,Number of trades,Taker Buy Base Asset Volume,Taker Buy Quote Asset volume
1593388800000,0.00597000,0.00604000,0.00560000,0.00593000,29666920.60000000,1593475199999,171443.14966400,1172,14083921.10000000,81128.94415200,0
