Open Time,Open,High,Low,Close,Volume,Close Time,Quote Asset Volume,Number of trades,Taker Buy Base Asset Volume,Taker Buy Quote Asset volume
1605398400000,0.01795000,0.01878000,0.01694000,0.01769000,97956170.30000000,1605484799999,1762576.38936500,15486,46896382.40000000,844830.92687500,0
