Open Time,Open,High,Low,Close,Volume,Close Time,Quote Asset Volume,Number of trades,Taker Buy Base Asset Volume,Taker Buy Quote Asset volume
1578960000000,0.00982000,0.01007000,0.00900000,0.00944000,130773500.10000000,1579046399999,1242618.37057200,6644,52212121.40000000,498383.35887600,0
