Open Time,Open,High,Low,Close,Volume,Close Time,Quote Asset Volume,Number of trades,Taker Buy Base Asset Volume,Taker Buy Quote Asset volume
1605312000000,0.01860000,0.01897000,0.01705000,0.01790000,101971480.40000000,1605398399999,1830202.15095600,14218,50544770.00000000,907829.84975200,0
