Open Time,Open,High,Low,Close,Volume,Close Time,Quote Asset Volume,Number of trades,Taker Buy Base Asset Volume,Taker Buy Quote Asset volume
1599609600000,0.02976000,0.03398000,0.02785000,0.03053000,138956418.30000000,1599695999999,4305276.46447000,16184,65655519.10000000,2034081.18968400,0
