Open Time,Open,High,Low,Close,Volume,Close Time,Quote Asset Volume,Number of trades,Taker Buy Base Asset Volume,Taker Buy Quote Asset volume
1600041600000,0.02681000,0.03126000,0.02518000,0.02941000,94379094.70000000,1600127999999,2692716.78103600,11279,45676420.90000000,1305121.52897100,0
