Open Time,Open,High,Low,Close,Volume,Close Time,Quote Asset Volume,Number of trades,Taker Buy Base Asset Volume,Taker Buy Quote Asset volume
1608336000000,0.02027000,0.02149000,0.02003000,0.02071000,82760559.60000000,1608422399999,1730799.65996600,14271,39529988.80000000,826931.04991400,0
