Open Time,Open,High,Low,Close,Volume,Close Time,Quote Asset Volume,Number of trades,Taker Buy Base Asset Volume,Taker Buy Quote Asset volume
1581120000000,0.01135000,0.01139000,0.01027000,0.01057000,31228702.10000000,1581206399999,335367.63390600,1877,13909000.10000000,149423.24432100,0
