Open Time,Open,High,Low,Close,Volume,Close Time,Quote Asset Volume,Number of trades,Taker Buy Base Asset Volume,Taker Buy Quote Asset volume
1638230400000,2.16270000,2.28500000,2.07010000,2.13740000,84298045.00000000,1638316799999,182368611.50650000,308643,42450416.00000000,91924421.63660000,0
