Open Time,Open,High,Low,Close,Volume,Close Time,Quote Asset Volume,Number of trades,Taker Buy Base Asset Volume,Taker Buy Quote Asset volume
1637020800000,2.47070000,2.47100000,2.02100000,2.20270000,124380779.00000000,1637107199999,280224707.84630000,533400,59166470.00000000,133422581.66600000,0
