Open Time,Open,High,Low,Close,Volume,Close Time,Quote Asset Volume,Number of trades,Taker Buy Base Asset Volume,Taker Buy Quote Asset volume
1638144000000,2.11280000,2.18690000,2.05850000,2.16260000,57250150.00000000,1638230399999,121322812.76290000,209983,28551850.00000000,60548273.31690000,0
