Open Time,Open,High,Low,Close,Volume,Close Time,Quote Asset Volume,Number of trades,Taker Buy Base Asset Volume,Taker Buy Quote Asset volume
1626480000000,0.19347000,0.19805000,0.18825000,0.19632000,45109464.40000000,1626566399999,8682753.33335900,23645,22545546.90000000,4342419.82103800,0
