Open Time,Open,High,Low,Close,Volume,Close Time,Quote Asset Volume,Number of trades,Taker Buy Base Asset Volume,Taker Buy Quote Asset volume
1629676800000,0.55580000,0.58928000,0.53331000,0.55123000,115070932.50000000,1629763199999,64497042.19369600,126067,56858584.40000000,31893756.75322500,0
