Open Time,Open,High,Low,Close,Volume,Close Time,Quote Asset Volume,Number of trades,Taker Buy Base Asset Volume,Taker Buy Quote Asset volume
1633132800000,1.41750000,1.52400000,1.36200000,1.45800000,154617226.00000000,1633219199999,221919064.38460000,312868,77926917.00000000,111844326.18430000,0
