Open Time,Open,High,Low,Close,Volume,Close Time,Quote Asset Volume,Number of trades,Taker Buy Base Asset Volume,Taker Buy Quote Asset volume
1620086400000,0.71092000,0.76700000,0.63100000,0.65033000,265224936.50000000,1620172799999,182811265.34795200,346022,129908472.50000000,89581085.85205800,0
