Open Time,Open,High,Low,Close,Volume,Close Time,Quote Asset Volume,Number of trades,Taker Buy Base Asset Volume,Taker Buy Quote Asset volume
1635984000000,2.66850000,2.76690000,2.40310000,2.76690000,106886030.00000000,1636070399999,275708305.27300000,483023,54000296.00000000,139725329.33730000,0
