Open Time,Open,High,Low,Close,Volume,Close Time,Quote Asset Volume,Number of trades,Taker Buy Base Asset Volume,Taker Buy Quote Asset volume
1615766400000,0.38919000,0.42250000,0.34900000,0.36639000,134672454.10000000,1615852799999,50827266.54783400,136985,66620626.40000000,25190470.60697100,0
