Open Time,Open,High,Low,Close,Volume,Close Time,Quote Asset Volume,Number of trades,Taker Buy Base Asset Volume,Taker Buy Quote Asset volume
1617580800000,0.40777000,0.48699000,0.39313000,0.48207000,224555224.80000000,1617667199999,100043568.80943400,223795,116162073.60000000,51738338.12682700,0
