Open Time,Open,High,Low,Close,Volume,Close Time,Quote Asset Volume,Number of trades,Taker Buy Base Asset Volume,Taker Buy Quote Asset volume
1621036800000,0.69190000,0.73570000,0.60692000,0.61378000,143428579.60000000,1621123199999,95768236.64180200,171230,70251110.90000000,47010951.09161400,0
