Open Time,Open,High,Low,Close,Volume,Close Time,Quote Asset Volume,Number of trades,Taker Buy Base Asset Volume,Taker Buy Quote Asset volume
1638057600000,2.08140000,2.12240000,1.88140000,2.11380000,73069944.00000000,1638143999999,147016609.79290000,251078,34813998.00000000,70126225.57090000,0
