Open Time,Open,High,Low,Close,Volume,Close Time,Quote Asset Volume,Number of trades,Taker Buy Base Asset Volume,Taker Buy Quote Asset volume
1638662400000,1.72010000,1.74740000,1.48020000,1.53030000,102716286.00000000,1638748799999,164448628.69730000,298785,48100664.00000000,77104984.19680000,0
