Open Time,Open,High,Low,Close,Volume,Close Time,Quote Asset Volume,Number of trades,Taker Buy Base Asset Volume,Taker Buy Quote Asset volume
1614384000000,0.52109000,0.55851000,0.44044000,0.46869000,469258279.30000000,1614470399999,227300077.89094000,381369,226540570.10000000,110002313.59296800,0
