Open Time,Open,High,Low,Close,Volume,Close Time,Quote Asset Volume,Number of trades,Taker Buy Base Asset Volume,Taker Buy Quote Asset volume
1613347200000,0.16897000,0.19799000,0.13834000,0.17361000,184416109.50000000,1613433599999,32084980.74614100,105830,92278561.20000000,16188587.99943300,0
