Open Time,Open,High,Low,Close,Volume,Close Time,Quote Asset Volume,Number of trades,Taker Buy Base Asset Volume,Taker Buy Quote Asset volume
1629849600000,0.48140000,0.52033000,0.46250000,0.49773000,121790946.80000000,1629935999999,59945142.05276900,114020,60338744.00000000,29739176.27863600,0
