Open Time,Open,High,Low,Close,Volume,Close Time,Quote Asset Volume,Number of trades,Taker Buy Base Asset Volume,Taker Buy Quote Asset volume
1627776000000,0.25605000,0.26754000,0.24203000,0.24569000,97920572.20000000,1627862399999,25318634.90951500,73204,49003509.40000000,12686275.07961200,0
