Open Time,Open,High,Low,Close,Volume,Close Time,Quote Asset Volume,Number of trades,Taker Buy Base Asset Volume,Taker Buy Quote Asset volume
1611878400000,0.11921000,0.26000000,0.11180000,0.12812000,1326936670.80000000,1611964799999,215688708.53661900,498107,661318125.70000000,107633524.81589400,0
