Open Time,Open,High,Low,Close,Volume,Close Time,Quote Asset Volume,Number of trades,Taker Buy Base Asset Volume,Taker Buy Quote Asset volume
1614211200000,0.64883000,0.87797000,0.58234000,0.59309000,910175569.60000000,1614297599999,660474395.66790600,781896,436157607.20000000,317257766.90085300,0
