Open Time,Open,High,Low,Close,Volume,Close Time,Quote Asset Volume,Number of trades,Taker Buy Base Asset Volume,Taker Buy Quote Asset volume
1631145600000,1.56160000,1.94000000,1.51800000,1.65830000,657875998.80000000,1631231999999,1167327429.63603400,1527016,322617858.80000000,572760407.65340400,0
