Open Time,Open,High,Low,Close,Volume,Close Time,Quote Asset Volume,Number of trades,Taker Buy Base Asset Volume,Taker Buy Quote Asset volume
1630540800000,0.87080000,0.93200000,0.81110000,0.84890000,356511032.00000000,1630627199999,307095134.66890000,497398,178423318.00000000,153877288.90510000,0
