Open Time,Open,High,Low,Close,Volume,Close Time,Quote Asset Volume,Number of trades,Taker Buy Base Asset Volume,Taker Buy Quote Asset volume
1630713600000,0.97530000,1.19040000,0.96610000,1.06160000,495997501.40000000,1630799999999,536205812.59041400,849130,250900330.70000000,271352605.66687400,0
