Open Time,Open,High,Low,Close,Volume,Close Time,Quote Asset Volume,Number of trades,Taker Buy Base Asset Volume,Taker Buy Quote Asset volume
1615334400000,0.52948000,0.55000000,0.44500000,0.45746000,203432665.80000000,1615420799999,99561723.47216600,215583,99337553.20000000,48632404.44677300,0
