Open Time,Open,High,Low,Close,Volume,Close Time,Quote Asset Volume,Number of trades,Taker Buy Base Asset Volume,Taker Buy Quote Asset volume
1628467200000,0.26726000,0.28994000,0.25687000,0.27865000,96775590.20000000,1628553599999,26705486.64815700,68323,48092792.40000000,13281731.16133800,0
