Open Time,Open,High,Low,Close,Volume,Close Time,Quote Asset Volume,Number of trades,Taker Buy Base Asset Volume,Taker Buy Quote Asset volume
1624752000000,0.21258000,0.21819000,0.20061000,0.21818000,102268803.70000000,1624838399999,21291902.52750200,53202,53118302.20000000,11070975.03568000,0
