Open Time,Open,High,Low,Close,Volume,Close Time,Quote Asset Volume,Number of trades,Taker Buy Base Asset Volume,Taker Buy Quote Asset volume
1623196800000,0.29201000,0.32000000,0.27245000,0.30596000,177626590.30000000,1623283199999,52554577.43200300,103728,88918799.30000000,26306796.47108400,0
