Open Time,Open,High,Low,Close,Volume,Close Time,Quote Asset Volume,Number of trades,Taker Buy Base Asset Volume,Taker Buy Quote Asset volume
1638403200000,2.14180000,2.14400000,2.02000000,2.06650000,53041737.00000000,1638489599999,110694084.05270000,194653,25205126.00000000,52605275.44220000,0
