Open Time,Open,High,Low,Close,Volume,Close Time,Quote Asset Volume,Number of trades,Taker Buy Base Asset Volume,Taker Buy Quote Asset volume
1617667200000,0.48151000,0.55686000,0.44500000,0.45757000,345443179.00000000,1617753599999,172117748.23009800,374616,177610068.20000000,88641683.72012300,0
