Open Time,Open,High,Low,Close,Volume,Close Time,Quote Asset Volume,Number of trades,Taker Buy Base Asset Volume,Taker Buy Quote Asset volume
1629417600000,0.50758000,0.54420000,0.48393000,0.49215000,210259649.90000000,1629503999999,107646401.84158100,221966,105412678.20000000,54053451.47609900,0
