Open Time,Open,High,Low,Close,Volume,Close Time,Quote Asset Volume,Number of trades,Taker Buy Base Asset Volume,Taker Buy Quote Asset volume
1629504000000,0.49193000,0.57800000,0.47482000,0.57322000,223328210.40000000,1629590399999,117220162.12372900,255190,112473423.80000000,59141302.32952800,0
