Open Time,Open,High,Low,Close,Volume,Close Time,Quote Asset Volume,Number of trades,Taker Buy Base Asset Volume,Taker Buy Quote Asset volume
1619049600000,0.36806000,0.39111000,0.30690000,0.32822000,116655329.10000000,1619135999999,42103894.27916300,117597,55744028.30000000,20198012.51829500,0
