Open Time,Open,High,Low,Close,Volume,Close Time,Quote Asset Volume,Number of trades,Taker Buy Base Asset Volume,Taker Buy Quote Asset volume
1623110400000,0.29823000,0.30642000,0.25715000,0.29187000,215454373.10000000,1623196799999,61378732.63837800,117727,104329650.30000000,29738754.28279600,0
