Open Time,Open,High,Low,Close,Volume,Close Time,Quote Asset Volume,Number of trades,Taker Buy Base Asset Volume,Taker Buy Quote Asset volume
1632787200000,1.28040000,1.38410000,1.16450000,1.17420000,294055463.00000000,1632873599999,373501085.17470000,492788,143115591.00000000,182115256.83270000,0
