Open Time,Open,High,Low,Close,Volume,Close Time,Quote Asset Volume,Number of trades,Taker Buy Base Asset Volume,Taker Buy Quote Asset volume
1637366400000,2.26370000,2.28400000,2.07670000,2.17980000,85807176.00000000,1637452799999,186686618.38130000,322713,41428431.00000000,90155805.80030000,0
