Open Time,Open,High,Low,Close,Volume,Close Time,Quote Asset Volume,Number of trades,Taker Buy Base Asset Volume,Taker Buy Quote Asset volume
1621555200000,0.44830000,0.47999000,0.30500000,0.35278000,291402144.90000000,1621641599999,112858866.78421400,227704,139742439.10000000,54218309.75219900,0
