Open Time,Open,High,Low,Close,Volume,Close Time,Quote Asset Volume,Number of trades,Taker Buy Base Asset Volume,Taker Buy Quote Asset volume
1626998400000,0.18569000,0.19342000,0.17890000,0.19128000,62541713.70000000,1627084799999,11647177.23413500,34018,29803906.50000000,5551410.93673600,0
