Open Time,Open,High,Low,Close,Volume,Close Time,Quote Asset Volume,Number of trades,Taker Buy Base Asset Volume,Taker Buy Quote Asset volume
1627430400000,0.22424000,0.22965000,0.21555000,0.22738000,93648901.20000000,1627516799999,20895366.86921700,57159,45819646.90000000,10227113.79806700,0
