Open Time,Open,High,Low,Close,Volume,Close Time,Quote Asset Volume,Number of trades,Taker Buy Base Asset Volume,Taker Buy Quote Asset volume
1619913600000,0.81370000,0.84900000,0.74056000,0.75338000,216281828.90000000,1619999999999,174104299.68644100,319116,107682616.30000000,86860705.61297000,0
