Open Time,Open,High,Low,Close,Volume,Close Time,Quote Asset Volume,Number of trades,Taker Buy Base Asset Volume,Taker Buy Quote Asset volume
1638748800000,1.52930000,1.63000000,1.33930000,1.59770000,183170920.00000000,1638835199999,266945333.28350000,420549,89669839.00000000,131244471.23810000,0
