Open Time,Open,High,Low,Close,Volume,Close Time,Quote Asset Volume,Number of trades,Taker Buy Base Asset Volume,Taker Buy Quote Asset volume
1628294400000,0.27985000,0.29640000,0.26770000,0.28630000,102459502.00000000,1628380799999,28986847.26709900,76552,51077937.30000000,14464426.77557700,0
