Open Time,Open,High,Low,Close,Volume,Close Time,Quote Asset Volume,Number of trades,Taker Buy Base Asset Volume,Taker Buy Quote Asset volume
1632873600000,1.17300000,1.28930000,1.15370000,1.20000000,180889908.00000000,1632959999999,220760321.76630000,279954,88342172.00000000,107895062.79770000,0
