Open Time,Open,High,Low,Close,Volume,Close Time,Quote Asset Volume,Number of trades,Taker Buy Base Asset Volume,Taker Buy Quote Asset volume
1640131200000,1.48080000,1.67080000,1.47200000,1.59790000,103358215.00000000,1640217599999,164412367.46030000,312877,53338385.00000000,84905839.10320000,0
