Open Time,Open,High,Low,Close,Volume,Close Time,Quote Asset Volume,Number of trades,Taker Buy Base Asset Volume,Taker Buy Quote Asset volume
1626652800000,0.19016000,0.19149000,0.16812000,0.17048000,60780094.00000000,1626739199999,10799340.13848000,31101,28612940.60000000,5083116.66079700,0
