Open Time,Open,High,Low,Close,Volume,Close Time,Quote Asset Volume,Number of trades,Taker Buy Base Asset Volume,Taker Buy Quote Asset volume
1610496000000,0.02191000,0.02442000,0.02106000,0.02393000,97258048.60000000,1610582399999,2242618.77756600,14066,49244652.20000000,1136017.73344200,0
