Open Time,Open,High,Low,Close,Volume,Close Time,Quote Asset Volume,Number of trades,Taker Buy Base Asset Volume,Taker Buy Quote Asset volume
1630627200000,0.84890000,0.98370000,0.81350000,0.97500000,339578953.40000000,1630713599999,302291305.48313900,512718,170424381.20000000,151792637.09059900,0
