Open Time,Open,High,Low,Close,Volume,Close Time,Quote Asset Volume,Number of trades,Taker Buy Base Asset Volume,Taker Buy Quote Asset volume
1616284800000,0.42685000,0.44237000,0.39455000,0.42543000,101063735.00000000,1616371199999,42062549.87587700,112693,50184963.20000000,20915243.69880200,0
