Open Time,Open,High,Low,Close,Volume,Close Time,Quote Asset Volume,Number of trades,Taker Buy Base Asset Volume,Taker Buy Quote Asset volume
1627689600000,0.25353000,0.25998000,0.24420000,0.25626000,74241328.80000000,1627775999999,18789691.23083500,50856,38713412.90000000,9799661.12601200,0
