Open Time,Open,High,Low,Close,Volume,Close Time,Quote Asset Volume,Number of trades,Taker Buy Base Asset Volume,Taker Buy Quote Asset volume
1612483200000,0.13411000,0.17399000,0.13345000,0.16421000,229121330.20000000,1612569599999,34351598.11405500,135050,116951608.30000000,17575482.52440800,0
