Open Time,Open,High,Low,Close,Volume,Close Time,Quote Asset Volume,Number of trades,Taker Buy Base Asset Volume,Taker Buy Quote Asset volume
1635206400000,3.04130000,3.47170000,3.02200000,3.13960000,259116425.80000000,1635292799999,844505847.68817800,1120631,132075407.80000000,430803898.16062800,0
