Open Time,Open,High,Low,Close,Volume,Close Time,Quote Asset Volume,Number of trades,Taker Buy Base Asset Volume,Taker Buy Quote Asset volume
1609718400000,0.01892000,0.02082000,0.01651000,0.02047000,243704478.90000000,1609804799999,4659474.55796600,32673,133884874.80000000,2570274.94488400,0
