Open Time,Open,High,Low,Close,Volume,Close Time,Quote Asset Volume,Number of trades,Taker Buy Base Asset Volume,Taker Buy Quote Asset volume
1614643200000,0.58350000,0.58795000,0.48300000,0.51788000,347549660.10000000,1614729599999,182180803.16519100,340616,170767160.10000000,89572079.61872300,0
