Open Time,Open,High,Low,Close,Volume,Close Time,Quote Asset Volume,Number of trades,Taker Buy Base Asset Volume,Taker Buy Quote Asset volume
1622160000000,0.34844000,0.35276000,0.28569000,0.30367000,225757231.70000000,1622246399999,70413563.03835500,132804,107395767.40000000,33472195.09193800,0
