Open Time,Open,High,Low,Close,Volume,Close Time,Quote Asset Volume,Number of trades,Taker Buy Base Asset Volume,Taker Buy Quote Asset volume
1625356800000,0.23456000,0.25900000,0.22700000,0.24257000,78796622.90000000,1625443199999,18990697.72081200,47035,40190376.10000000,9699995.95199200,0
