Open Time,Open,High,Low,Close,Volume,Close Time,Quote Asset Volume,Number of trades,Taker Buy Base Asset Volume,Taker Buy Quote Asset volume
1614902400000,0.45696000,0.49000000,0.42008000,0.45725000,205012120.90000000,1614988799999,93547778.87770800,192584,103148096.60000000,47124551.91579900,0
