Open Time,Open,High,Low,Close,Volume,Close Time,Quote Asset Volume,Number of trades,Taker Buy Base Asset Volume,Taker Buy Quote Asset volume
1628726400000,0.32003000,0.33975000,0.29009000,0.30809000,113576359.10000000,1628812799999,35245049.28086100,85913,55599615.00000000,17270920.02946500,0
