Open Time,Open,High,Low,Close,Volume,Close Time,Quote Asset Volume,Number of trades,Taker Buy Base Asset Volume,Taker Buy Quote Asset volume
1639526400000,1.31400000,1.49850000,1.25720000,1.47570000,105178815.00000000,1639612799999,143642749.33670000,268943,54822886.00000000,74976886.95220000,0
