Open Time,Open,High,Low,Close,Volume,Close Time,Quote Asset Volume,Number of trades,Taker Buy Base Asset Volume,Taker Buy Quote Asset volume
1633737600000,2.29920000,2.33280000,2.10630000,2.15970000,224231740.00000000,1633823999999,492652181.69880000,635730,109640168.00000000,241090121.89900000,0
