Open Time,Open,High,Low,Close,Volume,Close Time,Quote Asset Volume,Number of trades,Taker Buy Base Asset Volume,Taker Buy Quote Asset volume
1618617600000,0.45504000,0.57800000,0.43000000,0.49500000,382013447.50000000,1618703999999,198154311.53480900,487789,199690775.30000000,103715785.24974400,0
