Open Time,Open,High,Low,Close,Volume,Close Time,Quote Asset Volume,Number of trades,Taker Buy Base Asset Volume,Taker Buy Quote Asset volume
1626307200000,0.21954000,0.22330000,0.20277000,0.21164000,54551598.50000000,1626393599999,11501784.33495400,30208,25418172.50000000,5363525.74859100,0
