Open Time,Open,High,Low,Close,Volume,Close Time,Quote Asset Volume,Number of trades,Taker Buy Base Asset Volume,Taker Buy Quote Asset volume
1614124800000,0.44742000,0.66900000,0.41000000,0.64956000,509704421.30000000,1614211199999,287022565.22013200,449278,260912597.40000000,146775424.31736100,0
