Open Time,Open,High,Low,Close,Volume,Close Time,Quote Asset Volume,Number of trades,Taker Buy Base Asset Volume,Taker Buy Quote Asset volume
1631318400000,1.49480000,1.69300000,1.43510000,1.54660000,282640139.00000000,1631404799999,442240236.05750000,625537,142760460.00000000,223456129.04720000,0
