Open Time,Open,High,Low,Close,Volume,Close Time,Quote Asset Volume,Number of trades,Taker Buy Base Asset Volume,Taker Buy Quote Asset volume
1631059200000,1.40500000,1.67880000,1.25320000,1.56020000,713409381.00000000,1631145599999,1034267310.08740000,1440101,351942840.00000000,511366460.23870000,0
