Open Time,Open,High,Low,Close,Volume,Close Time,Quote Asset Volume,Number of trades,Taker Buy Base Asset Volume,Taker Buy Quote Asset volume
1627603200000,0.24972000,0.25800000,0.22832000,0.25365000,102336074.20000000,1627689599999,24801124.79494000,66785,49691919.40000000,12048045.73181500,0
