Open Time,Open,High,Low,Close,Volume,Close Time,Quote Asset Volume,Number of trades,Taker Buy Base Asset Volume,Taker Buy Quote Asset volume
1616025600000,0.42607000,0.44380000,0.38500000,0.39842000,106271687.80000000,1616111999999,43643548.23586200,115075,50592281.40000000,20807240.02893900,0
