Open Time,Open,High,Low,Close,Volume,Close Time,Quote Asset Volume,Number of trades,Taker Buy Base Asset Volume,Taker Buy Quote Asset volume
1640217600000,1.59850000,1.92000000,1.57370000,1.86360000,165123179.00000000,1640303999999,291626822.38090000,503826,83666072.00000000,147861318.07240000,0
