Open Time,Open,High,Low,Close,Volume,Close Time,Quote Asset Volume,Number of trades,Taker Buy Base Asset Volume,Taker Buy Quote Asset volume
1622505600000,0.32042000,0.33000000,0.30000000,0.30945000,129683560.10000000,1622591999999,40601106.28868400,82301,62980897.40000000,19715168.27550300,0
