Open Time,Open,High,Low,Close,Volume,Close Time,Quote Asset Volume,Number of trades,Taker Buy Base Asset Volume,Taker Buy Quote Asset volume
1611446400000,0.04057000,0.06140000,0.03928000,0.05700000,1064556081.50000000,1611532799999,55775725.50071600,211627,516148386.00000000,26964125.00448200,0
