Open Time,Open,High,Low,Close,Volume,Close Time,Quote Asset Volume,Number of trades,Taker Buy Base Asset Volume,Taker Buy Quote Asset volume
1639440000000,1.27980000,1.36000000,1.23840000,1.31470000,69349967.00000000,1639526399999,89357994.96990000,178644,35415006.00000000,45651738.52780000,0
