Open Time,Open,High,Low,Close,Volume,Close Time,Quote Asset Volume,Number of trades,Taker Buy Base Asset Volume,Taker Buy Quote Asset volume
1611532800000,0.05695000,0.06499000,0.05215000,0.05226000,506293201.50000000,1611619199999,29391633.40240100,122424,251009780.50000000,14562914.59473700,0
