Open Time,Open,High,Low,Close,Volume,Close Time,Quote Asset Volume,Number of trades,Taker Buy Base Asset Volume,Taker Buy Quote Asset volume
1626048000000,0.23173000,0.23900000,0.21809000,0.22370000,54399947.30000000,1626134399999,12470111.31474300,31391,25029518.90000000,5743076.73754200,0
