Open Time,Open,High,Low,Close,Volume,Close Time,Quote Asset Volume,Number of trades,Taker Buy Base Asset Volume,Taker Buy Quote Asset volume
1609891200000,0.02060000,0.02450000,0.01965000,0.02442000,194498180.20000000,1609977599999,4241329.78824000,28270,95349668.70000000,2083503.58480500,0
