Open Time,Open,High,Low,Close,Volume,Close Time,Quote Asset Volume,Number of trades,Taker Buy Base Asset Volume,Taker Buy Quote Asset volume
1624838400000,0.21815000,0.23294000,0.21503000,0.22533000,115085492.90000000,1624924799999,25818873.85241600,65513,56734716.70000000,12719635.46449200,0
