Open Time,Open,High,Low,Close,Volume,Close Time,Quote Asset Volume,Number of trades,Taker Buy Base Asset Volume,Taker Buy Quote Asset volume
1632700800000,1.17890000,1.35780000,1.15510000,1.28030000,286508234.00000000,1632787199999,363625298.04290000,516089,146399196.00000000,185900148.62260000,0
