Open Time,Open,High,Low,Close,Volume,Close Time,Quote Asset Volume,Number of trades,Taker Buy Base Asset Volume,Taker Buy Quote Asset volume
1618358400000,0.41820000,0.44097000,0.38508000,0.41712000,96391144.70000000,1618444799999,39998274.41114500,117071,47336262.30000000,19677005.04894600,0
