Open Time,Open,High,Low,Close,Volume,Close Time,Quote Asset Volume,Number of trades,Taker Buy Base Asset Volume,Taker Buy Quote Asset volume
1613606400000,0.16546000,0.22947000,0.16514000,0.21048000,310602913.10000000,1613692799999,63335010.12742900,168418,171297877.30000000,34787430.59987600,0
