Open Time,Open,High,Low,Close,Volume,Close Time,Quote Asset Volume,Number of trades,Taker Buy Base Asset Volume,Taker Buy Quote Asset volume
1622246400000,0.30366000,0.31859000,0.26217000,0.27592000,121392224.50000000,1622332799999,34995935.64302600,78620,62092417.10000000,17882345.22300100,0
