Open Time,Open,High,Low,Close,Volume,Close Time,Quote Asset Volume,Number of trades,Taker Buy Base Asset Volume,Taker Buy Quote Asset volume
1640563200000,2.33770000,2.44880000,2.18180000,2.19860000,108388518.00000000,1640649599999,253830936.56670000,442222,50898690.00000000,119497926.50850000,0
