Open Time,Open,High,Low,Close,Volume,Close Time,Quote Asset Volume,Number of trades,Taker Buy Base Asset Volume,Taker Buy Quote Asset volume
1617408000000,0.42773000,0.44609000,0.38530000,0.38758000,91936045.70000000,1617494399999,38478754.94294300,104148,44690981.20000000,18761264.76748000,0
