Open Time,Open,High,Low,Close,Volume,Close Time,Quote Asset Volume,Number of trades,Taker Buy Base Asset Volume,Taker Buy Quote Asset volume
1640476800000,2.11090000,2.38660000,2.09220000,2.33770000,149782998.00000000,1640563199999,337659940.25980000,604956,76063548.00000000,171502802.22260000,0
