Open Time,Open,High,Low,Close,Volume,Close Time,Quote Asset Volume,Number of trades,Taker Buy Base Asset Volume,Taker Buy Quote Asset volume
1623974400000,0.32170000,0.34688000,0.28514000,0.29544000,253023040.50000000,1624060799999,80628393.49355400,182382,127707262.90000000,40714958.00260000,0
