Open Time,Open,High,Low,Close,Volume,Close Time,Quote Asset Volume,Number of trades,Taker Buy Base Asset Volume,Taker Buy Quote Asset volume
1622937600000,0.31232000,0.34836000,0.31059000,0.34117000,99811318.90000000,1623023999999,32896490.03529900,64988,47558558.90000000,15676282.30053800,0
