Open Time,Open,High,Low,Close,Volume,Close Time,Quote Asset Volume,Number of trades,Taker Buy Base Asset Volume,Taker Buy Quote Asset volume
1633996800000,2.33550000,2.35090000,2.04000000,2.09210000,195343676.00000000,1634083199999,419236445.59780000,543659,97616215.00000000,209425781.70690000,0
