Open Time,Open,High,Low,Close,Volume,Close Time,Quote Asset Volume,Number of trades,Taker Buy Base Asset Volume,Taker Buy Quote Asset volume
1623888000000,0.28029000,0.32400000,0.27890000,0.32138000,220521387.90000000,1623974399999,67510437.44657200,140777,115387722.20000000,35309677.56047900,0
