Open Time,Open,High,Low,Close,Volume,Close Time,Quote Asset Volume,Number of trades,Taker Buy Base Asset Volume,Taker Buy Quote Asset volume
1636934400000,2.58890000,2.62000000,2.46070000,2.47010000,43624458.00000000,1637020799999,111490277.16680000,207510,20723831.00000000,53034670.95110000,0
