Open Time,Open,High,Low,Close,Volume,Close Time,Quote Asset Volume,Number of trades,Taker Buy Base Asset Volume,Taker Buy Quote Asset volume
1637971200000,2.11680000,2.21650000,2.02750000,2.08220000,60559642.00000000,1638057599999,129326481.99150000,245977,29434268.00000000,62878954.91300000,0
