Open Time,Open,High,Low,Close,Volume,Close Time,Quote Asset Volume,Number of trades,Taker Buy Base Asset Volume,Taker Buy Quote Asset volume
1611705600000,0.07274000,0.08549000,0.06470000,0.08109000,647054739.10000000,1611791999999,49225564.27133200,186428,323662076.90000000,24614036.27333100,0
