Open Time,Open,High,Low,Close,Volume,Close Time,Quote Asset Volume,Number of trades,Taker Buy Base Asset Volume,Taker Buy Quote Asset volume
1634947200000,2.61850000,2.68000000,2.46960000,2.55390000,116051209.80000000,1635033599999,296606509.15235500,422495,58834238.80000000,150454768.75645500,0
