Open Time,Open,High,Low,Close,Volume,Close Time,Quote Asset Volume,Number of trades,Taker Buy Base Asset Volume,Taker Buy Quote Asset volume
1615420800000,0.45683000,0.46899000,0.43479000,0.44219000,167186107.50000000,1615507199999,75591705.51011400,224150,78748498.30000000,35646274.43981600,0
