Open Time,Open,High,Low,Close,Volume,Close Time,Quote Asset Volume,Number of trades,Taker Buy Base Asset Volume,Taker Buy Quote Asset volume
1627257600000,0.19792000,0.24195000,0.19550000,0.20937000,180222949.30000000,1627343999999,40074806.26961900,111146,90603273.00000000,20162903.33567700,0
