Open Time,Open,High,Low,Close,Volume,Close Time,Quote Asset Volume,Number of trades,Taker Buy Base Asset Volume,Taker Buy Quote Asset volume
1636588800000,2.63620000,2.72900000,2.57400000,2.59850000,62514932.00000000,1636675199999,164999584.40200000,300335,30535009.00000000,80620935.09240000,0
