Open Time,Open,High,Low,Close,Volume,Close Time,Quote Asset Volume,Number of trades,Taker Buy Base Asset Volume,Taker Buy Quote Asset volume
1610409600000,0.02211000,0.02466000,0.02128000,0.02190000,144185427.60000000,1610495999999,3288488.16810200,16432,72089140.40000000,1642696.07681900,0
