Open Time,Open,High,Low,Close,Volume,Close Time,Quote Asset Volume,Number of trades,Taker Buy Base Asset Volume,Taker Buy Quote Asset volume
1614556800000,0.42210000,0.64617000,0.41420000,0.58347000,638755056.20000000,1614643199999,357662826.92335600,537144,322375658.60000000,180589450.10554200,0
