Open Time,Open,High,Low,Close,Volume,Close Time,Quote Asset Volume,Number of trades,Taker Buy Base Asset Volume,Taker Buy Quote Asset volume
1609459200000,0.01690000,0.01790000,0.01658000,0.01719000,110561258.50000000,1609545599999,1903978.55495700,14321,59523903.10000000,1025984.61150000,0
