Open Time,Open,High,Low,Close,Volume,Close Time,Quote Asset Volume,Number of trades,Taker Buy Base Asset Volume,Taker Buy Quote Asset volume
1621728000000,0.29012000,0.30240000,0.18320000,0.25200000,523168831.90000000,1621814399999,122479359.65151500,275470,259424152.40000000,60788908.67692800,0
