Open Time,Open,High,Low,Close,Volume,Close Time,Quote Asset Volume,Number of trades,Taker Buy Base Asset Volume,Taker Buy Quote Asset volume
1622073600000,0.37823000,0.37864000,0.32214000,0.34834000,187286796.40000000,1622159999999,65603572.07845500,124086,90893951.60000000,31839587.13637600,0
