Open Time,Open,High,Low,Close,Volume,Close Time,Quote Asset Volume,Number of trades,Taker Buy Base Asset Volume,Taker Buy Quote Asset volume
1634083200000,2.09200000,2.14850000,1.96320000,2.01190000,148544912.00000000,1634169599999,301886369.51980000,406770,74200538.00000000,150866697.94130000,0
