Open Time,Open,High,Low,Close,Volume,Close Time,Quote Asset Volume,Number of trades,Taker Buy Base Asset Volume,Taker Buy Quote Asset volume
1637193600000,2.14920000,2.22460000,1.76180000,1.84770000,186482812.00000000,1637279999999,363563099.15060000,566766,91280437.00000000,178218986.70010000,0
