Open Time,Open,High,Low,Close,Volume,Close Time,Quote Asset Volume,Number of trades,Taker Buy Base Asset Volume,Taker Buy Quote Asset volume
1630972800000,1.39250000,1.84990000,1.12660000,1.40500000,1093745837.00000000,1631059199999,1712976650.83260300,2387503,541885973.10000000,850652358.04426300,0
