Open Time,Open,High,Low,Close,Volume,Close Time,Quote Asset Volume,Number of trades,Taker Buy Base Asset Volume,Taker Buy Quote Asset volume
1628899200000,0.34443000,0.35545000,0.32501000,0.33798000,86016762.70000000,1628985599999,29076416.77900100,69367,42742208.10000000,14456706.01589000,0
