Open Time,Open,High,Low,Close,Volume,Close Time,Quote Asset Volume,Number of trades,Taker Buy Base Asset Volume,Taker Buy Quote Asset volume
1636156800000,2.65270000,2.79260000,2.55550000,2.76830000,68174774.00000000,1636243199999,182655021.98950000,314399,34644645.00000000,92875871.71180000,0
