Open Time,Open,High,Low,Close,Volume,Close Time,Quote Asset Volume,Number of trades,Taker Buy Base Asset Volume,Taker Buy Quote Asset volume
1635465600000,2.92270000,3.08980000,2.85000000,2.87900000,124313282.00000000,1635551999999,369683046.54020000,514939,59288060.00000000,176539808.18320000,0
