Open Time,Open,High,Low,Close,Volume,Close Time,Quote Asset Volume,Number of trades,Taker Buy Base Asset Volume,Taker Buy Quote Asset volume
1627171200000,0.19468000,0.19813000,0.18609000,0.19795000,54817938.80000000,1627257599999,10508847.98544100,32167,27375505.60000000,5249498.93491900,0
