Open Time,Open,High,Low,Close,Volume,Close Time,Quote Asset Volume,Number of trades,Taker Buy Base Asset Volume,Taker Buy Quote Asset volume
1625443200000,0.24266000,0.24489000,0.22478000,0.22962000,87336812.80000000,1625529599999,20425482.55629400,49164,43038715.50000000,10066698.34243200,0
