Open Time,Open,High,Low,Close,Volume,Close Time,Quote Asset Volume,Number of trades,Taker Buy Base Asset Volume,Taker Buy Quote Asset volume
1613088000000,0.17748000,0.19800000,0.16875000,0.18452000,325502072.40000000,1613174399999,60773780.52281500,170449,165999061.50000000,31049051.21688000,0
