Open Time,Open,High,Low,Close,Volume,Close Time,Quote Asset Volume,Number of trades,Taker Buy Base Asset Volume,Taker Buy Quote Asset volume
1630195200000,0.52300000,0.58720000,0.49440000,0.58560000,121381016.80000000,1630281599999,64657239.65807000,128434,63278107.30000000,33784795.92268000,0
