Open Time,Open,High,Low,Close,Volume,Close Time,Quote Asset Volume,Number of trades,Taker Buy Base Asset Volume,Taker Buy Quote Asset volume
1615507200000,0.44219000,0.44833000,0.35523000,0.38867000,311832296.00000000,1615593599999,125666872.82567600,321005,144794075.70000000,58392056.21652200,0
