Open Time,Open,High,Low,Close,Volume,Close Time,Quote Asset Volume,Number of trades,Taker Buy Base Asset Volume,Taker Buy Quote Asset volume
1625529600000,0.22991000,0.25490000,0.22921000,0.24946000,91341114.00000000,1625615999999,22395278.35905500,57658,46712463.80000000,11453826.20722400,0
