Open Time,Open,High,Low,Close,Volume,Close Time,Quote Asset Volume,Number of trades,Taker Buy Base Asset Volume,Taker Buy Quote Asset volume
1636243200000,2.76830000,2.89690000,2.75390000,2.86610000,58837305.00000000,1636329599999,166066491.29980000,284130,30117301.00000000,85022328.12410000,0
