Open Time,Open,High,Low,Close,Volume,Close Time,Quote Asset Volume,Number of trades,Taker Buy Base Asset Volume,Taker Buy Quote Asset volume
1613260800000,0.18003000,0.18495000,0.16320000,0.16872000,100434945.10000000,1613347199999,17617447.02682000,69832,45524204.60000000,8011069.80458400,0
