Open Time,Open,High,Low,Close,Volume,Close Time,Quote Asset Volume,Number of trades,Taker Buy Base Asset Volume,Taker Buy Quote Asset volume
1620864000000,0.60513000,0.70233000,0.56549000,0.61800000,180936364.60000000,1620950399999,114956959.41069200,221957,90581269.60000000,57647742.69849300,0
