Open Time,Open,High,Low,Close,Volume,Close Time,Quote Asset Volume,Number of trades,Taker Buy Base Asset Volume,Taker Buy Quote Asset volume
1616976000000,0.39358000,0.44000000,0.38320000,0.43263000,137255513.00000000,1617062399999,57405974.63010400,154203,73226817.00000000,30647140.77262000,0
