Open Time,Open,High,Low,Close,Volume,Close Time,Quote Asset Volume,Number of trades,Taker Buy Base Asset Volume,Taker Buy Quote Asset volume
1633392000000,1.39800000,1.45360000,1.36700000,1.41410000,98024884.00000000,1633478399999,137786519.62540000,192304,49438247.00000000,69524845.46470000,0
