Open Time,Open,High,Low,Close,Volume,Close Time,Quote Asset Volume,Number of trades,Taker Buy Base Asset Volume,Taker Buy Quote Asset volume
1636761600000,2.63060000,2.71680000,2.57150000,2.61700000,50003407.00000000,1636847999999,131851734.83330000,237732,23334011.00000000,61585393.22540000,0
