Open Time,Open,High,Low,Close,Volume,Close Time,Quote Asset Volume,Number of trades,Taker Buy Base Asset Volume,Taker Buy Quote Asset volume
1612396800000,0.13006000,0.15000000,0.12101000,0.13403000,298317393.10000000,1612483199999,41173374.76918500,143613,149984723.60000000,20747229.11505100,0
