Open Time,Open,High,Low,Close,Volume,Close Time,Quote Asset Volume,Number of trades,Taker Buy Base Asset Volume,Taker Buy Quote Asset volume
1626825600000,0.16007000,0.18482000,0.15593000,0.17709000,94265099.90000000,1626911999999,16452726.80838300,43895,48815830.00000000,8514961.76252500,0
