Open Time,Open,High,Low,Close,Volume,Close Time,Quote Asset Volume,Number of trades,Taker Buy Base Asset Volume,Taker Buy Quote Asset volume
1627084800000,0.19144000,0.20208000,0.18935000,0.19470000,68627412.90000000,1627171199999,13330994.37885900,41687,34384182.90000000,6685399.16040600,0
