Open Time,Open,High,Low,Close,Volume,Close Time,Quote Asset Volume,Number of trades,Taker Buy Base Asset Volume,Taker Buy Quote Asset volume
1634515200000,2.30410000,2.30920000,2.14490000,2.21710000,106784495.00000000,1634601599999,236798349.87120000,290060,53098149.00000000,117794912.04940000,0
