Open Time,Open,High,Low,Close,Volume,Close Time,Quote Asset Volume,Number of trades,Taker Buy Base Asset Volume,Taker Buy Quote Asset volume
1614729600000,0.51868000,0.60480000,0.50711000,0.52038000,263103256.30000000,1614815999999,144917939.70147600,278856,130795114.00000000,72132488.48589000,0
