Open Time,Open,High,Low,Close,Volume,Close Time,Quote Asset Volume,Number of trades,Taker Buy Base Asset Volume,Taker Buy Quote Asset volume
1627516800000,0.22765000,0.25540000,0.22310000,0.24948000,156931003.50000000,1627603199999,38337141.88522700,97888,80009140.10000000,19551647.29493500,0
