Open Time,Open,High,Low,Close,Volume,Close Time,Quote Asset Volume,Number of trades,Taker Buy Base Asset Volume,Taker Buy Quote Asset volume
1635120000000,2.70030000,3.05000000,2.68190000,3.04130000,146117545.40000000,1635206399999,425648032.54870800,576512,77010620.40000000,224514750.60528800,0
