Open Time,Open,High,Low,Close,Volume,Close Time,Quote Asset Volume,Number of trades,Taker Buy Base Asset Volume,Taker Buy Quote Asset volume
1629158400000,0.39509000,0.46587000,0.37622000,0.39152000,289586855.00000000,1629244799999,123289339.42031000,281405,143314755.70000000,61054098.73324800,0
