Open Time,Open,High,Low,Close,Volume,Close Time,Quote Asset Volume,Number of trades,Taker Buy Base Asset Volume,Taker Buy Quote Asset volume
1612742400000,0.13251000,0.15128000,0.12764000,0.14550000,193376991.60000000,1612828799999,26609884.89595700,111196,95823528.50000000,13207045.46173800,0
