Open Time,Open,High,Low,Close,Volume,Close Time,Quote Asset Volume,Number of trades,Taker Buy Base Asset Volume,Taker Buy Quote Asset volume
1639872000000,1.42070000,1.47620000,1.38800000,1.42770000,49011953.00000000,1639958399999,70486729.08950000,144854,24889958.00000000,35803847.91720000,0
