Open Time,Open,High,Low,Close,Volume,Close Time,Quote Asset Volume,Number of trades,Taker Buy Base Asset Volume,Taker Buy Quote Asset volume
1610582400000,0.02393000,0.02534000,0.02289000,0.02463000,74487449.80000000,1610668799999,1816447.04194200,11838,38569995.40000000,941098.14570200,0
