Open Time,Open,High,Low,Close,Volume,Close Time,Quote Asset Volume,Number of trades,Taker Buy Base Asset Volume,Taker Buy Quote Asset volume
1630022400000,0.43310000,0.49500000,0.41610000,0.49200000,123146808.30000000,1630108799999,55919668.00229200,115779,61390728.60000000,27852883.41491300,0
