Open Time,Open,High,Low,Close,Volume,Close Time,Quote Asset Volume,Number of trades,Taker Buy Base Asset Volume,Taker Buy Quote Asset volume
1621641600000,0.35196000,0.36630000,0.28922000,0.29047000,240164762.30000000,1621727999999,77014550.28816700,176661,113216821.20000000,36300939.63494100,0
