Open Time,Open,High,Low,Close,Volume,Close Time,Quote Asset Volume,Number of trades,Taker Buy Base Asset Volume,Taker Buy Quote Asset volume
1635033600000,2.55330000,2.83000000,2.54800000,2.70000000,156263611.50000000,1635119999999,425622959.72248400,561165,80779759.50000000,219985542.28398400,0
