Open Time,Open,High,Low,Close,Volume,Close Time,Quote Asset Volume,Number of trades,Taker Buy Base Asset Volume,Taker Buy Quote Asset volume
1612051200000,0.13114000,0.13464000,0.10245000,0.12800000,508363470.80000000,1612137599999,58079861.01725500,196601,258750230.80000000,29583902.27737700,0
