Open Time,Open,High,Low,Close,Volume,Close Time,Quote Asset Volume,Number of trades,Taker Buy Base Asset Volume,Taker Buy Quote Asset volume
1612656000000,0.14138000,0.14390000,0.11985000,0.13254000,172674039.00000000,1612742399999,22870889.24394300,105090,83153931.90000000,11029405.27568500,0
