Open Time,Open,High,Low,Close,Volume,Close Time,Quote Asset Volume,Number of trades,Taker Buy Base Asset Volume,Taker Buy Quote Asset volume
1637280000000,1.84700000,2.26650000,1.81070000,2.26300000,152198245.00000000,1637366399999,315043908.09660000,495457,77629578.00000000,160785796.35430000,0
