Open Time,Open,High,Low,Close,Volume,Close Time,Quote Asset Volume,Number of trades,Taker Buy Base Asset Volume,Taker Buy Quote Asset volume
1609804800000,0.02050000,0.02144000,0.01867000,0.02063000,210818537.90000000,1609891199999,4297358.49567600,26541,106158853.40000000,2162956.08141300,0
