Open Time,Open,High,Low,Close,Volume,Close Time,Quote Asset Volume,Number of trades,Taker Buy Base Asset Volume,Taker Buy Quote Asset volume
1610236800000,0.02714000,0.02909000,0.02323000,0.02518000,230365265.40000000,1610323199999,6105953.40405600,29300,112501735.30000000,2984064.59873600,0
