Open Time,Open,High,Low,Close,Volume,Close Time,Quote Asset Volume,Number of trades,Taker Buy Base Asset Volume,Taker Buy Quote Asset volume
1635811200000,2.70290000,2.79390000,2.65770000,2.72330000,76242015.00000000,1635897599999,206886909.19840000,350819,39619150.00000000,107538107.59910000,0
