Open Time,Open,High,Low,Close,Volume,Close Time,Quote Asset Volume,Number of trades,Taker Buy Base Asset Volume,Taker Buy Quote Asset volume
1624924800000,0.22558000,0.25015000,0.22458000,0.23580000,119228678.00000000,1625011199999,28423483.85658600,71158,61478620.80000000,14659883.98766600,0
