Open Time,Open,High,Low,Close,Volume,Close Time,Quote Asset Volume,Number of trades,Taker Buy Base Asset Volume,Taker Buy Quote Asset volume
1623456000000,0.25283000,0.25312000,0.23188000,0.23910000,125814028.00000000,1623542399999,30341123.42356900,73242,62791172.00000000,15143278.28720800,0
