Open Time,Open,High,Low,Close,Volume,Close Time,Quote Asset Volume,Number of trades,Taker Buy Base Asset Volume,Taker Buy Quote Asset volume
1632441600000,1.26020000,1.27070000,1.04140000,1.19900000,294266669.00000000,1632527999999,338631467.33710000,493707,145111483.00000000,166999692.08630000,0
