Open Time,Open,High,Low,Close,Volume,Close Time,Quote Asset Volume,Number of trades,Taker Buy Base Asset Volume,Taker Buy Quote Asset volume
1634688000000,2.35370000,2.55000000,2.09960000,2.42790000,165761275.00000000,1634774399999,389067219.51835600,569440,82483649.00000000,194579070.80955600,0
