Open Time,Open,High,Low,Close,Volume,Close Time,Quote Asset Volume,Number of trades,Taker Buy Base Asset Volume,Taker Buy Quote Asset volume
1618099200000,0.43919000,0.47000000,0.42300000,0.45817000,78202799.50000000,1618185599999,34515015.57110800,90926,39644227.90000000,17533903.89961200,0
