Open Time,Open,High,Low,Close,Volume,Close Time,Quote Asset Volume,Number of trades,Taker Buy Base Asset Volume,Taker Buy Quote Asset volume
1640822400000,2.13500000,2.22830000,2.03500000,2.10160000,85174636.00000000,1640908799999,181682835.26440000,323216,42805491.00000000,91324526.10500000,0
