Open Time,Open,High,Low,Close,Volume,Close Time,Quote Asset Volume,Number of trades,Taker Buy Base Asset Volume,Taker Buy Quote Asset volume
1639180800000,1.41400000,1.48980000,1.38290000,1.48850000,47550292.00000000,1639267199999,68682713.06700000,137971,23680205.00000000,34230659.72520000,0
