Open Time,Open,High,Low,Close,Volume,Close Time,Quote Asset Volume,Number of trades,Taker Buy Base Asset Volume,Taker Buy Quote Asset volume
1611619200000,0.05230000,0.07499000,0.05051000,0.07300000,364259606.90000000,1611705599999,22141436.74768200,85317,180583897.00000000,10993557.49948700,0
