Open Time,Open,High,Low,Close,Volume,Close Time,Quote Asset Volume,Number of trades,Taker Buy Base Asset Volume,Taker Buy Quote Asset volume
1638835200000,1.59650000,1.71970000,1.56690000,1.59180000,102051771.00000000,1638921599999,168523465.81750000,287335,51282405.00000000,84807720.23610000,0
