Open Time,Open,High,Low,Close,Volume,Close Time,Quote Asset Volume,Number of trades,Taker Buy Base Asset Volume,Taker Buy Quote Asset volume
1621468800000,0.39440000,0.52900000,0.33271000,0.44828000,383983142.50000000,1621555199999,169803465.03238600,319247,192538307.20000000,85402948.53876700,0
