Open Time,Open,High,Low,Close,Volume,Close Time,Quote Asset Volume,Number of trades,Taker Buy Base Asset Volume,Taker Buy Quote Asset volume
1612569600000,0.16420000,0.17195000,0.13257000,0.14123000,224900184.80000000,1612655999999,32449281.23532200,126088,106310713.30000000,15374635.20205800,0
