Open Time,Open,High,Low,Close,Volume,Close Time,Quote Asset Volume,Number of trades,Taker Buy Base Asset Volume,Taker Buy Quote Asset volume
1640736000000,2.22840000,2.36500000,2.10000000,2.13620000,143841428.00000000,1640822399999,322864742.27630000,518390,71278362.00000000,160272949.90460000,0
