Open Time,Open,High,Low,Close,Volume,Close Time,Quote Asset Volume,Number of trades,Taker Buy Base Asset Volume,Taker Buy Quote Asset volume
1611100800000,0.02805000,0.02895000,0.02575000,0.02867000,110681425.40000000,1611187199999,3029269.88788500,17079,52594392.80000000,1438972.71605500,0
