Open Time,Open,High,Low,Close,Volume,Close Time,Quote Asset Volume,Number of trades,Taker Buy Base Asset Volume,Taker Buy Quote Asset volume
1640304000000,1.86390000,2.23790000,1.83700000,2.08330000,168369408.00000000,1640390399999,345985210.81480000,629811,84139442.00000000,172844940.12140000,0
