Open Time,Open,High,Low,Close,Volume,Close Time,Quote Asset Volume,Number of trades,Taker Buy Base Asset Volume,Taker Buy Quote Asset volume
1611273600000,0.02638000,0.02837000,0.02410000,0.02709000,103687139.40000000,1611359999999,2751246.83053500,17602,51521628.50000000,1372513.70714900,0
