Open Time,Open,High,Low,Close,Volume,Close Time,Quote Asset Volume,Number of trades,Taker Buy Base Asset Volume,Taker Buy Quote Asset volume
1609977600000,0.02447000,0.02760000,0.02310000,0.02383000,264971073.00000000,1610063999999,6754261.68899500,39917,135084327.20000000,3449261.60409900,0
