Open Time,Open,High,Low,Close,Volume,Close Time,Quote Asset Volume,Number of trades,Taker Buy Base Asset Volume,Taker Buy Quote Asset volume
1611360000000,0.02708000,0.04433000,0.02652000,0.04060000,611610331.60000000,1611446399999,20949057.29017900,87414,311241120.30000000,10672463.82738200,0
