Open Time,Open,High,Low,Close,Volume,Close Time,Quote Asset Volume,Number of trades,Taker Buy Base Asset Volume,Taker Buy Quote Asset volume
1632182400000,1.14880000,1.22260000,0.94220000,0.98290000,341314541.00000000,1632268799999,374373528.66590000,509628,164607913.00000000,180906753.35480000,0
