Open Time,Open,High,Low,Close,Volume,Close Time,Quote Asset Volume,Number of trades,Taker Buy Base Asset Volume,Taker Buy Quote Asset volume
1630886400000,1.21500000,1.48000000,1.18370000,1.39310000,465595375.80000000,1630972799999,622046821.52499400,1060610,231216214.30000000,309054293.80183400,0
