Open Time,Open,High,Low,Close,Volume,Close Time,Quote Asset Volume,Number of trades,Taker Buy Base Asset Volume,Taker Buy Quote Asset volume
1619481600000,0.38485000,0.53400000,0.37684000,0.52656000,288531092.20000000,1619567999999,135318218.14157500,324395,148743998.10000000,69730760.39406400,0
