Open Time,Open,High,Low,Close,Volume,Close Time,Quote Asset Volume,Number of trades,Taker Buy Base Asset Volume,Taker Buy Quote Asset volume
1624406400000,0.21710000,0.26858000,0.20672000,0.24655000,190866299.10000000,1624492799999,46656773.97884900,102686,94631534.50000000,23127263.52214400,0
