Open Time,Open,High,Low,Close,Volume,Close Time,Quote Asset Volume,Number of trades,Taker Buy Base Asset Volume,Taker Buy Quote Asset volume
1640044800000,1.36550000,1.49110000,1.34240000,1.48100000,61078448.00000000,1640131199999,87222168.17070000,182867,31799814.00000000,45436964.11070000,0
