Open Time,Open,High,Low,Close,Volume,Close Time,Quote Asset Volume,Number of trades,Taker Buy Base Asset Volume,Taker Buy Quote Asset volume
1628985600000,0.33790000,0.35000000,0.32050000,0.34693000,76679585.70000000,1629071999999,25581626.97539700,60714,38513809.20000000,12867835.66974800,0
