Open Time,Open,High,Low,Close,Volume,Close Time,Quote Asset Volume,Number of trades,Taker Buy Base Asset Volume,Taker Buy Quote Asset volume
1614988800000,0.45729000,0.47000000,0.42750000,0.44146000,128322526.50000000,1615075199999,57028900.43462100,128926,62958799.20000000,28000267.39115900,0
