Open Time,Open,High,Low,Close,Volume,Close Time,Quote Asset Volume,Number of trades,Taker Buy Base Asset Volume,Taker Buy Quote Asset volume
1628812800000,0.30791000,0.35149000,0.30392000,0.34449000,99810559.00000000,1628899199999,33620960.38071800,80662,51765297.90000000,17426733.33325000,0
