Open Time,Open,High,Low,Close,Volume,Close Time,Quote Asset Volume,Number of trades,Taker Buy Base Asset Volume,Taker Buy Quote Asset volume
1636329600000,2.86660000,3.17500000,2.81500000,3.16340000,119850083.00000000,1636415999999,361267793.55040000,599697,63241862.00000000,190574513.02920000,0
