Open Time,Open,High,Low,Close,Volume,Close Time,Quote Asset Volume,Number of trades,Taker Buy Base Asset Volume,Taker Buy Quote Asset volume
1618272000000,0.42789000,0.44431000,0.41180000,0.41803000,80248137.70000000,1618358399999,34252661.30456000,87105,39269395.50000000,16776392.80787900,0
