Open Time,Open,High,Low,Close,Volume,Close Time,Quote Asset Volume,Number of trades,Taker Buy Base Asset Volume,Taker Buy Quote Asset volume
1625011200000,0.23522000,0.24193000,0.21311000,0.24121000,133788610.10000000,1625097599999,30228977.53007600,74153,68118981.00000000,15394424.07329600,0
