Open Time,Open,High,Low,Close,Volume,Close Time,Quote Asset Volume,Number of trades,Taker Buy Base Asset Volume,Taker Buy Quote Asset volume
1634774400000,2.42700000,2.45390000,2.20000000,2.22300000,132932495.00000000,1634860799999,309800695.83210000,445076,62272589.00000000,145376560.09440000,0
