Open Time,Open,High,Low,Close,Volume,Close Time,Quote Asset Volume,Number of trades,Taker Buy Base Asset Volume,Taker Buy Quote Asset volume
1637884800000,2.47180000,2.56000000,2.00000000,2.11630000,162824163.00000000,1637971199999,355240892.93760000,590844,78292082.00000000,170844657.77480000,0
