Open Time,Open,High,Low,Close,Volume,Close Time,Quote Asset Volume,Number of trades,Taker Buy Base Asset Volume,Taker Buy Quote Asset volume
1624579200000,0.24216000,0.24788000,0.20416000,0.20566000,171625647.40000000,1624665599999,38199598.41876400,103488,84548272.00000000,18830002.76543000,0
