Open Time,Open,High,Low,Close,Volume,Close Time,Quote Asset Volume,Number of trades,Taker Buy Base Asset Volume,Taker Buy Quote Asset volume
1638489600000,2.06650000,2.16000000,1.89210000,1.98330000,74175686.00000000,1638575999999,151187387.05090000,268610,35812440.00000000,73101239.40810000,0
