Open Time,Open,High,Low,Close,Volume,Close Time,Quote Asset Volume,Number of trades,Taker Buy Base Asset Volume,Taker Buy Quote Asset volume
1620345600000,0.73127000,0.79346000,0.68490000,0.77576000,119186660.60000000,1620431999999,88251387.93251000,194600,60235752.30000000,44660464.84259700,0
