Open Time,Open,High,Low,Close,Volume,Close Time,Quote Asset Volume,Number of trades,Taker Buy Base Asset Volume,Taker Buy Quote Asset volume
1619222400000,0.31548000,0.32120000,0.27649000,0.27862000,87593004.60000000,1619308799999,26029591.88956800,76213,42935058.10000000,12758512.83804500,0
