Open Time,Open,High,Low,Close,Volume,Close Time,Quote Asset Volume,Number of trades,Taker Buy Base Asset Volume,Taker Buy Quote Asset volume
1623283200000,0.30648000,0.30901000,0.27023000,0.27958000,137475367.10000000,1623369599999,39980559.85690300,77737,66037406.70000000,19214726.66353900,0
