Open Time,Open,High,Low,Close,Volume,Close Time,Quote Asset Volume,Number of trades,Taker Buy Base Asset Volume,Taker Buy Quote Asset volume
1620950400000,0.61776000,0.74121000,0.61379000,0.69179000,157413279.10000000,1621036799999,107081941.50005500,200157,76393384.00000000,52064995.14844600,0
