Open Time,Open,High,Low,Close,Volume,Close Time,Quote Asset Volume,Number of trades,Taker Buy Base Asset Volume,Taker Buy Quote Asset volume
1634860800000,2.22320000,2.64000000,2.21240000,2.61820000,183487511.60000000,1634947199999,448712304.18089700,678592,98759601.60000000,241529222.22369700,0
