Open Time,Open,High,Low,Close,Volume,Close Time,Quote Asset Volume,Number of trades,Taker Buy Base Asset Volume,Taker Buy Quote Asset volume
1614038400000,0.45748000,0.52000000,0.30870000,0.44736000,664585612.10000000,1614124799999,286677329.58210400,441923,332372810.90000000,143922292.77451600,0
