Open Time,Open,High,Low,Close,Volume,Close Time,Quote Asset Volume,Number of trades,Taker Buy Base Asset Volume,Taker Buy Quote Asset volume
1616716800000,0.32333000,0.37800000,0.32182000,0.36708000,108892844.60000000,1616803199999,38353975.38954900,100882,52851913.40000000,18654475.91080300,0
