Open Time,Open,High,Low,Close,Volume,Close Time,Quote Asset Volume,Number of trades,Taker Buy Base Asset Volume,Taker Buy Quote Asset volume
1627862400000,0.24568000,0.25479000,0.23795000,0.25079000,73317606.10000000,1627948799999,18073910.82685800,52504,36897433.00000000,9099165.98502700,0
