Open Time,Open,High,Low,Close,Volume,Close Time,Quote Asset Volume,Number of trades,Taker Buy Base Asset Volume,Taker Buy Quote Asset volume
1610841600000,0.02850000,0.03100000,0.02609000,0.02998000,144606202.90000000,1610927999999,4167898.53250400,22942,75250351.30000000,2174153.93324000,0
