Open Time,Open,High,Low,Close,Volume,Close Time,Quote Asset Volume,Number of trades,Taker Buy Base Asset Volume,Taker Buy Quote Asset volume
1611792000000,0.08109000,0.13300000,0.07662000,0.11932000,587028010.90000000,1611878399999,59692423.00771500,184613,303300869.60000000,30881894.23359000,0
