Open Time,Open,High,Low,Close,Volume,Close Time,Quote Asset Volume,Number of trades,Taker Buy Base Asset Volume,Taker Buy Quote Asset volume
1609632000000,0.01641000,0.01960000,0.01602000,0.01871000,184230430.40000000,1609718399999,3280899.37669400,25368,93807137.50000000,1675148.17783700,0
