Open Time,Open,High,Low,Close,Volume,Close Time,Quote Asset Volume,Number of trades,Taker Buy Base Asset Volume,Taker Buy Quote Asset volume
1618790400000,0.42362000,0.43403000,0.35720000,0.40026000,166901660.40000000,1618876799999,67323204.57962800,180491,78665236.70000000,31795267.30939000,0
