Open Time,Open,High,Low,Close,Volume,Close Time,Quote Asset Volume,Number of trades,Taker Buy Base Asset Volume,Taker Buy Quote Asset volume
1634428800000,2.13990000,2.34500000,2.06720000,2.30390000,210848011.00000000,1634515199999,472276850.15650000,657029,108578616.00000000,243561379.92610000,0
