Open Time,Open,High,Low,Close,Volume,Close Time,Quote Asset Volume,Number of trades,Taker Buy Base Asset Volume,Taker Buy Quote Asset volume
1639094400000,1.41870000,1.60000000,1.38150000,1.41370000,88083094.00000000,1639180799999,127127044.15550000,226035,43424504.00000000,62759618.26370000,0
