Open Time,Open,High,Low,Close,Volume,Close Time,Quote Asset Volume,Number of trades,Taker Buy Base Asset Volume,Taker Buy Quote Asset volume
1626566400000,0.19627000,0.20292000,0.18737000,0.19010000,38898714.30000000,1626652799999,7554487.79720600,21529,19005268.20000000,3689974.38379800,0
