Open Time,Open,High,Low,Close,Volume,Close Time,Quote Asset Volume,Number of trades,Taker Buy Base Asset Volume,Taker Buy Quote Asset volume
1620432000000,0.77693000,0.93900000,0.76972000,0.81726000,366808470.00000000,1620518399999,316162688.18005600,526586,196936805.80000000,169530959.74333500,0
