Open Time,Open,High,Low,Close,Volume,Close Time,Quote Asset Volume,Number of trades,Taker Buy Base Asset Volume,Taker Buy Quote Asset volume
1617321600000,0.44311000,0.46799000,0.41934000,0.42750000,101991108.20000000,1617407999999,44929857.23481800,108170,50591494.00000000,22314912.16787500,0
