Open Time,Open,High,Low,Close,Volume,Close Time,Quote Asset Volume,Number of trades,Taker Buy Base Asset Volume,Taker Buy Quote Asset volume
1613520000000,0.17230000,0.17420000,0.15251000,0.16544000,87526509.30000000,1613606399999,14458304.04549600,48320,40353883.70000000,6679992.85526400,0
