Open Time,Open,High,Low,Close,Volume,Close Time,Quote Asset Volume,Number of trades,Taker Buy Base Asset Volume,Taker Buy Quote Asset volume
1630368000000,0.79850000,0.88760000,0.68710000,0.72000000,465332986.00000000,1630454399999,370796568.74420000,651042,224132043.00000000,179242136.21520000,0
