Open Time,Open,High,Low,Close,Volume,Close Time,Quote Asset Volume,Number of trades,Taker Buy Base Asset Volume,Taker Buy Quote Asset volume
1613952000000,0.34638000,0.48692000,0.30000000,0.45663000,579535700.90000000,1614038399999,229113460.30987000,425144,290224262.60000000,115225004.75889800,0
