Open Time,Open,High,Low,Close,Volume,Close Time,Quote Asset Volume,Number of trades,Taker Buy Base Asset Volume,Taker Buy Quote Asset volume
1640649600000,2.19950000,2.36710000,2.06800000,2.22820000,195601970.00000000,1640735999999,433701586.06780000,722939,97550838.00000000,216499726.03130000,0
