Open Time,Open,High,Low,Close,Volume,Close Time,Quote Asset Volume,Number of trades,Taker Buy Base Asset Volume,Taker Buy Quote Asset volume
1614470400000,0.46806000,0.50000000,0.38000000,0.42300000,360790970.40000000,1614556799999,151903711.04457800,256136,174329104.30000000,73550118.50121700,0
