Open Time,Open,High,Low,Close,Volume,Close Time,Quote Asset Volume,Number of trades,Taker Buy Base Asset Volume,Taker Buy Quote Asset volume
1623369600000,0.27935000,0.28480000,0.24811000,0.25289000,113630632.90000000,1623455999999,30800010.14113400,69156,56737569.30000000,15389177.62882100,0
