Open Time,Open,High,Low,Close,Volume,Close Time,Quote Asset Volume,Number of trades,Taker Buy Base Asset Volume,Taker Buy Quote Asset volume
1621296000000,0.57996000,0.70987000,0.57218000,0.68389000,201417248.80000000,1621382399999,127414557.12727900,219138,103880515.40000000,65776524.80452500,0
