Open Time,Open,High,Low,Close,Volume,Close Time,Quote Asset Volume,Number of trades,Taker Buy Base Asset Volume,Taker Buy Quote Asset volume
1612915200000,0.14793000,0.15800000,0.12841000,0.13870000,206279467.30000000,1613001599999,29329606.67510700,117279,101477119.60000000,14467980.86381000,0
