Open Time,Open,High,Low,Close,Volume,Close Time,Quote Asset Volume,Number of trades,Taker Buy Base Asset Volume,Taker Buy Quote Asset volume
1622764800000,0.38179000,0.38403000,0.31530000,0.33568000,191138985.90000000,1622851199999,64579263.67940400,126752,91688036.80000000,30994969.04713100,0
