Open Time,Open,High,Low,Close,Volume,Close Time,Quote Asset Volume,Number of trades,Taker Buy Base Asset Volume,Taker Buy Quote Asset volume
1633305600000,1.46700000,1.46770000,1.34360000,1.39800000,151329175.00000000,1633391999999,213749358.52630000,298968,73140112.00000000,103350817.88770000,0
