Open Time,Open,High,Low,Close,Volume,Close Time,Quote Asset Volume,Number of trades,Taker Buy Base Asset Volume,Taker Buy Quote Asset volume
1630108800000,0.49210000,0.53390000,0.46780000,0.52310000,107134269.10000000,1630195199999,53649619.68914300,112940,54179366.40000000,27170061.51180300,0
