Open Time,Open,High,Low,Close,Volume,Close Time,Quote Asset Volume,Number of trades,Taker Buy Base Asset Volume,Taker Buy Quote Asset volume
1622678400000,0.34942000,0.40500000,0.34273000,0.38170000,239618035.50000000,1622764799999,90258187.49715900,182232,121797654.00000000,45904790.13657200,0
