Open Time,Open,High,Low,Close,Volume,Close Time,Quote Asset Volume,Number of trades,Taker Buy Base Asset Volume,Taker Buy Quote Asset volume
1624320000000,0.23465000,0.25426000,0.18601000,0.21694000,330483806.80000000,1624406399999,71907835.00251400,169813,161776414.80000000,35265240.87128700,0
