Open Time,Open,High,Low,Close,Volume,Close Time,Quote Asset Volume,Number of trades,Taker Buy Base Asset Volume,Taker Buy Quote Asset volume
1613433600000,0.17355000,0.18989000,0.16318000,0.17205000,111183525.90000000,1613519999999,19746207.70227800,64783,54017024.30000000,9610746.95664300,0
