Open Time,Open,High,Low,Close,Volume,Close Time,Quote Asset Volume,Number of trades,Taker Buy Base Asset Volume,Taker Buy Quote Asset volume
1619136000000,0.32819000,0.33711000,0.25000000,0.31548000,179142736.80000000,1619222399999,52311528.71737400,146470,85386895.90000000,24939796.00218000,0
