Open Time,Open,High,Low,Close,Volume,Close Time,Quote Asset Volume,Number of trades,Taker Buy Base Asset Volume,Taker Buy Quote Asset volume
1639267200000,1.48840000,1.55460000,1.43550000,1.49000000,41508344.00000000,1639353599999,61878324.50090000,124252,19718045.00000000,29380020.13190000,0
