Open Time,Open,High,Low,Close,Volume,Close Time,Quote Asset Volume,Number of trades,Taker Buy Base Asset Volume,Taker Buy Quote Asset volume
1633824000000,2.15970000,2.26500000,2.01200000,2.02600000,181498653.00000000,1633910399999,390456181.77740000,542262,89030896.00000000,191852771.05970000,0
