Open Time,Open,High,Low,Close,Volume,Close Time,Quote Asset Volume,Number of trades,Taker Buy Base Asset Volume,Taker Buy Quote Asset volume
1616371200000,0.42521000,0.45506000,0.38460000,0.39446000,130331811.40000000,1616457599999,55303661.18621900,150494,62294816.60000000,26510643.65123000,0
