Open Time,Open,High,Low,Close,Volume,Close Time,Quote Asset Volume,Number of trades,Taker Buy Base Asset Volume,Taker Buy Quote Asset volume
1621900800000,0.34295000,0.37900000,0.28606000,0.33000000,284633357.30000000,1621987199999,89960484.09889800,182150,141635109.80000000,44804177.19706100,0
