Open Time,Open,High,Low,Close,Volume,Close Time,Quote Asset Volume,Number of trades,Taker Buy Base Asset Volume,Taker Buy Quote Asset volume
1618704000000,0.49487000,0.50490000,0.32100000,0.42310000,255067326.00000000,1618790399999,105541444.22462000,290579,119105495.00000000,49344259.83593900,0
