Open Time,Open,High,Low,Close,Volume,Close Time,Quote Asset Volume,Number of trades,Taker Buy Base Asset Volume,Taker Buy Quote Asset volume
1620259200000,0.78211000,0.81370000,0.69267000,0.73146000,157149544.30000000,1620345599999,121021783.36411800,222514,76897901.20000000,59348017.99588300,0
