Open Time,Open,High,Low,Close,Volume,Close Time,Quote Asset Volume,Number of trades,Taker Buy Base Asset Volume,Taker Buy Quote Asset volume
1637539200000,2.07600000,2.08930000,1.92110000,1.94900000,79576016.00000000,1637625599999,159064077.21870000,257302,38926298.00000000,77818520.94950000,0
