Open Time,Open,High,Low,Close,Volume,Close Time,Quote Asset Volume,Number of trades,Taker Buy Base Asset Volume,Taker Buy Quote Asset volume
1630281600000,0.58560000,0.90600000,0.58310000,0.79860000,989208763.70000000,1630367999999,760573227.48087400,1359264,495706191.30000000,379964664.26802400,0
