Open Time,Open,High,Low,Close,Volume,Close Time,Quote Asset Volume,Number of trades,Taker Buy Base Asset Volume,Taker Buy Quote Asset volume
1622419200000,0.29463000,0.32448000,0.27434000,0.32070000,125795318.60000000,1622505599999,37929861.09552900,88539,63854136.00000000,19269601.59665700,0
