Open Time,Open,High,Low,Close,Volume,Close Time,Quote Asset Volume,Number of trades,Taker Buy Base Asset Volume,Taker Buy Quote Asset volume
1623628800000,0.28010000,0.30848000,0.26900000,0.29960000,171295005.30000000,1623715199999,49566318.77772700,117281,86740146.90000000,25084864.42636700,0
