Open Time,Open,High,Low,Close,Volume,Close Time,Quote Asset Volume,Number of trades,Taker Buy Base Asset Volume,Taker Buy Quote Asset volume
1615680000000,0.40615000,0.42269000,0.37566000,0.38919000,109607240.90000000,1615766399999,43743161.44208000,122793,54958342.40000000,21949180.60670000,0
