Open Time,Open,High,Low,Close,Volume,Close Time,Quote Asset Volume,Number of trades,Taker Buy Base Asset Volume,Taker Buy Quote Asset volume
1612828800000,0.14568000,0.15485000,0.13743000,0.14771000,193211811.20000000,1612915199999,28080278.93045100,97380,93760104.30000000,13642182.95980000,0
