Open Time,Open,High,Low,Close,Volume,Close Time,Quote Asset Volume,Number of trades,Taker Buy Base Asset Volume,Taker Buy Quote Asset volume
1632009600000,1.33050000,1.49260000,1.28170000,1.45790000,219917194.00000000,1632095999999,306476847.96070000,445189,110795154.00000000,154515509.71100000,0
