Open Time,Open,High,Low,Close,Volume,Close Time,Quote Asset Volume,Number of trades,Taker Buy Base Asset Volume,Taker Buy Quote Asset volume
1637107200000,2.20270000,2.37000000,2.07680000,2.14910000,96975025.00000000,1637193599999,210630729.18530000,374659,47142849.00000000,102504693.68960000,0
