Open Time,Open,High,Low,Close,Volume,Close Time,Quote Asset Volume,Number of trades,Taker Buy Base Asset Volume,Taker Buy Quote Asset volume
1632614400000,1.24230000,1.25900000,1.09030000,1.17900000,220566017.00000000,1632700799999,262486530.29450000,385381,106004275.00000000,126328548.56310000,0
