Open Time,Open,High,Low,Close,Volume,Close Time,Quote Asset Volume,Number of trades,Taker Buy Base Asset Volume,Taker Buy Quote Asset volume
1618963200000,0.40065000,0.40880000,0.36747000,0.36775000,83582758.10000000,1619049599999,32473997.74739200,89952,40374786.90000000,15706046.63969500,0
