Open Time,Open,High,Low,Close,Volume,Close Time,Quote Asset Volume,Number of trades,Taker Buy Base Asset Volume,Taker Buy Quote Asset volume
1629072000000,0.34718000,0.42967000,0.34697000,0.39508000,271634561.90000000,1629158399999,106736589.64909100,242966,139712272.00000000,54877581.38060300,0
