Open Time,Open,High,Low,Close,Volume,Close Time,Quote Asset Volume,Number of trades,Taker Buy Base Asset Volume,Taker Buy Quote Asset volume
1612224000000,0.10811000,0.13466000,0.09666000,0.12644000,485305119.00000000,1612310399999,54737739.74859800,185285,247728366.40000000,27979733.38059100,0
