Open Time,Open,High,Low,Close,Volume,Close Time,Quote Asset Volume,Number of trades,Taker Buy Base Asset Volume,Taker Buy Quote Asset volume
1619395200000,0.30542000,0.42000000,0.29593000,0.38475000,196960378.00000000,1619481599999,74151921.59310100,199070,99753757.50000000,37653615.79655500,0
