Open Time,Open,High,Low,Close,Volume,Close Time,Quote Asset Volume,Number of trades,Taker Buy Base Asset Volume,Taker Buy Quote Asset volume
1632960000000,1.19940000,1.26760000,1.18570000,1.20640000,135839671.00000000,1633046399999,166067649.85320000,219499,67691368.00000000,82810444.95790000,0
