Open Time,Open,High,Low,Close,Volume,Close Time,Quote Asset Volume,Number of trades,Taker Buy Base Asset Volume,Taker Buy Quote Asset volume
1638316800000,2.13740000,2.27890000,2.11900000,2.14160000,70255131.00000000,1638403199999,154895619.39620000,284964,35137048.00000000,77482440.16870000,0
