Open Time,Open,High,Low,Close,Volume,Close Time,Quote Asset Volume,Number of trades,Taker Buy Base Asset Volume,Taker Buy Quote Asset volume
1639699200000,1.42710000,1.49050000,1.33210000,1.40220000,81983188.00000000,1639785599999,115734238.11530000,229525,39863399.00000000,56307013.94760000,0
