Open Time,Open,High,Low,Close,Volume,Close Time,Quote Asset Volume,Number of trades,Taker Buy Base Asset Volume,Taker Buy Quote Asset volume
1639353600000,1.48930000,1.50600000,1.24730000,1.28020000,88874387.00000000,1639439999999,119553714.33690000,228157,40585590.00000000,54545222.64050000,0
