Open Time,Open,High,Low,Close,Volume,Close Time,Quote Asset Volume,Number of trades,Taker Buy Base Asset Volume,Taker Buy Quote Asset volume
1640995200000,2.24960000,2.59830000,2.24810000,2.58380000,113188005.00000000,1641081599999,271463763.91950000,448415,58980377.00000000,141534985.81450000,0
