Open Time,Open,High,Low,Close,Volume,Close Time,Quote Asset Volume,Number of trades,Taker Buy Base Asset Volume,Taker Buy Quote Asset volume
1544400000000,0.30944000,0.31377000,0.29424000,0.29956000,59077810.90000000,1544486399999,17855538.98262300,42343,28352209.40000000,8573393.06436200,0
