Open Time,Open,High,Low,Close,Volume,Close Time,Quote Asset Volume,Number of trades,Taker Buy Base Asset Volume,Taker Buy Quote Asset volume
1543881600000,0.34827000,0.36255000,0.33913000,0.35231000,59867337.70000000,1543967999999,21146929.51640939,49309,29989019.00000000,10598106.68946539,0
