Open Time,Open,High,Low,Close,Volume,Close Time,Quote Asset Volume,Number of trades,Taker Buy Base Asset Volume,Taker Buy Quote Asset volume
1538438400000,0.57734000,0.58038000,0.51500000,0.51692000,162916775.70000000,1538524799999,90278192.03714300,103186,80730818.80000000,44786329.54042900,0
