Open Time,Open,High,Low,Close,Volume,Close Time,Quote Asset Volume,Number of trades,Taker Buy Base Asset Volume,Taker Buy Quote Asset volume
1542240000000,0.48461000,0.49470000,0.43110000,0.48931000,176221131.00000000,1542326399999,82146492.14235900,122599,88346092.40000000,41229836.33982800,0
