Open Time,Open,High,Low,Close,Volume,Close Time,Quote Asset Volume,Number of trades,Taker Buy Base Asset Volume,Taker Buy Quote Asset volume
1530144000000,0.47042000,0.47396000,0.44200000,0.44575000,35784353.90000000,1530230399999,16443331.06998500,19786,20239951.20000000,9318276.35991700,0
