Open Time,Open,High,Low,Close,Volume,Close Time,Quote Asset Volume,Number of trades,Taker Buy Base Asset Volume,Taker Buy Quote Asset volume
1536969600000,0.27610000,0.28489000,0.27533000,0.28031000,33938106.10000000,1537055999999,9518765.10153400,17204,18733812.30000000,5256877.50992400,0
