Open Time,Open,High,Low,Close,Volume,Close Time,Quote Asset Volume,Number of trades,Taker Buy Base Asset Volume,Taker Buy Quote Asset volume
1538524800000,0.51692000,0.53880000,0.50785000,0.52930000,170746863.20000000,1538611199999,89419690.10836500,102025,88882259.90000000,46555144.30128300,0
