Open Time,Open,High,Low,Close,Volume,Close Time,Quote Asset Volume,Number of trades,Taker Buy Base Asset Volume,Taker Buy Quote Asset volume
1539475200000,0.42259000,0.43057000,0.40321000,0.40994000,82556004.20000000,1539561599999,34881006.74922800,40584,47957664.10000000,20256807.49929400,0
