Open Time,Open,High,Low,Close,Volume,Close Time,Quote Asset Volume,Number of trades,Taker Buy Base Asset Volume,Taker Buy Quote Asset volume
1528761600000,0.59901000,0.59910000,0.54150000,0.55560000,29332950.65000000,1528847999999,16778215.95250180,27017,15424402.47000000,8815958.87704610,0
