Open Time,Open,High,Low,Close,Volume,Close Time,Quote Asset Volume,Number of trades,Taker Buy Base Asset Volume,Taker Buy Quote Asset volume
1535241600000,0.32759000,0.32912000,0.31800000,0.32276000,33496561.20000000,1535327999999,10820831.32835500,17944,19066844.80000000,6161471.36530200,0
