Open Time,Open,High,Low,Close,Volume,Close Time,Quote Asset Volume,Number of trades,Taker Buy Base Asset Volume,Taker Buy Quote Asset volume
1545609600000,0.36691000,0.45000000,0.36665000,0.40092000,308763465.20000000,1545695999999,127757382.97235400,232374,153425540.20000000,63441831.20735900,0
