Open Time,Open,High,Low,Close,Volume,Close Time,Quote Asset Volume,Number of trades,Taker Buy Base Asset Volume,Taker Buy Quote Asset volume
1542758400000,0.44285000,0.46947000,0.41933000,0.45367000,189645261.10000000,1542844799999,84499550.41639600,123793,98537988.70000000,43929895.89414300,0
