Open Time,Open,High,Low,Close,Volume,Close Time,Quote Asset Volume,Number of trades,Taker Buy Base Asset Volume,Taker Buy Quote Asset volume
1530230400000,0.44630000,0.46124000,0.42393000,0.45321000,37535516.80000000,1530316799999,16486127.90961300,24570,21585798.40000000,9478605.77398600,0
