Open Time,Open,High,Low,Close,Volume,Close Time,Quote Asset Volume,Number of trades,Taker Buy Base Asset Volume,Taker Buy Quote Asset volume
1535587200000,0.34494000,0.34660000,0.32252000,0.33518000,43887997.70000000,1535673599999,14597560.16761100,28767,23041490.20000000,7669139.05007100,0
