Open Time,Open,High,Low,Close,Volume,Close Time,Quote Asset Volume,Number of trades,Taker Buy Base Asset Volume,Taker Buy Quote Asset volume
1532131200000,0.44440000,0.45900000,0.43460000,0.45506000,28483991.40000000,1532217599999,12866104.78452700,17507,18744840.20000000,8470719.14702200,0
