Open Time,Open,High,Low,Close,Volume,Close Time,Quote Asset Volume,Number of trades,Taker Buy Base Asset Volume,Taker Buy Quote Asset volume
1528070400000,0.69010000,0.70700000,0.63510000,0.65507000,48289982.65000000,1528156799999,32100617.08835670,51519,25998134.35000000,17279792.49467010,0
