Open Time,Open,High,Low,Close,Volume,Close Time,Quote Asset Volume,Number of trades,Taker Buy Base Asset Volume,Taker Buy Quote Asset volume
1525996800000,0.74920000,0.75602000,0.64758000,0.67610000,31292480.04000000,1526083199999,21611338.04985610,50248,14712053.67000000,10103226.28777780,0
