Open Time,Open,High,Low,Close,Volume,Close Time,Quote Asset Volume,Number of trades,Taker Buy Base Asset Volume,Taker Buy Quote Asset volume
1539129600000,0.48171000,0.48171000,0.46066000,0.46605000,87026618.70000000,1539215999999,40924381.51094700,47831,48016424.50000000,22575110.87824000,0
