Open Time,Open,High,Low,Close,Volume,Close Time,Quote Asset Volume,Number of trades,Taker Buy Base Asset Volume,Taker Buy Quote Asset volume
1536192000000,0.27899000,0.30700000,0.26760000,0.30179000,71823322.10000000,1536278399999,20773885.74110500,43031,36819256.60000000,10659597.82968200,0
