Open Time,Open,High,Low,Close,Volume,Close Time,Quote Asset Volume,Number of trades,Taker Buy Base Asset Volume,Taker Buy Quote Asset volume
1537142400000,0.28122000,0.28373000,0.26662000,0.27060000,48278145.20000000,1537228799999,13290945.92209700,24607,24407956.40000000,6732886.88978100,0
