Open Time,Open,High,Low,Close,Volume,Close Time,Quote Asset Volume,Number of trades,Taker Buy Base Asset Volume,Taker Buy Quote Asset volume
1529020800000,0.55765000,0.55927000,0.52447000,0.53258000,25702497.70000000,1529107199999,14014574.41217500,21219,15663637.30000000,8541662.41182300,0
