Open Time,Open,High,Low,Close,Volume,Close Time,Quote Asset Volume,Number of trades,Taker Buy Base Asset Volume,Taker Buy Quote Asset volume
1534291200000,0.27280000,0.30234000,0.27280000,0.28039000,72676585.20000000,1534377599999,20916400.04275800,46747,39000634.10000000,11218554.14015800,0
