Open Time,Open,High,Low,Close,Volume,Close Time,Quote Asset Volume,Number of trades,Taker Buy Base Asset Volume,Taker Buy Quote Asset volume
1532563200000,0.45983000,0.46887000,0.44538000,0.44968000,38041528.40000000,1532649599999,17513597.40406000,23172,21469578.90000000,9886532.62117400,0
