Open Time,Open,High,Low,Close,Volume,Close Time,Quote Asset Volume,Number of trades,Taker Buy Base Asset Volume,Taker Buy Quote Asset volume
1529107200000,0.53224000,0.53850000,0.51733000,0.53275000,26240580.60000000,1529193599999,13928650.36490100,19238,16056639.00000000,8527625.74473300,0
