Open Time,Open,High,Low,Close,Volume,Close Time,Quote Asset Volume,Number of trades,Taker Buy Base Asset Volume,Taker Buy Quote Asset volume
1530835200000,0.47772000,0.48156000,0.45747000,0.47698000,26805008.70000000,1530921599999,12625528.91474700,17487,16236899.30000000,7653807.81931400,0
