Open Time,Open,High,Low,Close,Volume,Close Time,Quote Asset Volume,Number of trades,Taker Buy Base Asset Volume,Taker Buy Quote Asset volume
1532736000000,0.45550000,0.45887000,0.44803000,0.45641000,27843347.30000000,1532822399999,12621424.42011500,15477,16086103.50000000,7294998.68205300,0
