Open Time,Open,High,Low,Close,Volume,Close Time,Quote Asset Volume,Number of trades,Taker Buy Base Asset Volume,Taker Buy Quote Asset volume
1541635200000,0.54090000,0.54680000,0.49200000,0.49694000,91511954.50000000,1541721599999,47140761.34087100,66746,43983448.70000000,22658034.90061100,0
