Open Time,Open,High,Low,Close,Volume,Close Time,Quote Asset Volume,Number of trades,Taker Buy Base Asset Volume,Taker Buy Quote Asset volume
1528502400000,0.67211000,0.68000000,0.65514000,0.65740000,31323211.84000000,1528588799999,20988079.87352960,19776,18206205.90000000,12208798.97506290,0
