Open Time,Open,High,Low,Close,Volume,Close Time,Quote Asset Volume,Number of trades,Taker Buy Base Asset Volume,Taker Buy Quote Asset volume
1526428800000,0.68900000,0.71200000,0.65756000,0.70585000,11182432.70000000,1526515199999,7602189.99238780,18836,5378728.97000000,3658187.32114560,0
