Open Time,Open,High,Low,Close,Volume,Close Time,Quote Asset Volume,Number of trades,Taker Buy Base Asset Volume,Taker Buy Quote Asset volume
1542499200000,0.49815000,0.53200000,0.49537000,0.51611000,133560299.20000000,1542585599999,68787303.15953800,96328,67723937.60000000,34882677.61787600,0
