Open Time,Open,High,Low,Close,Volume,Close Time,Quote Asset Volume,Number of trades,Taker Buy Base Asset Volume,Taker Buy Quote Asset volume
1537228800000,0.27060000,0.33700000,0.26900000,0.31897000,161707328.60000000,1537315199999,50292944.44034800,78869,83667152.50000000,26007642.44772200,0
