Open Time,Open,High,Low,Close,Volume,Close Time,Quote Asset Volume,Number of trades,Taker Buy Base Asset Volume,Taker Buy Quote Asset volume
1541376000000,0.46999000,0.50644000,0.46100000,0.50220000,76939385.10000000,1541462399999,37157243.65075400,51511,40243888.40000000,19453230.58263600,0
