Open Time,Open,High,Low,Close,Volume,Close Time,Quote Asset Volume,Number of trades,Taker Buy Base Asset Volume,Taker Buy Quote Asset volume
1540857600000,0.44554000,0.45500000,0.44400000,0.44749000,28201734.60000000,1540943999999,12642203.42129200,19797,15239668.90000000,6831986.39000900,0
