Open Time,Open,High,Low,Close,Volume,Close Time,Quote Asset Volume,Number of trades,Taker Buy Base Asset Volume,Taker Buy Quote Asset volume
1527552000000,0.54689000,0.60921000,0.54303000,0.59998000,30948291.22000000,1527638399999,17917595.54360510,27166,17587477.66000000,10168521.23212530,0
