Open Time,Open,High,Low,Close,Volume,Close Time,Quote Asset Volume,Number of trades,Taker Buy Base Asset Volume,Taker Buy Quote Asset volume
1540598400000,0.46657000,0.46810000,0.45760000,0.46012000,35912703.00000000,1540684799999,16602118.64557900,21200,21454782.70000000,9920214.65037200,0
