Open Time,Open,High,Low,Close,Volume,Close Time,Quote Asset Volume,Number of trades,Taker Buy Base Asset Volume,Taker Buy Quote Asset volume
1528416000000,0.67770000,0.68000000,0.65832000,0.67210000,32089604.02000000,1528502399999,21502857.32194760,22990,18737083.13000000,12559804.28064580,0
