Open Time,Open,High,Low,Close,Volume,Close Time,Quote Asset Volume,Number of trades,Taker Buy Base Asset Volume,Taker Buy Quote Asset volume
1534723200000,0.34201000,0.35095000,0.31280000,0.31499000,52378768.00000000,1534809599999,17505459.17843000,31552,27392419.50000000,9175537.33541600,0
