Open Time,Open,High,Low,Close,Volume,Close Time,Quote Asset Volume,Number of trades,Taker Buy Base Asset Volume,Taker Buy Quote Asset volume
1532476800000,0.45741000,0.46878000,0.45153000,0.45980000,42650288.40000000,1532563199999,19640124.67833900,25272,23850021.40000000,10983178.19506100,0
