Open Time,Open,High,Low,Close,Volume,Close Time,Quote Asset Volume,Number of trades,Taker Buy Base Asset Volume,Taker Buy Quote Asset volume
1537056000000,0.28030000,0.28229000,0.27351000,0.28122000,32576561.40000000,1537142399999,9086763.53484500,17859,18290197.80000000,5103293.31697600,0
