Open Time,Open,High,Low,Close,Volume,Close Time,Quote Asset Volume,Number of trades,Taker Buy Base Asset Volume,Taker Buy Quote Asset volume
1535328000000,0.32277000,0.34062000,0.32145000,0.33901000,50870196.20000000,1535414399999,16729938.74001700,27370,30095791.00000000,9894661.80741000,0
