Open Time,Open,High,Low,Close,Volume,Close Time,Quote Asset Volume,Number of trades,Taker Buy Base Asset Volume,Taker Buy Quote Asset volume
1541030400000,0.45418000,0.46200000,0.44850000,0.46141000,28279669.60000000,1541116799999,12870451.82088900,18865,15258640.90000000,6950099.20941600,0
