Open Time,Open,High,Low,Close,Volume,Close Time,Quote Asset Volume,Number of trades,Taker Buy Base Asset Volume,Taker Buy Quote Asset volume
1526947200000,0.67612000,0.67817000,0.63500000,0.63782000,7567010.71000000,1527033599999,4982003.42479500,14642,3434610.57000000,2258972.10516710,0
