Open Time,Open,High,Low,Close,Volume,Close Time,Quote Asset Volume,Number of trades,Taker Buy Base Asset Volume,Taker Buy Quote Asset volume
1546214400000,0.36488000,0.36932000,0.34350000,0.34849000,70308054.10000000,1546300799999,24879457.06860100,68146,35439472.40000000,12543669.42756300,0
