Open Time,Open,High,Low,Close,Volume,Close Time,Quote Asset Volume,Number of trades,Taker Buy Base Asset Volume,Taker Buy Quote Asset volume
1526342400000,0.72695000,0.74892000,0.68010000,0.68900000,12951988.45000000,1526428799999,9315740.47292290,22403,6043057.82000000,4344307.14029620,0
