Open Time,Open,High,Low,Close,Volume,Close Time,Quote Asset Volume,Number of trades,Taker Buy Base Asset Volume,Taker Buy Quote Asset volume
1541203200000,0.46281000,0.46449000,0.45433000,0.45713000,28318009.20000000,1541289599999,12982479.36890700,16664,13921768.20000000,6384908.88131500,0
