Open Time,Open,High,Low,Close,Volume,Close Time,Quote Asset Volume,Number of trades,Taker Buy Base Asset Volume,Taker Buy Quote Asset volume
1529193600000,0.53232000,0.54370000,0.51999000,0.52617000,33461820.80000000,1529279999999,17731742.40778700,18128,18034481.00000000,9558256.28805400,0
