Open Time,Open,High,Low,Close,Volume,Close Time,Quote Asset Volume,Number of trades,Taker Buy Base Asset Volume,Taker Buy Quote Asset volume
1527465600000,0.60417000,0.60910000,0.54340000,0.54689000,29854808.11000000,1527551999999,17222339.88940590,26621,15977400.95000000,9226361.63869670,0
