Open Time,Open,High,Low,Close,Volume,Close Time,Quote Asset Volume,Number of trades,Taker Buy Base Asset Volume,Taker Buy Quote Asset volume
1530403200000,0.46797000,0.46989000,0.45007000,0.46222000,31676174.10000000,1530489599999,14527131.72469600,16731,18318221.90000000,8406621.93879300,0
