Open Time,Open,High,Low,Close,Volume,Close Time,Quote Asset Volume,Number of trades,Taker Buy Base Asset Volume,Taker Buy Quote Asset volume
1534204800000,0.27430000,0.27732000,0.24672000,0.27250000,56101899.00000000,1534291199999,14596261.07098400,33635,30873810.80000000,8035707.35272200,0
