Open Time,Open,High,Low,Close,Volume,Close Time,Quote Asset Volume,Number of trades,Taker Buy Base Asset Volume,Taker Buy Quote Asset volume
1530576000000,0.48913000,0.52000000,0.47801000,0.48440000,44333181.60000000,1530662399999,22062745.01410600,28822,25727690.80000000,12797155.68228100,0
