Open Time,Open,High,Low,Close,Volume,Close Time,Quote Asset Volume,Number of trades,Taker Buy Base Asset Volume,Taker Buy Quote Asset volume
1528156800000,0.65508000,0.68600000,0.63280000,0.67464000,42509387.77000000,1528243199999,28070582.13141060,39571,24818974.98000000,16389459.14547400,0
