Open Time,Open,High,Low,Close,Volume,Close Time,Quote Asset Volume,Number of trades,Taker Buy Base Asset Volume,Taker Buy Quote Asset volume
1536019200000,0.33491000,0.34157000,0.32819000,0.33116000,42441830.50000000,1536105599999,14216452.79891500,28147,24285090.80000000,8135678.67226500,0
