Open Time,Open,High,Low,Close,Volume,Close Time,Quote Asset Volume,Number of trades,Taker Buy Base Asset Volume,Taker Buy Quote Asset volume
1541289600000,0.45706000,0.47959000,0.44955000,0.46999000,50696119.70000000,1541375999999,23552335.65847600,34635,25344085.40000000,11782102.66792000,0
