Open Time,Open,High,Low,Close,Volume,Close Time,Quote Asset Volume,Number of trades,Taker Buy Base Asset Volume,Taker Buy Quote Asset volume
1527724800000,0.60051000,0.62255000,0.58829000,0.61140000,33579966.89000000,1527811199999,20482812.80935790,28332,18354470.71000000,11196589.99873500,0
