Open Time,Open,High,Low,Close,Volume,Close Time,Quote Asset Volume,Number of trades,Taker Buy Base Asset Volume,Taker Buy Quote Asset volume
1540339200000,0.47005000,0.47800000,0.46000000,0.46402000,36421466.10000000,1540425599999,17124032.95069900,27432,17386069.30000000,8179751.01233400,0
