Open Time,Open,High,Low,Close,Volume,Close Time,Quote Asset Volume,Number of trades,Taker Buy Base Asset Volume,Taker Buy Quote Asset volume
1540512000000,0.46351000,0.47100000,0.45923000,0.46657000,38006244.60000000,1540598399999,17679448.15415100,24187,22442281.30000000,10444637.70813200,0
