Open Time,Open,High,Low,Close,Volume,Close Time,Quote Asset Volume,Number of trades,Taker Buy Base Asset Volume,Taker Buy Quote Asset volume
1536451200000,0.27665000,0.29080000,0.27000000,0.27660000,39852343.20000000,1536537599999,11184746.94660000,22591,22277418.00000000,6257706.29237300,0
