Open Time,Open,High,Low,Close,Volume,Close Time,Quote Asset Volume,Number of trades,Taker Buy Base Asset Volume,Taker Buy Quote Asset volume
1544832000000,0.28803000,0.29149000,0.28050000,0.28422000,38261672.50000000,1544918399999,10918212.32652700,33453,19240398.60000000,5491969.57863000,0
