Open Time,Open,High,Low,Close,Volume,Close Time,Quote Asset Volume,Number of trades,Taker Buy Base Asset Volume,Taker Buy Quote Asset volume
1527292800000,0.60596000,0.62618000,0.59771000,0.60852000,25800066.42000000,1527379199999,15835491.88828580,20665,15979550.23000000,9814600.77836220,0
