Open Time,Open,High,Low,Close,Volume,Close Time,Quote Asset Volume,Number of trades,Taker Buy Base Asset Volume,Taker Buy Quote Asset volume
1533513600000,0.43437000,0.43699000,0.40127000,0.41290000,40578992.90000000,1533599999999,17175993.75188100,22947,22538045.80000000,9547443.67904300,0
