Open Time,Open,High,Low,Close,Volume,Close Time,Quote Asset Volume,Number of trades,Taker Buy Base Asset Volume,Taker Buy Quote Asset volume
1529539200000,0.53919000,0.54900000,0.52899000,0.53457000,29891909.80000000,1529625599999,16084409.98467100,19507,19276600.60000000,10369959.25979200,0
