Open Time,Open,High,Low,Close,Volume,Close Time,Quote Asset Volume,Number of trades,Taker Buy Base Asset Volume,Taker Buy Quote Asset volume
1528588800000,0.65687000,0.65850000,0.55000000,0.58201000,47688606.63000000,1528675199999,28984633.45768750,45053,25100135.37000000,15278981.59893410,0
