Open Time,Open,High,Low,Close,Volume,Close Time,Quote Asset Volume,Number of trades,Taker Buy Base Asset Volume,Taker Buy Quote Asset volume
1535932800000,0.34237000,0.34387000,0.33300000,0.33493000,34536040.90000000,1536019199999,11646480.83505100,20604,18710834.80000000,6311001.01909300,0
