Open Time,Open,High,Low,Close,Volume,Close Time,Quote Asset Volume,Number of trades,Taker Buy Base Asset Volume,Taker Buy Quote Asset volume
1531440000000,0.43706000,0.44509000,0.43001000,0.43754000,33168644.30000000,1531526399999,14593937.35738700,18301,19947082.50000000,8780500.44585000,0
