Open Time,Open,High,Low,Close,Volume,Close Time,Quote Asset Volume,Number of trades,Taker Buy Base Asset Volume,Taker Buy Quote Asset volume
1527811200000,0.61140000,0.62428000,0.60240000,0.62151000,34403361.87000000,1527897599999,21071397.53052320,26882,20665105.55000000,12660032.03917020,0
