Open Time,Open,High,Low,Close,Volume,Close Time,Quote Asset Volume,Number of trades,Taker Buy Base Asset Volume,Taker Buy Quote Asset volume
1527206400000,0.62966000,0.63391000,0.59336000,0.60459000,20060607.91000000,1527292799999,12208461.53227430,22182,11606885.16000000,7059761.62210550,0
