Open Time,Open,High,Low,Close,Volume,Close Time,Quote Asset Volume,Number of trades,Taker Buy Base Asset Volume,Taker Buy Quote Asset volume
1543276800000,0.36340000,0.37600000,0.34634000,0.36500000,149919921.10000000,1543363199999,53689154.84310200,87519,79699830.40000000,28545317.65187900,0
