Open Time,Open,High,Low,Close,Volume,Close Time,Quote Asset Volume,Number of trades,Taker Buy Base Asset Volume,Taker Buy Quote Asset volume
1543104000000,0.37977000,0.39639000,0.32802000,0.38200000,322162714.60000000,1543190399999,115190759.74528400,175085,163768057.60000000,58533387.48687900,0
