Open Time,Open,High,Low,Close,Volume,Close Time,Quote Asset Volume,Number of trades,Taker Buy Base Asset Volume,Taker Buy Quote Asset volume
1539820800000,0.48383000,0.49408000,0.45600000,0.46750000,98622485.80000000,1539907199999,46871048.16280200,57549,53129746.50000000,25268288.57761100,0
