Open Time,Open,High,Low,Close,Volume,Close Time,Quote Asset Volume,Number of trades,Taker Buy Base Asset Volume,Taker Buy Quote Asset volume
1542153600000,0.51817000,0.52012000,0.42200000,0.48460000,158164446.30000000,1542239999999,74598758.62179600,105991,77719764.00000000,36695138.99359600,0
