Open Time,Open,High,Low,Close,Volume,Close Time,Quote Asset Volume,Number of trades,Taker Buy Base Asset Volume,Taker Buy Quote Asset volume
1544486400000,0.29950000,0.31000000,0.29396000,0.29904000,52196740.00000000,1544572799999,15657313.10893300,39647,25181669.60000000,7556135.65768000,0
