Open Time,Open,High,Low,Close,Volume,Close Time,Quote Asset Volume,Number of trades,Taker Buy Base Asset Volume,Taker Buy Quote Asset volume
1530748800000,0.49155000,0.50295000,0.46887000,0.47690000,30689285.90000000,1530835199999,14877622.12731100,20079,17709409.30000000,8587486.77531500,0
