Open Time,Open,High,Low,Close,Volume,Close Time,Quote Asset Volume,Number of trades,Taker Buy Base Asset Volume,Taker Buy Quote Asset volume
1546041600000,0.37017000,0.37913000,0.35103000,0.35593000,105406488.50000000,1546127999999,38674353.09933700,100154,54085900.90000000,19858574.87846000,0
