Open Time,Open,High,Low,Close,Volume,Close Time,Quote Asset Volume,Number of trades,Taker Buy Base Asset Volume,Taker Buy Quote Asset volume
1535155200000,0.32647000,0.33200000,0.32160000,0.32702000,36349187.20000000,1535241599999,11877020.75102100,19914,21341487.70000000,6974630.71434700,0
