Open Time,Open,High,Low,Close,Volume,Close Time,Quote Asset Volume,Number of trades,Taker Buy Base Asset Volume,Taker Buy Quote Asset volume
1537315200000,0.31898000,0.33700000,0.31090000,0.32679000,104736271.20000000,1537401599999,33882388.90296400,51251,51054085.20000000,16521962.86267300,0
