Open Time,Open,High,Low,Close,Volume,Close Time,Quote Asset Volume,Number of trades,Taker Buy Base Asset Volume,Taker Buy Quote Asset volume
1534032000000,0.29708000,0.30938000,0.29401000,0.29547000,35382260.60000000,1534118399999,10652732.36464900,22096,20361325.40000000,6136660.78885600,0
