Open Time,Open,High,Low,Close,Volume,Close Time,Quote Asset Volume,Number of trades,Taker Buy Base Asset Volume,Taker Buy Quote Asset volume
1536883200000,0.27892000,0.28670000,0.27138000,0.27571000,46466958.60000000,1536969599999,12953940.13387300,25499,24542681.30000000,6847133.62380300,0
