Open Time,Open,High,Low,Close,Volume,Close Time,Quote Asset Volume,Number of trades,Taker Buy Base Asset Volume,Taker Buy Quote Asset volume
1529280000000,0.52669000,0.55350000,0.50818000,0.53870000,33893328.60000000,1529366399999,17838659.67991900,25331,20603533.70000000,10841629.76694000,0
