Open Time,Open,High,Low,Close,Volume,Close Time,Quote Asset Volume,Number of trades,Taker Buy Base Asset Volume,Taker Buy Quote Asset volume
1528934400000,0.52863000,0.56900000,0.51934000,0.55769000,35000456.50000000,1529020799999,19168374.21811600,28822,20510351.50000000,11228402.01123200,0
