Open Time,Open,High,Low,Close,Volume,Close Time,Quote Asset Volume,Number of trades,Taker Buy Base Asset Volume,Taker Buy Quote Asset volume
1543708800000,0.37200000,0.37990000,0.36600000,0.36963000,43193884.20000000,1543795199999,16049727.05435300,36328,21499996.70000000,7995425.39384300,0
