Open Time,Open,High,Low,Close,Volume,Close Time,Quote Asset Volume,Number of trades,Taker Buy Base Asset Volume,Taker Buy Quote Asset volume
1538611200000,0.52982000,0.54999000,0.52570000,0.52940000,121125329.60000000,1538697599999,65086638.52703800,68453,64474905.70000000,34642485.02711900,0
