Open Time,Open,High,Low,Close,Volume,Close Time,Quote Asset Volume,Number of trades,Taker Buy Base Asset Volume,Taker Buy Quote Asset volume
1536537600000,0.27699000,0.28263000,0.25900000,0.27000000,46733069.50000000,1536623999999,12644195.51187400,24307,26870943.70000000,7276644.61832700,0
