Open Time,Open,High,Low,Close,Volume,Close Time,Quote Asset Volume,Number of trades,Taker Buy Base Asset Volume,Taker Buy Quote Asset volume
1538179200000,0.54026000,0.59680000,0.52505000,0.56876000,216560342.70000000,1538265599999,121708052.31698600,114772,111285279.70000000,62534819.76376400,0
