Open Time,Open,High,Low,Close,Volume,Close Time,Quote Asset Volume,Number of trades,Taker Buy Base Asset Volume,Taker Buy Quote Asset volume
1540080000000,0.46772000,0.47476000,0.46350000,0.46458000,48975343.90000000,1540166399999,22991998.32916800,27796,28174398.20000000,13227432.57863900,0
