Open Time,Open,High,Low,Close,Volume,Close Time,Quote Asset Volume,Number of trades,Taker Buy Base Asset Volume,Taker Buy Quote Asset volume
1529712000000,0.48287000,0.49909000,0.47333000,0.49005000,27230808.70000000,1529798399999,13211906.74251400,18211,17097902.70000000,8295627.46112100,0
