Open Time,Open,High,Low,Close,Volume,Close Time,Quote Asset Volume,Number of trades,Taker Buy Base Asset Volume,Taker Buy Quote Asset volume
1532822400000,0.45643000,0.45849000,0.45000000,0.45315000,31188705.50000000,1532908799999,14129680.20298600,14882,19567559.00000000,8865746.71258700,0
