Open Time,Open,High,Low,Close,Volume,Close Time,Quote Asset Volume,Number of trades,Taker Buy Base Asset Volume,Taker Buy Quote Asset volume
1545177600000,0.34979000,0.39265000,0.34165000,0.34468000,238920130.50000000,1545263999999,87014869.30560600,176074,118666141.80000000,43201890.85810600,0
