Open Time,Open,High,Low,Close,Volume,Close Time,Quote Asset Volume,Number of trades,Taker Buy Base Asset Volume,Taker Buy Quote Asset volume
1525651200000,0.86482000,0.86886000,0.80000000,0.82490000,17303486.40000000,1525737599999,14192279.72923270,29174,7663873.06000000,6270763.15242480,0
