Open Time,Open,High,Low,Close,Volume,Close Time,Quote Asset Volume,Number of trades,Taker Buy Base Asset Volume,Taker Buy Quote Asset volume
1527638400000,0.59970000,0.62600000,0.58101000,0.60149000,31305613.07000000,1527724799999,18886579.36183610,25759,17746483.17000000,10710970.11221820,0
