Open Time,Open,High,Low,Close,Volume,Close Time,Quote Asset Volume,Number of trades,Taker Buy Base Asset Volume,Taker Buy Quote Asset volume
1539907200000,0.46848000,0.47300000,0.45800000,0.46077000,54642245.20000000,1539993599999,25322985.79479800,30723,30648922.20000000,14208064.57828300,0
