Open Time,Open,High,Low,Close,Volume,Close Time,Quote Asset Volume,Number of trades,Taker Buy Base Asset Volume,Taker Buy Quote Asset volume
1529625600000,0.53420000,0.53506000,0.46859000,0.48216000,41843180.71000000,1529711999999,21054452.09777860,31757,22942765.47000000,11565072.48410510,0
