Open Time,Open,High,Low,Close,Volume,Close Time,Quote Asset Volume,Number of trades,Taker Buy Base Asset Volume,Taker Buy Quote Asset volume
1530316800000,0.45346000,0.48318000,0.45312000,0.46796000,37495051.80000000,1530403199999,17496283.24641600,22107,21807780.60000000,10181290.39874500,0
