Open Time,Open,High,Low,Close,Volume,Close Time,Quote Asset Volume,Number of trades,Taker Buy Base Asset Volume,Taker Buy Quote Asset volume
1536796800000,0.26959000,0.28641000,0.26760000,0.27933000,59569126.90000000,1536883199999,16495197.60199900,32253,31734754.70000000,8787289.90553500,0
