Open Time,Open,High,Low,Close,Volume,Close Time,Quote Asset Volume,Number of trades,Taker Buy Base Asset Volume,Taker Buy Quote Asset volume
1539734400000,0.48352000,0.49818000,0.47201000,0.48437000,110247010.20000000,1539820799999,53342652.04956300,63293,59001944.00000000,28561865.98105100,0
