Open Time,Open,High,Low,Close,Volume,Close Time,Quote Asset Volume,Number of trades,Taker Buy Base Asset Volume,Taker Buy Quote Asset volume
1525392000000,0.50000000,1.50000000,0.50000000,0.88990000,20890213.82000000,1525478399999,18946724.69447550,37492,8580293.34000000,7765705.54207550,0
