Open Time,Open,High,Low,Close,Volume,Close Time,Quote Asset Volume,Number of trades,Taker Buy Base Asset Volume,Taker Buy Quote Asset volume
1533168000000,0.44673000,0.44888000,0.42849000,0.42975000,33396468.10000000,1533254399999,14590469.46965900,17967,20717124.10000000,9048093.59024500,0
