Open Time,Open,High,Low,Close,Volume,Close Time,Quote Asset Volume,Number of trades,Taker Buy Base Asset Volume,Taker Buy Quote Asset volume
1526860800000,0.69940000,0.70500000,0.66666000,0.67612000,7908213.57000000,1526947199999,5420030.28948630,15647,3350164.18000000,2296478.17301670,0
