Open Time,Open,High,Low,Close,Volume,Close Time,Quote Asset Volume,Number of trades,Taker Buy Base Asset Volume,Taker Buy Quote Asset volume
1531958400000,0.48869000,0.49500000,0.47125000,0.47687000,36600560.00000000,1532044799999,17630279.61138800,23113,21929041.60000000,10562977.05226700,0
