Open Time,Open,High,Low,Close,Volume,Close Time,Quote Asset Volume,Number of trades,Taker Buy Base Asset Volume,Taker Buy Quote Asset volume
1545955200000,0.33370000,0.37559000,0.32823000,0.36997000,133220344.30000000,1546041599999,47303924.00140400,112497,69398083.00000000,24613705.04204000,0
