Open Time,Open,High,Low,Close,Volume,Close Time,Quote Asset Volume,Number of trades,Taker Buy Base Asset Volume,Taker Buy Quote Asset volume
1536278400000,0.30182000,0.30445000,0.28092000,0.28690000,48139492.10000000,1536364799999,14113813.70695300,27913,24922068.50000000,7312277.39060900,0
