Open Time,Open,High,Low,Close,Volume,Close Time,Quote Asset Volume,Number of trades,Taker Buy Base Asset Volume,Taker Buy Quote Asset volume
1531699200000,0.44695000,0.48580000,0.44350000,0.48173000,41419524.10000000,1531785599999,19088386.24106500,26379,24094170.30000000,11090907.00270300,0
