Open Time,Open,High,Low,Close,Volume,Close Time,Quote Asset Volume,Number of trades,Taker Buy Base Asset Volume,Taker Buy Quote Asset volume
1531785600000,0.48173000,0.52019000,0.46650000,0.50728000,48166296.20000000,1531871999999,23548100.52216200,32812,27008288.00000000,13209075.01531800,0
