Open Time,Open,High,Low,Close,Volume,Close Time,Quote Asset Volume,Number of trades,Taker Buy Base Asset Volume,Taker Buy Quote Asset volume
1526688000000,0.67698000,0.69139000,0.66110000,0.67339000,6854397.75000000,1526774399999,4624460.53061850,11991,3406639.88000000,2298450.08190770,0
