Open Time,Open,High,Low,Close,Volume,Close Time,Quote Asset Volume,Number of trades,Taker Buy Base Asset Volume,Taker Buy Quote Asset volume
1543968000000,0.35235000,0.36100000,0.33800000,0.33950000,56281559.40000000,1544054399999,19480367.07754400,41717,27420514.60000000,9501099.45383400,0
