Open Time,Open,High,Low,Close,Volume,Close Time,Quote Asset Volume,Number of trades,Taker Buy Base Asset Volume,Taker Buy Quote Asset volume
1530662400000,0.48469000,0.50800000,0.47941000,0.49097000,26722886.30000000,1530748799999,13200046.15037100,16907,14314761.40000000,7074668.34545700,0
