Open Time,Open,High,Low,Close,Volume,Close Time,Quote Asset Volume,Number of trades,Taker Buy Base Asset Volume,Taker Buy Quote Asset volume
1534377600000,0.28000000,0.30184000,0.27550000,0.29142000,46325561.50000000,1534463999999,13404983.21132500,27218,26040842.40000000,7532781.92385000,0
