Open Time,Open,High,Low,Close,Volume,Close Time,Quote Asset Volume,Number of trades,Taker Buy Base Asset Volume,Taker Buy Quote Asset volume
1539561600000,0.40951000,0.52179000,0.39771000,0.46168000,287232730.00000000,1539647999999,132802904.81125900,145064,145537136.60000000,67237151.19387200,0
