Open Time,Open,High,Low,Close,Volume,Close Time,Quote Asset Volume,Number of trades,Taker Buy Base Asset Volume,Taker Buy Quote Asset volume
1541462400000,0.50220000,0.56878000,0.50053000,0.55523000,165152551.20000000,1541548799999,88002414.58841000,124811,82142058.90000000,43771517.75887200,0
