Open Time,Open,High,Low,Close,Volume,Close Time,Quote Asset Volume,Number of trades,Taker Buy Base Asset Volume,Taker Buy Quote Asset volume
1526774400000,0.67483000,0.70659000,0.66800000,0.69940000,8055673.92000000,1526860799999,5558451.01628870,15301,4443174.05000000,3067546.89249360,0
