Open Time,Open,High,Low,Close,Volume,Close Time,Quote Asset Volume,Number of trades,Taker Buy Base Asset Volume,Taker Buy Quote Asset volume
1545523200000,0.35645000,0.37784000,0.35407000,0.36690000,83342114.30000000,1545609599999,30424677.06743000,76601,43456218.50000000,15864548.76493800,0
