Open Time,Open,High,Low,Close,Volume,Close Time,Quote Asset Volume,Number of trades,Taker Buy Base Asset Volume,Taker Buy Quote Asset volume
1533340800000,0.44097000,0.44500000,0.42741000,0.42985000,35095397.50000000,1533427199999,15286746.08033600,17878,20383063.30000000,8883883.95949200,0
