Open Time,Open,High,Low,Close,Volume,Close Time,Quote Asset Volume,Number of trades,Taker Buy Base Asset Volume,Taker Buy Quote Asset volume
1540252800000,0.46163000,0.48649000,0.44400000,0.47006000,58195282.80000000,1540339199999,26921368.90895700,49333,28866594.10000000,13358009.30287200,0
