Open Time,Open,High,Low,Close,Volume,Close Time,Quote Asset Volume,Number of trades,Taker Buy Base Asset Volume,Taker Buy Quote Asset volume
1536105600000,0.33116000,0.33400000,0.27720000,0.27889000,67385077.80000000,1536191999999,20531186.78434800,44268,35298034.70000000,10771449.71027500,0
