Open Time,Open,High,Low,Close,Volume,Close Time,Quote Asset Volume,Number of trades,Taker Buy Base Asset Volume,Taker Buy Quote Asset volume
1533859200000,0.34410000,0.34689000,0.31236000,0.31897000,39269097.20000000,1533945599999,13024070.34551800,26036,21899735.50000000,7262515.14343400,0
