Open Time,Open,High,Low,Close,Volume,Close Time,Quote Asset Volume,Number of trades,Taker Buy Base Asset Volume,Taker Buy Quote Asset volume
1531526400000,0.43761000,0.44430000,0.43100000,0.43864000,27141582.30000000,1531612799999,11872724.61694100,13496,17615525.30000000,7707017.21270500,0
