Open Time,Open,High,Low,Close,Volume,Close Time,Quote Asset Volume,Number of trades,Taker Buy Base Asset Volume,Taker Buy Quote Asset volume
1545091200000,0.32721000,0.34980000,0.32149000,0.34979000,166459905.10000000,1545177599999,55469101.62734200,127305,83894930.10000000,27950502.55815000,0
