Open Time,Open,High,Low,Close,Volume,Close Time,Quote Asset Volume,Number of trades,Taker Buy Base Asset Volume,Taker Buy Quote Asset volume
1545004800000,0.28669000,0.33700000,0.28500000,0.32721000,129250477.50000000,1545091199999,40390343.94336800,90715,67486482.30000000,21076468.35510700,0
