Open Time,Open,High,Low,Close,Volume,Close Time,Quote Asset Volume,Number of trades,Taker Buy Base Asset Volume,Taker Buy Quote Asset volume
1544572800000,0.29905000,0.31064000,0.29710000,0.30463000,48158835.80000000,1544659199999,14652586.08751200,37265,25262995.00000000,7689778.37914100,0
