Open Time,Open,High,Low,Close,Volume,Close Time,Quote Asset Volume,Number of trades,Taker Buy Base Asset Volume,Taker Buy Quote Asset volume
1527033600000,0.63782000,0.64488000,0.57310000,0.59198000,20078062.21000000,1527119999999,12176385.08668600,31407,9130039.89000000,5543765.19730450,0
