Open Time,Open,High,Low,Close,Volume,Close Time,Quote Asset Volume,Number of trades,Taker Buy Base Asset Volume,Taker Buy Quote Asset volume
1533686400000,0.37863000,0.37863000,0.31928000,0.33171000,72393008.15000000,1533772799999,24880674.06677000,43751,37037677.90000000,12719489.57221100,0
