Open Time,Open,High,Low,Close,Volume,Close Time,Quote Asset Volume,Number of trades,Taker Buy Base Asset Volume,Taker Buy Quote Asset volume
1526169600000,0.68192000,0.75010000,0.66456000,0.72999000,17521261.77000000,1526255999999,12503150.51969370,29953,8303020.70000000,5916965.12307930,0
