Open Time,Open,High,Low,Close,Volume,Close Time,Quote Asset Volume,Number of trades,Taker Buy Base Asset Volume,Taker Buy Quote Asset volume
1529798400000,0.48963000,0.51000000,0.43724000,0.47331000,41451907.36000000,1529884799999,19228982.69361800,32181,24177040.42000000,11231760.88143300,0
