Open Time,Open,High,Low,Close,Volume,Close Time,Quote Asset Volume,Number of trades,Taker Buy Base Asset Volume,Taker Buy Quote Asset volume
1540771200000,0.46483000,0.46516000,0.43430000,0.44506000,48934076.30000000,1540857599999,21992327.24905200,31507,25195260.50000000,11327037.16173100,0
