Open Time,Open,High,Low,Close,Volume,Close Time,Quote Asset Volume,Number of trades,Taker Buy Base Asset Volume,Taker Buy Quote Asset volume
1531267200000,0.44247000,0.45134000,0.43957000,0.44872000,28635928.20000000,1531353599999,12781404.22589300,16031,17455352.20000000,7794058.26906700,0
