Open Time,Open,High,Low,Close,Volume,Close Time,Quote Asset Volume,Number of trades,Taker Buy Base Asset Volume,Taker Buy Quote Asset volume
1526083200000,0.67376000,0.71000000,0.62519000,0.68522000,18181151.11000000,1526169599999,12223888.83791420,33907,7997751.67000000,5381952.92036520,0
