Open Time,Open,High,Low,Close,Volume,Close Time,Quote Asset Volume,Number of trades,Taker Buy Base Asset Volume,Taker Buy Quote Asset volume
1538784000000,0.52098000,0.52260000,0.46859000,0.48964000,141936655.10000000,1538870399999,70038792.15877900,79527,73894171.90000000,36489441.11297800,0
