Open Time,Open,High,Low,Close,Volume,Close Time,Quote Asset Volume,Number of trades,Taker Buy Base Asset Volume,Taker Buy Quote Asset volume
1533254400000,0.43021000,0.44619000,0.42530000,0.44033000,44748261.20000000,1533340799999,19595686.13835000,23415,25306225.80000000,11087231.16324000,0
