Open Time,Open,High,Low,Close,Volume,Close Time,Quote Asset Volume,Number of trades,Taker Buy Base Asset Volume,Taker Buy Quote Asset volume
1532649600000,0.44878000,0.46200000,0.44400000,0.45550000,35252979.80000000,1532735999999,15945776.39879400,20570,20737290.30000000,9382582.85688400,0
