Open Time,Open,High,Low,Close,Volume,Close Time,Quote Asset Volume,Number of trades,Taker Buy Base Asset Volume,Taker Buy Quote Asset volume
1538956800000,0.48260000,0.50449000,0.47824000,0.49335000,119530087.10000000,1539043199999,58662978.51304900,63907,62065836.70000000,30463775.27867600,0
