Open Time,Open,High,Low,Close,Volume,Close Time,Quote Asset Volume,Number of trades,Taker Buy Base Asset Volume,Taker Buy Quote Asset volume
1542326400000,0.48931000,0.49568000,0.46382000,0.47765000,114883969.70000000,1542412799999,54906996.34871100,80023,58527053.70000000,27979923.07733700,0
