Open Time,Open,High,Low,Close,Volume,Close Time,Quote Asset Volume,Number of trades,Taker Buy Base Asset Volume,Taker Buy Quote Asset volume
1528243200000,0.67507000,0.68330000,0.65300000,0.67410000,34326183.79000000,1528329599999,22997564.64835580,31424,20599033.56000000,13805804.04122270,0
