Open Time,Open,High,Low,Close,Volume,Close Time,Quote Asset Volume,Number of trades,Taker Buy Base Asset Volume,Taker Buy Quote Asset volume
1537401600000,0.32718000,0.49200000,0.32103000,0.44819000,273416987.80000000,1537487999999,109122045.13207900,140593,138687072.00000000,55132330.02501600,0
