Open Time,Open,High,Low,Close,Volume,Close Time,Quote Asset Volume,Number of trades,Taker Buy Base Asset Volume,Taker Buy Quote Asset volume
1531872000000,0.50651000,0.52525000,0.47520000,0.48868000,48747453.60000000,1531958399999,24610955.76741700,37079,27194739.90000000,13760004.55911000,0
