Open Time,Open,High,Low,Close,Volume,Close Time,Quote Asset Volume,Number of trades,Taker Buy Base Asset Volume,Taker Buy Quote Asset volume
1533427200000,0.42984000,0.43705000,0.42705000,0.43450000,34962084.20000000,1533513599999,15070456.19115800,15634,20115956.30000000,8672801.08494100,0
