Open Time,Open,High,Low,Close,Volume,Close Time,Quote Asset Volume,Number of trades,Taker Buy Base Asset Volume,Taker Buy Quote Asset volume
1527120000000,0.59053000,0.64000000,0.57617000,0.62814000,14214140.10000000,1527206399999,8700112.87571140,24696,6528856.78000000,3995619.00366340,0
