Open Time,Open,High,Low,Close,Volume,Close Time,Quote Asset Volume,Number of trades,Taker Buy Base Asset Volume,Taker Buy Quote Asset volume
1530489600000,0.46222000,0.49540000,0.45200000,0.48990000,39873781.80000000,1530575999999,18861835.88311100,24340,23606073.30000000,11171729.49347900,0
