Open Time,Open,High,Low,Close,Volume,Close Time,Quote Asset Volume,Number of trades,Taker Buy Base Asset Volume,Taker Buy Quote Asset volume
1534809600000,0.31500000,0.33799000,0.31302000,0.33339000,43866930.80000000,1534895999999,14398361.06901100,25584,24782264.70000000,8133957.71287400,0
