Open Time,Open,High,Low,Close,Volume,Close Time,Quote Asset Volume,Number of trades,Taker Buy Base Asset Volume,Taker Buy Quote Asset volume
1534464000000,0.29161000,0.37506000,0.29085000,0.36720000,84683658.10000000,1534550399999,27589694.26522300,52662,46269677.00000000,15049110.59395500,0
