Open Time,Open,High,Low,Close,Volume,Close Time,Quote Asset Volume,Number of trades,Taker Buy Base Asset Volume,Taker Buy Quote Asset volume
1531008000000,0.48520000,0.48798000,0.47510000,0.47915000,31480979.30000000,1531094399999,15227900.93218000,17034,19421259.90000000,9399285.98697700,0
