Open Time,Open,High,Low,Close,Volume,Close Time,Quote Asset Volume,Number of trades,Taker Buy Base Asset Volume,Taker Buy Quote Asset volume
1525478400000,0.88980000,0.93500000,0.88800000,0.90280000,16816165.30000000,1525564799999,15282000.07779090,26476,8057022.91000000,7321986.13999940,0
