Open Time,Open,High,Low,Close,Volume,Close Time,Quote Asset Volume,Number of trades,Taker Buy Base Asset Volume,Taker Buy Quote Asset volume
1530921600000,0.47644000,0.48800000,0.46381000,0.48494000,28584029.20000000,1531007999999,13447638.63718500,14854,18050351.10000000,8494783.69503600,0
