Open Time,Open,High,Low,Close,Volume,Close Time,Quote Asset Volume,Number of trades,Taker Buy Base Asset Volume,Taker Buy Quote Asset volume
1532304000000,0.44859000,0.46371000,0.44212000,0.44499000,30316389.90000000,1532390399999,13697250.54857100,18532,17914298.60000000,8092497.17579800,0
