Open Time,Open,High,Low,Close,Volume,Close Time,Quote Asset Volume,Number of trades,Taker Buy Base Asset Volume,Taker Buy Quote Asset volume
1536710400000,0.26349000,0.27413000,0.25308000,0.26990000,46434334.20000000,1536796799999,12188060.33128400,27096,24613315.70000000,6461414.63616400,0
