Open Time,Open,High,Low,Close,Volume,Close Time,Quote Asset Volume,Number of trades,Taker Buy Base Asset Volume,Taker Buy Quote Asset volume
1535760000000,0.33530000,0.35517000,0.33476000,0.34699000,49527170.30000000,1535846399999,17041317.67028000,29880,29876912.10000000,10272099.00901000,0
