Open Time,Open,High,Low,Close,Volume,Close Time,Quote Asset Volume,Number of trades,Taker Buy Base Asset Volume,Taker Buy Quote Asset volume
1542844800000,0.45345000,0.45785000,0.42400000,0.42831000,91671173.80000000,1542931199999,40666439.23708500,64541,46747693.90000000,20752044.56289100,0
