Open Time,Open,High,Low,Close,Volume,Close Time,Quote Asset Volume,Number of trades,Taker Buy Base Asset Volume,Taker Buy Quote Asset volume
1533081600000,0.43530000,0.46382000,0.42671000,0.44642000,39833478.30000000,1533167999999,17676468.23457800,26220,22661294.30000000,10058372.06923300,0
