Open Time,Open,High,Low,Close,Volume,Close Time,Quote Asset Volume,Number of trades,Taker Buy Base Asset Volume,Taker Buy Quote Asset volume
1535068800000,0.32630000,0.32900000,0.31577000,0.32646000,43010739.10000000,1535155199999,13888483.05474300,23872,26188252.70000000,8459584.47825700,0
