Open Time,Open,High,Low,Close,Volume,Close Time,Quote Asset Volume,Number of trades,Taker Buy Base Asset Volume,Taker Buy Quote Asset volume
1542931200000,0.42766000,0.44376000,0.39674000,0.41447000,161040318.20000000,1543017599999,66739393.24073000,104172,80449592.10000000,33354325.08153700,0
