Open Time,Open,High,Low,Close,Volume,Close Time,Quote Asset Volume,Number of trades,Taker Buy Base Asset Volume,Taker Buy Quote Asset volume
1537660800000,0.57249000,0.59975000,0.55501000,0.57190000,176776991.60000000,1537747199999,101737621.93734400,98848,91407347.50000000,52618201.70966800,0
