Open Time,Open,High,Low,Close,Volume,Close Time,Quote Asset Volume,Number of trades,Taker Buy Base Asset Volume,Taker Buy Quote Asset volume
1526515200000,0.70942000,0.71200000,0.64820000,0.65849000,10070061.14000000,1526601599999,6897498.18231170,17108,4900105.69000000,3364677.46115440,0
