Open Time,Open,High,Low,Close,Volume,Close Time,Quote Asset Volume,Number of trades,Taker Buy Base Asset Volume,Taker Buy Quote Asset volume
1540425600000,0.46401000,0.47310000,0.45688000,0.46351000,34586029.50000000,1540511999999,16056625.64538000,25920,17958557.80000000,8339860.22952000,0
