Open Time,Open,High,Low,Close,Volume,Close Time,Quote Asset Volume,Number of trades,Taker Buy Base Asset Volume,Taker Buy Quote Asset volume
1543622400000,0.36492000,0.37900000,0.35617000,0.37205000,58583664.80000000,1543708799999,21666243.08264200,49368,30183965.90000000,11172502.57593600,0
