Open Time,Open,High,Low,Close,Volume,Close Time,Quote Asset Volume,Number of trades,Taker Buy Base Asset Volume,Taker Buy Quote Asset volume
1532044800000,0.47703000,0.47730000,0.43100000,0.44439000,40745516.20000000,1532131199999,18539211.49168700,27061,22653021.40000000,10316327.03146900,0
