Open Time,Open,High,Low,Close,Volume,Close Time,Quote Asset Volume,Number of trades,Taker Buy Base Asset Volume,Taker Buy Quote Asset volume
1571184000000,0.28859000,0.29219000,0.27858000,0.28331000,109182836.20000000,1571270399999,31117606.76020200,83972,53587607.20000000,15279404.39708400,0
