Open Time,Open,High,Low,Close,Volume,Close Time,Quote Asset Volume,Number of trades,Taker Buy Base Asset Volume,Taker Buy Quote Asset volume
1560470400000,0.39872000,0.40364000,0.39025000,0.40201000,70743211.60000000,1560556799999,28025633.51183800,89064,36406801.60000000,14425857.47158100,0
