Open Time,Open,High,Low,Close,Volume,Close Time,Quote Asset Volume,Number of trades,Taker Buy Base Asset Volume,Taker Buy Quote Asset volume
1569456000000,0.24567000,0.25000000,0.22775000,0.24220000,125772838.70000000,1569542399999,30233595.40330500,74329,60827945.10000000,14611326.39266200,0
