Open Time,Open,High,Low,Close,Volume,Close Time,Quote Asset Volume,Number of trades,Taker Buy Base Asset Volume,Taker Buy Quote Asset volume
1552435200000,0.31030000,0.32555000,0.30733000,0.31332000,78566025.50000000,1552521599999,24765674.35071800,70639,39801002.90000000,12546744.01819500,0
