Open Time,Open,High,Low,Close,Volume,Close Time,Quote Asset Volume,Number of trades,Taker Buy Base Asset Volume,Taker Buy Quote Asset volume
1560556800000,0.40201000,0.41213000,0.40052000,0.40950000,144441080.70000000,1560643199999,58839424.42570600,135327,76996589.60000000,31353160.34593500,0
