Open Time,Open,High,Low,Close,Volume,Close Time,Quote Asset Volume,Number of trades,Taker Buy Base Asset Volume,Taker Buy Quote Asset volume
1567036800000,0.25614000,0.26264000,0.24700000,0.25698000,74454641.40000000,1567123199999,18910937.66268400,66656,37636676.40000000,9561629.20309700,0
