Open Time,Open,High,Low,Close,Volume,Close Time,Quote Asset Volume,Number of trades,Taker Buy Base Asset Volume,Taker Buy Quote Asset volume
1566259200000,0.28195000,0.28234000,0.26960000,0.27432000,49280235.20000000,1566345599999,13562253.57019600,52408,24840853.20000000,6840190.27879200,0
