Open Time,Open,High,Low,Close,Volume,Close Time,Quote Asset Volume,Number of trades,Taker Buy Base Asset Volume,Taker Buy Quote Asset volume
1549843200000,0.30985000,0.31030000,0.30136000,0.30255000,41900510.20000000,1549929599999,12728464.01740800,62422,21597491.20000000,6561110.60971400,0
