Open Time,Open,High,Low,Close,Volume,Close Time,Quote Asset Volume,Number of trades,Taker Buy Base Asset Volume,Taker Buy Quote Asset volume
1558051200000,0.41891000,0.42394000,0.35850000,0.38862000,348570589.60000000,1558137599999,133157321.49462400,271369,172157722.10000000,65786670.25991700,0
