Open Time,Open,High,Low,Close,Volume,Close Time,Quote Asset Volume,Number of trades,Taker Buy Base Asset Volume,Taker Buy Quote Asset volume
1575244800000,0.22471000,0.22623000,0.21731000,0.21914000,65856138.90000000,1575331199999,14526198.88331400,30561,30894633.70000000,6815548.73816200,0
