Open Time,Open,High,Low,Close,Volume,Close Time,Quote Asset Volume,Number of trades,Taker Buy Base Asset Volume,Taker Buy Quote Asset volume
1553644800000,0.30300000,0.31097000,0.30055000,0.31012000,55385680.10000000,1553731199999,16995861.10966800,57231,29546153.70000000,9068041.26475600,0
