Open Time,Open,High,Low,Close,Volume,Close Time,Quote Asset Volume,Number of trades,Taker Buy Base Asset Volume,Taker Buy Quote Asset volume
1549152000000,0.31042000,0.31215000,0.28900000,0.30219000,55823769.60000000,1549238399999,16968204.21758900,59432,27993544.40000000,8511600.82411700,0
