Open Time,Open,High,Low,Close,Volume,Close Time,Quote Asset Volume,Number of trades,Taker Buy Base Asset Volume,Taker Buy Quote Asset volume
1547942400000,0.32672000,0.32861000,0.31089000,0.31680000,40593702.60000000,1548028799999,12957741.16748100,48146,18694340.80000000,5968923.16832400,0
