Open Time,Open,High,Low,Close,Volume,Close Time,Quote Asset Volume,Number of trades,Taker Buy Base Asset Volume,Taker Buy Quote Asset volume
1574467200000,0.23004000,0.23541000,0.22526000,0.23407000,86883225.50000000,1574553599999,20015819.07924700,72712,45653074.80000000,10516907.05341200,0
