Open Time,Open,High,Low,Close,Volume,Close Time,Quote Asset Volume,Number of trades,Taker Buy Base Asset Volume,Taker Buy Quote Asset volume
1547337600000,0.32554000,0.32953000,0.30796000,0.31132000,56198037.60000000,1547423999999,17845500.58100100,59856,26953523.00000000,8583259.11236900,0
