Open Time,Open,High,Low,Close,Volume,Close Time,Quote Asset Volume,Number of trades,Taker Buy Base Asset Volume,Taker Buy Quote Asset volume
1572825600000,0.29024000,0.29990000,0.28910000,0.29863000,85410877.00000000,1572911999999,25105863.26725600,68956,43461638.20000000,12775853.73594800,0
