Open Time,Open,High,Low,Close,Volume,Close Time,Quote Asset Volume,Number of trades,Taker Buy Base Asset Volume,Taker Buy Quote Asset volume
1559347200000,0.43849000,0.44169000,0.41664000,0.42894000,113888226.10000000,1559433599999,49238915.75233500,117859,59350078.10000000,25665001.24008000,0
