Open Time,Open,High,Low,Close,Volume,Close Time,Quote Asset Volume,Number of trades,Taker Buy Base Asset Volume,Taker Buy Quote Asset volume
1562716800000,0.39361000,0.39646000,0.34502000,0.36154000,140899188.00000000,1562803199999,51886276.26124000,144363,67059903.00000000,24770746.20100200,0
