Open Time,Open,High,Low,Close,Volume,Close Time,Quote Asset Volume,Number of trades,Taker Buy Base Asset Volume,Taker Buy Quote Asset volume
1567900800000,0.25989000,0.26591000,0.25550000,0.26205000,65033003.60000000,1567987199999,17002657.72998800,58789,32484751.70000000,8493042.74165700,0
