Open Time,Open,High,Low,Close,Volume,Close Time,Quote Asset Volume,Number of trades,Taker Buy Base Asset Volume,Taker Buy Quote Asset volume
1570406400000,0.25551000,0.28114000,0.25333000,0.27592000,210990372.80000000,1570492799999,57283043.34630400,126843,104561561.60000000,28365322.51016800,0
