Open Time,Open,High,Low,Close,Volume,Close Time,Quote Asset Volume,Number of trades,Taker Buy Base Asset Volume,Taker Buy Quote Asset volume
1577491200000,0.19003000,0.19469000,0.18969000,0.19320000,36743672.90000000,1577577599999,7086061.70736200,20550,19050168.10000000,3673628.48837800,0
