Open Time,Open,High,Low,Close,Volume,Close Time,Quote Asset Volume,Number of trades,Taker Buy Base Asset Volume,Taker Buy Quote Asset volume
1548633600000,0.30653000,0.30767000,0.28089000,0.29223000,86788557.00000000,1548719999999,25369158.23339600,84364,43286384.40000000,12643047.64645200,0
