Open Time,Open,High,Low,Close,Volume,Close Time,Quote Asset Volume,Number of trades,Taker Buy Base Asset Volume,Taker Buy Quote Asset volume
1574812800000,0.22054000,0.22950000,0.21259000,0.22400000,119843833.40000000,1574899199999,26524670.21623800,94370,61794483.30000000,13681726.30454200,0
