Open Time,Open,High,Low,Close,Volume,Close Time,Quote Asset Volume,Number of trades,Taker Buy Base Asset Volume,Taker Buy Quote Asset volume
1566691200000,0.27149000,0.27602000,0.26597000,0.26954000,45191941.20000000,1566777599999,12245907.45258400,51680,23504065.30000000,6371509.13464300,0
