Open Time,Open,High,Low,Close,Volume,Close Time,Quote Asset Volume,Number of trades,Taker Buy Base Asset Volume,Taker Buy Quote Asset volume
1577577600000,0.19321000,0.19850000,0.19080000,0.19653000,49069370.30000000,1577663999999,9561940.20494200,33733,26540950.60000000,5174752.70639300,0
