Open Time,Open,High,Low,Close,Volume,Close Time,Quote Asset Volume,Number of trades,Taker Buy Base Asset Volume,Taker Buy Quote Asset volume
1572480000000,0.29471000,0.29874000,0.28777000,0.29452000,100846140.40000000,1572566399999,29601327.48716800,79089,48970761.90000000,14378421.40864400,0
