Open Time,Open,High,Low,Close,Volume,Close Time,Quote Asset Volume,Number of trades,Taker Buy Base Asset Volume,Taker Buy Quote Asset volume
1576540800000,0.20547000,0.20568000,0.17754000,0.18310000,262505370.50000000,1576627199999,49983422.81754900,101182,123284660.00000000,23477836.74732000,0
