Open Time,Open,High,Low,Close,Volume,Close Time,Quote Asset Volume,Number of trades,Taker Buy Base Asset Volume,Taker Buy Quote Asset volume
1569283200000,0.26787000,0.27317000,0.21333000,0.23282000,302577184.10000000,1569369599999,74890289.35032900,161683,145063286.80000000,35992350.39336000,0
