Open Time,Open,High,Low,Close,Volume,Close Time,Quote Asset Volume,Number of trades,Taker Buy Base Asset Volume,Taker Buy Quote Asset volume
1575158400000,0.22549000,0.22550000,0.21860000,0.22477000,61721844.70000000,1575244799999,13691786.75698800,34536,30774454.20000000,6828355.80498700,0
