Open Time,Open,High,Low,Close,Volume,Close Time,Quote Asset Volume,Number of trades,Taker Buy Base Asset Volume,Taker Buy Quote Asset volume
1557792000000,0.32385000,0.43620000,0.32199000,0.40900000,602192165.30000000,1557878399999,233868919.28196000,382984,296122840.80000000,114796811.95616100,0
