Open Time,Open,High,Low,Close,Volume,Close Time,Quote Asset Volume,Number of trades,Taker Buy Base Asset Volume,Taker Buy Quote Asset volume
1566950400000,0.26955000,0.26974000,0.24765000,0.25629000,55448237.70000000,1567036799999,14351204.18210500,49408,26583555.30000000,6887380.47888100,0
