Open Time,Open,High,Low,Close,Volume,Close Time,Quote Asset Volume,Number of trades,Taker Buy Base Asset Volume,Taker Buy Quote Asset volume
1575849600000,0.22913000,0.23083000,0.22113000,0.22445000,53369564.50000000,1575935999999,12075583.63318400,24205,22077166.10000000,5001106.71850600,0
