Open Time,Open,High,Low,Close,Volume,Close Time,Quote Asset Volume,Number of trades,Taker Buy Base Asset Volume,Taker Buy Quote Asset volume
1577059200000,0.19650000,0.19974000,0.18809000,0.18953000,94859486.60000000,1577145599999,18435268.91921300,43195,46431023.40000000,9028935.29641600,0
