Open Time,Open,High,Low,Close,Volume,Close Time,Quote Asset Volume,Number of trades,Taker Buy Base Asset Volume,Taker Buy Quote Asset volume
1573862400000,0.26070000,0.26444000,0.25911000,0.26218000,52279882.00000000,1573948799999,13670861.70553100,50827,25328233.70000000,6623714.69127200,0
