Open Time,Open,High,Low,Close,Volume,Close Time,Quote Asset Volume,Number of trades,Taker Buy Base Asset Volume,Taker Buy Quote Asset volume
1568937600000,0.30064000,0.30159000,0.28350000,0.29360000,159272561.60000000,1569023999999,46476133.72833500,87076,80020509.10000000,23350032.42494300,0
