Open Time,Open,High,Low,Close,Volume,Close Time,Quote Asset Volume,Number of trades,Taker Buy Base Asset Volume,Taker Buy Quote Asset volume
1558396800000,0.39629000,0.40738000,0.38530000,0.39524000,136551127.70000000,1558483199999,53950488.33116200,132143,69991282.90000000,27661157.91314100,0
