Open Time,Open,High,Low,Close,Volume,Close Time,Quote Asset Volume,Number of trades,Taker Buy Base Asset Volume,Taker Buy Quote Asset volume
1564099200000,0.31332000,0.32514000,0.30700000,0.32303000,55029583.80000000,1564185599999,17390073.67165100,62846,28674748.50000000,9067359.60966600,0
