Open Time,Open,High,Low,Close,Volume,Close Time,Quote Asset Volume,Number of trades,Taker Buy Base Asset Volume,Taker Buy Quote Asset volume
1548115200000,0.31766000,0.32020000,0.30611000,0.31762000,51740083.20000000,1548201599999,16317684.23289200,60138,27336863.70000000,8629683.91871200,0
