Open Time,Open,High,Low,Close,Volume,Close Time,Quote Asset Volume,Number of trades,Taker Buy Base Asset Volume,Taker Buy Quote Asset volume
1572998400000,0.30062000,0.31367000,0.29610000,0.31009000,107581885.70000000,1573084799999,32657633.89735700,85077,54268767.20000000,16486476.74389300,0
