Open Time,Open,High,Low,Close,Volume,Close Time,Quote Asset Volume,Number of trades,Taker Buy Base Asset Volume,Taker Buy Quote Asset volume
1556064000000,0.31802000,0.31989000,0.28880000,0.29963000,117021557.40000000,1556150399999,35150213.66800100,104260,54788033.00000000,16450476.45305000,0
