Open Time,Open,High,Low,Close,Volume,Close Time,Quote Asset Volume,Number of trades,Taker Buy Base Asset Volume,Taker Buy Quote Asset volume
1572652800000,0.29148000,0.29750000,0.29112000,0.29456000,72552309.10000000,1572739199999,21323849.05935700,61205,37122262.50000000,10910898.03271600,0
