Open Time,Open,High,Low,Close,Volume,Close Time,Quote Asset Volume,Number of trades,Taker Buy Base Asset Volume,Taker Buy Quote Asset volume
1577664000000,0.19651000,0.19790000,0.19206000,0.19326000,41924910.40000000,1577750399999,8159012.31135900,35279,20414620.60000000,3973441.06000100,0
