Open Time,Open,High,Low,Close,Volume,Close Time,Quote Asset Volume,Number of trades,Taker Buy Base Asset Volume,Taker Buy Quote Asset volume
1557100800000,0.30044000,0.30751000,0.29479000,0.30283000,51001442.80000000,1557187199999,15374911.61646100,62586,23062598.70000000,6947454.25207300,0
