Open Time,Open,High,Low,Close,Volume,Close Time,Quote Asset Volume,Number of trades,Taker Buy Base Asset Volume,Taker Buy Quote Asset volume
1573776000000,0.26795000,0.26952000,0.25303000,0.26069000,111865363.40000000,1573862399999,29381854.30646600,88508,54527906.10000000,14324953.96751100,0
