Open Time,Open,High,Low,Close,Volume,Close Time,Quote Asset Volume,Number of trades,Taker Buy Base Asset Volume,Taker Buy Quote Asset volume
1557878400000,0.40900000,0.46700000,0.40737000,0.45734000,281029374.40000000,1557964799999,122406943.50577000,186963,153141715.90000000,66638567.27538200,0
