Open Time,Open,High,Low,Close,Volume,Close Time,Quote Asset Volume,Number of trades,Taker Buy Base Asset Volume,Taker Buy Quote Asset volume
1550016000000,0.30510000,0.31373000,0.30113000,0.30382000,54722420.40000000,1550102399999,16721771.67407400,61469,28611220.30000000,8741147.25475100,0
