Open Time,Open,High,Low,Close,Volume,Close Time,Quote Asset Volume,Number of trades,Taker Buy Base Asset Volume,Taker Buy Quote Asset volume
1576368000000,0.21605000,0.21939000,0.21463000,0.21735000,26223163.50000000,1576454399999,5695553.74357500,13808,13181733.20000000,2864723.59698100,0
