Open Time,Open,High,Low,Close,Volume,Close Time,Quote Asset Volume,Number of trades,Taker Buy Base Asset Volume,Taker Buy Quote Asset volume
1564876800000,0.31595000,0.32298000,0.31181000,0.31813000,52990179.10000000,1564963199999,16836080.92178700,57848,27692616.60000000,8795265.35839900,0
