Open Time,Open,High,Low,Close,Volume,Close Time,Quote Asset Volume,Number of trades,Taker Buy Base Asset Volume,Taker Buy Quote Asset volume
1556755200000,0.30313000,0.30478000,0.30072000,0.30205000,33326988.70000000,1556841599999,10088286.68650900,51512,16287192.20000000,4931539.02546100,0
