Open Time,Open,High,Low,Close,Volume,Close Time,Quote Asset Volume,Number of trades,Taker Buy Base Asset Volume,Taker Buy Quote Asset volume
1570838400000,0.26741000,0.27729000,0.26712000,0.27226000,57869923.40000000,1570924799999,15793462.49485100,60193,29138704.30000000,7952598.64791500,0
