Open Time,Open,High,Low,Close,Volume,Close Time,Quote Asset Volume,Number of trades,Taker Buy Base Asset Volume,Taker Buy Quote Asset volume
1547683200000,0.32580000,0.32840000,0.31926000,0.32489000,46482575.60000000,1547769599999,15050768.28915600,58968,24625854.60000000,7975933.09925900,0
