Open Time,Open,High,Low,Close,Volume,Close Time,Quote Asset Volume,Number of trades,Taker Buy Base Asset Volume,Taker Buy Quote Asset volume
1549065600000,0.30628000,0.31377000,0.30428000,0.31030000,44389361.10000000,1549151999999,13640816.09883100,53361,23244660.10000000,7143983.91525000,0
