Open Time,Open,High,Low,Close,Volume,Close Time,Quote Asset Volume,Number of trades,Taker Buy Base Asset Volume,Taker Buy Quote Asset volume
1547251200000,0.32580000,0.32977000,0.32071000,0.32557000,38674176.10000000,1547337599999,12579459.68976000,54644,20970189.60000000,6822808.70417300,0
