Open Time,Open,High,Low,Close,Volume,Close Time,Quote Asset Volume,Number of trades,Taker Buy Base Asset Volume,Taker Buy Quote Asset volume
1567555200000,0.26252000,0.26299000,0.25598000,0.25843000,49398294.20000000,1567641599999,12827285.98578000,54442,25325521.00000000,6578694.37364500,0
