Open Time,Open,High,Low,Close,Volume,Close Time,Quote Asset Volume,Number of trades,Taker Buy Base Asset Volume,Taker Buy Quote Asset volume
1555718400000,0.33008000,0.33241000,0.32100000,0.32668000,50641661.90000000,1555804799999,16621332.27096800,51440,23823270.80000000,7819436.36396500,0
