Open Time,Open,High,Low,Close,Volume,Close Time,Quote Asset Volume,Number of trades,Taker Buy Base Asset Volume,Taker Buy Quote Asset volume
1552348800000,0.30991000,0.31204000,0.30766000,0.31031000,34008792.90000000,1552435199999,10562743.78460900,37834,15714254.40000000,4880483.62289100,0
