Open Time,Open,High,Low,Close,Volume,Close Time,Quote Asset Volume,Number of trades,Taker Buy Base Asset Volume,Taker Buy Quote Asset volume
1558915200000,0.40364000,0.44645000,0.39900000,0.43331000,198385219.30000000,1559001599999,83039407.85765300,174482,102444864.90000000,42912338.22490000,0
