Open Time,Open,High,Low,Close,Volume,Close Time,Quote Asset Volume,Number of trades,Taker Buy Base Asset Volume,Taker Buy Quote Asset volume
1559260800000,0.41809000,0.44080000,0.40614000,0.43851000,193230057.50000000,1559347199999,81751522.20728700,168694,107122560.00000000,45309724.85162800,0
