Open Time,Open,High,Low,Close,Volume,Close Time,Quote Asset Volume,Number of trades,Taker Buy Base Asset Volume,Taker Buy Quote Asset volume
1550966400000,0.33201000,0.34345000,0.29371000,0.29757000,168785982.40000000,1551052799999,53774945.90482600,140982,76777071.20000000,24514237.72741000,0
