Open Time,Open,High,Low,Close,Volume,Close Time,Quote Asset Volume,Number of trades,Taker Buy Base Asset Volume,Taker Buy Quote Asset volume
1561852800000,0.42597000,0.42859000,0.39540000,0.39620000,118288754.10000000,1561939199999,48657002.56574900,126465,54792857.70000000,22548424.57727900,0
