Open Time,Open,High,Low,Close,Volume,Close Time,Quote Asset Volume,Number of trades,Taker Buy Base Asset Volume,Taker Buy Quote Asset volume
1559692800000,0.39890000,0.40597000,0.38710000,0.40010000,129307000.70000000,1559779199999,51543647.83928600,140979,66616017.60000000,26558828.97358200,0
