Open Time,Open,High,Low,Close,Volume,Close Time,Quote Asset Volume,Number of trades,Taker Buy Base Asset Volume,Taker Buy Quote Asset volume
1565049600000,0.32232000,0.32421000,0.30800000,0.31160000,73359257.90000000,1565135999999,23246485.47576700,74937,35411064.10000000,11229603.55386800,0
