Open Time,Open,High,Low,Close,Volume,Close Time,Quote Asset Volume,Number of trades,Taker Buy Base Asset Volume,Taker Buy Quote Asset volume
1558828800000,0.38526000,0.41368000,0.37300000,0.40372000,96380922.00000000,1558915199999,37756572.66804500,86612,51578386.00000000,20224349.71564000,0
