Open Time,Open,High,Low,Close,Volume,Close Time,Quote Asset Volume,Number of trades,Taker Buy Base Asset Volume,Taker Buy Quote Asset volume
1563148800000,0.30366000,0.32376000,0.29474000,0.31287000,160631099.60000000,1563235199999,49982145.32019500,159417,79771726.50000000,24840944.44605600,0
