Open Time,Open,High,Low,Close,Volume,Close Time,Quote Asset Volume,Number of trades,Taker Buy Base Asset Volume,Taker Buy Quote Asset volume
1546300800000,0.34864000,0.36111000,0.34533000,0.36080000,41061397.60000000,1546387199999,14481148.63099300,44289,22590192.60000000,7971621.73837600,0
