Open Time,Open,High,Low,Close,Volume,Close Time,Quote Asset Volume,Number of trades,Taker Buy Base Asset Volume,Taker Buy Quote Asset volume
1565913600000,0.26392000,0.26526000,0.25395000,0.26047000,66289982.60000000,1565999999999,17250832.84409100,70452,35426802.00000000,9219890.69230500,0
