Open Time,Open,High,Low,Close,Volume,Close Time,Quote Asset Volume,Number of trades,Taker Buy Base Asset Volume,Taker Buy Quote Asset volume
1549411200000,0.29972000,0.30101000,0.28809000,0.28940000,60630230.60000000,1549497599999,17718861.63508800,69378,30882186.40000000,9025903.22163400,0
