Open Time,Open,High,Low,Close,Volume,Close Time,Quote Asset Volume,Number of trades,Taker Buy Base Asset Volume,Taker Buy Quote Asset volume
1550275200000,0.30195000,0.30408000,0.29970000,0.30077000,31126221.90000000,1550361599999,9391385.05038100,39518,16963602.80000000,5118953.08168600,0
