Open Time,Open,High,Low,Close,Volume,Close Time,Quote Asset Volume,Number of trades,Taker Buy Base Asset Volume,Taker Buy Quote Asset volume
1558569600000,0.37171000,0.38269000,0.36091000,0.37956000,123020941.90000000,1558655999999,45712569.70512400,108145,63280641.10000000,23525692.39127800,0
