Open Time,Open,High,Low,Close,Volume,Close Time,Quote Asset Volume,Number of trades,Taker Buy Base Asset Volume,Taker Buy Quote Asset volume
1550707200000,0.33139000,0.33297000,0.31688000,0.32070000,74728496.60000000,1550793599999,24112948.13815900,78855,37704981.30000000,12169939.69201800,0
