Open Time,Open,High,Low,Close,Volume,Close Time,Quote Asset Volume,Number of trades,Taker Buy Base Asset Volume,Taker Buy Quote Asset volume
1562976000000,0.34336000,0.34439000,0.32359000,0.33206000,86057978.80000000,1563062399999,28675157.34251100,89325,42629268.70000000,14213483.30109000,0
