Open Time,Open,High,Low,Close,Volume,Close Time,Quote Asset Volume,Number of trades,Taker Buy Base Asset Volume,Taker Buy Quote Asset volume
1569024000000,0.29360000,0.29800000,0.28625000,0.28961000,113934352.20000000,1569110399999,33163246.27494900,66568,57759280.40000000,16818258.41326700,0
