Open Time,Open,High,Low,Close,Volume,Close Time,Quote Asset Volume,Number of trades,Taker Buy Base Asset Volume,Taker Buy Quote Asset volume
1563235200000,0.31287000,0.32032000,0.28600000,0.29543000,162767430.30000000,1563321599999,49219244.80649600,162253,80640391.60000000,24418484.00801200,0
