Open Time,Open,High,Low,Close,Volume,Close Time,Quote Asset Volume,Number of trades,Taker Buy Base Asset Volume,Taker Buy Quote Asset volume
1559174400000,0.44286000,0.47350000,0.40100000,0.41789000,347536093.10000000,1559260799999,155017970.61099600,257095,174163888.00000000,77756235.12111800,0
