Open Time,Open,High,Low,Close,Volume,Close Time,Quote Asset Volume,Number of trades,Taker Buy Base Asset Volume,Taker Buy Quote Asset volume
1560988800000,0.43426000,0.43592000,0.41980000,0.42995000,91377053.50000000,1561075199999,39061819.44704400,101636,46352896.80000000,19819303.07152400,0
