Open Time,Open,High,Low,Close,Volume,Close Time,Quote Asset Volume,Number of trades,Taker Buy Base Asset Volume,Taker Buy Quote Asset volume
1568678400000,0.26103000,0.29850000,0.25944000,0.28561000,217381018.10000000,1568764799999,61450339.08447800,128949,108806413.10000000,30736804.60970900,0
