Open Time,Open,High,Low,Close,Volume,Close Time,Quote Asset Volume,Number of trades,Taker Buy Base Asset Volume,Taker Buy Quote Asset volume
1572739200000,0.29456000,0.29614000,0.28855000,0.29024000,69064994.60000000,1572825599999,20112216.21302100,56999,32598141.50000000,9495069.11964400,0
