Open Time,Open,High,Low,Close,Volume,Close Time,Quote Asset Volume,Number of trades,Taker Buy Base Asset Volume,Taker Buy Quote Asset volume
1570233600000,0.25250000,0.25660000,0.24671000,0.25325000,82519531.30000000,1570319999999,20818475.30380000,57881,41305091.40000000,10422470.05746500,0
