Open Time,Open,High,Low,Close,Volume,Close Time,Quote Asset Volume,Number of trades,Taker Buy Base Asset Volume,Taker Buy Quote Asset volume
1560211200000,0.39985000,0.40195000,0.38175000,0.39192000,75361808.10000000,1560297599999,29435000.46476900,90311,38097656.40000000,14883010.38395600,0
