Open Time,Open,High,Low,Close,Volume,Close Time,Quote Asset Volume,Number of trades,Taker Buy Base Asset Volume,Taker Buy Quote Asset volume
1557360000000,0.29957000,0.30198000,0.29195000,0.29488000,43626389.80000000,1557446399999,12951571.85382200,64450,20007905.90000000,5938989.32313700,0
