Open Time,Open,High,Low,Close,Volume,Close Time,Quote Asset Volume,Number of trades,Taker Buy Base Asset Volume,Taker Buy Quote Asset volume
1558310400000,0.41612000,0.41647000,0.37812000,0.39636000,186638980.50000000,1558396799999,73954519.41645100,171025,94850662.40000000,37589253.69349900,0
