Open Time,Open,High,Low,Close,Volume,Close Time,Quote Asset Volume,Number of trades,Taker Buy Base Asset Volume,Taker Buy Quote Asset volume
1561161600000,0.44262000,0.50999000,0.43752000,0.47729000,348224018.70000000,1561247999999,163666705.90409700,268424,186633161.10000000,87577098.22214500,0
