Open Time,Open,High,Low,Close,Volume,Close Time,Quote Asset Volume,Number of trades,Taker Buy Base Asset Volume,Taker Buy Quote Asset volume
1572566400000,0.29459000,0.29460000,0.28448000,0.29146000,85376671.80000000,1572652799999,24809316.47010000,77869,39694873.00000000,11537674.93431600,0
