Open Time,Open,High,Low,Close,Volume,Close Time,Quote Asset Volume,Number of trades,Taker Buy Base Asset Volume,Taker Buy Quote Asset volume
1553299200000,0.31041000,0.31264000,0.30883000,0.31182000,35555914.10000000,1553385599999,11050754.52793200,39272,18727351.90000000,5820412.15872900,0
