Open Time,Open,High,Low,Close,Volume,Close Time,Quote Asset Volume,Number of trades,Taker Buy Base Asset Volume,Taker Buy Quote Asset volume
1564617600000,0.31950000,0.31990000,0.31140000,0.31575000,46026847.50000000,1564703999999,14465865.35559300,58206,22783596.20000000,7161693.57107800,0
