Open Time,Open,High,Low,Close,Volume,Close Time,Quote Asset Volume,Number of trades,Taker Buy Base Asset Volume,Taker Buy Quote Asset volume
1575590400000,0.22118000,0.22680000,0.21910000,0.22546000,72738701.20000000,1575676799999,16179037.21437700,32168,35209385.40000000,7836198.95825200,0
