Open Time,Open,High,Low,Close,Volume,Close Time,Quote Asset Volume,Number of trades,Taker Buy Base Asset Volume,Taker Buy Quote Asset volume
1573948800000,0.26220000,0.26600000,0.25891000,0.26311000,52073288.40000000,1574035199999,13707451.70277400,51435,25742859.80000000,6778321.31652300,0
