Open Time,Open,High,Low,Close,Volume,Close Time,Quote Asset Volume,Number of trades,Taker Buy Base Asset Volume,Taker Buy Quote Asset volume
1546819200000,0.36042000,0.37218000,0.35701000,0.36022000,70715569.00000000,1546905599999,25665344.45998200,73648,34805479.80000000,12638654.78620000,0
