Open Time,Open,High,Low,Close,Volume,Close Time,Quote Asset Volume,Number of trades,Taker Buy Base Asset Volume,Taker Buy Quote Asset volume
1571097600000,0.29722000,0.29900000,0.28300000,0.28859000,147821843.40000000,1571183999999,43050670.16281800,95250,71649570.10000000,20863572.18791100,0
