Open Time,Open,High,Low,Close,Volume,Close Time,Quote Asset Volume,Number of trades,Taker Buy Base Asset Volume,Taker Buy Quote Asset volume
1550534400000,0.32188000,0.34777000,0.31807000,0.32238000,198102626.40000000,1550620799999,65840466.21950900,178712,106852753.40000000,35468330.15442100,0
