Open Time,Open,High,Low,Close,Volume,Close Time,Quote Asset Volume,Number of trades,Taker Buy Base Asset Volume,Taker Buy Quote Asset volume
1553990400000,0.31092000,0.31168000,0.30718000,0.30889000,31804560.00000000,1554076799999,9842096.87546400,37012,14518009.00000000,4493213.79183800,0
