Open Time,Open,High,Low,Close,Volume,Close Time,Quote Asset Volume,Number of trades,Taker Buy Base Asset Volume,Taker Buy Quote Asset volume
1557273600000,0.29843000,0.30275000,0.29567000,0.29958000,34177808.20000000,1557359999999,10250241.41622900,51336,16884473.00000000,5065597.19821900,0
