Open Time,Open,High,Low,Close,Volume,Close Time,Quote Asset Volume,Number of trades,Taker Buy Base Asset Volume,Taker Buy Quote Asset volume
1552953600000,0.31451000,0.31660000,0.31250000,0.31594000,37937661.90000000,1553039999999,11923966.97091200,43894,19760309.60000000,6211400.09661900,0
