Open Time,Open,High,Low,Close,Volume,Close Time,Quote Asset Volume,Number of trades,Taker Buy Base Asset Volume,Taker Buy Quote Asset volume
1574380800000,0.24345000,0.24590000,0.22122000,0.23000000,176993164.60000000,1574467199999,41301641.15419600,130275,86516403.60000000,20185325.59326400,0
