Open Time,Open,High,Low,Close,Volume,Close Time,Quote Asset Volume,Number of trades,Taker Buy Base Asset Volume,Taker Buy Quote Asset volume
1559865600000,0.41935000,0.43003000,0.41389000,0.41886000,121225704.20000000,1559951999999,51138467.59037700,120088,62755355.20000000,26478449.14238100,0
