Open Time,Open,High,Low,Close,Volume,Close Time,Quote Asset Volume,Number of trades,Taker Buy Base Asset Volume,Taker Buy Quote Asset volume
1553126400000,0.31780000,0.31915000,0.29000000,0.30965000,68244170.40000000,1553212799999,21207636.16249700,67223,31734073.80000000,9869497.95488300,0
