Open Time,Open,High,Low,Close,Volume,Close Time,Quote Asset Volume,Number of trades,Taker Buy Base Asset Volume,Taker Buy Quote Asset volume
1571529600000,0.29144000,0.29615000,0.28091000,0.29386000,111491956.50000000,1571615999999,32197424.44858200,84706,56383572.80000000,16288806.34895100,0
