Open Time,Open,High,Low,Close,Volume,Close Time,Quote Asset Volume,Number of trades,Taker Buy Base Asset Volume,Taker Buy Quote Asset volume
1555286400000,0.32761000,0.33184000,0.31311000,0.31905000,60520268.30000000,1555372799999,19512733.39088700,54094,28270582.70000000,9124039.46855600,0
