Open Time,Open,High,Low,Close,Volume,Close Time,Quote Asset Volume,Number of trades,Taker Buy Base Asset Volume,Taker Buy Quote Asset volume
1566864000000,0.27051000,0.27065000,0.26513000,0.26954000,34119040.90000000,1566950399999,9160037.92978000,38730,16848135.00000000,4523291.40569400,0
