Open Time,Open,High,Low,Close,Volume,Close Time,Quote Asset Volume,Number of trades,Taker Buy Base Asset Volume,Taker Buy Quote Asset volume
1560729600000,0.42701000,0.46311000,0.42181000,0.44705000,310680509.30000000,1560815999999,135725597.82727400,227999,153153556.80000000,66879245.68424100,0
