Open Time,Open,High,Low,Close,Volume,Close Time,Quote Asset Volume,Number of trades,Taker Buy Base Asset Volume,Taker Buy Quote Asset volume
1566172800000,0.28321000,0.29035000,0.27558000,0.28202000,69411983.50000000,1566259199999,19652851.26038100,60857,35172991.60000000,9959961.05117000,0
