Open Time,Open,High,Low,Close,Volume,Close Time,Quote Asset Volume,Number of trades,Taker Buy Base Asset Volume,Taker Buy Quote Asset volume
1552694400000,0.31485000,0.32300000,0.31465000,0.31868000,59414487.20000000,1552780799999,18942070.27813700,64557,31755796.90000000,10126038.72859600,0
