Open Time,Open,High,Low,Close,Volume,Close Time,Quote Asset Volume,Number of trades,Taker Buy Base Asset Volume,Taker Buy Quote Asset volume
1574208000000,0.25398000,0.25861000,0.24809000,0.25014000,78924129.30000000,1574294399999,19902291.15156600,63501,38027726.70000000,9592679.81357000,0
