Open Time,Open,High,Low,Close,Volume,Close Time,Quote Asset Volume,Number of trades,Taker Buy Base Asset Volume,Taker Buy Quote Asset volume
1563494400000,0.32035000,0.32215000,0.30959000,0.31880000,68682413.20000000,1563580799999,21723291.87665100,90742,36212956.40000000,11456624.40491500,0
