Open Time,Open,High,Low,Close,Volume,Close Time,Quote Asset Volume,Number of trades,Taker Buy Base Asset Volume,Taker Buy Quote Asset volume
1554595200000,0.35267000,0.36700000,0.35041000,0.36120000,110132996.90000000,1554681599999,39597409.58767200,99902,54289180.20000000,19522625.82490500,0
