Open Time,Open,High,Low,Close,Volume,Close Time,Quote Asset Volume,Number of trades,Taker Buy Base Asset Volume,Taker Buy Quote Asset volume
1571788800000,0.29041000,0.29127000,0.25005000,0.27306000,187716543.60000000,1571875199999,51332366.49876800,124254,90488699.10000000,24774046.12367300,0
