Open Time,Open,High,Low,Close,Volume,Close Time,Quote Asset Volume,Number of trades,Taker Buy Base Asset Volume,Taker Buy Quote Asset volume
1563840000000,0.32135000,0.32135000,0.30572000,0.30891000,63905860.10000000,1563926399999,19990194.79107000,76827,32210349.40000000,10075799.91940700,0
