Open Time,Open,High,Low,Close,Volume,Close Time,Quote Asset Volume,Number of trades,Taker Buy Base Asset Volume,Taker Buy Quote Asset volume
1546387200000,0.36057000,0.37450000,0.35350000,0.36882000,74162520.50000000,1546473599999,27033811.66807200,73217,36341329.40000000,13248817.03256300,0
