Open Time,Open,High,Low,Close,Volume,Close Time,Quote Asset Volume,Number of trades,Taker Buy Base Asset Volume,Taker Buy Quote Asset volume
1573171200000,0.29068000,0.29100000,0.27023000,0.27547000,165657651.60000000,1573257599999,46386875.33300100,111020,75809724.00000000,21224154.72590700,0
