Open Time,Open,High,Low,Close,Volume,Close Time,Quote Asset Volume,Number of trades,Taker Buy Base Asset Volume,Taker Buy Quote Asset volume
1555459200000,0.32400000,0.34100000,0.31900000,0.33436000,104205590.30000000,1555545599999,34394029.83578800,85665,55562162.20000000,18344185.86319900,0
