Open Time,Open,High,Low,Close,Volume,Close Time,Quote Asset Volume,Number of trades,Taker Buy Base Asset Volume,Taker Buy Quote Asset volume
1572307200000,0.29443000,0.30972000,0.29416000,0.30192000,145791308.20000000,1572393599999,43828554.09270700,115277,70526155.30000000,21222414.03183300,0
