Open Time,Open,High,Low,Close,Volume,Close Time,Quote Asset Volume,Number of trades,Taker Buy Base Asset Volume,Taker Buy Quote Asset volume
1552780800000,0.31866000,0.31892000,0.31400000,0.31540000,33510613.20000000,1552867199999,10588464.50303500,40297,17236877.50000000,5447566.37184900,0
