Open Time,Open,High,Low,Close,Volume,Close Time,Quote Asset Volume,Number of trades,Taker Buy Base Asset Volume,Taker Buy Quote Asset volume
1564444800000,0.31004000,0.32213000,0.30665000,0.31823000,52340164.10000000,1564531199999,16493828.11337700,59940,26675769.60000000,8404976.51822600,0
