Open Time,Open,High,Low,Close,Volume,Close Time,Quote Asset Volume,Number of trades,Taker Buy Base Asset Volume,Taker Buy Quote Asset volume
1561593600000,0.46773000,0.47176000,0.39510000,0.41049000,300234945.90000000,1561679999999,128329754.85507800,262650,146383682.60000000,62496323.18289200,0
