Open Time,Open,High,Low,Close,Volume,Close Time,Quote Asset Volume,Number of trades,Taker Buy Base Asset Volume,Taker Buy Quote Asset volume
1574726400000,0.21730000,0.22190000,0.21327000,0.22060000,87574733.70000000,1574812799999,19092485.27549900,70183,45103520.00000000,9834821.29680300,0
