Open Time,Open,High,Low,Close,Volume,Close Time,Quote Asset Volume,Number of trades,Taker Buy Base Asset Volume,Taker Buy Quote Asset volume
1570147200000,0.24687000,0.25664000,0.24450000,0.25243000,90663663.40000000,1570233599999,22794419.62389500,54119,45254948.90000000,11381886.22134600,0
