Open Time,Open,High,Low,Close,Volume,Close Time,Quote Asset Volume,Number of trades,Taker Buy Base Asset Volume,Taker Buy Quote Asset volume
1570924800000,0.27232000,0.28138000,0.27109000,0.27726000,70808721.80000000,1571011199999,19658319.60319900,68669,35759156.30000000,9928242.03651300,0
