Open Time,Open,High,Low,Close,Volume,Close Time,Quote Asset Volume,Number of trades,Taker Buy Base Asset Volume,Taker Buy Quote Asset volume
1557619200000,0.31703000,0.32992000,0.30233000,0.31016000,142010500.40000000,1557705599999,44648222.80501900,142925,69441302.80000000,21830400.53300000,0
