Open Time,Open,High,Low,Close,Volume,Close Time,Quote Asset Volume,Number of trades,Taker Buy Base Asset Volume,Taker Buy Quote Asset volume
1569542400000,0.24230000,0.24800000,0.23296000,0.24208000,89138447.60000000,1569628799999,21396438.04945800,61732,44316511.20000000,10641721.78007400,0
