Open Time,Open,High,Low,Close,Volume,Close Time,Quote Asset Volume,Number of trades,Taker Buy Base Asset Volume,Taker Buy Quote Asset volume
1574035200000,0.26316000,0.26318000,0.24110000,0.25179000,99156396.10000000,1574121599999,25302252.64498100,76284,45120251.70000000,11520463.61094200,0
