Open Time,Open,High,Low,Close,Volume,Close Time,Quote Asset Volume,Number of trades,Taker Buy Base Asset Volume,Taker Buy Quote Asset volume
1549324800000,0.29932000,0.30225000,0.29642000,0.29972000,53121022.00000000,1549411199999,15853498.12943500,54759,28570555.40000000,8527120.61673300,0
