Open Time,Open,High,Low,Close,Volume,Close Time,Quote Asset Volume,Number of trades,Taker Buy Base Asset Volume,Taker Buy Quote Asset volume
1562371200000,0.37870000,0.40990000,0.37826000,0.39031000,94972192.30000000,1562457599999,37452447.10579100,99868,47598945.20000000,18760933.77314700,0
