Open Time,Open,High,Low,Close,Volume,Close Time,Quote Asset Volume,Number of trades,Taker Buy Base Asset Volume,Taker Buy Quote Asset volume
1572393600000,0.30192000,0.30636000,0.29016000,0.29471000,117887579.10000000,1572479999999,35044956.86582100,93679,56549224.30000000,16810311.60378900,0
