Open Time,Open,High,Low,Close,Volume,Close Time,Quote Asset Volume,Number of trades,Taker Buy Base Asset Volume,Taker Buy Quote Asset volume
1551916800000,0.31628000,0.31936000,0.31240000,0.31311000,51060315.90000000,1552003199999,16092143.11109200,59083,24867249.30000000,7838676.59527700,0
