Open Time,Open,High,Low,Close,Volume,Close Time,Quote Asset Volume,Number of trades,Taker Buy Base Asset Volume,Taker Buy Quote Asset volume
1553817600000,0.30603000,0.31042000,0.30475000,0.30774000,52565413.40000000,1553903999999,16151708.19328100,52467,24033014.40000000,7388338.73437900,0
