Open Time,Open,High,Low,Close,Volume,Close Time,Quote Asset Volume,Number of trades,Taker Buy Base Asset Volume,Taker Buy Quote Asset volume
1555113600000,0.32314000,0.33590000,0.31936000,0.32458000,67170066.40000000,1555199999999,21933335.56195800,59615,35942605.80000000,11734846.99121000,0
