Open Time,Open,High,Low,Close,Volume,Close Time,Quote Asset Volume,Number of trades,Taker Buy Base Asset Volume,Taker Buy Quote Asset volume
1577145600000,0.18958000,0.19413000,0.18745000,0.19077000,66325389.40000000,1577231999999,12636776.75259700,30991,32379989.70000000,6171284.37161600,0
