Open Time,Open,High,Low,Close,Volume,Close Time,Quote Asset Volume,Number of trades,Taker Buy Base Asset Volume,Taker Buy Quote Asset volume
1569110400000,0.28964000,0.28982000,0.26860000,0.27653000,117475940.30000000,1569196799999,32630853.06701800,69721,56727512.20000000,15749764.06083100,0
