Open Time,Open,High,Low,Close,Volume,Close Time,Quote Asset Volume,Number of trades,Taker Buy Base Asset Volume,Taker Buy Quote Asset volume
1573689600000,0.27207000,0.27294000,0.26354000,0.26795000,72326033.60000000,1573775999999,19366232.43780700,58326,33338365.10000000,8929813.59447800,0
