Open Time,Open,High,Low,Close,Volume,Close Time,Quote Asset Volume,Number of trades,Taker Buy Base Asset Volume,Taker Buy Quote Asset volume
1567728000000,0.25616000,0.25868000,0.24692000,0.25110000,63377736.50000000,1567814399999,16136824.76931900,57313,31316303.80000000,7976269.44575700,0
