Open Time,Open,High,Low,Close,Volume,Close Time,Quote Asset Volume,Number of trades,Taker Buy Base Asset Volume,Taker Buy Quote Asset volume
1571702400000,0.29186000,0.30278000,0.28862000,0.29046000,102870808.00000000,1571788799999,30355779.11574700,83538,49049386.40000000,14487144.76800400,0
