Open Time,Open,High,Low,Close,Volume,Close Time,Quote Asset Volume,Number of trades,Taker Buy Base Asset Volume,Taker Buy Quote Asset volume
1574899200000,0.22408000,0.22946000,0.22246000,0.22313000,58823779.60000000,1574985599999,13310126.05955300,53416,28708401.20000000,6496699.36182100,0
