Open Time,Open,High,Low,Close,Volume,Close Time,Quote Asset Volume,Number of trades,Taker Buy Base Asset Volume,Taker Buy Quote Asset volume
1560902400000,0.42697000,0.43852000,0.42369000,0.43406000,95631659.50000000,1560988799999,41253569.31395000,106815,51524362.40000000,22226840.40259200,0
