Open Time,Open,High,Low,Close,Volume,Close Time,Quote Asset Volume,Number of trades,Taker Buy Base Asset Volume,Taker Buy Quote Asset volume
1560643200000,0.40949000,0.44098000,0.40583000,0.42703000,179818739.90000000,1560729599999,75742406.86668700,161611,94081577.40000000,39643981.79602800,0
