Open Time,Open,High,Low,Close,Volume,Close Time,Quote Asset Volume,Number of trades,Taker Buy Base Asset Volume,Taker Buy Quote Asset volume
1576800000000,0.18780000,0.19787000,0.18369000,0.19521000,142835629.80000000,1576886399999,27304791.68278100,59717,69822404.00000000,13357136.65523800,0
