Open Time,Open,High,Low,Close,Volume,Close Time,Quote Asset Volume,Number of trades,Taker Buy Base Asset Volume,Taker Buy Quote Asset volume
1574121600000,0.25174000,0.25654000,0.24300000,0.25398000,87899568.30000000,1574207999999,21882500.80385400,70657,42053540.20000000,10469567.32571500,0
