Open Time,Open,High,Low,Close,Volume,Close Time,Quote Asset Volume,Number of trades,Taker Buy Base Asset Volume,Taker Buy Quote Asset volume
1572912000000,0.29863000,0.30443000,0.29416000,0.30061000,107569775.10000000,1572998399999,32311660.74324200,89982,53660240.20000000,16120492.42079100,0
