Open Time,Open,High,Low,Close,Volume,Close Time,Quote Asset Volume,Number of trades,Taker Buy Base Asset Volume,Taker Buy Quote Asset volume
1562544000000,0.39651000,0.40300000,0.39114000,0.40073000,68579169.60000000,1562630399999,27221148.62972500,78222,35931196.80000000,14262362.80041400,0
