Open Time,Open,High,Low,Close,Volume,Close Time,Quote Asset Volume,Number of trades,Taker Buy Base Asset Volume,Taker Buy Quote Asset volume
1557532800000,0.29877000,0.33720000,0.29801000,0.31724000,191745220.00000000,1557619199999,60813200.23438600,168786,96914176.30000000,30778320.14716000,0
