Open Time,Open,High,Low,Close,Volume,Close Time,Quote Asset Volume,Number of trades,Taker Buy Base Asset Volume,Taker Buy Quote Asset volume
1566604800000,0.27663000,0.27726000,0.26370000,0.27137000,42809616.80000000,1566691199999,11569289.11624600,49049,20974563.00000000,5669916.66710500,0
