Open Time,Open,High,Low,Close,Volume,Close Time,Quote Asset Volume,Number of trades,Taker Buy Base Asset Volume,Taker Buy Quote Asset volume
1551312000000,0.31054000,0.31771000,0.30602000,0.31390000,82235972.70000000,1551398399999,25649682.96648800,79418,42649417.60000000,13305039.01500600,0
