Open Time,Open,High,Low,Close,Volume,Close Time,Quote Asset Volume,Number of trades,Taker Buy Base Asset Volume,Taker Buy Quote Asset volume
1564012800000,0.31547000,0.32300000,0.31117000,0.31335000,54892791.70000000,1564099199999,17408784.03905100,66454,28134159.50000000,8925663.80091600,0
