Open Time,Open,High,Low,Close,Volume,Close Time,Quote Asset Volume,Number of trades,Taker Buy Base Asset Volume,Taker Buy Quote Asset volume
1548374400000,0.31584000,0.31698000,0.31000000,0.31384000,23989294.40000000,1548460799999,7528099.41936400,36598,11999984.90000000,3767069.72309600,0
