Open Time,Open,High,Low,Close,Volume,Close Time,Quote Asset Volume,Number of trades,Taker Buy Base Asset Volume,Taker Buy Quote Asset volume
1567641600000,0.25843000,0.25937000,0.25337000,0.25617000,43270120.30000000,1567727999999,11089322.56188600,46246,21833085.60000000,5596146.90976800,0
