Open Time,Open,High,Low,Close,Volume,Close Time,Quote Asset Volume,Number of trades,Taker Buy Base Asset Volume,Taker Buy Quote Asset volume
1576454400000,0.21735000,0.21747000,0.20200000,0.20550000,86445966.40000000,1576540799999,18111443.95195100,40586,38391989.20000000,8041574.94668200,0
