Open Time,Open,High,Low,Close,Volume,Close Time,Quote Asset Volume,Number of trades,Taker Buy Base Asset Volume,Taker Buy Quote Asset volume
1568160000000,0.25855000,0.26092000,0.25100000,0.25519000,56043242.10000000,1568246399999,14279228.06347000,45009,28442721.60000000,7247616.57108600,0
