Open Time,Open,High,Low,Close,Volume,Close Time,Quote Asset Volume,Number of trades,Taker Buy Base Asset Volume,Taker Buy Quote Asset volume
1563667200000,0.33269000,0.33501000,0.32053000,0.33075000,64040258.20000000,1563753599999,20985358.45287000,75857,32276372.60000000,10580931.07833400,0
