Open Time,Open,High,Low,Close,Volume,Close Time,Quote Asset Volume,Number of trades,Taker Buy Base Asset Volume,Taker Buy Quote Asset volume
1568332800000,0.25404000,0.25600000,0.25132000,0.25520000,47599708.20000000,1568419199999,12086872.25065400,42137,23448850.90000000,5956158.09847900,0
