Open Time,Open,High,Low,Close,Volume,Close Time,Quote Asset Volume,Number of trades,Taker Buy Base Asset Volume,Taker Buy Quote Asset volume
1549238400000,0.30204000,0.30566000,0.29736000,0.29939000,44235957.50000000,1549324799999,13325536.77321400,51641,24449715.20000000,7366100.43060200,0
