Open Time,Open,High,Low,Close,Volume,Close Time,Quote Asset Volume,Number of trades,Taker Buy Base Asset Volume,Taker Buy Quote Asset volume
1570579200000,0.27740000,0.28693000,0.27358000,0.28082000,105865868.20000000,1570665599999,29652647.35855800,87688,53039327.70000000,14860219.65895100,0
