Open Time,Open,High,Low,Close,Volume,Close Time,Quote Asset Volume,Number of trades,Taker Buy Base Asset Volume,Taker Buy Quote Asset volume
1569628800000,0.24209000,0.24433000,0.23800000,0.24163000,45238244.90000000,1569715199999,10912438.14301100,40609,21042000.10000000,5077264.94704500,0
