Open Time,Open,High,Low,Close,Volume,Close Time,Quote Asset Volume,Number of trades,Taker Buy Base Asset Volume,Taker Buy Quote Asset volume
1564704000000,0.31554000,0.31785000,0.30836000,0.31178000,43108296.30000000,1564790399999,13509244.25829700,52619,21004385.60000000,6580783.98331800,0
