Open Time,Open,High,Low,Close,Volume,Close Time,Quote Asset Volume,Number of trades,Taker Buy Base Asset Volume,Taker Buy Quote Asset volume
1550620800000,0.32250000,0.33476000,0.31660000,0.33150000,103063793.80000000,1550707199999,33620034.42423200,115042,55743107.90000000,18179111.90708300,0
