Open Time,Open,High,Low,Close,Volume,Close Time,Quote Asset Volume,Number of trades,Taker Buy Base Asset Volume,Taker Buy Quote Asset volume
1565222400000,0.31093000,0.31204000,0.30452000,0.30825000,57294619.10000000,1565308799999,17625369.37722500,65386,28852834.30000000,8878841.92288500,0
