Open Time,Open,High,Low,Close,Volume,Close Time,Quote Asset Volume,Number of trades,Taker Buy Base Asset Volume,Taker Buy Quote Asset volume
1565654400000,0.30060000,0.30129000,0.29295000,0.29800000,32483448.90000000,1565740799999,9634244.26958000,48492,17194577.40000000,5098655.34687600,0
