Open Time,Open,High,Low,Close,Volume,Close Time,Quote Asset Volume,Number of trades,Taker Buy Base Asset Volume,Taker Buy Quote Asset volume
1548288000000,0.31422000,0.31795000,0.31255000,0.31593000,27176617.30000000,1548374399999,8561556.63377700,38617,13890071.60000000,4376260.50905300,0
