Open Time,Open,High,Low,Close,Volume,Close Time,Quote Asset Volume,Number of trades,Taker Buy Base Asset Volume,Taker Buy Quote Asset volume
1559779200000,0.39997000,0.42700000,0.39024000,0.41937000,187115409.80000000,1559865599999,76729329.75556200,166982,94150983.80000000,38610272.52636500,0
