Open Time,Open,High,Low,Close,Volume,Close Time,Quote Asset Volume,Number of trades,Taker Buy Base Asset Volume,Taker Buy Quote Asset volume
1558137600000,0.38858000,0.39598000,0.36340000,0.37183000,147757619.60000000,1558223999999,55731993.66772200,135377,75567734.10000000,28497462.59760900,0
