Open Time,Open,High,Low,Close,Volume,Close Time,Quote Asset Volume,Number of trades,Taker Buy Base Asset Volume,Taker Buy Quote Asset volume
1547856000000,0.32042000,0.33250000,0.31927000,0.32670000,43414969.40000000,1547942399999,14172186.90698800,50888,22935951.40000000,7489056.09214400,0
