Open Time,Open,High,Low,Close,Volume,Close Time,Quote Asset Volume,Number of trades,Taker Buy Base Asset Volume,Taker Buy Quote Asset volume
1563580800000,0.31870000,0.34094000,0.31818000,0.33279000,84000903.40000000,1563667199999,27729535.55872600,90591,44858352.00000000,14807220.14329000,0
