Open Time,Open,High,Low,Close,Volume,Close Time,Quote Asset Volume,Number of trades,Taker Buy Base Asset Volume,Taker Buy Quote Asset volume
1554940800000,0.35350000,0.35377000,0.31910000,0.32705000,141965465.90000000,1555027199999,46956927.98473700,113160,69921105.70000000,23101771.35397000,0
