Open Time,Open,High,Low,Close,Volume,Close Time,Quote Asset Volume,Number of trades,Taker Buy Base Asset Volume,Taker Buy Quote Asset volume
1548028800000,0.31697000,0.32163000,0.31270000,0.31767000,29721620.10000000,1548115199999,9416171.52438500,43779,16293009.20000000,5164210.10362500,0
