Open Time,Open,High,Low,Close,Volume,Close Time,Quote Asset Volume,Number of trades,Taker Buy Base Asset Volume,Taker Buy Quote Asset volume
1561334400000,0.47015000,0.47585000,0.45000000,0.47385000,116373926.20000000,1561420799999,53803330.00071000,112312,60517691.20000000,27998925.75197400,0
