Open Time,Open,High,Low,Close,Volume,Close Time,Quote Asset Volume,Number of trades,Taker Buy Base Asset Volume,Taker Buy Quote Asset volume
1551657600000,0.31115000,0.31222000,0.29728000,0.30207000,54554165.30000000,1551743999999,16547698.38438800,57629,27321879.00000000,8287500.81759300,0
