Open Time,Open,High,Low,Close,Volume,Close Time,Quote Asset Volume,Number of trades,Taker Buy Base Asset Volume,Taker Buy Quote Asset volume
1567296000000,0.25747000,0.25891000,0.25000000,0.25593000,32881805.20000000,1567382399999,8396989.38399400,39569,16313704.60000000,4168225.88843900,0
