Open Time,Open,High,Low,Close,Volume,Close Time,Quote Asset Volume,Number of trades,Taker Buy Base Asset Volume,Taker Buy Quote Asset volume
1566777600000,0.26961000,0.27969000,0.26704000,0.27051000,59046898.90000000,1566863999999,16038543.38969300,55102,28880044.80000000,7850002.13319800,0
