Open Time,Open,High,Low,Close,Volume,Close Time,Quote Asset Volume,Number of trades,Taker Buy Base Asset Volume,Taker Buy Quote Asset volume
1552521600000,0.31345000,0.31654000,0.30585000,0.31131000,54311189.10000000,1552607999999,16915000.62376300,57351,26688095.80000000,8317093.60845800,0
