Open Time,Open,High,Low,Close,Volume,Close Time,Quote Asset Volume,Number of trades,Taker Buy Base Asset Volume,Taker Buy Quote Asset volume
1553040000000,0.31581000,0.32275000,0.31150000,0.31779000,61071284.00000000,1553126399999,19305865.14656200,58354,31298668.70000000,9901221.99617900,0
