Open Time,Open,High,Low,Close,Volume,Close Time,Quote Asset Volume,Number of trades,Taker Buy Base Asset Volume,Taker Buy Quote Asset volume
1557705600000,0.31014000,0.32900000,0.30785000,0.32409000,135144821.20000000,1557791999999,43588295.04490200,117892,68702355.90000000,22159589.64234900,0
