Open Time,Open,High,Low,Close,Volume,Close Time,Quote Asset Volume,Number of trades,Taker Buy Base Asset Volume,Taker Buy Quote Asset volume
1551052800000,0.29757000,0.33975000,0.29672000,0.32731000,198793053.80000000,1551139199999,63766205.88395100,157915,101419763.10000000,32452376.89883800,0
