Open Time,Open,High,Low,Close,Volume,Close Time,Quote Asset Volume,Number of trades,Taker Buy Base Asset Volume,Taker Buy Quote Asset volume
1567987200000,0.26205000,0.26423000,0.25634000,0.25855000,58537945.70000000,1568073599999,15205988.48043400,52826,30530718.00000000,7932234.39037000,0
