Open Time,Open,High,Low,Close,Volume,Close Time,Quote Asset Volume,Number of trades,Taker Buy Base Asset Volume,Taker Buy Quote Asset volume
1550361600000,0.30084000,0.30800000,0.29849000,0.30318000,49930873.10000000,1550447999999,15070219.15356800,47749,23497801.50000000,7095959.34023300,0
