Open Time,Open,High,Low,Close,Volume,Close Time,Quote Asset Volume,Number of trades,Taker Buy Base Asset Volume,Taker Buy Quote Asset volume
1573516800000,0.27423000,0.27641000,0.26760000,0.27222000,77851651.40000000,1573603199999,21181919.66756800,69679,39566625.10000000,10768518.46304100,0
