Open Time,Open,High,Low,Close,Volume,Close Time,Quote Asset Volume,Number of trades,Taker Buy Base Asset Volume,Taker Buy Quote Asset volume
1571270400000,0.28334000,0.30380000,0.27969000,0.30167000,147918252.30000000,1571356799999,43648518.97783300,106027,74504050.70000000,21984253.06892700,0
