Open Time,Open,High,Low,Close,Volume,Close Time,Quote Asset Volume,Number of trades,Taker Buy Base Asset Volume,Taker Buy Quote Asset volume
1555977600000,0.32232000,0.32647000,0.31684000,0.31807000,54953934.00000000,1556063999999,17746937.16993200,62109,26244945.90000000,8478164.53922700,0
