Open Time,Open,High,Low,Close,Volume,Close Time,Quote Asset Volume,Number of trades,Taker Buy Base Asset Volume,Taker Buy Quote Asset volume
1577318400000,0.18864000,0.19410000,0.18722000,0.18923000,46612594.50000000,1577404799999,8857810.27259700,24912,22699803.10000000,4315365.23661200,0
