Open Time,Open,High,Low,Close,Volume,Close Time,Quote Asset Volume,Number of trades,Taker Buy Base Asset Volume,Taker Buy Quote Asset volume
1561420800000,0.47391000,0.47654000,0.45500000,0.46809000,156717428.90000000,1561507199999,73261711.57927800,135540,76842015.50000000,35926979.60667500,0
