Open Time,Open,High,Low,Close,Volume,Close Time,Quote Asset Volume,Number of trades,Taker Buy Base Asset Volume,Taker Buy Quote Asset volume
1555545600000,0.33435000,0.34671000,0.33116000,0.33533000,89265139.50000000,1555631999999,30166552.68147000,74098,43643127.50000000,14753030.05507000,0
