Open Time,Open,High,Low,Close,Volume,Close Time,Quote Asset Volume,Number of trades,Taker Buy Base Asset Volume,Taker Buy Quote Asset volume
1552262400000,0.31279000,0.31500000,0.30658000,0.30992000,51679569.60000000,1552348799999,16045274.78968600,53810,27324720.40000000,8482248.25255600,0
