Open Time,Open,High,Low,Close,Volume,Close Time,Quote Asset Volume,Number of trades,Taker Buy Base Asset Volume,Taker Buy Quote Asset volume
1552089600000,0.30780000,0.31900000,0.30680000,0.31389000,60052162.00000000,1552175999999,18838307.47623500,64710,33285098.30000000,10439432.37974100,0
