Open Time,Open,High,Low,Close,Volume,Close Time,Quote Asset Volume,Number of trades,Taker Buy Base Asset Volume,Taker Buy Quote Asset volume
1568764800000,0.28553000,0.32631000,0.28493000,0.31344000,300972127.90000000,1568851199999,93346877.96462500,170133,152015885.90000000,47137874.48313900,0
