Open Time,Open,High,Low,Close,Volume,Close Time,Quote Asset Volume,Number of trades,Taker Buy Base Asset Volume,Taker Buy Quote Asset volume
1562198400000,0.40458000,0.40520000,0.38500000,0.38723000,71298699.90000000,1562284799999,28153103.43429800,85963,34632664.80000000,13679927.23291700,0
