Open Time,Open,High,Low,Close,Volume,Close Time,Quote Asset Volume,Number of trades,Taker Buy Base Asset Volume,Taker Buy Quote Asset volume
1575676800000,0.22554000,0.22800000,0.22281000,0.22699000,46945345.80000000,1575763199999,10596180.40340900,22739,22192210.20000000,5011314.49906300,0
