Open Time,Open,High,Low,Close,Volume,Close Time,Quote Asset Volume,Number of trades,Taker Buy Base Asset Volume,Taker Buy Quote Asset volume
1565568000000,0.30316000,0.30536000,0.29800000,0.30060000,26440605.70000000,1565654399999,7958806.06325900,40292,12781413.20000000,3847671.22151800,0
