Open Time,Open,High,Low,Close,Volume,Close Time,Quote Asset Volume,Number of trades,Taker Buy Base Asset Volume,Taker Buy Quote Asset volume
1556409600000,0.29942000,0.30278000,0.29535000,0.29946000,27792665.60000000,1556495999999,8317449.55942800,39891,14117030.00000000,4225877.16629900,0
