Open Time,Open,High,Low,Close,Volume,Close Time,Quote Asset Volume,Number of trades,Taker Buy Base Asset Volume,Taker Buy Quote Asset volume
1564185600000,0.32303000,0.32621000,0.30540000,0.30965000,64056737.50000000,1564271999999,20077776.25692600,75595,30205809.80000000,9476982.64565500,0
