Open Time,Open,High,Low,Close,Volume,Close Time,Quote Asset Volume,Number of trades,Taker Buy Base Asset Volume,Taker Buy Quote Asset volume
1554163200000,0.31249000,0.35571000,0.31150000,0.35050000,254825056.80000000,1554249599999,84753414.78029300,184258,137555751.50000000,45738182.24257200,0
