Open Time,Open,High,Low,Close,Volume,Close Time,Quote Asset Volume,Number of trades,Taker Buy Base Asset Volume,Taker Buy Quote Asset volume
1562284800000,0.38722000,0.38825000,0.37325000,0.37881000,71395559.60000000,1562371199999,27193614.58418900,84023,34542612.00000000,13157152.78550300,0
