Open Time,Open,High,Low,Close,Volume,Close Time,Quote Asset Volume,Number of trades,Taker Buy Base Asset Volume,Taker Buy Quote Asset volume
1564358400000,0.31217000,0.31478000,0.30600000,0.31004000,39176999.00000000,1564444799999,12160589.27215900,54550,20710878.40000000,6430099.99574000,0
