Open Time,Open,High,Low,Close,Volume,Close Time,Quote Asset Volume,Number of trades,Taker Buy Base Asset Volume,Taker Buy Quote Asset volume
1553472000000,0.30792000,0.30800000,0.30000000,0.30310000,47533457.40000000,1553558399999,14470205.12785300,50480,23381927.70000000,7116518.60118000,0
