Open Time,Open,High,Low,Close,Volume,Close Time,Quote Asset Volume,Number of trades,Taker Buy Base Asset Volume,Taker Buy Quote Asset volume
1554508800000,0.36118000,0.36224000,0.34610000,0.35264000,127333234.40000000,1554595199999,45233281.72160200,112820,62971953.80000000,22377805.81905100,0
