Open Time,Open,High,Low,Close,Volume,Close Time,Quote Asset Volume,Number of trades,Taker Buy Base Asset Volume,Taker Buy Quote Asset volume
1561075200000,0.42986000,0.45000000,0.42925000,0.44250000,115252934.30000000,1561161599999,50628737.73910600,116661,62396090.60000000,27391038.15655700,0
