Open Time,Open,High,Low,Close,Volume,Close Time,Quote Asset Volume,Number of trades,Taker Buy Base Asset Volume,Taker Buy Quote Asset volume
1573257600000,0.27546000,0.28156000,0.27450000,0.27990000,62848374.80000000,1573343999999,17509161.47608700,54961,31110017.00000000,8665959.76760500,0
