Open Time,Open,High,Low,Close,Volume,Close Time,Quote Asset Volume,Number of trades,Taker Buy Base Asset Volume,Taker Buy Quote Asset volume
1577232000000,0.19069000,0.19137000,0.18633000,0.18852000,39672557.20000000,1577318399999,7478003.20180100,19933,19426118.70000000,3662515.60167400,0
