Open Time,Open,High,Low,Close,Volume,Close Time,Quote Asset Volume,Number of trades,Taker Buy Base Asset Volume,Taker Buy Quote Asset volume
1552003200000,0.31324000,0.31600000,0.30500000,0.30775000,52311973.00000000,1552089599999,16277504.81389300,57754,25925009.10000000,8072205.92558300,0
