Open Time,Open,High,Low,Close,Volume,Close Time,Quote Asset Volume,Number of trades,Taker Buy Base Asset Volume,Taker Buy Quote Asset volume
1567382400000,0.25596000,0.26428000,0.25295000,0.26060000,60783394.60000000,1567468799999,15660047.93332500,54675,30342920.00000000,7818797.39163600,0
