Open Time,Open,High,Low,Close,Volume,Close Time,Quote Asset Volume,Number of trades,Taker Buy Base Asset Volume,Taker Buy Quote Asset volume
1559952000000,0.41871000,0.42222000,0.40210000,0.40699000,77326412.30000000,1560038399999,31886670.37437800,88909,39536896.00000000,16311602.83336700,0
