Open Time,Open,High,Low,Close,Volume,Close Time,Quote Asset Volume,Number of trades,Taker Buy Base Asset Volume,Taker Buy Quote Asset volume
1549929600000,0.30243000,0.30842000,0.29625000,0.30514000,50915657.10000000,1550015999999,15358313.91676300,57603,27563521.50000000,8313009.47852000,0
