Open Time,Open,High,Low,Close,Volume,Close Time,Quote Asset Volume,Number of trades,Taker Buy Base Asset Volume,Taker Buy Quote Asset volume
1577750400000,0.19327000,0.19422000,0.18988000,0.19295000,40610029.30000000,1577836799999,7799069.73193300,34192,19662760.50000000,3776832.42249600,0
