Open Time,Open,High,Low,Close,Volume,Close Time,Quote Asset Volume,Number of trades,Taker Buy Base Asset Volume,Taker Buy Quote Asset volume
1572220800000,0.29825000,0.30510000,0.29309000,0.29447000,134306597.10000000,1572307199999,40059342.61663900,108779,66517081.30000000,19849745.82848200,0
