Open Time,Open,High,Low,Close,Volume,Close Time,Quote Asset Volume,Number of trades,Taker Buy Base Asset Volume,Taker Buy Quote Asset volume
1550102400000,0.30387000,0.30556000,0.29975000,0.30081000,38757408.10000000,1550188799999,11729954.91742200,47821,19231591.20000000,5821948.96031100,0
