Open Time,Open,High,Low,Close,Volume,Close Time,Quote Asset Volume,Number of trades,Taker Buy Base Asset Volume,Taker Buy Quote Asset volume
1554681600000,0.36149000,0.37012000,0.34365000,0.35568000,128130260.70000000,1554767999999,45648808.49944500,120076,61047367.50000000,21753887.22151600,0
