Open Time,Open,High,Low,Close,Volume,Close Time,Quote Asset Volume,Number of trades,Taker Buy Base Asset Volume,Taker Buy Quote Asset volume
1563321600000,0.29545000,0.32365000,0.29264000,0.31032000,159617507.60000000,1563407999999,49013568.84465600,167509,82947914.30000000,25483875.44095100,0
