Open Time,Open,High,Low,Close,Volume,Close Time,Quote Asset Volume,Number of trades,Taker Buy Base Asset Volume,Taker Buy Quote Asset volume
1548979200000,0.30920000,0.31197000,0.29500000,0.30624000,87742017.50000000,1549065599999,26700174.28348300,93872,45736008.10000000,13920013.60228500,0
