Open Time,Open,High,Low,Close,Volume,Close Time,Quote Asset Volume,Number of trades,Taker Buy Base Asset Volume,Taker Buy Quote Asset volume
1576108800000,0.22103000,0.22322000,0.21640000,0.21837000,49354032.60000000,1576195199999,10844545.41752800,25865,23502906.90000000,5165460.76019900,0
