Open Time,Open,High,Low,Close,Volume,Close Time,Quote Asset Volume,Number of trades,Taker Buy Base Asset Volume,Taker Buy Quote Asset volume
1576713600000,0.19573000,0.19706000,0.18447000,0.18780000,89497528.30000000,1576799999999,16898416.26217900,40031,40500363.10000000,7649437.68203900,0
