Open Time,Open,High,Low,Close,Volume,Close Time,Quote Asset Volume,Number of trades,Taker Buy Base Asset Volume,Taker Buy Quote Asset volume
1551484800000,0.31565000,0.31819000,0.30993000,0.31382000,49884108.00000000,1551571199999,15647042.14625600,56696,26332587.10000000,8259361.42444700,0
