Open Time,Open,High,Low,Close,Volume,Close Time,Quote Asset Volume,Number of trades,Taker Buy Base Asset Volume,Taker Buy Quote Asset volume
1569196800000,0.27656000,0.28666000,0.26601000,0.26786000,154408602.20000000,1569283199999,42540797.18759000,83469,76872625.20000000,21181159.77733700,0
