Open Time,Open,High,Low,Close,Volume,Close Time,Quote Asset Volume,Number of trades,Taker Buy Base Asset Volume,Taker Buy Quote Asset volume
1576281600000,0.22055000,0.22086000,0.21463000,0.21605000,31455442.10000000,1576367999999,6831705.15686200,16884,14527309.30000000,3156956.45492200,0
