Open Time,Open,High,Low,Close,Volume,Close Time,Quote Asset Volume,Number of trades,Taker Buy Base Asset Volume,Taker Buy Quote Asset volume
1558483200000,0.39515000,0.41110000,0.36600000,0.37183000,163758384.80000000,1558569599999,63767561.91525200,141977,82940020.60000000,32285597.14978400,0
