Open Time,Open,High,Low,Close,Volume,Close Time,Quote Asset Volume,Number of trades,Taker Buy Base Asset Volume,Taker Buy Quote Asset volume
1559088000000,0.44863000,0.45701000,0.42000000,0.44307000,205712650.40000000,1559174399999,90894593.91183800,175046,105884054.40000000,46796814.75185500,0
