Open Time,Open,High,Low,Close,Volume,Close Time,Quote Asset Volume,Number of trades,Taker Buy Base Asset Volume,Taker Buy Quote Asset volume
1573344000000,0.27990000,0.28400000,0.27658000,0.27894000,72586430.60000000,1573430399999,20319030.72505100,62298,35310366.00000000,9888388.99315100,0
