Open Time,Open,High,Low,Close,Volume,Close Time,Quote Asset Volume,Number of trades,Taker Buy Base Asset Volume,Taker Buy Quote Asset volume
1550188800000,0.30082000,0.30646000,0.29600000,0.30194000,35931398.30000000,1550275199999,10832503.23143200,47728,18202947.30000000,5489802.06895900,0
