Open Time,Open,High,Low,Close,Volume,Close Time,Quote Asset Volume,Number of trades,Taker Buy Base Asset Volume,Taker Buy Quote Asset volume
1556841600000,0.30206000,0.31053000,0.30030000,0.30784000,69197287.90000000,1556927999999,21177888.50879800,79973,35352644.40000000,10821446.19063200,0
