Open Time,Open,High,Low,Close,Volume,Close Time,Quote Asset Volume,Number of trades,Taker Buy Base Asset Volume,Taker Buy Quote Asset volume
1546992000000,0.36073000,0.36919000,0.35775000,0.36480000,67288168.80000000,1547078399999,24400079.83897500,71907,33996016.00000000,12330830.42471500,0
