Open Time,Open,High,Low,Close,Volume,Close Time,Quote Asset Volume,Number of trades,Taker Buy Base Asset Volume,Taker Buy Quote Asset volume
1546560000000,0.35255000,0.35800000,0.34385000,0.35308000,51976479.90000000,1546646399999,18261381.09001400,58174,25762836.50000000,9058915.32870700,0
