Open Time,Open,High,Low,Close,Volume,Close Time,Quote Asset Volume,Number of trades,Taker Buy Base Asset Volume,Taker Buy Quote Asset volume
1556668800000,0.30855000,0.31000000,0.29992000,0.30304000,48514885.70000000,1556755199999,14743040.14074500,62998,24026097.20000000,7303320.33254900,0
