Open Time,Open,High,Low,Close,Volume,Close Time,Quote Asset Volume,Number of trades,Taker Buy Base Asset Volume,Taker Buy Quote Asset volume
1566086400000,0.26535000,0.29190000,0.26353000,0.28320000,87006862.60000000,1566172799999,24368646.47354300,72869,44897250.20000000,12562175.64513900,0
