Open Time,Open,High,Low,Close,Volume,Close Time,Quote Asset Volume,Number of trades,Taker Buy Base Asset Volume,Taker Buy Quote Asset volume
1569801600000,0.24024000,0.26192000,0.23540000,0.25660000,156913857.00000000,1569887999999,39681370.16533400,104760,77817601.10000000,19683067.01846200,0
