Open Time,Open,High,Low,Close,Volume,Close Time,Quote Asset Volume,Number of trades,Taker Buy Base Asset Volume,Taker Buy Quote Asset volume
1570665600000,0.28089000,0.28168000,0.26455000,0.27021000,80850590.70000000,1570751999999,22049865.09771200,68618,39854844.90000000,10868363.56098500,0
