Open Time,Open,High,Low,Close,Volume,Close Time,Quote Asset Volume,Number of trades,Taker Buy Base Asset Volume,Taker Buy Quote Asset volume
1555372800000,0.31889000,0.32500000,0.31541000,0.32379000,43657398.10000000,1555459199999,13974983.00273200,38362,22425796.30000000,7179437.58495900,0
