Open Time,Open,High,Low,Close,Volume,Close Time,Quote Asset Volume,Number of trades,Taker Buy Base Asset Volume,Taker Buy Quote Asset volume
1553904000000,0.30775000,0.31834000,0.30687000,0.31107000,66842364.50000000,1553990399999,20896399.78371000,62859,33763081.40000000,10555089.17567300,0
