Open Time,Open,High,Low,Close,Volume,Close Time,Quote Asset Volume,Number of trades,Taker Buy Base Asset Volume,Taker Buy Quote Asset volume
1548547200000,0.31260000,0.31409000,0.30272000,0.30646000,40448660.60000000,1548633599999,12492573.53713100,46839,19164021.30000000,5917575.85031100,0
