Open Time,Open,High,Low,Close,Volume,Close Time,Quote Asset Volume,Number of trades,Taker Buy Base Asset Volume,Taker Buy Quote Asset volume
1567468800000,0.26060000,0.26700000,0.25751000,0.26242000,56305107.10000000,1567555199999,14738850.84403800,59268,28529754.40000000,7470481.47936900,0
