Open Time,Open,High,Low,Close,Volume,Close Time,Quote Asset Volume,Number of trades,Taker Buy Base Asset Volume,Taker Buy Quote Asset volume
1555200000000,0.32459000,0.33000000,0.32121000,0.32762000,36641180.90000000,1555286399999,11897726.92004000,38224,19011665.60000000,6174255.92202600,0
