Open Time,Open,High,Low,Close,Volume,Close Time,Quote Asset Volume,Number of trades,Taker Buy Base Asset Volume,Taker Buy Quote Asset volume
1560038400000,0.40699000,0.41043000,0.37000000,0.38527000,117296911.40000000,1560124799999,45513473.55737600,118307,57038735.30000000,22167829.21897400,0
