Open Time,Open,High,Low,Close,Volume,Close Time,Quote Asset Volume,Number of trades,Taker Buy Base Asset Volume,Taker Buy Quote Asset volume
1562112000000,0.39787000,0.40666000,0.39340000,0.40456000,78793554.40000000,1562198399999,31538551.19399300,90500,40404320.20000000,16180795.81499300,0
