Open Time,Open,High,Low,Close,Volume,Close Time,Quote Asset Volume,Number of trades,Taker Buy Base Asset Volume,Taker Buy Quote Asset volume
1589587200000,0.19818000,0.20250000,0.19664000,0.19969000,94327453.00000000,1589673599999,18846378.00129200,60593,46272349.40000000,9247588.23701100,0
