Open Time,Open,High,Low,Close,Volume,Close Time,Quote Asset Volume,Number of trades,Taker Buy Base Asset Volume,Taker Buy Quote Asset volume
1590969600000,0.20241000,0.21268000,0.20112000,0.21100000,157851522.00000000,1591055999999,32564541.55248200,80801,82022177.20000000,16930691.00381200,0
