Open Time,Open,High,Low,Close,Volume,Close Time,Quote Asset Volume,Number of trades,Taker Buy Base Asset Volume,Taker Buy Quote Asset volume
1580169600000,0.23078000,0.24162000,0.23077000,0.23906000,157599522.50000000,1580255999999,37078070.26866200,93181,83300252.90000000,19600928.32982200,0
