Open Time,Open,High,Low,Close,Volume,Close Time,Quote Asset Volume,Number of trades,Taker Buy Base Asset Volume,Taker Buy Quote Asset volume
1597536000000,0.29890000,0.30480000,0.29186000,0.30455000,272817352.50000000,1597622399999,81578876.75570500,162605,133539186.60000000,39929376.46673700,0
