Open Time,Open,High,Low,Close,Volume,Close Time,Quote Asset Volume,Number of trades,Taker Buy Base Asset Volume,Taker Buy Quote Asset volume
1606003200000,0.46283000,0.49659000,0.40155000,0.44611000,1873986909.80000000,1606089599999,840784017.98763500,1109860,930211844.00000000,417635905.15160200,0
