Open Time,Open,High,Low,Close,Volume,Close Time,Quote Asset Volume,Number of trades,Taker Buy Base Asset Volume,Taker Buy Quote Asset volume
1607731200000,0.54847000,0.55102000,0.48521000,0.50658000,997933196.60000000,1607817599999,515199855.29253100,800722,491359870.10000000,253971378.18162700,0
