Open Time,Open,High,Low,Close,Volume,Close Time,Quote Asset Volume,Number of trades,Taker Buy Base Asset Volume,Taker Buy Quote Asset volume
1587686400000,0.19261000,0.19695000,0.19197000,0.19325000,113830925.10000000,1587772799999,22146163.86090700,63836,53425759.90000000,10396945.48122700,0
