Open Time,Open,High,Low,Close,Volume,Close Time,Quote Asset Volume,Number of trades,Taker Buy Base Asset Volume,Taker Buy Quote Asset volume
1588291200000,0.21135000,0.22418000,0.21117000,0.21786000,160339801.00000000,1588377599999,34920373.57145900,107238,76678977.80000000,16702346.78352500,0
