Open Time,Open,High,Low,Close,Volume,Close Time,Quote Asset Volume,Number of trades,Taker Buy Base Asset Volume,Taker Buy Quote Asset volume
1578355200000,0.22310000,0.22550000,0.20702000,0.21335000,206449580.60000000,1578441599999,44351703.87586200,116906,100552272.90000000,21611631.16886100,0
