Open Time,Open,High,Low,Close,Volume,Close Time,Quote Asset Volume,Number of trades,Taker Buy Base Asset Volume,Taker Buy Quote Asset volume
1603756800000,0.24811000,0.25398000,0.24743000,0.25273000,125197583.40000000,1603843199999,31443533.49002900,57599,62213150.70000000,15627661.84937700,0
