Open Time,Open,High,Low,Close,Volume,Close Time,Quote Asset Volume,Number of trades,Taker Buy Base Asset Volume,Taker Buy Quote Asset volume
1594684800000,0.19866000,0.19978000,0.19500000,0.19909000,126120726.20000000,1594771199999,24969935.00676500,76499,62893003.90000000,12453058.69499500,0
