Open Time,Open,High,Low,Close,Volume,Close Time,Quote Asset Volume,Number of trades,Taker Buy Base Asset Volume,Taker Buy Quote Asset volume
1604361600000,0.23526000,0.24425000,0.22772000,0.23960000,213624345.80000000,1604447999999,50432667.44981600,97518,111803818.90000000,26411583.58616700,0
