Open Time,Open,High,Low,Close,Volume,Close Time,Quote Asset Volume,Number of trades,Taker Buy Base Asset Volume,Taker Buy Quote Asset volume
1608076800000,0.46793000,0.57477000,0.43722000,0.56941000,1249912571.20000000,1608163199999,618850157.50406300,783100,612387564.40000000,304184386.46603200,0
