Open Time,Open,High,Low,Close,Volume,Close Time,Quote Asset Volume,Number of trades,Taker Buy Base Asset Volume,Taker Buy Quote Asset volume
1588204800000,0.22644000,0.23590000,0.20816000,0.21135000,314088335.10000000,1588291199999,69473163.64863200,187611,155872754.70000000,34486920.16090900,0
