Open Time,Open,High,Low,Close,Volume,Close Time,Quote Asset Volume,Number of trades,Taker Buy Base Asset Volume,Taker Buy Quote Asset volume
1585094400000,0.16229000,0.16524000,0.15667000,0.16168000,200584719.20000000,1585180799999,32280625.72918800,111530,98643830.00000000,15879531.13190800,0
