Open Time,Open,High,Low,Close,Volume,Close Time,Quote Asset Volume,Number of trades,Taker Buy Base Asset Volume,Taker Buy Quote Asset volume
1599868800000,0.24252000,0.24879000,0.24019000,0.24752000,90026751.20000000,1599955199999,21958265.41265500,46745,45325697.80000000,11056234.05270000,0
