Open Time,Open,High,Low,Close,Volume,Close Time,Quote Asset Volume,Number of trades,Taker Buy Base Asset Volume,Taker Buy Quote Asset volume
1587427200000,0.18147000,0.18637000,0.18109000,0.18341000,111773322.90000000,1587513599999,20526910.21059300,67984,54843961.10000000,10072551.05240900,0
