Open Time,Open,High,Low,Close,Volume,Close Time,Quote Asset Volume,Number of trades,Taker Buy Base Asset Volume,Taker Buy Quote Asset volume
1588809600000,0.21172000,0.22110000,0.20934000,0.21862000,175859218.00000000,1588895999999,38007015.38389700,97365,91129651.00000000,19694529.54107800,0
