Open Time,Open,High,Low,Close,Volume,Close Time,Quote Asset Volume,Number of trades,Taker Buy Base Asset Volume,Taker Buy Quote Asset volume
1594944000000,0.19447000,0.19824000,0.19125000,0.19440000,119390267.70000000,1595030399999,23222588.34746700,68750,59130507.10000000,11499308.58573400,0
