Open Time,Open,High,Low,Close,Volume,Close Time,Quote Asset Volume,Number of trades,Taker Buy Base Asset Volume,Taker Buy Quote Asset volume
1607472000000,0.55897000,0.60544000,0.50383000,0.58265000,927273510.30000000,1607558399999,510964260.48307100,670626,472366279.60000000,260404343.50609900,0
