Open Time,Open,High,Low,Close,Volume,Close Time,Quote Asset Volume,Number of trades,Taker Buy Base Asset Volume,Taker Buy Quote Asset volume
1579996800000,0.21946000,0.23276000,0.21800000,0.23131000,79796120.00000000,1580083199999,17962846.05832600,61434,40493751.80000000,9120473.23056900,0
