Open Time,Open,High,Low,Close,Volume,Close Time,Quote Asset Volume,Number of trades,Taker Buy Base Asset Volume,Taker Buy Quote Asset volume
1604707200000,0.25860000,0.26733000,0.24419000,0.24910000,263707018.00000000,1604793599999,67744770.59906000,142250,122403812.40000000,31440971.35696100,0
