Open Time,Open,High,Low,Close,Volume,Close Time,Quote Asset Volume,Number of trades,Taker Buy Base Asset Volume,Taker Buy Quote Asset volume
1606608000000,0.62573000,0.63700000,0.58285000,0.60543000,857628664.80000000,1606694399999,524064378.11381600,664082,433775873.60000000,265196487.47703000,0
