Open Time,Open,High,Low,Close,Volume,Close Time,Quote Asset Volume,Number of trades,Taker Buy Base Asset Volume,Taker Buy Quote Asset volume
1608681600000,0.44636000,0.44842000,0.21164000,0.26050000,4553848887.40000000,1608767999999,1486807317.12006200,2197549,2182172929.10000000,713226594.52157800,0
