Open Time,Open,High,Low,Close,Volume,Close Time,Quote Asset Volume,Number of trades,Taker Buy Base Asset Volume,Taker Buy Quote Asset volume
1589328000000,0.19710000,0.20429000,0.19564000,0.20177000,95212470.10000000,1589414399999,19051354.36979300,56585,46792057.00000000,9363112.14242800,0
