Open Time,Open,High,Low,Close,Volume,Close Time,Quote Asset Volume,Number of trades,Taker Buy Base Asset Volume,Taker Buy Quote Asset volume
1582502400000,0.28298000,0.28425000,0.26401000,0.27040000,184354129.70000000,1582588799999,50198305.72827200,125417,87905870.30000000,23940752.25572600,0
