Open Time,Open,High,Low,Close,Volume,Close Time,Quote Asset Volume,Number of trades,Taker Buy Base Asset Volume,Taker Buy Quote Asset volume
1603152000000,0.24557000,0.25039000,0.24110000,0.24322000,142586108.20000000,1603238399999,34925003.95002400,72984,65935247.10000000,16152498.60443200,0
