Open Time,Open,High,Low,Close,Volume,Close Time,Quote Asset Volume,Number of trades,Taker Buy Base Asset Volume,Taker Buy Quote Asset volume
1594166400000,0.18508000,0.20669000,0.18382000,0.20551000,340558574.10000000,1594252799999,67681685.84491600,169765,172245397.40000000,34230348.70573500,0
