Open Time,Open,High,Low,Close,Volume,Close Time,Quote Asset Volume,Number of trades,Taker Buy Base Asset Volume,Taker Buy Quote Asset volume
1597017600000,0.28792000,0.30008000,0.28301000,0.29469000,357730182.00000000,1597103999999,105174273.35325400,171078,171459453.80000000,50425777.33903400,0
