Open Time,Open,High,Low,Close,Volume,Close Time,Quote Asset Volume,Number of trades,Taker Buy Base Asset Volume,Taker Buy Quote Asset volume
1578009600000,0.18750000,0.19395000,0.18450000,0.19338000,70390779.30000000,1578095999999,13425667.29431300,50474,36301583.10000000,6928904.32379000,0
