Open Time,Open,High,Low,Close,Volume,Close Time,Quote Asset Volume,Number of trades,Taker Buy Base Asset Volume,Taker Buy Quote Asset volume
1578096000000,0.19331000,0.19363000,0.19119000,0.19305000,34239655.40000000,1578182399999,6591839.23599200,29964,17121923.30000000,3296461.16571500,0
