Open Time,Open,High,Low,Close,Volume,Close Time,Quote Asset Volume,Number of trades,Taker Buy Base Asset Volume,Taker Buy Quote Asset volume
1596585600000,0.30137000,0.30813000,0.29080000,0.30228000,377922454.80000000,1596671999999,113786682.70940600,206522,189169114.40000000,56949044.63459200,0
