Open Time,Open,High,Low,Close,Volume,Close Time,Quote Asset Volume,Number of trades,Taker Buy Base Asset Volume,Taker Buy Quote Asset volume
1579305600000,0.23922000,0.25456000,0.23183000,0.24357000,206939203.80000000,1579391999999,50099945.91977400,133892,101555879.70000000,24609551.54725800,0
