Open Time,Open,High,Low,Close,Volume,Close Time,Quote Asset Volume,Number of trades,Taker Buy Base Asset Volume,Taker Buy Quote Asset volume
1584576000000,0.14749000,0.17257000,0.14428000,0.16460000,357277613.50000000,1584662399999,56107159.30561900,188931,184802757.90000000,29014277.68929200,0
