Open Time,Open,High,Low,Close,Volume,Close Time,Quote Asset Volume,Number of trades,Taker Buy Base Asset Volume,Taker Buy Quote Asset volume
1592438400000,0.19315000,0.19325000,0.18802000,0.18975000,83020048.80000000,1592524799999,15843553.69389400,43527,36284585.30000000,6924160.03804500,0
