Open Time,Open,High,Low,Close,Volume,Close Time,Quote Asset Volume,Number of trades,Taker Buy Base Asset Volume,Taker Buy Quote Asset volume
1604880000000,0.25368000,0.25620000,0.24557000,0.25059000,161129039.00000000,1604966399999,40400329.70075900,92547,81366512.80000000,20401653.72779900,0
