Open Time,Open,High,Low,Close,Volume,Close Time,Quote Asset Volume,Number of trades,Taker Buy Base Asset Volume,Taker Buy Quote Asset volume
1587081600000,0.19050000,0.19185000,0.18618000,0.18863000,91976842.00000000,1587167999999,17382005.13933200,56871,44723965.60000000,8450954.98455600,0
