Open Time,Open,High,Low,Close,Volume,Close Time,Quote Asset Volume,Number of trades,Taker Buy Base Asset Volume,Taker Buy Quote Asset volume
1602806400000,0.24584000,0.24787000,0.23750000,0.24011000,149640393.00000000,1602892799999,36128367.83097400,64397,72268026.10000000,17446535.56237700,0
