Open Time,Open,High,Low,Close,Volume,Close Time,Quote Asset Volume,Number of trades,Taker Buy Base Asset Volume,Taker Buy Quote Asset volume
1586390400000,0.20192000,0.20231000,0.19380000,0.19829000,104421253.80000000,1586476799999,20760538.16282100,61829,48524107.90000000,9646510.79974400,0
