Open Time,Open,High,Low,Close,Volume,Close Time,Quote Asset Volume,Number of trades,Taker Buy Base Asset Volume,Taker Buy Quote Asset volume
1595548800000,0.20847000,0.20855000,0.20189000,0.20392000,162043579.90000000,1595635199999,33175901.35948600,76974,80609499.30000000,16500967.54804200,0
