Open Time,Open,High,Low,Close,Volume,Close Time,Quote Asset Volume,Number of trades,Taker Buy Base Asset Volume,Taker Buy Quote Asset volume
1579910400000,0.22219000,0.22271000,0.21662000,0.21946000,56806347.00000000,1579996799999,12470105.17451000,45999,25849286.20000000,5674672.08218400,0
