Open Time,Open,High,Low,Close,Volume,Close Time,Quote Asset Volume,Number of trades,Taker Buy Base Asset Volume,Taker Buy Quote Asset volume
1583280000000,0.23433000,0.23839000,0.23000000,0.23453000,92570643.50000000,1583366399999,21670173.52439800,65830,45071048.30000000,10551889.12380200,0
