Open Time,Open,High,Low,Close,Volume,Close Time,Quote Asset Volume,Number of trades,Taker Buy Base Asset Volume,Taker Buy Quote Asset volume
1584662400000,0.16458000,0.17500000,0.14504000,0.15695000,511513197.80000000,1584748799999,83327848.65077600,282892,253742440.90000000,41392646.40953100,0
