Open Time,Open,High,Low,Close,Volume,Close Time,Quote Asset Volume,Number of trades,Taker Buy Base Asset Volume,Taker Buy Quote Asset volume
1587168000000,0.18863000,0.19715000,0.18838000,0.19544000,113765553.30000000,1587254399999,21916048.61832500,66572,53294534.60000000,10266845.75827600,0
