Open Time,Open,High,Low,Close,Volume,Close Time,Quote Asset Volume,Number of trades,Taker Buy Base Asset Volume,Taker Buy Quote Asset volume
1584057600000,0.13536000,0.16614000,0.10129000,0.15872000,1234550066.80000000,1584143999999,176952697.59835600,626847,614871211.50000000,88192737.77464100,0
