Open Time,Open,High,Low,Close,Volume,Close Time,Quote Asset Volume,Number of trades,Taker Buy Base Asset Volume,Taker Buy Quote Asset volume
1590624000000,0.19792000,0.20095000,0.19502000,0.20052000,110627844.20000000,1590710399999,21835213.63666400,55143,54588694.20000000,10775738.49791400,0
