Open Time,Open,High,Low,Close,Volume,Close Time,Quote Asset Volume,Number of trades,Taker Buy Base Asset Volume,Taker Buy Quote Asset volume
1593129600000,0.18156000,0.18694000,0.17848000,0.18249000,134171894.10000000,1593215999999,24516731.37091800,69995,59166748.60000000,10809718.37641700,0
