Open Time,Open,High,Low,Close,Volume,Close Time,Quote Asset Volume,Number of trades,Taker Buy Base Asset Volume,Taker Buy Quote Asset volume
1580515200000,0.23947000,0.24304000,0.23684000,0.24141000,78963550.60000000,1580601599999,18983141.14145500,60554,40168368.60000000,9661299.83383000,0
