Open Time,Open,High,Low,Close,Volume,Close Time,Quote Asset Volume,Number of trades,Taker Buy Base Asset Volume,Taker Buy Quote Asset volume
1589241600000,0.19254000,0.20010000,0.19128000,0.19711000,120759033.70000000,1589327999999,23710733.43990900,65024,56553992.10000000,11102738.90727600,0
