Open Time,Open,High,Low,Close,Volume,Close Time,Quote Asset Volume,Number of trades,Taker Buy Base Asset Volume,Taker Buy Quote Asset volume
1608336000000,0.58335000,0.60377000,0.56588000,0.57666000,614731783.60000000,1608422399999,358870636.70604100,412482,307153637.20000000,179327688.45931900,0
