Open Time,Open,High,Low,Close,Volume,Close Time,Quote Asset Volume,Number of trades,Taker Buy Base Asset Volume,Taker Buy Quote Asset volume
1606089600000,0.44592000,0.61984000,0.43232000,0.61579000,1851054399.60000000,1606175999999,962347929.29364200,1136923,934145661.50000000,485918677.39006700,0
