Open Time,Open,High,Low,Close,Volume,Close Time,Quote Asset Volume,Number of trades,Taker Buy Base Asset Volume,Taker Buy Quote Asset volume
1585008000000,0.15853000,0.16387000,0.15689000,0.16225000,250519379.80000000,1585094399999,40232050.46100600,140130,122821363.40000000,19726786.36704200,0
