Open Time,Open,High,Low,Close,Volume,Close Time,Quote Asset Volume,Number of trades,Taker Buy Base Asset Volume,Taker Buy Quote Asset volume
1600819200000,0.23301000,0.23520000,0.22017000,0.22164000,148246113.40000000,1600905599999,34012112.73271600,66307,72284088.40000000,16599115.01523200,0
