Open Time,Open,High,Low,Close,Volume,Close Time,Quote Asset Volume,Number of trades,Taker Buy Base Asset Volume,Taker Buy Quote Asset volume
1584489600000,0.14691000,0.14938000,0.14001000,0.14760000,233087384.90000000,1584575999999,33736394.87281800,138797,113726422.70000000,16457112.53771200,0
