Open Time,Open,High,Low,Close,Volume,Close Time,Quote Asset Volume,Number of trades,Taker Buy Base Asset Volume,Taker Buy Quote Asset volume
1590451200000,0.19622000,0.19695000,0.19139000,0.19372000,91454592.20000000,1590537599999,17758963.94054100,50688,41722951.90000000,8103143.25304700,0
