Open Time,Open,High,Low,Close,Volume,Close Time,Quote Asset Volume,Number of trades,Taker Buy Base Asset Volume,Taker Buy Quote Asset volume
1598572800000,0.26478000,0.27320000,0.26000000,0.27174000,161315866.70000000,1598659199999,43178213.03769800,77151,77742396.60000000,20810474.74924700,0
