Open Time,Open,High,Low,Close,Volume,Close Time,Quote Asset Volume,Number of trades,Taker Buy Base Asset Volume,Taker Buy Quote Asset volume
1587340800000,0.18892000,0.19453000,0.17821000,0.18151000,174028243.00000000,1587427199999,32618188.18551600,99628,84872303.40000000,15909092.33867500,0
