Open Time,Open,High,Low,Close,Volume,Close Time,Quote Asset Volume,Number of trades,Taker Buy Base Asset Volume,Taker Buy Quote Asset volume
1598227200000,0.28480000,0.29200000,0.28224000,0.28840000,163849857.20000000,1598313599999,47142715.93131400,92702,78528431.80000000,22600648.83148600,0
