Open Time,Open,High,Low,Close,Volume,Close Time,Quote Asset Volume,Number of trades,Taker Buy Base Asset Volume,Taker Buy Quote Asset volume
1579564800000,0.23314000,0.24200000,0.23000000,0.23726000,111913129.90000000,1579651199999,26486822.90638200,79475,55380872.20000000,13113087.70966100,0
