Open Time,Open,High,Low,Close,Volume,Close Time,Quote Asset Volume,Number of trades,Taker Buy Base Asset Volume,Taker Buy Quote Asset volume
1602547200000,0.25602000,0.25997000,0.25267000,0.25650000,232496747.40000000,1602633599999,59570256.07970600,95384,115477368.10000000,29594269.63461200,0
