Open Time,Open,High,Low,Close,Volume,Close Time,Quote Asset Volume,Number of trades,Taker Buy Base Asset Volume,Taker Buy Quote Asset volume
1605225600000,0.25490000,0.26590000,0.25350000,0.26590000,193021203.10000000,1605311999999,50106120.77904000,106397,97816628.30000000,25406478.30748800,0
