Open Time,Open,High,Low,Close,Volume,Close Time,Quote Asset Volume,Number of trades,Taker Buy Base Asset Volume,Taker Buy Quote Asset volume
1585526400000,0.16279000,0.17546000,0.16242000,0.17112000,181804091.30000000,1585612799999,31139110.22237800,99436,94880474.70000000,16250123.13543000,0
