Open Time,Open,High,Low,Close,Volume,Close Time,Quote Asset Volume,Number of trades,Taker Buy Base Asset Volume,Taker Buy Quote Asset volume
1597968000000,0.29217000,0.29585000,0.27671000,0.27933000,295142831.10000000,1598054399999,84779306.01874000,154460,137361589.00000000,39457107.22504300,0
