Open Time,Open,High,Low,Close,Volume,Close Time,Quote Asset Volume,Number of trades,Taker Buy Base Asset Volume,Taker Buy Quote Asset volume
1578268800000,0.19453000,0.22396000,0.19421000,0.22310000,234157239.20000000,1578355199999,49710472.35838900,133718,119398227.90000000,25347262.66104100,0
