Open Time,Open,High,Low,Close,Volume,Close Time,Quote Asset Volume,Number of trades,Taker Buy Base Asset Volume,Taker Buy Quote Asset volume
1598659200000,0.27166000,0.27685000,0.26865000,0.27380000,120917456.40000000,1598745599999,33040428.36723600,64610,59376533.30000000,16227682.97413200,0
