Open Time,Open,High,Low,Close,Volume,Close Time,Quote Asset Volume,Number of trades,Taker Buy Base Asset Volume,Taker Buy Quote Asset volume
1579392000000,0.24357000,0.25175000,0.22700000,0.23558000,180887717.90000000,1579478399999,43172566.93071000,109703,78809690.40000000,18834512.72532600,0
