Open Time,Open,High,Low,Close,Volume,Close Time,Quote Asset Volume,Number of trades,Taker Buy Base Asset Volume,Taker Buy Quote Asset volume
1596326400000,0.29089000,0.32628000,0.24760000,0.28803000,1089709098.70000000,1596412799999,319783013.59069300,531939,549730168.60000000,161483107.57308300,0
