Open Time,Open,High,Low,Close,Volume,Close Time,Quote Asset Volume,Number of trades,Taker Buy Base Asset Volume,Taker Buy Quote Asset volume
1581552000000,0.30427000,0.34000000,0.30000000,0.32709000,684720941.90000000,1581638399999,221009646.85461200,441869,343540140.90000000,110956304.38847700,0
