Open Time,Open,High,Low,Close,Volume,Close Time,Quote Asset Volume,Number of trades,Taker Buy Base Asset Volume,Taker Buy Quote Asset volume
1609372800000,0.21133000,0.22949000,0.20521000,0.21959000,1391876889.90000000,1609459199999,302605100.00284400,570174,692175034.90000000,150547799.14697200,0
