Open Time,Open,High,Low,Close,Volume,Close Time,Quote Asset Volume,Number of trades,Taker Buy Base Asset Volume,Taker Buy Quote Asset volume
1583971200000,0.20824000,0.20988000,0.12798000,0.13549000,771225355.40000000,1584057599999,126862479.00830900,362512,363976526.30000000,59925113.43309700,0
