Open Time,Open,High,Low,Close,Volume,Close Time,Quote Asset Volume,Number of trades,Taker Buy Base Asset Volume,Taker Buy Quote Asset volume
1585872000000,0.17828000,0.18277000,0.17568000,0.17957000,170663444.50000000,1585958399999,30611897.82359600,90917,84737602.00000000,15199502.60901800,0
