Open Time,Open,High,Low,Close,Volume,Close Time,Quote Asset Volume,Number of trades,Taker Buy Base Asset Volume,Taker Buy Quote Asset volume
1609113600000,0.28401000,0.31000000,0.23410000,0.24845000,1547274302.20000000,1609199999999,427264401.08771700,654614,732618704.40000000,202732311.65608100,0
