Open Time,Open,High,Low,Close,Volume,Close Time,Quote Asset Volume,Number of trades,Taker Buy Base Asset Volume,Taker Buy Quote Asset volume
1593734400000,0.17476000,0.17865000,0.17430000,0.17620000,93559429.80000000,1593820799999,16520877.85754100,60782,44102653.30000000,7786410.44455300,0
