Open Time,Open,High,Low,Close,Volume,Close Time,Quote Asset Volume,Number of trades,Taker Buy Base Asset Volume,Taker Buy Quote Asset volume
1600300800000,0.24682000,0.25860000,0.24601000,0.25214000,195903905.10000000,1600387199999,49350788.13288700,96692,97500979.70000000,24560074.80411300,0
