Open Time,Open,High,Low,Close,Volume,Close Time,Quote Asset Volume,Number of trades,Taker Buy Base Asset Volume,Taker Buy Quote Asset volume
1604966400000,0.25058000,0.26500000,0.24806000,0.25380000,250018160.40000000,1605052799999,64042649.82688900,133493,122793345.00000000,31438164.04655400,0
