Open Time,Open,High,Low,Close,Volume,Close Time,Quote Asset Volume,Number of trades,Taker Buy Base Asset Volume,Taker Buy Quote Asset volume
1599523200000,0.24202000,0.24365000,0.23120000,0.23657000,185386436.10000000,1599609599999,43907960.31541700,92056,91866919.70000000,21763511.12075000,0
