Open Time,Open,High,Low,Close,Volume,Close Time,Quote Asset Volume,Number of trades,Taker Buy Base Asset Volume,Taker Buy Quote Asset volume
1579132800000,0.23367000,0.23501000,0.22230000,0.22900000,140095581.90000000,1579219199999,31838224.54054200,97428,68127367.30000000,15485773.64533200,0
