Open Time,Open,High,Low,Close,Volume,Close Time,Quote Asset Volume,Number of trades,Taker Buy Base Asset Volume,Taker Buy Quote Asset volume
1599004800000,0.29515000,0.30400000,0.26220000,0.27595000,367857288.90000000,1599091199999,104193607.45472100,196976,173598911.50000000,49203884.79500600,0
