Open Time,Open,High,Low,Close,Volume,Close Time,Quote Asset Volume,Number of trades,Taker Buy Base Asset Volume,Taker Buy Quote Asset volume
1604448000000,0.23960000,0.24045000,0.23213000,0.23758000,175258053.10000000,1604534399999,41444809.32087900,81832,92062904.10000000,21772152.78389800,0
