Open Time,Open,High,Low,Close,Volume,Close Time,Quote Asset Volume,Number of trades,Taker Buy Base Asset Volume,Taker Buy Quote Asset volume
1585267200000,0.17591000,0.18724000,0.16936000,0.17269000,316147728.40000000,1585353599999,55791468.33575300,155790,150719301.50000000,26608418.94488500,0
