Open Time,Open,High,Low,Close,Volume,Close Time,Quote Asset Volume,Number of trades,Taker Buy Base Asset Volume,Taker Buy Quote Asset volume
1603929600000,0.24540000,0.24702000,0.23960000,0.24239000,127858202.60000000,1604015999999,31205978.45702000,61900,61825441.80000000,15099394.32774600,0
