Open Time,Open,High,Low,Close,Volume,Close Time,Quote Asset Volume,Number of trades,Taker Buy Base Asset Volume,Taker Buy Quote Asset volume
1596240000000,0.25938000,0.29739000,0.25557000,0.29089000,698526256.70000000,1596326399999,192372370.24955600,328933,369821278.50000000,101888143.68184600,0
