Open Time,Open,High,Low,Close,Volume,Close Time,Quote Asset Volume,Number of trades,Taker Buy Base Asset Volume,Taker Buy Quote Asset volume
1597881600000,0.28969000,0.29465000,0.28431000,0.29218000,217335773.00000000,1597967999999,63110464.11280700,120521,107883586.20000000,31326880.13055800,0
