Open Time,Open,High,Low,Close,Volume,Close Time,Quote Asset Volume,Number of trades,Taker Buy Base Asset Volume,Taker Buy Quote Asset volume
1609200000000,0.24832000,0.25167000,0.17351000,0.22142000,4215576309.20000000,1609286399999,912641375.41648300,1735386,2071570644.60000000,448957356.51948600,0
