Open Time,Open,High,Low,Close,Volume,Close Time,Quote Asset Volume,Number of trades,Taker Buy Base Asset Volume,Taker Buy Quote Asset volume
1584921600000,0.14774000,0.16163000,0.14472000,0.15854000,282036084.30000000,1585007999999,43440715.28262500,155600,139516428.10000000,21497159.42512900,0
