Open Time,Open,High,Low,Close,Volume,Close Time,Quote Asset Volume,Number of trades,Taker Buy Base Asset Volume,Taker Buy Quote Asset volume
1607904000000,0.51366000,0.51852000,0.48901000,0.49740000,375701995.00000000,1607990399999,188157111.95096600,273936,179094349.00000000,89684588.70692200,0
