Open Time,Open,High,Low,Close,Volume,Close Time,Quote Asset Volume,Number of trades,Taker Buy Base Asset Volume,Taker Buy Quote Asset volume
1583193600000,0.23968000,0.23970000,0.22942000,0.23428000,130633902.50000000,1583279999999,30665218.41354000,78333,61645357.10000000,14471197.15048300,0
