Open Time,Open,High,Low,Close,Volume,Close Time,Quote Asset Volume,Number of trades,Taker Buy Base Asset Volume,Taker Buy Quote Asset volume
1605484800000,0.26957000,0.28998000,0.26737000,0.28813000,321242912.30000000,1605571199999,89951174.76969600,165326,166732049.30000000,46692014.47330700,0
