Open Time,Open,High,Low,Close,Volume,Close Time,Quote Asset Volume,Number of trades,Taker Buy Base Asset Volume,Taker Buy Quote Asset volume
1594857600000,0.19722000,0.19756000,0.18822000,0.19444000,154403446.10000000,1594943999999,29776964.66440200,85208,72992131.10000000,14084527.77421300,0
