Open Time,Open,High,Low,Close,Volume,Close Time,Quote Asset Volume,Number of trades,Taker Buy Base Asset Volume,Taker Buy Quote Asset volume
1602374400000,0.25401000,0.25842000,0.25321000,0.25544000,129208149.40000000,1602460799999,33068068.21582300,58167,63475090.70000000,16247005.20076700,0
