Open Time,Open,High,Low,Close,Volume,Close Time,Quote Asset Volume,Number of trades,Taker Buy Base Asset Volume,Taker Buy Quote Asset volume
1593993600000,0.17691000,0.18934000,0.17644000,0.18875000,180480180.60000000,1594079999999,33204449.90334400,92229,90262066.00000000,16613662.78657500,0
