Open Time,Open,High,Low,Close,Volume,Close Time,Quote Asset Volume,Number of trades,Taker Buy Base Asset Volume,Taker Buy Quote Asset volume
1585699200000,0.17359000,0.17630000,0.16783000,0.17494000,184017110.90000000,1585785599999,31705061.12557000,90526,91016988.70000000,15689470.46147200,0
