Open Time,Open,High,Low,Close,Volume,Close Time,Quote Asset Volume,Number of trades,Taker Buy Base Asset Volume,Taker Buy Quote Asset volume
1600214400000,0.24331000,0.25117000,0.23410000,0.24686000,155437121.50000000,1600300799999,37716252.83850100,76921,77589036.10000000,18804816.40625400,0
