Open Time,Open,High,Low,Close,Volume,Close Time,Quote Asset Volume,Number of trades,Taker Buy Base Asset Volume,Taker Buy Quote Asset volume
1591660800000,0.20406000,0.20528000,0.20000000,0.20127000,81665800.90000000,1591747199999,16520867.17130800,45557,39336087.30000000,7957017.38950000,0
