Open Time,Open,High,Low,Close,Volume,Close Time,Quote Asset Volume,Number of trades,Taker Buy Base Asset Volume,Taker Buy Quote Asset volume
1599177600000,0.24404000,0.26582000,0.24012000,0.25385000,347276927.60000000,1599263999999,87432536.78023500,169671,168601407.00000000,42449372.81796500,0
