Open Time,Open,High,Low,Close,Volume,Close Time,Quote Asset Volume,Number of trades,Taker Buy Base Asset Volume,Taker Buy Quote Asset volume
1603411200000,0.25703000,0.25921000,0.25005000,0.25471000,145732428.50000000,1603497599999,37255585.12681500,68054,70013470.40000000,17898111.06549400,0
