Open Time,Open,High,Low,Close,Volume,Close Time,Quote Asset Volume,Number of trades,Taker Buy Base Asset Volume,Taker Buy Quote Asset volume
1608595200000,0.51469000,0.52213000,0.40215000,0.44642000,1509931701.20000000,1608681599999,702363072.80737300,930642,737052517.10000000,343285501.84275300,0
