Open Time,Open,High,Low,Close,Volume,Close Time,Quote Asset Volume,Number of trades,Taker Buy Base Asset Volume,Taker Buy Quote Asset volume
1607040000000,0.63046000,0.63420000,0.54253000,0.55367000,662141348.00000000,1607126399999,389782264.85841000,473967,313877426.60000000,184768216.41047700,0
