Open Time,Open,High,Low,Close,Volume,Close Time,Quote Asset Volume,Number of trades,Taker Buy Base Asset Volume,Taker Buy Quote Asset volume
1585612800000,0.17109000,0.17789000,0.17044000,0.17353000,158613778.60000000,1585699199999,27630973.27003700,78081,75391520.80000000,13134480.35532100,0
