Open Time,Open,High,Low,Close,Volume,Close Time,Quote Asset Volume,Number of trades,Taker Buy Base Asset Volume,Taker Buy Quote Asset volume
1593302400000,0.17510000,0.17983000,0.17337000,0.17693000,79916984.60000000,1593388799999,14183202.98940300,46215,39843351.90000000,7073187.76460000,0
