Open Time,Open,High,Low,Close,Volume,Close Time,Quote Asset Volume,Number of trades,Taker Buy Base Asset Volume,Taker Buy Quote Asset volume
1588118400000,0.21415000,0.23075000,0.20981000,0.22648000,292096742.30000000,1588204799999,64552311.11937100,169826,147949484.80000000,32710250.00956800,0
