Open Time,Open,High,Low,Close,Volume,Close Time,Quote Asset Volume,Number of trades,Taker Buy Base Asset Volume,Taker Buy Quote Asset volume
1581638400000,0.32718000,0.33942000,0.31040000,0.33594000,348251076.60000000,1581724799999,114034581.26898900,246897,177348004.70000000,58075660.28282000,0
