Open Time,Open,High,Low,Close,Volume,Close Time,Quote Asset Volume,Number of trades,Taker Buy Base Asset Volume,Taker Buy Quote Asset volume
1596672000000,0.30233000,0.31126000,0.29722000,0.30311000,315511639.90000000,1596758399999,95740810.47776900,183667,151500019.00000000,45983283.42399900,0
