Open Time,Open,High,Low,Close,Volume,Close Time,Quote Asset Volume,Number of trades,Taker Buy Base Asset Volume,Taker Buy Quote Asset volume
1608249600000,0.57685000,0.61346000,0.55101000,0.58337000,970255895.50000000,1608335999999,562936094.72690100,691560,471741906.60000000,273899593.03906100,0
