Open Time,Open,High,Low,Close,Volume,Close Time,Quote Asset Volume,Number of trades,Taker Buy Base Asset Volume,Taker Buy Quote Asset volume
1601769600000,0.23274000,0.25024000,0.23159000,0.24794000,157014929.50000000,1601855999999,37951261.26544500,70298,84277946.60000000,20374544.23761700,0
