Open Time,Open,High,Low,Close,Volume,Close Time,Quote Asset Volume,Number of trades,Taker Buy Base Asset Volume,Taker Buy Quote Asset volume
1606953600000,0.62969000,0.64180000,0.61490000,0.63046000,392655662.90000000,1607039999999,246271840.09299900,265747,194955973.10000000,122306565.73624400,0
