Open Time,Open,High,Low,Close,Volume,Close Time,Quote Asset Volume,Number of trades,Taker Buy Base Asset Volume,Taker Buy Quote Asset volume
1592697600000,0.18793000,0.18848000,0.18565000,0.18602000,66591992.60000000,1592783999999,12484413.48653100,37563,28767886.50000000,5393725.25983800,0
