Open Time,Open,High,Low,Close,Volume,Close Time,Quote Asset Volume,Number of trades,Taker Buy Base Asset Volume,Taker Buy Quote Asset volume
1604534400000,0.23759000,0.24743000,0.23712000,0.24561000,220616913.30000000,1604620799999,53398705.87834000,106711,113374466.20000000,27441878.69954600,0
