Open Time,Open,High,Low,Close,Volume,Close Time,Quote Asset Volume,Number of trades,Taker Buy Base Asset Volume,Taker Buy Quote Asset volume
1597708800000,0.31535000,0.32156000,0.29614000,0.30251000,406775389.70000000,1597795199999,125998018.68026200,219296,195616843.50000000,60605759.38253100,0
