Open Time,Open,High,Low,Close,Volume,Close Time,Quote Asset Volume,Number of trades,Taker Buy Base Asset Volume,Taker Buy Quote Asset volume
1601424000000,0.24286000,0.24289000,0.23750000,0.24171000,101266167.80000000,1601510399999,24347238.78740600,46695,48169800.60000000,11581709.67148200,0
