Open Time,Open,High,Low,Close,Volume,Close Time,Quote Asset Volume,Number of trades,Taker Buy Base Asset Volume,Taker Buy Quote Asset volume
1583366400000,0.23449000,0.24320000,0.23449000,0.23909000,130944711.90000000,1583452799999,31325344.32532600,76742,65653709.20000000,15705418.74667700,0
