Open Time,Open,High,Low,Close,Volume,Close Time,Quote Asset Volume,Number of trades,Taker Buy Base Asset Volume,Taker Buy Quote Asset volume
1597449600000,0.29995000,0.30537000,0.29070000,0.29884000,323612283.20000000,1597535999999,96907524.06882500,175498,157929032.40000000,47291837.91792400,0
