Open Time,Open,High,Low,Close,Volume,Close Time,Quote Asset Volume,Number of trades,Taker Buy Base Asset Volume,Taker Buy Quote Asset volume
1593561600000,0.17533000,0.17814000,0.17373000,0.17647000,96697381.80000000,1593647999999,17042899.87137800,51946,43150735.70000000,7603376.45667200,0
