Open Time,Open,High,Low,Close,Volume,Close Time,Quote Asset Volume,Number of trades,Taker Buy Base Asset Volume,Taker Buy Quote Asset volume
1583107200000,0.22699000,0.24149000,0.22582000,0.23958000,138299654.60000000,1583193599999,32516162.66589800,91338,72204628.10000000,16984439.50965800,0
