Open Time,Open,High,Low,Close,Volume,Close Time,Quote Asset Volume,Number of trades,Taker Buy Base Asset Volume,Taker Buy Quote Asset volume
1594598400000,0.20122000,0.20660000,0.19100000,0.19867000,210692216.40000000,1594684799999,42306094.03946200,114516,102894762.00000000,20666877.00459000,0
