Open Time,Open,High,Low,Close,Volume,Close Time,Quote Asset Volume,Number of trades,Taker Buy Base Asset Volume,Taker Buy Quote Asset volume
1602720000000,0.24906000,0.25014000,0.24287000,0.24596000,157801611.00000000,1602806399999,38896100.04833900,73706,77104996.70000000,19004963.32693800,0
