Open Time,Open,High,Low,Close,Volume,Close Time,Quote Asset Volume,Number of trades,Taker Buy Base Asset Volume,Taker Buy Quote Asset volume
1593043200000,0.18344000,0.18414000,0.17849000,0.18156000,83471401.80000000,1593129599999,15201347.41991000,47652,35854415.70000000,6530918.27109300,0
