Open Time,Open,High,Low,Close,Volume,Close Time,Quote Asset Volume,Number of trades,Taker Buy Base Asset Volume,Taker Buy Quote Asset volume
1578614400000,0.20375000,0.21318000,0.20023000,0.21284000,145223181.50000000,1578700799999,29977092.95285100,91240,73767512.30000000,15227926.80201500,0
