Open Time,Open,High,Low,Close,Volume,Close Time,Quote Asset Volume,Number of trades,Taker Buy Base Asset Volume,Taker Buy Quote Asset volume
1583712000000,0.20387000,0.21150000,0.19787000,0.20952000,288610509.40000000,1583798399999,59338524.52614400,179125,140545301.50000000,28907868.26830200,0
