Open Time,Open,High,Low,Close,Volume,Close Time,Quote Asset Volume,Number of trades,Taker Buy Base Asset Volume,Taker Buy Quote Asset volume
1583884800000,0.21181000,0.21380000,0.19900000,0.20813000,178652631.50000000,1583971199999,36943051.52137100,116512,88579684.70000000,18328535.33552900,0
