Open Time,Open,High,Low,Close,Volume,Close Time,Quote Asset Volume,Number of trades,Taker Buy Base Asset Volume,Taker Buy Quote Asset volume
1588032000000,0.19750000,0.21806000,0.19459000,0.21416000,244843302.10000000,1588118399999,50693359.87898900,124464,125829640.80000000,26049042.22580300,0
