Open Time,Open,High,Low,Close,Volume,Close Time,Quote Asset Volume,Number of trades,Taker Buy Base Asset Volume,Taker Buy Quote Asset volume
1586131200000,0.17927000,0.19834000,0.17917000,0.19803000,225433233.40000000,1586217599999,42647674.02742000,112627,117245575.00000000,22172198.61279900,0
