Open Time,Open,High,Low,Close,Volume,Close Time,Quote Asset Volume,Number of trades,Taker Buy Base Asset Volume,Taker Buy Quote Asset volume
1587772800000,0.19327000,0.19776000,0.19160000,0.19418000,78779257.10000000,1587859199999,15346321.20107100,50207,38762048.30000000,7553037.40942200,0
