Open Time,Open,High,Low,Close,Volume,Close Time,Quote Asset Volume,Number of trades,Taker Buy Base Asset Volume,Taker Buy Quote Asset volume
1597363200000,0.29420000,0.30730000,0.28918000,0.29995000,419013955.80000000,1597449599999,124939231.55753800,213849,204276279.40000000,60921456.02402900,0
