Open Time,Open,High,Low,Close,Volume,Close Time,Quote Asset Volume,Number of trades,Taker Buy Base Asset Volume,Taker Buy Quote Asset volume
1599955200000,0.24749000,0.25350000,0.23757000,0.24218000,134508183.70000000,1600041599999,32977928.09322100,72773,64995896.20000000,15954794.05446800,0
