Open Time,Open,High,Low,Close,Volume,Close Time,Quote Asset Volume,Number of trades,Taker Buy Base Asset Volume,Taker Buy Quote Asset volume
1598054400000,0.27935000,0.28663000,0.27330000,0.28592000,200686126.80000000,1598140799999,56060954.00197700,109815,94932638.20000000,26538749.89203500,0
