Open Time,Open,High,Low,Close,Volume,Close Time,Quote Asset Volume,Number of trades,Taker Buy Base Asset Volume,Taker Buy Quote Asset volume
1607385600000,0.60822000,0.61048000,0.55000000,0.55890000,500942717.00000000,1607471999999,293197052.25661100,396399,236011231.70000000,138050370.24155700,0
