Open Time,Open,High,Low,Close,Volume,Close Time,Quote Asset Volume,Number of trades,Taker Buy Base Asset Volume,Taker Buy Quote Asset volume
1592265600000,0.19238000,0.19404000,0.19007000,0.19238000,76442039.80000000,1592351999999,14666578.92863300,40275,37825552.10000000,7257334.96256200,0
