Open Time,Open,High,Low,Close,Volume,Close Time,Quote Asset Volume,Number of trades,Taker Buy Base Asset Volume,Taker Buy Quote Asset volume
1607299200000,0.62096000,0.62400000,0.59084000,0.60818000,386644252.10000000,1607385599999,235094193.69952900,288996,188823042.60000000,114793640.62571200,0
