Open Time,Open,High,Low,Close,Volume,Close Time,Quote Asset Volume,Number of trades,Taker Buy Base Asset Volume,Taker Buy Quote Asset volume
1603065600000,0.24220000,0.24945000,0.24011000,0.24558000,144261234.70000000,1603151999999,35439791.43339200,67118,70689605.60000000,17366066.28498500,0
