Open Time,Open,High,Low,Close,Volume,Close Time,Quote Asset Volume,Number of trades,Taker Buy Base Asset Volume,Taker Buy Quote Asset volume
1588982400000,0.21865000,0.22500000,0.21554000,0.21642000,159019230.10000000,1589068799999,35087403.05943200,87558,74817691.60000000,16512795.39022900,0
