Open Time,Open,High,Low,Close,Volume,Close Time,Quote Asset Volume,Number of trades,Taker Buy Base Asset Volume,Taker Buy Quote Asset volume
1587600000000,0.18803000,0.19951000,0.18558000,0.19260000,179113808.30000000,1587686399999,34473402.30824200,96564,90404540.20000000,17403545.20349600,0
