Open Time,Open,High,Low,Close,Volume,Close Time,Quote Asset Volume,Number of trades,Taker Buy Base Asset Volume,Taker Buy Quote Asset volume
1596153600000,0.24407000,0.26042000,0.24158000,0.25939000,295712939.10000000,1596239999999,73781607.93708200,162247,144293586.00000000,36003982.33491100,0
