Open Time,Open,High,Low,Close,Volume,Close Time,Quote Asset Volume,Number of trades,Taker Buy Base Asset Volume,Taker Buy Quote Asset volume
1592870400000,0.18933000,0.19042000,0.18831000,0.18889000,80442337.30000000,1592956799999,15203951.75292800,44293,37475013.70000000,7082627.51904500,0
