Open Time,Open,High,Low,Close,Volume,Close Time,Quote Asset Volume,Number of trades,Taker Buy Base Asset Volume,Taker Buy Quote Asset volume
1581033600000,0.28325000,0.28832000,0.27766000,0.27953000,158743853.50000000,1581119999999,44807968.23682200,118956,76282512.90000000,21538537.56527100,0
