Open Time,Open,High,Low,Close,Volume,Close Time,Quote Asset Volume,Number of trades,Taker Buy Base Asset Volume,Taker Buy Quote Asset volume
1594425600000,0.19906000,0.20482000,0.19792000,0.20110000,171252017.60000000,1594511999999,34447407.90476200,97942,86313829.60000000,17365437.87191900,0
