Open Time,Open,High,Low,Close,Volume,Close Time,Quote Asset Volume,Number of trades,Taker Buy Base Asset Volume,Taker Buy Quote Asset volume
1583020800000,0.22897000,0.23607000,0.22428000,0.22696000,125219316.20000000,1583107199999,28835622.11086200,83896,59839138.90000000,13779929.61782700,0
