Open Time,Open,High,Low,Close,Volume,Close Time,Quote Asset Volume,Number of trades,Taker Buy Base Asset Volume,Taker Buy Quote Asset volume
1586476800000,0.19826000,0.19872000,0.18119000,0.18758000,160752187.00000000,1586563199999,30441890.60896300,95030,72838709.90000000,13782179.40033000,0
