Open Time,Open,High,Low,Close,Volume,Close Time,Quote Asset Volume,Number of trades,Taker Buy Base Asset Volume,Taker Buy Quote Asset volume
1582588800000,0.27030000,0.27100000,0.25100000,0.25209000,209531989.30000000,1582675199999,54520365.69997000,133162,100866412.90000000,26251221.94386000,0
