Open Time,Open,High,Low,Close,Volume,Close Time,Quote Asset Volume,Number of trades,Taker Buy Base Asset Volume,Taker Buy Quote Asset volume
1580342400000,0.23538000,0.24669000,0.23056000,0.24376000,162144624.00000000,1580428799999,38659074.56336500,98254,79595464.00000000,18990534.89566200,0
