Open Time,Open,High,Low,Close,Volume,Close Time,Quote Asset Volume,Number of trades,Taker Buy Base Asset Volume,Taker Buy Quote Asset volume
1593820800000,0.17618000,0.17964000,0.17593000,0.17808000,101070772.20000000,1593907199999,17979199.30731000,59563,48271756.40000000,8587147.59107800,0
