Open Time,Open,High,Low,Close,Volume,Close Time,Quote Asset Volume,Number of trades,Taker Buy Base Asset Volume,Taker Buy Quote Asset volume
1583539200000,0.24475000,0.24500000,0.23500000,0.23622000,95845464.20000000,1583625599999,23018458.79790500,60491,46384968.70000000,11145041.45490800,0
