Open Time,Open,High,Low,Close,Volume,Close Time,Quote Asset Volume,Number of trades,Taker Buy Base Asset Volume,Taker Buy Quote Asset volume
1588636800000,0.21777000,0.22213000,0.21316000,0.21688000,106925948.70000000,1588723199999,23263009.84562000,67821,49676773.30000000,10806762.84692600,0
