Open Time,Open,High,Low,Close,Volume,Close Time,Quote Asset Volume,Number of trades,Taker Buy Base Asset Volume,Taker Buy Quote Asset volume
1586563200000,0.18760000,0.19213000,0.18500000,0.18850000,100598265.90000000,1586649599999,18977182.62824600,63329,47837844.70000000,9021072.32810500,0
