Open Time,Open,High,Low,Close,Volume,Close Time,Quote Asset Volume,Number of trades,Taker Buy Base Asset Volume,Taker Buy Quote Asset volume
1602460800000,0.25545000,0.25826000,0.24732000,0.25603000,225658413.60000000,1602547199999,57452750.35389600,92070,110525462.10000000,28137725.45021800,0
