Open Time,Open,High,Low,Close,Volume,Close Time,Quote Asset Volume,Number of trades,Taker Buy Base Asset Volume,Taker Buy Quote Asset volume
1600041600000,0.24214000,0.24840000,0.23901000,0.24564000,128679809.90000000,1600127999999,31519192.26020700,64976,61263918.70000000,15009057.05049900,0
