Open Time,Open,High,Low,Close,Volume,Close Time,Quote Asset Volume,Number of trades,Taker Buy Base Asset Volume,Taker Buy Quote Asset volume
1596844800000,0.29444000,0.29870000,0.28980000,0.29527000,180632239.20000000,1596931199999,53160920.89494000,116743,88103190.50000000,25930945.83350600,0
