Open Time,Open,High,Low,Close,Volume,Close Time,Quote Asset Volume,Number of trades,Taker Buy Base Asset Volume,Taker Buy Quote Asset volume
1580601600000,0.24146000,0.26163000,0.23550000,0.25093000,220101966.80000000,1580687999999,55336019.74537700,133056,109911138.30000000,27642371.08512600,0
