Open Time,Open,High,Low,Close,Volume,Close Time,Quote Asset Volume,Number of trades,Taker Buy Base Asset Volume,Taker Buy Quote Asset volume
1593216000000,0.18247000,0.18350000,0.16900000,0.17509000,100119859.40000000,1593302399999,17772779.34869700,60195,45308553.70000000,8046506.49179500,0
