Open Time,Open,High,Low,Close,Volume,Close Time,Quote Asset Volume,Number of trades,Taker Buy Base Asset Volume,Taker Buy Quote Asset volume
1608422400000,0.57692000,0.58658000,0.52870000,0.55586000,544352722.10000000,1608508799999,310455066.21607100,372634,260481080.20000000,148709545.84475000,0
