Open Time,Open,High,Low,Close,Volume,Close Time,Quote Asset Volume,Number of trades,Taker Buy Base Asset Volume,Taker Buy Quote Asset volume
1586217600000,0.19800000,0.20519000,0.18986000,0.19285000,271460619.00000000,1586303999999,53940498.19654900,134853,130617202.80000000,25960210.10184300,0
