Open Time,Open,High,Low,Close,Volume,Close Time,Quote Asset Volume,Number of trades,Taker Buy Base Asset Volume,Taker Buy Quote Asset volume
1596931200000,0.29532000,0.29839000,0.28215000,0.28790000,194741043.20000000,1597017599999,56426495.73492300,121899,94878303.80000000,27486778.26949800,0
