Open Time,Open,High,Low,Close,Volume,Close Time,Quote Asset Volume,Number of trades,Taker Buy Base Asset Volume,Taker Buy Quote Asset volume
1595376000000,0.19946000,0.20441000,0.19600000,0.20348000,127274412.30000000,1595462399999,25445742.45052800,67772,64992632.20000000,12998840.21785800,0
