Open Time,Open,High,Low,Close,Volume,Close Time,Quote Asset Volume,Number of trades,Taker Buy Base Asset Volume,Taker Buy Quote Asset volume
1579219200000,0.22899000,0.24453000,0.22659000,0.23921000,214368960.70000000,1579305599999,50576051.72393900,135743,103469562.40000000,24406558.98258600,0
