Open Time,Open,High,Low,Close,Volume,Close Time,Quote Asset Volume,Number of trades,Taker Buy Base Asset Volume,Taker Buy Quote Asset volume
1578787200000,0.21121000,0.21713000,0.20941000,0.21539000,70711714.40000000,1578873599999,15123300.63725500,50714,36529163.30000000,7813890.90990000,0
