Open Time,Open,High,Low,Close,Volume,Close Time,Quote Asset Volume,Number of trades,Taker Buy Base Asset Volume,Taker Buy Quote Asset volume
1603584000000,0.25620000,0.25714000,0.25105000,0.25313000,70096933.80000000,1603670399999,17779246.30891100,37225,32697128.70000000,8293440.83084700,0
