Open Time,Open,High,Low,Close,Volume,Close Time,Quote Asset Volume,Number of trades,Taker Buy Base Asset Volume,Taker Buy Quote Asset volume
1597795200000,0.30250000,0.30616000,0.27809000,0.28975000,390658603.20000000,1597881599999,113932105.78538900,216352,185337648.00000000,54049745.59853700,0
