Open Time,Open,High,Low,Close,Volume,Close Time,Quote Asset Volume,Number of trades,Taker Buy Base Asset Volume,Taker Buy Quote Asset volume
1592352000000,0.19236000,0.19895000,0.18846000,0.19315000,143789678.40000000,1592438399999,27856615.18362500,70707,67620243.50000000,13109199.52234500,0
