Open Time,Open,High,Low,Close,Volume,Close Time,Quote Asset Volume,Number of trades,Taker Buy Base Asset Volume,Taker Buy Quote Asset volume
1595116800000,0.19989000,0.20205000,0.19574000,0.19956000,117946275.30000000,1595203199999,23382843.50885600,64336,55300559.90000000,10963489.09983400,0
