Open Time,Open,High,Low,Close,Volume,Close Time,Quote Asset Volume,Number of trades,Taker Buy Base Asset Volume,Taker Buy Quote Asset volume
1607990400000,0.49737000,0.50715000,0.46433000,0.46793000,514053464.10000000,1608076799999,247959761.42708700,346976,244263475.40000000,117852527.45533700,0
