Open Time,Open,High,Low,Close,Volume,Close Time,Quote Asset Volume,Number of trades,Taker Buy Base Asset Volume,Taker Buy Quote Asset volume
1592956800000,0.18889000,0.19016000,0.17990000,0.18348000,99814387.30000000,1593043199999,18502915.65950100,55355,46229680.80000000,8574631.03538100,0
