Open Time,Open,High,Low,Close,Volume,Close Time,Quote Asset Volume,Number of trades,Taker Buy Base Asset Volume,Taker Buy Quote Asset volume
1599782400000,0.24302000,0.24440000,0.23683000,0.24252000,102995486.80000000,1599868799999,24851112.71487900,49778,47173658.50000000,11379904.46572100,0
