Open Time,Open,High,Low,Close,Volume,Close Time,Quote Asset Volume,Number of trades,Taker Buy Base Asset Volume,Taker Buy Quote Asset volume
1592784000000,0.18602000,0.19051000,0.18569000,0.18928000,121678902.80000000,1592870399999,22925902.51211800,52971,54197817.00000000,10213485.95068400,0
