Open Time,Open,High,Low,Close,Volume,Close Time,Quote Asset Volume,Number of trades,Taker Buy Base Asset Volume,Taker Buy Quote Asset volume
1579737600000,0.23733000,0.23746000,0.22123000,0.22586000,105762250.00000000,1579823999999,24097989.54580700,74101,48045635.60000000,10947127.78327700,0
