Open Time,Open,High,Low,Close,Volume,Close Time,Quote Asset Volume,Number of trades,Taker Buy Base Asset Volume,Taker Buy Quote Asset volume
1607558400000,0.58284000,0.58848000,0.55318000,0.57267000,558676539.10000000,1607644799999,319869975.20634100,481857,275125206.20000000,157552115.17246100,0
