Open Time,Open,High,Low,Close,Volume,Close Time,Quote Asset Volume,Number of trades,Taker Buy Base Asset Volume,Taker Buy Quote Asset volume
1603670400000,0.25313000,0.25910000,0.24341000,0.24810000,153008505.90000000,1603756799999,38536423.22892300,73736,69995188.10000000,17646706.86709500,0
