Open Time,Open,High,Low,Close,Volume,Close Time,Quote Asset Volume,Number of trades,Taker Buy Base Asset Volume,Taker Buy Quote Asset volume
1591056000000,0.21093000,0.21470000,0.19610000,0.20301000,203819088.30000000,1591142399999,42200256.16747300,93266,100116800.00000000,20743709.57959100,0
