Open Time,Open,High,Low,Close,Volume,Close Time,Quote Asset Volume,Number of trades,Taker Buy Base Asset Volume,Taker Buy Quote Asset volume
1606435200000,0.53649000,0.58669000,0.50345000,0.56230000,1241200699.60000000,1606521599999,673153678.07620300,876007,621553301.10000000,337251320.91090000,0
