Open Time,Open,High,Low,Close,Volume,Close Time,Quote Asset Volume,Number of trades,Taker Buy Base Asset Volume,Taker Buy Quote Asset volume
1584144000000,0.15875000,0.16100000,0.14351000,0.14588000,317354167.40000000,1584230399999,48507307.93506000,205290,159369280.40000000,24360820.68066300,0
