Open Time,Open,High,Low,Close,Volume,Close Time,Quote Asset Volume,Number of trades,Taker Buy Base Asset Volume,Taker Buy Quote Asset volume
1607644800000,0.57267000,0.58697000,0.52594000,0.54945000,952325951.70000000,1607731199999,529070040.37701700,631463,481173581.50000000,267204042.70055600,0
