Open Time,Open,High,Low,Close,Volume,Close Time,Quote Asset Volume,Number of trades,Taker Buy Base Asset Volume,Taker Buy Quote Asset volume
1601683200000,0.23387000,0.23499000,0.23254000,0.23273000,59902666.50000000,1601769599999,13997096.94670000,31364,29877861.40000000,6981141.29189800,0
