Open Time,Open,High,Low,Close,Volume,Close Time,Quote Asset Volume,Number of trades,Taker Buy Base Asset Volume,Taker Buy Quote Asset volume
1580860800000,0.26742000,0.28240000,0.26737000,0.27774000,309852829.80000000,1580947199999,85518327.62268400,198266,154312236.30000000,42600404.21281000,0
