Open Time,Open,High,Low,Close,Volume,Close Time,Quote Asset Volume,Number of trades,Taker Buy Base Asset Volume,Taker Buy Quote Asset volume
1591833600000,0.20266000,0.20360000,0.18460000,0.18817000,132263967.70000000,1591919999999,25844804.81622700,69845,62161699.40000000,12164305.58102000,0
