Open Time,Open,High,Low,Close,Volume,Close Time,Quote Asset Volume,Number of trades,Taker Buy Base Asset Volume,Taker Buy Quote Asset volume
1586822400000,0.18764000,0.18931000,0.18313000,0.18613000,93684121.10000000,1586908799999,17488252.49398600,60969,47036853.10000000,8780642.09158900,0
