Open Time,Open,High,Low,Close,Volume,Close Time,Quote Asset Volume,Number of trades,Taker Buy Base Asset Volume,Taker Buy Quote Asset volume
1605916800000,0.32993000,0.46950000,0.32929000,0.46283000,1667089858.10000000,1606003199999,665185391.44256500,919964,849418935.70000000,338913175.47388300,0
