Open Time,Open,High,Low,Close,Volume,Close Time,Quote Asset Volume,Number of trades,Taker Buy Base Asset Volume,Taker Buy Quote Asset volume
1605139200000,0.25581000,0.25818000,0.25250000,0.25490000,139776053.70000000,1605225599999,35653157.51249300,82041,71975105.50000000,18358544.90596400,0
