Open Time,Open,High,Low,Close,Volume,Close Time,Quote Asset Volume,Number of trades,Taker Buy Base Asset Volume,Taker Buy Quote Asset volume
1599091200000,0.27594000,0.27650000,0.23800000,0.24409000,375303316.20000000,1599177599999,98000534.91627000,179191,178836893.60000000,46757757.23020000,0
