Open Time,Open,High,Low,Close,Volume,Close Time,Quote Asset Volume,Number of trades,Taker Buy Base Asset Volume,Taker Buy Quote Asset volume
1589932800000,0.20486000,0.20624000,0.19750000,0.20179000,106603358.10000000,1590019199999,21674783.12959800,54840,50016708.50000000,10171355.19606200,0
