Open Time,Open,High,Low,Close,Volume,Close Time,Quote Asset Volume,Number of trades,Taker Buy Base Asset Volume,Taker Buy Quote Asset volume
1578441600000,0.21334000,0.21836000,0.20311000,0.20750000,148861801.30000000,1578527999999,31472465.53534600,94107,72951383.40000000,15422979.37905100,0
