Open Time,Open,High,Low,Close,Volume,Close Time,Quote Asset Volume,Number of trades,Taker Buy Base Asset Volume,Taker Buy Quote Asset volume
1594252800000,0.20544000,0.21186000,0.19667000,0.20263000,366287583.80000000,1594339199999,74431591.14789600,172726,177332786.40000000,36054587.20264800,0
