Open Time,Open,High,Low,Close,Volume,Close Time,Quote Asset Volume,Number of trades,Taker Buy Base Asset Volume,Taker Buy Quote Asset volume
1598832000000,0.28302000,0.28450000,0.27804000,0.28115000,164541572.90000000,1598918399999,46334854.98206800,87673,78014712.30000000,21968859.18157900,0
