Open Time,Open,High,Low,Close,Volume,Close Time,Quote Asset Volume,Number of trades,Taker Buy Base Asset Volume,Taker Buy Quote Asset volume
1588550400000,0.21936000,0.22057000,0.20713000,0.21776000,166756745.30000000,1588636799999,35767192.49778300,97018,78567550.60000000,16852866.97432300,0
