Open Time,Open,High,Low,Close,Volume,Close Time,Quote Asset Volume,Number of trades,Taker Buy Base Asset Volume,Taker Buy Quote Asset volume
1598400000000,0.27628000,0.28078000,0.27390000,0.27653000,153029000.50000000,1598486399999,42419994.10027700,92286,74110275.70000000,20548954.91265900,0
