Open Time,Open,High,Low,Close,Volume,Close Time,Quote Asset Volume,Number of trades,Taker Buy Base Asset Volume,Taker Buy Quote Asset volume
1596067200000,0.24323000,0.24954000,0.23300000,0.24408000,339560922.20000000,1596153599999,82500395.91632300,173380,164737547.00000000,40034503.21732800,0
