Open Time,Open,High,Low,Close,Volume,Close Time,Quote Asset Volume,Number of trades,Taker Buy Base Asset Volume,Taker Buy Quote Asset volume
1587513600000,0.18342000,0.18964000,0.18202000,0.18804000,93916879.30000000,1587599999999,17524430.81115300,52154,48210284.30000000,9003130.03597700,0
