Open Time,Open,High,Low,Close,Volume,Close Time,Quote Asset Volume,Number of trades,Taker Buy Base Asset Volume,Taker Buy Quote Asset volume
1590019200000,0.20178000,0.20305000,0.18928000,0.19434000,119870681.60000000,1590105599999,23543670.92069100,63124,55563071.30000000,10913175.39851000,0
