Open Time,Open,High,Low,Close,Volume,Close Time,Quote Asset Volume,Number of trades,Taker Buy Base Asset Volume,Taker Buy Quote Asset volume
1606521600000,0.56250000,0.64888000,0.53870000,0.62579000,1276241318.50000000,1606607999999,765827539.01040300,840281,636975761.80000000,382872357.85614100,0
