Open Time,Open,High,Low,Close,Volume,Close Time,Quote Asset Volume,Number of trades,Taker Buy Base Asset Volume,Taker Buy Quote Asset volume
1582243200000,0.27094000,0.27898000,0.26780000,0.27418000,175945123.90000000,1582329599999,48263687.83726300,129521,86587859.30000000,23755505.40254000,0
