Open Time,Open,High,Low,Close,Volume,Close Time,Quote Asset Volume,Number of trades,Taker Buy Base Asset Volume,Taker Buy Quote Asset volume
1580947200000,0.27782000,0.28856000,0.26778000,0.28325000,274932947.30000000,1581033599999,77128867.81962700,182535,138298288.80000000,38829948.33262100,0
