Open Time,Open,High,Low,Close,Volume,Close Time,Quote Asset Volume,Number of trades,Taker Buy Base Asset Volume,Taker Buy Quote Asset volume
1585180800000,0.16170000,0.17742000,0.15984000,0.17593000,206023274.90000000,1585267199999,34206852.49977300,109558,101890181.50000000,16931577.98967000,0
