Open Time,Open,High,Low,Close,Volume,Close Time,Quote Asset Volume,Number of trades,Taker Buy Base Asset Volume,Taker Buy Quote Asset volume
1595808000000,0.21528000,0.23000000,0.20861000,0.22437000,358365289.20000000,1595894399999,78837943.66513000,174780,182976050.10000000,40297790.21380600,0
