Open Time,Open,High,Low,Close,Volume,Close Time,Quote Asset Volume,Number of trades,Taker Buy Base Asset Volume,Taker Buy Quote Asset volume
1598140800000,0.28589000,0.28808000,0.27698000,0.28480000,147758018.40000000,1598227199999,41797800.64393500,80520,69707127.70000000,19715582.28003600,0
