Open Time,Open,High,Low,Close,Volume,Close Time,Quote Asset Volume,Number of trades,Taker Buy Base Asset Volume,Taker Buy Quote Asset volume
1589155200000,0.19708000,0.20031000,0.18400000,0.19254000,188926069.20000000,1589241599999,36506741.96018000,105182,91858597.10000000,17739693.06298200,0
