Open Time,Open,High,Low,Close,Volume,Close Time,Quote Asset Volume,Number of trades,Taker Buy Base Asset Volume,Taker Buy Quote Asset volume
1586736000000,0.18932000,0.18947000,0.18011000,0.18763000,158956441.40000000,1586822399999,29319579.40597100,100241,77280122.60000000,14253442.84806200,0
