Open Time,Open,High,Low,Close,Volume,Close Time,Quote Asset Volume,Number of trades,Taker Buy Base Asset Volume,Taker Buy Quote Asset volume
1586908800000,0.18605000,0.18973000,0.18000000,0.18050000,121466630.10000000,1586995199999,22474988.49845100,69564,58562317.70000000,10842228.40392200,0
