Open Time,Open,High,Low,Close,Volume,Close Time,Quote Asset Volume,Number of trades,Taker Buy Base Asset Volume,Taker Buy Quote Asset volume
1605052800000,0.25379000,0.26000000,0.25209000,0.25581000,155421758.60000000,1605139199999,39896988.27074500,86596,77815731.20000000,19977888.18436600,0
