Open Time,Open,High,Low,Close,Volume,Close Time,Quote Asset Volume,Number of trades,Taker Buy Base Asset Volume,Taker Buy Quote Asset volume
1581897600000,0.29248000,0.29511000,0.26821000,0.28736000,354803561.00000000,1581983999999,99269030.96835000,288706,171786296.20000000,48091481.93825500,0
