Open Time,Open,High,Low,Close,Volume,Close Time,Quote Asset Volume,Number of trades,Taker Buy Base Asset Volume,Taker Buy Quote Asset volume
1605830400000,0.30356000,0.33091000,0.29679000,0.32991000,484828433.30000000,1605916799999,151151000.06839800,248431,257045666.50000000,80126829.29905100,0
