Open Time,Open,High,Low,Close,Volume,Close Time,Quote Asset Volume,Number of trades,Taker Buy Base Asset Volume,Taker Buy Quote Asset volume
1592006400000,0.19308000,0.19379000,0.19076000,0.19234000,63292600.90000000,1592092799999,12170228.26026200,35405,31121452.60000000,5985123.30974100,0
