Open Time,Open,High,Low,Close,Volume,Close Time,Quote Asset Volume,Number of trades,Taker Buy Base Asset Volume,Taker Buy Quote Asset volume
1606694400000,0.60543000,0.67910000,0.59881000,0.66417000,1178919882.30000000,1606780799999,753345635.26538400,752946,579236095.30000000,370260926.42268000,0
