Open Time,Open,High,Low,Close,Volume,Close Time,Quote Asset Volume,Number of trades,Taker Buy Base Asset Volume,Taker Buy Quote Asset volume
1608854400000,0.33865000,0.38550000,0.27970000,0.31768000,3342216004.00000000,1608940799999,1115617187.97013300,1552013,1657818052.60000000,553984490.88477100,0
