Open Time,Open,High,Low,Close,Volume,Close Time,Quote Asset Volume,Number of trades,Taker Buy Base Asset Volume,Taker Buy Quote Asset volume
1578528000000,0.20750000,0.20877000,0.20126000,0.20373000,75492140.50000000,1578614399999,15431045.58976300,55921,36178314.20000000,7392145.92704200,0
