Open Time,Open,High,Low,Close,Volume,Close Time,Quote Asset Volume,Number of trades,Taker Buy Base Asset Volume,Taker Buy Quote Asset volume
1597276800000,0.28233000,0.29561000,0.27243000,0.29420000,343559052.20000000,1597363199999,96909703.26630000,188780,172958071.10000000,48776512.58241000,0
