Open Time,Open,High,Low,Close,Volume,Close Time,Quote Asset Volume,Number of trades,Taker Buy Base Asset Volume,Taker Buy Quote Asset volume
1600732800000,0.23104000,0.23459000,0.22916000,0.23302000,113084575.20000000,1600819199999,26224389.78956500,52422,55614873.00000000,12897037.34224900,0
