Open Time,Open,High,Low,Close,Volume,Close Time,Quote Asset Volume,Number of trades,Taker Buy Base Asset Volume,Taker Buy Quote Asset volume
1608768000000,0.26050000,0.37780000,0.24003000,0.33863000,3822010234.70000000,1608854399999,1078318896.96961900,1645761,1941501757.50000000,548998828.53487900,0
