Open Time,Open,High,Low,Close,Volume,Close Time,Quote Asset Volume,Number of trades,Taker Buy Base Asset Volume,Taker Buy Quote Asset volume
1586044800000,0.18114000,0.18206000,0.17627000,0.17925000,83641306.30000000,1586131199999,15006077.30518900,50886,42029864.50000000,7541679.08420700,0
