Open Time,Open,High,Low,Close,Volume,Close Time,Quote Asset Volume,Number of trades,Taker Buy Base Asset Volume,Taker Buy Quote Asset volume
1608508800000,0.55576000,0.56935000,0.49825000,0.51445000,593235772.10000000,1608595199999,317815563.94148600,382588,286234002.70000000,153504630.62217000,0
