Open Time,Open,High,Low,Close,Volume,Close Time,Quote Asset Volume,Number of trades,Taker Buy Base Asset Volume,Taker Buy Quote Asset volume
1606262400000,0.69399000,0.72500000,0.58405000,0.63022000,1690578550.20000000,1606348799999,1118433083.08770800,1208568,829271854.00000000,549376323.08448200,0
