Open Time,Open,High,Low,Close,Volume,Close Time,Quote Asset Volume,Number of trades,Taker Buy Base Asset Volume,Taker Buy Quote Asset volume
1602115200000,0.24871000,0.25297000,0.24206000,0.25141000,197900153.10000000,1602201599999,49015452.56436400,83606,98108621.50000000,24313486.33083900,0
