Open Time,Open,High,Low,Close,Volume,Close Time,Quote Asset Volume,Number of trades,Taker Buy Base Asset Volume,Taker Buy Quote Asset volume
1590710400000,0.20052000,0.20292000,0.19622000,0.19759000,98632638.40000000,1590796799999,19620435.16466400,51563,45556569.70000000,9060851.38716400,0
