Open Time,Open,High,Low,Close,Volume,Close Time,Quote Asset Volume,Number of trades,Taker Buy Base Asset Volume,Taker Buy Quote Asset volume
1583798400000,0.20946000,0.21567000,0.19979000,0.21185000,182259714.80000000,1583884799999,38376165.66272200,116198,87402601.20000000,18406611.80638200,0
