Open Time,Open,High,Low,Close,Volume,Close Time,Quote Asset Volume,Number of trades,Taker Buy Base Asset Volume,Taker Buy Quote Asset volume
1577836800000,0.19285000,0.19526000,0.19219000,0.19305000,29773022.60000000,1577923199999,5771433.60438300,30283,15792596.80000000,3062101.87541200,0
