Open Time,Open,High,Low,Close,Volume,Close Time,Quote Asset Volume,Number of trades,Taker Buy Base Asset Volume,Taker Buy Quote Asset volume
1598313600000,0.28840000,0.28959000,0.27000000,0.27625000,234190707.50000000,1598399999999,65341936.08110300,138205,110625072.70000000,30862535.31766600,0
