Open Time,Open,High,Low,Close,Volume,Close Time,Quote Asset Volume,Number of trades,Taker Buy Base Asset Volume,Taker Buy Quote Asset volume
1604188800000,0.23960000,0.24138000,0.23648000,0.23999000,64775047.60000000,1604275199999,15489254.77715700,35711,32307006.40000000,7722856.87763500,0
