Open Time,Open,High,Low,Close,Volume,Close Time,Quote Asset Volume,Number of trades,Taker Buy Base Asset Volume,Taker Buy Quote Asset volume
1605657600000,0.30247000,0.30818000,0.28055000,0.29335000,488657752.70000000,1605743999999,143882251.99272100,253075,245796076.20000000,72432491.15392200,0
