Open Time,Open,High,Low,Close,Volume,Close Time,Quote Asset Volume,Number of trades,Taker Buy Base Asset Volume,Taker Buy Quote Asset volume
1591401600000,0.20274000,0.20484000,0.20125000,0.20361000,79279154.80000000,1591487999999,16114585.18701400,43742,37650512.60000000,7654217.88947300,0
