Open Time,Open,High,Low,Close,Volume,Close Time,Quote Asset Volume,Number of trades,Taker Buy Base Asset Volume,Taker Buy Quote Asset volume
1599436800000,0.23987000,0.24292000,0.22962000,0.24198000,217149074.30000000,1599523199999,51478872.45168600,103411,101424963.60000000,24038305.06777900,0
