Open Time,Open,High,Low,Close,Volume,Close Time,Quote Asset Volume,Number of trades,Taker Buy Base Asset Volume,Taker Buy Quote Asset volume
1578700800000,0.21277000,0.21994000,0.20852000,0.21121000,119237732.20000000,1578787199999,25532572.23901500,85400,56878531.20000000,12179598.88955800,0
