Open Time,Open,High,Low,Close,Volume,Close Time,Quote Asset Volume,Number of trades,Taker Buy Base Asset Volume,Taker Buy Quote Asset volume
1604016000000,0.24232000,0.24402000,0.23057000,0.23905000,133423159.80000000,1604102399999,31703289.82017000,71272,64088260.10000000,15235583.86698400,0
