Open Time,Open,High,Low,Close,Volume,Close Time,Quote Asset Volume,Number of trades,Taker Buy Base Asset Volume,Taker Buy Quote Asset volume
1581984000000,0.28741000,0.30273000,0.27474000,0.29827000,296854594.30000000,1582070399999,86321655.12646400,219852,150511591.60000000,43788147.41810100,0
