Open Time,Open,High,Low,Close,Volume,Close Time,Quote Asset Volume,Number of trades,Taker Buy Base Asset Volume,Taker Buy Quote Asset volume
1595721600000,0.21462000,0.22499000,0.21255000,0.21532000,277074358.00000000,1595807999999,60582099.78635500,134839,140647554.60000000,30752925.84688800,0
