Open Time,Open,High,Low,Close,Volume,Close Time,Quote Asset Volume,Number of trades,Taker Buy Base Asset Volume,Taker Buy Quote Asset volume
1609545600000,0.23740000,0.23823000,0.21084000,0.22064000,1134029208.30000000,1609631999999,256890338.07794800,457387,554254939.30000000,125566214.94607600,0
