Open Time,Open,High,Low,Close,Volume,Close Time,Quote Asset Volume,Number of trades,Taker Buy Base Asset Volume,Taker Buy Quote Asset volume
1615939200000,0.46037000,0.48245000,0.45317000,0.46980000,564997453.70000000,1616025599999,263902659.48452800,357376,283079632.70000000,132254085.24534500,0
