Open Time,Open,High,Low,Close,Volume,Close Time,Quote Asset Volume,Number of trades,Taker Buy Base Asset Volume,Taker Buy Quote Asset volume
1610755200000,0.27987000,0.29666000,0.27503000,0.27924000,749907244.40000000,1610841599999,213356467.69899800,316456,380808277.90000000,108386062.66861100,0
