Open Time,Open,High,Low,Close,Volume,Close Time,Quote Asset Volume,Number of trades,Taker Buy Base Asset Volume,Taker Buy Quote Asset volume
1624320000000,0.60680000,0.65000000,0.50900000,0.54680000,1611548012.73000000,1624406399999,924711210.06098600,911507,788996826.85000000,452590306.09345400,0
