Open Time,Open,High,Low,Close,Volume,Close Time,Quote Asset Volume,Number of trades,Taker Buy Base Asset Volume,Taker Buy Quote Asset volume
1636243200000,1.15110000,1.23740000,1.14510000,1.21980000,371235010.00000000,1636329599999,444359161.87660000,746460,189529619.00000000,226885592.42200000,0
