Open Time,Open,High,Low,Close,Volume,Close Time,Quote Asset Volume,Number of trades,Taker Buy Base Asset Volume,Taker Buy Quote Asset volume
1639785600000,0.79670000,0.83470000,0.79100000,0.82620000,170671362.00000000,1639871999999,139512176.99310000,237029,84638803.00000000,69194113.92910000,0
