Open Time,Open,High,Low,Close,Volume,Close Time,Quote Asset Volume,Number of trades,Taker Buy Base Asset Volume,Taker Buy Quote Asset volume
1620086400000,1.55460000,1.55800000,1.32000000,1.38770000,1375223308.72000000,1620172799999,1969497041.49512700,1713307,673230719.77000000,964845833.37125200,0
