Open Time,Open,High,Low,Close,Volume,Close Time,Quote Asset Volume,Number of trades,Taker Buy Base Asset Volume,Taker Buy Quote Asset volume
1622332800000,0.83190000,0.93370000,0.79740000,0.90580000,837581783.30000000,1622419199999,730804950.58208000,843922,430931398.92000000,376082900.01676700,0
