Open Time,Open,High,Low,Close,Volume,Close Time,Quote Asset Volume,Number of trades,Taker Buy Base Asset Volume,Taker Buy Quote Asset volume
1633478400000,1.08400000,1.10810000,1.01710000,1.07650000,509214129.00000000,1633564799999,543208784.67360000,804618,248754734.00000000,265518234.86770000,0
