Open Time,Open,High,Low,Close,Volume,Close Time,Quote Asset Volume,Number of trades,Taker Buy Base Asset Volume,Taker Buy Quote Asset volume
1613865600000,0.51150000,0.55858000,0.50311000,0.54468000,1017475385.10000000,1613951999999,542004027.41867500,640280,501325328.60000000,267210477.74920000,0
