Open Time,Open,High,Low,Close,Volume,Close Time,Quote Asset Volume,Number of trades,Taker Buy Base Asset Volume,Taker Buy Quote Asset volume
1626998400000,0.59200000,0.61010000,0.57530000,0.60910000,359561806.43000000,1627084799999,213508431.98435500,266005,183752678.17000000,109139168.75764400,0
