Open Time,Open,High,Low,Close,Volume,Close Time,Quote Asset Volume,Number of trades,Taker Buy Base Asset Volume,Taker Buy Quote Asset volume
1617408000000,0.60701000,0.64262000,0.57300000,0.57831000,991064844.80000000,1617494399999,610941357.36784800,742609,497224486.60000000,306861796.42100500,0
