Open Time,Open,High,Low,Close,Volume,Close Time,Quote Asset Volume,Number of trades,Taker Buy Base Asset Volume,Taker Buy Quote Asset volume
1625097600000,0.70620000,0.70640000,0.64400000,0.65910000,463328799.28000000,1625183999999,308347617.58659600,341155,220453513.19000000,146701442.74053400,0
