Open Time,Open,High,Low,Close,Volume,Close Time,Quote Asset Volume,Number of trades,Taker Buy Base Asset Volume,Taker Buy Quote Asset volume
1620172800000,1.38780000,1.62400000,1.36600000,1.61330000,1261641294.96000000,1620259199999,1919965081.16477600,1700958,649582946.94000000,989241906.51206500,0
