Open Time,Open,High,Low,Close,Volume,Close Time,Quote Asset Volume,Number of trades,Taker Buy Base Asset Volume,Taker Buy Quote Asset volume
1611964800000,0.28290000,0.51780000,0.27800000,0.44372000,5872830448.00000000,1612051199999,2280599179.36687000,2525559,3000822383.00000000,1165945613.12318700,0
