Open Time,Open,High,Low,Close,Volume,Close Time,Quote Asset Volume,Number of trades,Taker Buy Base Asset Volume,Taker Buy Quote Asset volume
1632787200000,0.92170000,0.94310000,0.89030000,0.89280000,313521537.00000000,1632873599999,289321906.21270000,312017,151280494.00000000,139612420.78970000,0
