Open Time,Open,High,Low,Close,Volume,Close Time,Quote Asset Volume,Number of trades,Taker Buy Base Asset Volume,Taker Buy Quote Asset volume
1613347200000,0.59217000,0.60430000,0.50891000,0.54976000,1222510382.90000000,1613433599999,682566427.15941800,821281,596159173.80000000,333402613.46058800,0
