Open Time,Open,High,Low,Close,Volume,Close Time,Quote Asset Volume,Number of trades,Taker Buy Base Asset Volume,Taker Buy Quote Asset volume
1612396800000,0.39721000,0.48159000,0.37885000,0.44545000,2283530912.60000000,1612483199999,960323654.47175800,1148856,1149007635.90000000,483846474.24441400,0
