Open Time,Open,High,Low,Close,Volume,Close Time,Quote Asset Volume,Number of trades,Taker Buy Base Asset Volume,Taker Buy Quote Asset volume
1637280000000,1.04060000,1.10300000,1.01740000,1.08920000,349087574.00000000,1637366399999,370490515.56230000,481533,175186644.00000000,186033128.78560000,0
