Open Time,Open,High,Low,Close,Volume,Close Time,Quote Asset Volume,Number of trades,Taker Buy Base Asset Volume,Taker Buy Quote Asset volume
1635206400000,1.09510000,1.16060000,1.09050000,1.10750000,439499263.00000000,1635292799999,491588833.51560000,860622,215611292.00000000,241277301.72390000,0
