Open Time,Open,High,Low,Close,Volume,Close Time,Quote Asset Volume,Number of trades,Taker Buy Base Asset Volume,Taker Buy Quote Asset volume
1630454400000,1.18560000,1.23840000,1.15800000,1.23620000,469917987.00000000,1630540799999,563037891.08480000,811808,239867376.00000000,287499847.25930000,0
