Open Time,Open,High,Low,Close,Volume,Close Time,Quote Asset Volume,Number of trades,Taker Buy Base Asset Volume,Taker Buy Quote Asset volume
1630540800000,1.23620000,1.29500000,1.22160000,1.25330000,501596506.82000000,1630627199999,632172811.38600100,864194,254013580.76000000,320270441.05128300,0
