Open Time,Open,High,Low,Close,Volume,Close Time,Quote Asset Volume,Number of trades,Taker Buy Base Asset Volume,Taker Buy Quote Asset volume
1639180800000,0.79920000,0.84450000,0.78440000,0.83920000,284945414.00000000,1639267199999,234938185.35940000,445769,146717790.00000000,120976110.07880000,0
