Open Time,Open,High,Low,Close,Volume,Close Time,Quote Asset Volume,Number of trades,Taker Buy Base Asset Volume,Taker Buy Quote Asset volume
1612742400000,0.41848000,0.46920000,0.41250000,0.45099000,1149266957.30000000,1612828799999,505332982.46787800,674777,581901330.10000000,255900113.88942500,0
