Open Time,Open,High,Low,Close,Volume,Close Time,Quote Asset Volume,Number of trades,Taker Buy Base Asset Volume,Taker Buy Quote Asset volume
1609632000000,0.22064000,0.23852000,0.21500000,0.22540000,1178158964.40000000,1609718399999,263559996.33446400,476694,592251558.50000000,132569812.46135200,0
