Open Time,Open,High,Low,Close,Volume,Close Time,Quote Asset Volume,Number of trades,Taker Buy Base Asset Volume,Taker Buy Quote Asset volume
1613779200000,0.56478000,0.58235000,0.47231000,0.51167000,1247480282.20000000,1613865599999,679894672.34116600,856977,618190182.30000000,337315702.50995300,0
