Open Time,Open,High,Low,Close,Volume,Close Time,Quote Asset Volume,Number of trades,Taker Buy Base Asset Volume,Taker Buy Quote Asset volume
1625443200000,0.69600000,0.69700000,0.64440000,0.65260000,407839477.88000000,1625529599999,272157623.91114500,279063,196292847.59000000,130985898.16736000,0
