Open Time,Open,High,Low,Close,Volume,Close Time,Quote Asset Volume,Number of trades,Taker Buy Base Asset Volume,Taker Buy Quote Asset volume
1634256000000,1.13350000,1.16560000,1.09140000,1.14130000,573654581.00000000,1634342399999,648102623.43150000,762420,290476142.00000000,328229101.25840000,0
