Open Time,Open,High,Low,Close,Volume,Close Time,Quote Asset Volume,Number of trades,Taker Buy Base Asset Volume,Taker Buy Quote Asset volume
1613692800000,0.53217000,0.58195000,0.51310000,0.56465000,1130348604.30000000,1613779199999,621007938.39404100,669596,560385861.00000000,308111839.37726500,0
