Open Time,Open,High,Low,Close,Volume,Close Time,Quote Asset Volume,Number of trades,Taker Buy Base Asset Volume,Taker Buy Quote Asset volume
1637452800000,1.09650000,1.09740000,1.05440000,1.05690000,228064131.00000000,1637539199999,245324674.69240000,343512,116076285.00000000,124875799.03370000,0
