Open Time,Open,High,Low,Close,Volume,Close Time,Quote Asset Volume,Number of trades,Taker Buy Base Asset Volume,Taker Buy Quote Asset volume
1637020800000,1.17200000,1.17210000,1.04180000,1.08770000,599544174.00000000,1637107199999,662858882.20380000,853020,288381014.00000000,318846891.29830000,0
