Open Time,Open,High,Low,Close,Volume,Close Time,Quote Asset Volume,Number of trades,Taker Buy Base Asset Volume,Taker Buy Quote Asset volume
1618790400000,1.40797000,1.53390000,1.25100000,1.30945000,1608073829.40000000,1618876799999,2226346359.83780700,1996347,797102634.00000000,1104372358.57372700,0
