Open Time,Open,High,Low,Close,Volume,Close Time,Quote Asset Volume,Number of trades,Taker Buy Base Asset Volume,Taker Buy Quote Asset volume
1615680000000,0.45786000,0.46155000,0.43857000,0.43905000,415693265.60000000,1615766399999,186867219.54191300,226129,212557016.90000000,95528073.64219800,0
