Open Time,Open,High,Low,Close,Volume,Close Time,Quote Asset Volume,Number of trades,Taker Buy Base Asset Volume,Taker Buy Quote Asset volume
1610150400000,0.32049000,0.33950000,0.30523000,0.32419000,1177910308.90000000,1610236799999,378279817.30675900,536896,583696256.00000000,187554326.95554800,0
