Open Time,Open,High,Low,Close,Volume,Close Time,Quote Asset Volume,Number of trades,Taker Buy Base Asset Volume,Taker Buy Quote Asset volume
1611446400000,0.27169000,0.27798000,0.26804000,0.27339000,353391385.90000000,1611532799999,96574389.38794800,156175,173178243.00000000,47328388.18974300,0
