Open Time,Open,High,Low,Close,Volume,Close Time,Quote Asset Volume,Number of trades,Taker Buy Base Asset Volume,Taker Buy Quote Asset volume
1612915200000,0.47637000,0.54224000,0.45000000,0.50429000,2024774430.60000000,1613001599999,1012450835.78128300,1219466,1012008775.30000000,506431248.65503500,0
