Open Time,Open,High,Low,Close,Volume,Close Time,Quote Asset Volume,Number of trades,Taker Buy Base Asset Volume,Taker Buy Quote Asset volume
1609459200000,0.21953000,0.25000000,0.21600000,0.23746000,1490489727.40000000,1609545599999,351730366.62146100,652631,757643334.40000000,178883309.52725100,0
