Open Time,Open,High,Low,Close,Volume,Close Time,Quote Asset Volume,Number of trades,Taker Buy Base Asset Volume,Taker Buy Quote Asset volume
1635897600000,1.13480000,1.23630000,1.12550000,1.21010000,838803472.00000000,1635983999999,995581269.66260000,1836581,429499652.00000000,509886641.12750000,0
