Open Time,Open,High,Low,Close,Volume,Close Time,Quote Asset Volume,Number of trades,Taker Buy Base Asset Volume,Taker Buy Quote Asset volume
1637366400000,1.08920000,1.10150000,1.05940000,1.09650000,251779916.00000000,1637452799999,273011333.84250000,388598,129627743.00000000,140565289.44540000,0
