Open Time,Open,High,Low,Close,Volume,Close Time,Quote Asset Volume,Number of trades,Taker Buy Base Asset Volume,Taker Buy Quote Asset volume
1632096000000,1.04830000,1.04970000,0.87380000,0.92160000,837287959.74000000,1632182399999,792700101.40144700,1114773,396072034.61000000,374991149.29375700,0
