Open Time,Open,High,Low,Close,Volume,Close Time,Quote Asset Volume,Number of trades,Taker Buy Base Asset Volume,Taker Buy Quote Asset volume
1619308800000,1.04971000,1.15600000,0.94180000,1.03510000,1026066203.52000000,1619395199999,1083686710.54089770,961195,496212996.30000000,524149201.30945600,0
