Open Time,Open,High,Low,Close,Volume,Close Time,Quote Asset Volume,Number of trades,Taker Buy Base Asset Volume,Taker Buy Quote Asset volume
1625270400000,0.65570000,0.68490000,0.64330000,0.67320000,329367273.74000000,1625356799999,220039385.46802600,275661,168424033.72000000,112502584.60471300,0
