Open Time,Open,High,Low,Close,Volume,Close Time,Quote Asset Volume,Number of trades,Taker Buy Base Asset Volume,Taker Buy Quote Asset volume
1632700800000,0.94360000,0.98180000,0.91940000,0.92180000,350234819.00000000,1632787199999,334311153.36250000,400924,171783128.00000000,164056068.80720000,0
