Open Time,Open,High,Low,Close,Volume,Close Time,Quote Asset Volume,Number of trades,Taker Buy Base Asset Volume,Taker Buy Quote Asset volume
1630800000000,1.25480000,1.31250000,1.23610000,1.30760000,335187953.00000000,1630886399999,427279713.97350000,598420,169476333.00000000,216130488.93990000,0
