Open Time,Open,High,Low,Close,Volume,Close Time,Quote Asset Volume,Number of trades,Taker Buy Base Asset Volume,Taker Buy Quote Asset volume
1612137600000,0.49516000,0.75500000,0.35928000,0.37106000,8608358082.60000000,1612223999999,4589983778.52575700,4196624,4210779801.70000000,2255512991.45066400,0
