Open Time,Open,High,Low,Close,Volume,Close Time,Quote Asset Volume,Number of trades,Taker Buy Base Asset Volume,Taker Buy Quote Asset volume
1640304000000,0.99410000,0.99660000,0.89640000,0.91150000,567234092.00000000,1640390399999,537703509.63100000,787038,282710173.00000000,268515665.26410000,0
