Open Time,Open,High,Low,Close,Volume,Close Time,Quote Asset Volume,Number of trades,Taker Buy Base Asset Volume,Taker Buy Quote Asset volume
1613433600000,0.54987000,0.58005000,0.48111000,0.51995000,1153641290.10000000,1613519999999,617505050.66578300,765036,563426098.10000000,301850288.26371400,0
