Open Time,Open,High,Low,Close,Volume,Close Time,Quote Asset Volume,Number of trades,Taker Buy Base Asset Volume,Taker Buy Quote Asset volume
1610409600000,0.28742000,0.31003000,0.27743000,0.29254000,1100343591.00000000,1610495999999,323719332.68838100,500738,546798325.70000000,160946701.93658700,0
