Open Time,Open,High,Low,Close,Volume,Close Time,Quote Asset Volume,Number of trades,Taker Buy Base Asset Volume,Taker Buy Quote Asset volume
1639526400000,0.81020000,0.84000000,0.77700000,0.82620000,354116180.00000000,1639612799999,286906700.21170000,436330,176584730.00000000,143072430.06290000,0
