Open Time,Open,High,Low,Close,Volume,Close Time,Quote Asset Volume,Number of trades,Taker Buy Base Asset Volume,Taker Buy Quote Asset volume
1611705600000,0.26837000,0.26871000,0.24388000,0.25039000,468085255.10000000,1611791999999,119454680.46966500,208679,220261041.30000000,56215704.78288500,0
