Open Time,Open,High,Low,Close,Volume,Close Time,Quote Asset Volume,Number of trades,Taker Buy Base Asset Volume,Taker Buy Quote Asset volume
1630022400000,1.07130000,1.19260000,1.05010000,1.19180000,565739468.35000000,1630108799999,630214549.74149600,645262,288472905.10000000,321611419.44054800,0
