Open Time,Open,High,Low,Close,Volume,Close Time,Quote Asset Volume,Number of trades,Taker Buy Base Asset Volume,Taker Buy Quote Asset volume
1627862400000,0.72420000,0.77400000,0.71500000,0.73800000,410656081.94000000,1627948799999,305390858.78513600,541511,198555025.91000000,147634882.51547800,0
