Open Time,Open,High,Low,Close,Volume,Close Time,Quote Asset Volume,Number of trades,Taker Buy Base Asset Volume,Taker Buy Quote Asset volume
1613606400000,0.53460000,0.55995000,0.51901000,0.53204000,761631484.10000000,1613692799999,410813120.46025800,466525,379451976.70000000,204698989.25546400,0
