Open Time,Open,High,Low,Close,Volume,Close Time,Quote Asset Volume,Number of trades,Taker Buy Base Asset Volume,Taker Buy Quote Asset volume
1611792000000,0.25058000,0.27000000,0.24699000,0.26407000,496218434.00000000,1611878399999,128796097.24627500,208762,254317819.90000000,66027735.90647400,0
