Open Time,Open,High,Low,Close,Volume,Close Time,Quote Asset Volume,Number of trades,Taker Buy Base Asset Volume,Taker Buy Quote Asset volume
1610582400000,0.30570000,0.30900000,0.28334000,0.29642000,887903603.50000000,1610668799999,262513956.21671000,386477,447269366.20000000,132234525.62727200,0
