Open Time,Open,High,Low,Close,Volume,Close Time,Quote Asset Volume,Number of trades,Taker Buy Base Asset Volume,Taker Buy Quote Asset volume
1613520000000,0.51980000,0.55751000,0.49336000,0.53467000,908599648.50000000,1613606399999,483480822.98644500,600246,455088028.70000000,242382555.44120400,0
