Open Time,Open,High,Low,Close,Volume,Close Time,Quote Asset Volume,Number of trades,Taker Buy Base Asset Volume,Taker Buy Quote Asset volume
1634083200000,1.10170000,1.13870000,1.07500000,1.12750000,403291632.00000000,1634169599999,444999640.50000000,558957,195907397.00000000,216234422.94810000,0
