Open Time,Open,High,Low,Close,Volume,Close Time,Quote Asset Volume,Number of trades,Taker Buy Base Asset Volume,Taker Buy Quote Asset volume
1639008000000,0.86230000,0.93610000,0.83190000,0.85830000,684730305.00000000,1639094399999,605671793.45320000,876270,347439534.00000000,307442674.47920000,0
