Open Time,Open,High,Low,Close,Volume,Close Time,Quote Asset Volume,Number of trades,Taker Buy Base Asset Volume,Taker Buy Quote Asset volume
1631750400000,1.12070000,1.13000000,1.06620000,1.09020000,302954441.00000000,1631836799999,334126208.15120000,425073,142677834.00000000,157400193.59170000,0
