Open Time,Open,High,Low,Close,Volume,Close Time,Quote Asset Volume,Number of trades,Taker Buy Base Asset Volume,Taker Buy Quote Asset volume
1613260800000,0.63309000,0.63981000,0.56111000,0.59211000,1010016902.30000000,1613347199999,608849180.30359100,692670,494542019.30000000,298240198.99603200,0
