Open Time,Open,High,Low,Close,Volume,Close Time,Quote Asset Volume,Number of trades,Taker Buy Base Asset Volume,Taker Buy Quote Asset volume
1610236800000,0.32419000,0.36800000,0.28708000,0.31491000,1717325406.40000000,1610323199999,567099789.19481500,795387,850129329.50000000,281043372.48952400,0
