Open Time,Open,High,Low,Close,Volume,Close Time,Quote Asset Volume,Number of trades,Taker Buy Base Asset Volume,Taker Buy Quote Asset volume
1616716800000,0.51034000,0.57689000,0.50999000,0.56357000,737749968.50000000,1616803199999,403613462.35017100,515668,383309428.20000000,209769861.69158900,0
