Open Time,Open,High,Low,Close,Volume,Close Time,Quote Asset Volume,Number of trades,Taker Buy Base Asset Volume,Taker Buy Quote Asset volume
1612483200000,0.44535000,0.47222000,0.42410000,0.45219000,1545115910.30000000,1612569599999,688979088.77641300,869470,769857549.00000000,343369552.35662200,0
