Open Time,Open,High,Low,Close,Volume,Close Time,Quote Asset Volume,Number of trades,Taker Buy Base Asset Volume,Taker Buy Quote Asset volume
1633046400000,0.95350000,1.06950000,0.94430000,1.04220000,644378881.00000000,1633132799999,652127951.26520000,937418,331764634.00000000,335887904.80360000,0
