Open Time,Open,High,Low,Close,Volume,Close Time,Quote Asset Volume,Number of trades,Taker Buy Base Asset Volume,Taker Buy Quote Asset volume
1612051200000,0.44369000,0.51000000,0.38500000,0.49507000,4524657686.80000000,1612137599999,2080703862.12976800,2281850,2260530504.10000000,1041373274.82161500,0
