Open Time,Open,High,Low,Close,Volume,Close Time,Quote Asset Volume,Number of trades,Taker Buy Base Asset Volume,Taker Buy Quote Asset volume
1623628800000,0.88330000,0.93000000,0.86280000,0.89060000,441724628.58000000,1623715199999,391647479.28625000,400977,218414265.71000000,193675373.23471500,0
