Open Time,Open,High,Low,Close,Volume,Close Time,Quote Asset Volume,Number of trades,Taker Buy Base Asset Volume,Taker Buy Quote Asset volume
1633564800000,1.07660000,1.09420000,1.04230000,1.06780000,410868906.00000000,1633651199999,440046088.39410000,559231,202239697.00000000,216612130.73380000,0
