Open Time,Open,High,Low,Close,Volume,Close Time,Quote Asset Volume,Number of trades,Taker Buy Base Asset Volume,Taker Buy Quote Asset volume
1637798400000,1.03250000,1.06470000,1.02150000,1.04380000,312211526.00000000,1637884799999,325685350.57210000,428975,151397551.00000000,157932594.64450000,0
