Open Time,Open,High,Low,Close,Volume,Close Time,Quote Asset Volume,Number of trades,Taker Buy Base Asset Volume,Taker Buy Quote Asset volume
1639353600000,0.83940000,0.84440000,0.76010000,0.78180000,378446930.00000000,1639439999999,303448083.67110000,453192,180092644.00000000,144435693.48240000,0
