Open Time,Open,High,Low,Close,Volume,Close Time,Quote Asset Volume,Number of trades,Taker Buy Base Asset Volume,Taker Buy Quote Asset volume
1636675200000,1.21420000,1.23320000,1.15420000,1.18830000,446863355.00000000,1636761599999,531437316.55950000,641731,219407169.00000000,260993573.55410000,0
