Open Time,Open,High,Low,Close,Volume,Close Time,Quote Asset Volume,Number of trades,Taker Buy Base Asset Volume,Taker Buy Quote Asset volume
1628553600000,0.81690000,0.86220000,0.80000000,0.85110000,503252613.21000000,1628639999999,417292098.62383300,615024,260121898.81000000,215729690.33616500,0
