Open Time,Open,High,Low,Close,Volume,Close Time,Quote Asset Volume,Number of trades,Taker Buy Base Asset Volume,Taker Buy Quote Asset volume
1621468800000,1.05650000,1.26640000,0.90000000,1.17950000,1974341688.46000000,1621555199999,2249207333.90962000,2316148,980250482.63000000,1119850001.70131900,0
