Open Time,Open,High,Low,Close,Volume,Close Time,Quote Asset Volume,Number of trades,Taker Buy Base Asset Volume,Taker Buy Quote Asset volume
1628640000000,0.85110000,1.09060000,0.84800000,1.01050000,1131344973.99000000,1628726399999,1082107505.91932300,1598959,596623194.48000000,570913719.95391900,0
