Open Time,Open,High,Low,Close,Volume,Close Time,Quote Asset Volume,Number of trades,Taker Buy Base Asset Volume,Taker Buy Quote Asset volume
1611619200000,0.26751000,0.27095000,0.25800000,0.26834000,383692292.10000000,1611705599999,101956457.83243500,169463,180460334.00000000,47961394.99673100,0
