Open Time,Open,High,Low,Close,Volume,Close Time,Quote Asset Volume,Number of trades,Taker Buy Base Asset Volume,Taker Buy Quote Asset volume
1622160000000,0.97470000,0.98470000,0.84450000,0.89850000,1220369622.06000000,1622246399999,1098606646.15190200,1226594,592497807.91000000,533231470.29404400,0
