Open Time,Open,High,Low,Close,Volume,Close Time,Quote Asset Volume,Number of trades,Taker Buy Base Asset Volume,Taker Buy Quote Asset volume
1628380800000,0.81630000,0.84130000,0.77170000,0.77880000,556138875.77000000,1628467199999,447885548.57686500,538544,279855148.93000000,225560160.20390600,0
