Open Time,Open,High,Low,Close,Volume,Close Time,Quote Asset Volume,Number of trades,Taker Buy Base Asset Volume,Taker Buy Quote Asset volume
1611878400000,0.26413000,0.31724000,0.25915000,0.28290000,1695844598.80000000,1611964799999,482447395.07353400,725747,848696885.40000000,241602066.65521000,0
