Open Time,Open,High,Low,Close,Volume,Close Time,Quote Asset Volume,Number of trades,Taker Buy Base Asset Volume,Taker Buy Quote Asset volume
1618099200000,1.37215000,1.50000000,1.30500000,1.35118000,1972667902.40000000,1618185599999,2759553621.65180400,2505282,992374984.89000000,1389742921.36304300,0
