Open Time,Open,High,Low,Close,Volume,Close Time,Quote Asset Volume,Number of trades,Taker Buy Base Asset Volume,Taker Buy Quote Asset volume
1615161600000,0.46579000,0.48987000,0.45505000,0.47412000,680852595.90000000,1615247999999,321518987.20618100,394530,346607059.60000000,163753623.75071300,0
