Open Time,Open,High,Low,Close,Volume,Close Time,Quote Asset Volume,Number of trades,Taker Buy Base Asset Volume,Taker Buy Quote Asset volume
1612656000000,0.44307000,0.45089000,0.39123000,0.41849000,1141620049.10000000,1612742399999,486363286.05907900,691245,558994514.00000000,238320586.78456400,0
