Open Time,Open,High,Low,Close,Volume,Close Time,Quote Asset Volume,Number of trades,Taker Buy Base Asset Volume,Taker Buy Quote Asset volume
1616112000000,0.46899000,0.47536000,0.45848000,0.46651000,336947303.50000000,1616198399999,158130280.80500400,247072,159734330.60000000,74977649.88820900,0
