Open Time,Open,High,Low,Close,Volume,Close Time,Quote Asset Volume,Number of trades,Taker Buy Base Asset Volume,Taker Buy Quote Asset volume
1634860800000,1.08850000,1.12880000,1.07390000,1.08850000,333619107.00000000,1634947199999,366473886.89150000,508180,161468273.00000000,177413755.83830000,0
