Open Time,Open,High,Low,Close,Volume,Close Time,Quote Asset Volume,Number of trades,Taker Buy Base Asset Volume,Taker Buy Quote Asset volume
1616630400000,0.48022000,0.52480000,0.45400000,0.51058000,914285330.60000000,1616716799999,451595543.22461100,494290,471690001.50000000,233157137.26255400,0
