Open Time,Open,High,Low,Close,Volume,Close Time,Quote Asset Volume,Number of trades,Taker Buy Base Asset Volume,Taker Buy Quote Asset volume
1624924800000,0.64440000,0.73400000,0.64170000,0.70630000,718445315.27000000,1625011199999,499125657.53511200,525011,364456247.03000000,253260506.26958800,0
