Open Time,Open,High,Low,Close,Volume,Close Time,Quote Asset Volume,Number of trades,Taker Buy Base Asset Volume,Taker Buy Quote Asset volume
1638316800000,0.99840000,1.01730000,0.97990000,0.98990000,250291608.00000000,1638403199999,250962192.99210000,329435,119555051.00000000,119895114.25740000,0
