Open Time,Open,High,Low,Close,Volume,Close Time,Quote Asset Volume,Number of trades,Taker Buy Base Asset Volume,Taker Buy Quote Asset volume
1630972800000,1.38940000,1.39220000,0.95240000,1.12920000,1297978123.89000000,1631059199999,1530457369.03501800,2046088,605657578.72000000,714169809.77908800,0
