Open Time,Open,High,Low,Close,Volume,Close Time,Quote Asset Volume,Number of trades,Taker Buy Base Asset Volume,Taker Buy Quote Asset volume
1614902400000,0.48120000,0.48488000,0.44575000,0.45457000,751282004.70000000,1614988799999,344230596.12409300,410780,366643796.70000000,168030913.73081000,0
