Open Time,Open,High,Low,Close,Volume,Close Time,Quote Asset Volume,Number of trades,Taker Buy Base Asset Volume,Taker Buy Quote Asset volume
1615593600000,0.43934000,0.46646000,0.43205000,0.45787000,547809975.20000000,1615679999999,246625018.86905900,310625,278232538.90000000,125245058.08637000,0
