Open Time,Open,High,Low,Close,Volume,Close Time,Quote Asset Volume,Number of trades,Taker Buy Base Asset Volume,Taker Buy Quote Asset volume
1622592000000,1.01080000,1.04980000,0.97930000,1.02410000,673790276.52000000,1622678399999,686061395.10479200,709591,341003488.45000000,347305924.34639000,0
