Open Time,Open,High,Low,Close,Volume,Close Time,Quote Asset Volume,Number of trades,Taker Buy Base Asset Volume,Taker Buy Quote Asset volume
1633824000000,1.16040000,1.23000000,1.12620000,1.13520000,647048690.00000000,1633910399999,763401930.31500000,1265003,317029981.00000000,374214906.58460000,0
