Open Time,Open,High,Low,Close,Volume,Close Time,Quote Asset Volume,Number of trades,Taker Buy Base Asset Volume,Taker Buy Quote Asset volume
1614211200000,0.46864000,0.48233000,0.42440000,0.43601000,709823716.20000000,1614297599999,329847166.28757600,370667,347018742.60000000,161203124.26994900,0
