Open Time,Open,High,Low,Close,Volume,Close Time,Quote Asset Volume,Number of trades,Taker Buy Base Asset Volume,Taker Buy Quote Asset volume
1627516800000,0.73270000,0.76650000,0.69700000,0.74880000,513356476.87000000,1627603199999,368115400.85282300,732692,257237974.71000000,184505160.03662700,0
