Open Time,Open,High,Low,Close,Volume,Close Time,Quote Asset Volume,Number of trades,Taker Buy Base Asset Volume,Taker Buy Quote Asset volume
1629158400000,1.18550000,1.24790000,1.08500000,1.09780000,893360572.36000000,1629244799999,1044647325.97202600,1163150,435913626.75000000,510651811.49390100,0
