Open Time,Open,High,Low,Close,Volume,Close Time,Quote Asset Volume,Number of trades,Taker Buy Base Asset Volume,Taker Buy Quote Asset volume
1639699200000,0.80530000,0.83220000,0.77540000,0.79660000,260108143.00000000,1639785599999,208935917.94350000,331215,123033534.00000000,98832650.32630000,0
