Open Time,Open,High,Low,Close,Volume,Close Time,Quote Asset Volume,Number of trades,Taker Buy Base Asset Volume,Taker Buy Quote Asset volume
1612569600000,0.45195000,0.45688000,0.42000000,0.44307000,875771045.90000000,1612655999999,386022330.25440400,536826,431301226.50000000,190186304.61358000,0
