Open Time,Open,High,Low,Close,Volume,Close Time,Quote Asset Volume,Number of trades,Taker Buy Base Asset Volume,Taker Buy Quote Asset volume
1612310400000,0.37254000,0.41900000,0.37254000,0.39721000,1388316884.00000000,1612396799999,539893636.83490700,706054,689903494.40000000,268305113.86926500,0
