Open Time,Open,High,Low,Close,Volume,Close Time,Quote Asset Volume,Number of trades,Taker Buy Base Asset Volume,Taker Buy Quote Asset volume
1611014400000,0.28529000,0.33000000,0.28396000,0.29396000,1267033309.60000000,1611100799999,385029745.38853000,497708,628072323.90000000,190940128.80839600,0
