Open Time,Open,High,Low,Close,Volume,Close Time,Quote Asset Volume,Number of trades,Taker Buy Base Asset Volume,Taker Buy Quote Asset volume
1627689600000,0.75220000,0.75910000,0.73670000,0.74600000,377281828.25000000,1627775999999,282409913.79614500,478625,186826869.57000000,139813114.13030000,0
