Open Time,Open,High,Low,Close,Volume,Close Time,Quote Asset Volume,Number of trades,Taker Buy Base Asset Volume,Taker Buy Quote Asset volume
1610064000000,0.32389000,0.34670000,0.28487000,0.32032000,2029015562.50000000,1610150399999,642118744.30782600,892278,1008791829.50000000,319549251.68801400,0
