Open Time,Open,High,Low,Close,Volume,Close Time,Quote Asset Volume,Number of trades,Taker Buy Base Asset Volume,Taker Buy Quote Asset volume
1619395200000,1.03530000,1.37500000,1.01330000,1.36290000,1871916062.93000000,1619481599999,2295854108.11513100,1945810,953277207.23000000,1168768644.06507100,0
