Open Time,Open,High,Low,Close,Volume,Close Time,Quote Asset Volume,Number of trades,Taker Buy Base Asset Volume,Taker Buy Quote Asset volume
1626566400000,0.58220000,0.60160000,0.57100000,0.58660000,241849135.65000000,1626652799999,142185627.41345600,170689,121798873.35000000,71606953.49872100,0
