Open Time,Open,High,Low,Close,Volume,Close Time,Quote Asset Volume,Number of trades,Taker Buy Base Asset Volume,Taker Buy Quote Asset volume
1615334400000,0.48481000,0.48870000,0.45450000,0.46155000,597205849.70000000,1615420799999,279457487.97342600,366755,297863071.30000000,139398717.25518500,0
