Open Time,Open,High,Low,Close,Volume,Close Time,Quote Asset Volume,Number of trades,Taker Buy Base Asset Volume,Taker Buy Quote Asset volume
1628899200000,1.09010000,1.31000000,1.06910000,1.27910000,1408060485.32000000,1628985599999,1665378192.29243700,2375959,718022995.71000000,850610841.14250400,0
