Open Time,Open,High,Low,Close,Volume,Close Time,Quote Asset Volume,Number of trades,Taker Buy Base Asset Volume,Taker Buy Quote Asset volume
1610323200000,0.31487000,0.31627000,0.25343000,0.28743000,1978427132.40000000,1610409599999,553944535.04791200,879914,969931261.60000000,271640783.10006800,0
