Open Time,Open,High,Low,Close,Volume,Close Time,Quote Asset Volume,Number of trades,Taker Buy Base Asset Volume,Taker Buy Quote Asset volume
1638748800000,0.80450000,0.83030000,0.74850000,0.82550000,508644255.00000000,1638835199999,398532303.19070000,580484,255331010.00000000,200213987.08070000,0
