Open Time,Open,High,Low,Close,Volume,Close Time,Quote Asset Volume,Number of trades,Taker Buy Base Asset Volume,Taker Buy Quote Asset volume
1609891200000,0.22577000,0.27450000,0.22139000,0.24854000,1776262975.40000000,1609977599999,429156673.64999200,702825,906783717.40000000,219288921.98883800,0
