Open Time,Open,High,Low,Close,Volume,Close Time,Quote Asset Volume,Number of trades,Taker Buy Base Asset Volume,Taker Buy Quote Asset volume
1613952000000,0.54468000,0.65155000,0.51000000,0.56646000,3572076523.40000000,1614038399999,2066191522.76601400,1941274,1767133631.80000000,1023494583.36740400,0
