Open Time,Open,High,Low,Close,Volume,Close Time,Quote Asset Volume,Number of trades,Taker Buy Base Asset Volume,Taker Buy Quote Asset volume
1609977600000,0.24856000,0.37000000,0.24530000,0.32389000,3863585524.30000000,1610063999999,1218860817.91237800,1803983,1959112879.90000000,617878768.30069200,0
