Open Time,Open,High,Low,Close,Volume,Close Time,Quote Asset Volume,Number of trades,Taker Buy Base Asset Volume,Taker Buy Quote Asset volume
1610668800000,0.29648000,0.30337000,0.26100000,0.27991000,844991903.50000000,1610755199999,240600936.03038800,364353,405119792.60000000,115502298.75068900,0
