Open Time,Open,High,Low,Close,Volume,Close Time,Quote Asset Volume,Number of trades,Taker Buy Base Asset Volume,Taker Buy Quote Asset volume
1670371200000,5.04910000,5.05830000,4.61310000,4.81800000,4633345.29000000,1670457599999,22355070.24596800,66922,2171334.60000000,10477894.73814000,0
