Open Time,Open,High,Low,Close,Volume,Close Time,Quote Asset Volume,Number of trades,Taker Buy Base Asset Volume,Taker Buy Quote Asset volume
1666310400000,7.36910000,7.70000000,6.99000000,7.49800000,16533981.69000000,1666396799999,121652117.15938100,174817,7903600.97000000,58154776.84368400,0
