Open Time,Open,High,Low,Close,Volume,Close Time,Quote Asset Volume,Number of trades,Taker Buy Base Asset Volume,Taker Buy Quote Asset volume
1671926400000,3.69500000,3.72120000,3.52080000,3.57790000,2668043.92000000,1672012799999,9620845.28867200,34670,1241056.19000000,4477562.76300400,0
