Open Time,Open,High,Low,Close,Volume,Close Time,Quote Asset Volume,Number of trades,Taker Buy Base Asset Volume,Taker Buy Quote Asset volume
1670630400000,4.80670000,4.84280000,4.75730000,4.78400000,1375185.61000000,1670716799999,6598185.22332400,20113,667798.38000000,3204039.48422500,0
