Open Time,Open,High,Low,Close,Volume,Close Time,Quote Asset Volume,Number of trades,Taker Buy Base Asset Volume,Taker Buy Quote Asset volume
1670025600000,4.89840000,5.25100000,4.87470000,5.11370000,7810214.04000000,1670111999999,39746733.48932300,118912,3971457.13000000,20211756.14739100,0
