Open Time,Open,High,Low,Close,Volume,Close Time,Quote Asset Volume,Number of trades,Taker Buy Base Asset Volume,Taker Buy Quote Asset volume
1669248000000,4.44350000,4.74790000,4.22550000,4.43820000,7099049.99000000,1669334399999,31580666.04420800,92996,3450960.47000000,15347303.59191200,0
