Open Time,Open,High,Low,Close,Volume,Close Time,Quote Asset Volume,Number of trades,Taker Buy Base Asset Volume,Taker Buy Quote Asset volume
1668643200000,4.50070000,4.85000000,4.34130000,4.66040000,12744677.28000000,1668729599999,58736602.00625200,182225,6400155.98000000,29498196.67637200,0
