Open Time,Open,High,Low,Close,Volume,Close Time,Quote Asset Volume,Number of trades,Taker Buy Base Asset Volume,Taker Buy Quote Asset volume
1666483200000,8.95710000,10.33000000,8.88060000,9.78150000,31410439.72000000,1666569599999,301336681.62771200,505972,15603773.61000000,149742898.13674900,0
