Open Time,Open,High,Low,Close,Volume,Close Time,Quote Asset Volume,Number of trades,Taker Buy Base Asset Volume,Taker Buy Quote Asset volume
1671408000000,4.05360000,4.14890000,3.68480000,3.80750000,4602270.52000000,1671494399999,18255368.10030700,70181,2311947.77000000,9172202.40843900,0
