Open Time,Open,High,Low,Close,Volume,Close Time,Quote Asset Volume,Number of trades,Taker Buy Base Asset Volume,Taker Buy Quote Asset volume
1671494400000,3.80710000,3.93360000,3.78750000,3.89600000,4323326.29000000,1671580799999,16773785.87548400,56704,2276564.54000000,8833541.28707200,0
