Open Time,Open,High,Low,Close,Volume,Close Time,Quote Asset Volume,Number of trades,Taker Buy Base Asset Volume,Taker Buy Quote Asset volume
1669420800000,4.42890000,5.04860000,4.40590000,4.76860000,10233771.92000000,1669507199999,49159277.95067800,163462,5373631.93000000,25820387.37726600,0
