Open Time,Open,High,Low,Close,Volume,Close Time,Quote Asset Volume,Number of trades,Taker Buy Base Asset Volume,Taker Buy Quote Asset volume
1667779200000,7.30950000,7.45860000,6.80000000,7.00060000,9960991.00000000,1667865599999,70873523.46319100,160943,4831990.31000000,34403137.27166200,0
