Open Time,Open,High,Low,Close,Volume,Close Time,Quote Asset Volume,Number of trades,Taker Buy Base Asset Volume,Taker Buy Quote Asset volume
1669075200000,4.06490000,4.52210000,3.85630000,4.31630000,7456384.50000000,1669161599999,31199543.85855400,93898,3714570.10000000,15558887.97152100,0
