Open Time,Open,High,Low,Close,Volume,Close Time,Quote Asset Volume,Number of trades,Taker Buy Base Asset Volume,Taker Buy Quote Asset volume
1668297600000,4.54420000,4.61940000,4.12010000,4.21960000,7360914.52000000,1668383999999,31834057.48321100,133359,3539082.15000000,15302960.71267400,0
