Open Time,Open,High,Low,Close,Volume,Close Time,Quote Asset Volume,Number of trades,Taker Buy Base Asset Volume,Taker Buy Quote Asset volume
1668556800000,4.33630000,4.96880000,4.15750000,4.50050000,14922210.89000000,1668643199999,67879884.29959800,225637,7612206.74000000,34635296.25642700,0
