Open Time,Open,High,Low,Close,Volume,Close Time,Quote Asset Volume,Number of trades,Taker Buy Base Asset Volume,Taker Buy Quote Asset volume
1666396800000,7.49800000,9.31520000,7.34110000,8.95530000,22408625.29000000,1666483199999,188041772.35044600,346144,11089746.43000000,92991678.24379400,0
