Open Time,Open,High,Low,Close,Volume,Close Time,Quote Asset Volume,Number of trades,Taker Buy Base Asset Volume,Taker Buy Quote Asset volume
1668124800000,5.15070000,5.34460000,4.50000000,5.18410000,13615834.03000000,1668211199999,67128482.68190000,224546,6498290.10000000,32065564.06848100,0
