Open Time,Open,High,Low,Close,Volume,Close Time,Quote Asset Volume,Number of trades,Taker Buy Base Asset Volume,Taker Buy Quote Asset volume
1667692800000,7.62150000,8.23210000,7.23000000,7.30950000,13277982.14000000,1667779199999,104301733.86884100,243285,6555425.42000000,51557899.68129800,0
