Open Time,Open,High,Low,Close,Volume,Close Time,Quote Asset Volume,Number of trades,Taker Buy Base Asset Volume,Taker Buy Quote Asset volume
1671321600000,4.09050000,4.10580000,3.97220000,4.05370000,2618364.49000000,1671407999999,10598903.03808900,50650,1194919.28000000,4837869.36347400,0
