Open Time,Open,High,Low,Close,Volume,Close Time,Quote Asset Volume,Number of trades,Taker Buy Base Asset Volume,Taker Buy Quote Asset volume
1672358400000,3.20890000,3.50000000,3.11460000,3.41860000,5735076.27000000,1672444799999,18688971.65396100,69207,2861197.92000000,9333049.79479900,0
