Open Time,Open,High,Low,Close,Volume,Close Time,Quote Asset Volume,Number of trades,Taker Buy Base Asset Volume,Taker Buy Quote Asset volume
1670976000000,4.62310000,4.75320000,4.48490000,4.69750000,3952419.09000000,1671062399999,18333484.61150100,55212,1999943.36000000,9280285.83830600,0
