Open Time,Open,High,Low,Close,Volume,Close Time,Quote Asset Volume,Number of trades,Taker Buy Base Asset Volume,Taker Buy Quote Asset volume
1670544000000,4.91660000,4.94990000,4.75230000,4.80720000,2265069.95000000,1670630399999,10987452.82164100,34517,1082453.73000000,5251829.71225100,0
