Open Time,Open,High,Low,Close,Volume,Close Time,Quote Asset Volume,Number of trades,Taker Buy Base Asset Volume,Taker Buy Quote Asset volume
1669939200000,4.65420000,5.06660000,4.52000000,4.89850000,6593053.70000000,1670025599999,31621353.76296500,89368,3192366.75000000,15311161.51546900,0
