Open Time,Open,High,Low,Close,Volume,Close Time,Quote Asset Volume,Number of trades,Taker Buy Base Asset Volume,Taker Buy Quote Asset volume
1671667200000,3.76870000,3.78700000,3.56450000,3.71020000,4469762.22000000,1671753599999,16492219.13189100,58709,2060645.54000000,7602845.47106000,0
