Open Time,Open,High,Low,Close,Volume,Close Time,Quote Asset Volume,Number of trades,Taker Buy Base Asset Volume,Taker Buy Quote Asset volume
1670889600000,4.52840000,4.67170000,4.27400000,4.62220000,4581400.03000000,1670975999999,20595780.98704800,59120,2200204.92000000,9894155.46430200,0
