Open Time,Open,High,Low,Close,Volume,Close Time,Quote Asset Volume,Number of trades,Taker Buy Base Asset Volume,Taker Buy Quote Asset volume
1669334400000,4.43800000,4.55470000,4.25440000,4.42590000,4717623.28000000,1669420799999,20697858.28107800,63776,2256815.59000000,9905464.48772900,0
