Open Time,Open,High,Low,Close,Volume,Close Time,Quote Asset Volume,Number of trades,Taker Buy Base Asset Volume,Taker Buy Quote Asset volume
1668729600000,4.65970000,4.94000000,4.53480000,4.71770000,7369507.15000000,1668815999999,34878142.01773100,107059,3617524.60000000,17127362.25768400,0
