Open Time,Open,High,Low,Close,Volume,Close Time,Quote Asset Volume,Number of trades,Taker Buy Base Asset Volume,Taker Buy Quote Asset volume
1668988800000,4.10110000,4.15070000,3.87000000,4.06370000,7484136.08000000,1669075199999,30186317.69967700,93661,3706355.03000000,14955856.99094000,0
