Open Time,Open,High,Low,Close,Volume,Close Time,Quote Asset Volume,Number of trades,Taker Buy Base Asset Volume,Taker Buy Quote Asset volume
1667260800000,7.93370000,8.31500000,7.81500000,8.19250000,9092526.88000000,1667347199999,73528929.17939500,180902,4643795.15000000,37577465.58544800,0
