Open Time,Open,High,Low,Close,Volume,Close Time,Quote Asset Volume,Number of trades,Taker Buy Base Asset Volume,Taker Buy Quote Asset volume
1668816000000,4.72000000,4.77350000,4.50000000,4.62260000,3806479.07000000,1668902399999,17573574.23082600,60621,1774764.35000000,8197017.48328400,0
