Open Time,Open,High,Low,Close,Volume,Close Time,Quote Asset Volume,Number of trades,Taker Buy Base Asset Volume,Taker Buy Quote Asset volume
1670457600000,4.81890000,4.94310000,4.68530000,4.91770000,3525956.11000000,1670543999999,17032957.26253700,45676,1675180.52000000,8097162.53021700,0
