Open Time,Open,High,Low,Close,Volume,Close Time,Quote Asset Volume,Number of trades,Taker Buy Base Asset Volume,Taker Buy Quote Asset volume
1666569600000,9.78080000,9.96800000,9.23540000,9.52930000,20840808.03000000,1666655999999,199996613.18493000,285262,10491814.85000000,100688930.23438800,0
