Open Time,Open,High,Low,Close,Volume,Close Time,Quote Asset Volume,Number of trades,Taker Buy Base Asset Volume,Taker Buy Quote Asset volume
1669161600000,4.31640000,4.60000000,4.24360000,4.44300000,6258534.24000000,1669247999999,27662371.26869700,79359,3115055.73000000,13769933.27911000,0
