Open Time,Open,High,Low,Close,Volume,Close Time,Quote Asset Volume,Number of trades,Taker Buy Base Asset Volume,Taker Buy Quote Asset volume
1669507200000,4.76660000,5.03000000,4.62160000,4.79440000,6553901.77000000,1669593599999,31198072.85678100,103837,3081401.02000000,14672987.53082700,0
