Open Time,Open,High,Low,Close,Volume,Close Time,Quote Asset Volume,Number of trades,Taker Buy Base Asset Volume,Taker Buy Quote Asset volume
1667088000000,7.95800000,8.38000000,7.60260000,7.80490000,11858055.96000000,1667174399999,93981296.36061200,240045,5787841.30000000,45898843.61216100,0
