Open Time,Open,High,Low,Close,Volume,Close Time,Quote Asset Volume,Number of trades,Taker Buy Base Asset Volume,Taker Buy Quote Asset volume
1672444800000,3.41790000,3.55000000,3.32260000,3.44730000,4787048.81000000,1672531199999,16334814.27192200,55339,2422964.65000000,8271587.49737800,0
