Open Time,Open,High,Low,Close,Volume,Close Time,Quote Asset Volume,Number of trades,Taker Buy Base Asset Volume,Taker Buy Quote Asset volume
1671235200000,4.04830000,4.15310000,3.96090000,4.09060000,4049842.49000000,1671321599999,16428816.08649800,63914,2124848.92000000,8623393.13276800,0
