Open Time,Open,High,Low,Close,Volume,Close Time,Quote Asset Volume,Number of trades,Taker Buy Base Asset Volume,Taker Buy Quote Asset volume
1669852800000,4.77170000,4.79220000,4.58500000,4.65460000,2790949.40000000,1669939199999,13082379.74194600,36711,1325997.81000000,6217070.41599100,0
