Open Time,Open,High,Low,Close,Volume,Close Time,Quote Asset Volume,Number of trades,Taker Buy Base Asset Volume,Taker Buy Quote Asset volume
1669680000000,4.47750000,4.79410000,4.42000000,4.67220000,4966707.67000000,1669766399999,23113592.09359200,68285,2408236.25000000,11225587.32415600,0
