Open Time,Open,High,Low,Close,Volume,Close Time,Quote Asset Volume,Number of trades,Taker Buy Base Asset Volume,Taker Buy Quote Asset volume
1666656000000,9.52980000,9.56800000,8.52020000,8.78630000,20968485.45000000,1666742399999,190224236.21297900,290987,9564583.99000000,86844296.51306300,0
