Open Time,Open,High,Low,Close,Volume,Close Time,Quote Asset Volume,Number of trades,Taker Buy Base Asset Volume,Taker Buy Quote Asset volume
1668470400000,4.19170000,4.72000000,4.11100000,4.33460000,9332444.72000000,1668556799999,41122216.53300300,140247,4635373.78000000,20423195.74060300,0
