Open Time,Open,High,Low,Close,Volume,Close Time,Quote Asset Volume,Number of trades,Taker Buy Base Asset Volume,Taker Buy Quote Asset volume
1672012800000,3.57820000,3.65250000,3.55540000,3.64490000,2248498.43000000,1672099199999,8097802.15413200,28046,1095290.96000000,3945863.44953200,0
