Open Time,Open,High,Low,Close,Volume,Close Time,Quote Asset Volume,Number of trades,Taker Buy Base Asset Volume,Taker Buy Quote Asset volume
1671753600000,3.70890000,3.81210000,3.68980000,3.75070000,2636855.16000000,1671839999999,9881211.26104400,35568,1308174.69000000,4903008.03109100,0
