Open Time,Open,High,Low,Close,Volume,Close Time,Quote Asset Volume,Number of trades,Taker Buy Base Asset Volume,Taker Buy Quote Asset volume
1672272000000,3.23500000,3.25990000,3.06600000,3.20930000,5517050.19000000,1672358399999,17595554.89387800,60022,2727683.42000000,8700404.71646000,0
