Open Time,Open,High,Low,Close,Volume,Close Time,Quote Asset Volume,Number of trades,Taker Buy Base Asset Volume,Taker Buy Quote Asset volume
1671062400000,4.69750000,4.79760000,4.51000000,4.66760000,4769327.98000000,1671148799999,22364375.64972000,60009,2436550.36000000,11429906.69871600,0
