Open Time,Open,High,Low,Close,Volume,Close Time,Quote Asset Volume,Number of trades,Taker Buy Base Asset Volume,Taker Buy Quote Asset volume
1667520000000,7.23280000,7.79000000,7.16000000,7.65320000,8633378.03000000,1667606399999,64066747.62361500,157776,4237589.33000000,31459230.56508400,0
