Open Time,Open,High,Low,Close,Volume,Close Time,Quote Asset Volume,Number of trades,Taker Buy Base Asset Volume,Taker Buy Quote Asset volume
1666224000000,7.32190000,7.74800000,6.90000000,7.36850000,17974526.96000000,1666310399999,132325524.16842200,188971,8566428.04000000,63115467.28807400,0
