Open Time,Open,High,Low,Close,Volume,Close Time,Quote Asset Volume,Number of trades,Taker Buy Base Asset Volume,Taker Buy Quote Asset volume
1667174400000,7.80150000,8.22110000,7.70000000,7.94390000,9139206.43000000,1667260799999,72342830.27350300,169264,4375593.35000000,34641754.57385300,0
