Open Time,Open,High,Low,Close,Volume,Close Time,Quote Asset Volume,Number of trades,Taker Buy Base Asset Volume,Taker Buy Quote Asset volume
1670198400000,5.18570000,5.42860000,5.00190000,5.16130000,4993035.57000000,1670284799999,26289531.18523800,76673,2373572.28000000,12499563.58482300,0
