Open Time,Open,High,Low,Close,Volume,Close Time,Quote Asset Volume,Number of trades,Taker Buy Base Asset Volume,Taker Buy Quote Asset volume
1677024000000,13.44660000,13.99100000,12.75000000,13.89130000,6608571.13000000,1677110399999,87673957.05893700,162568,3323910.68000000,44129061.33723100,0
