Open Time,Open,High,Low,Close,Volume,Close Time,Quote Asset Volume,Number of trades,Taker Buy Base Asset Volume,Taker Buy Quote Asset volume
1692921600000,5.81710000,5.82550000,5.57270000,5.69030000,1498516.39000000,1693007999999,8477054.39587100,37352,775351.60000000,4387063.85978000,0
