Open Time,Open,High,Low,Close,Volume,Close Time,Quote Asset Volume,Number of trades,Taker Buy Base Asset Volume,Taker Buy Quote Asset volume
1681948800000,11.30930000,11.48580000,10.83220000,11.03530000,4525782.67000000,1682035199999,50677183.09666100,121476,2201596.70000000,24653735.16795600,0
