Open Time,Open,High,Low,Close,Volume,Close Time,Quote Asset Volume,Number of trades,Taker Buy Base Asset Volume,Taker Buy Quote Asset volume
1681603200000,12.55690000,12.74000000,12.27250000,12.59100000,2690842.73000000,1681689599999,33639534.73354900,77555,1296499.63000000,16210383.14955100,0
