Open Time,Open,High,Low,Close,Volume,Close Time,Quote Asset Volume,Number of trades,Taker Buy Base Asset Volume,Taker Buy Quote Asset volume
1688169600000,7.24510000,7.39500000,7.00610000,7.38930000,1914496.64000000,1688255999999,13824710.79334900,37735,949267.67000000,6857724.97732400,0
