Open Time,Open,High,Low,Close,Volume,Close Time,Quote Asset Volume,Number of trades,Taker Buy Base Asset Volume,Taker Buy Quote Asset volume
1684022400000,8.28780000,8.72870000,8.09100000,8.47570000,2098099.27000000,1684108799999,17641235.68284200,66282,1059429.41000000,8914414.17664000,0
