Open Time,Open,High,Low,Close,Volume,Close Time,Quote Asset Volume,Number of trades,Taker Buy Base Asset Volume,Taker Buy Quote Asset volume
1691193600000,6.70210000,6.74000000,6.62300000,6.72010000,767104.13000000,1691279999999,5125490.05493200,20780,356819.19000000,2384263.25664200,0
