Open Time,Open,High,Low,Close,Volume,Close Time,Quote Asset Volume,Number of trades,Taker Buy Base Asset Volume,Taker Buy Quote Asset volume
1678406400000,11.11950000,11.66560000,9.70060000,10.79130000,15950589.67000000,1678492799999,168357153.79069600,405530,7581995.46000000,80101702.90274300,0
