Open Time,Open,High,Low,Close,Volume,Close Time,Quote Asset Volume,Number of trades,Taker Buy Base Asset Volume,Taker Buy Quote Asset volume
1685318400000,8.51430000,8.68000000,8.20770000,8.50420000,2545943.09000000,1685404799999,21483460.65533000,80436,1266353.50000000,10686233.86391400,0
