Open Time,Open,High,Low,Close,Volume,Close Time,Quote Asset Volume,Number of trades,Taker Buy Base Asset Volume,Taker Buy Quote Asset volume
1673568000000,6.46470000,7.19160000,6.19730000,6.81150000,22186020.29000000,1673654399999,148228674.11640000,318343,11302176.47000000,75495742.42827200,0
