Open Time,Open,High,Low,Close,Volume,Close Time,Quote Asset Volume,Number of trades,Taker Buy Base Asset Volume,Taker Buy Quote Asset volume
1675987200000,13.34550000,13.75000000,12.58830000,13.65620000,11939158.57000000,1676073599999,156369187.36647300,264168,6007002.11000000,78689016.00508600,0
