Open Time,Open,High,Low,Close,Volume,Close Time,Quote Asset Volume,Number of trades,Taker Buy Base Asset Volume,Taker Buy Quote Asset volume
1684454400000,8.52650000,8.55370000,8.36580000,8.43600000,1920255.26000000,1684540799999,16252111.67335600,62585,1031685.36000000,8732482.58322400,0
