Open Time,Open,High,Low,Close,Volume,Close Time,Quote Asset Volume,Number of trades,Taker Buy Base Asset Volume,Taker Buy Quote Asset volume
1693872000000,5.51430000,5.55500000,5.40760000,5.52980000,841185.96000000,1693958399999,4617139.67350100,22299,402211.29000000,2207759.52932500,0
