Open Time,Open,High,Low,Close,Volume,Close Time,Quote Asset Volume,Number of trades,Taker Buy Base Asset Volume,Taker Buy Quote Asset volume
1692835200000,6.01860000,6.05800000,5.71100000,5.81820000,1287662.50000000,1692921599999,7580921.40151000,31438,672298.92000000,3960183.38067200,0
