Open Time,Open,High,Low,Close,Volume,Close Time,Quote Asset Volume,Number of trades,Taker Buy Base Asset Volume,Taker Buy Quote Asset volume
1678924800000,12.24190000,12.47390000,11.81030000,12.35040000,6973691.64000000,1679011199999,85032159.13627700,225763,3466098.93000000,42267981.21181400,0
