Open Time,Open,High,Low,Close,Volume,Close Time,Quote Asset Volume,Number of trades,Taker Buy Base Asset Volume,Taker Buy Quote Asset volume
1692489600000,6.01980000,6.18770000,5.92230000,6.06910000,1647947.72000000,1692575999999,9948633.44705100,25957,809683.93000000,4888063.98164900,0
