Open Time,Open,High,Low,Close,Volume,Close Time,Quote Asset Volume,Number of trades,Taker Buy Base Asset Volume,Taker Buy Quote Asset volume
1674864000000,17.75600000,19.20000000,16.62090000,17.81920000,14128277.70000000,1674950399999,252049364.92527500,469991,7280978.74000000,130034853.33529500,0
