Open Time,Open,High,Low,Close,Volume,Close Time,Quote Asset Volume,Number of trades,Taker Buy Base Asset Volume,Taker Buy Quote Asset volume
1694563200000,5.03870000,5.34660000,5.02310000,5.18410000,2505433.01000000,1694649599999,13038168.20782100,51251,1262342.08000000,6573610.64297500,0
