Open Time,Open,High,Low,Close,Volume,Close Time,Quote Asset Volume,Number of trades,Taker Buy Base Asset Volume,Taker Buy Quote Asset volume
1675382400000,17.22500000,17.52780000,16.53130000,17.01570000,8304235.60000000,1675468799999,140974071.83762300,237227,3897195.05000000,66077149.58653600,0
