Open Time,Open,High,Low,Close,Volume,Close Time,Quote Asset Volume,Number of trades,Taker Buy Base Asset Volume,Taker Buy Quote Asset volume
1689120000000,7.04280000,7.12870000,6.84000000,6.98220000,1987696.72000000,1689206399999,13940757.11209400,42695,1028115.30000000,7216871.67454300,0
