Open Time,Open,High,Low,Close,Volume,Close Time,Quote Asset Volume,Number of trades,Taker Buy Base Asset Volume,Taker Buy Quote Asset volume
1692748800000,5.84850000,6.13550000,5.82130000,6.01850000,1878796.35000000,1692835199999,11213198.22514000,39520,976865.02000000,5827825.14084000,0
