Open Time,Open,High,Low,Close,Volume,Close Time,Quote Asset Volume,Number of trades,Taker Buy Base Asset Volume,Taker Buy Quote Asset volume
1680307200000,11.38430000,11.52580000,11.05760000,11.26820000,1883113.50000000,1680393599999,21206438.25656600,93031,858129.08000000,9664900.04406500,0
