Open Time,Open,High,Low,Close,Volume,Close Time,Quote Asset Volume,Number of trades,Taker Buy Base Asset Volume,Taker Buy Quote Asset volume
1689724800000,7.59420000,7.71740000,7.43300000,7.54580000,1450064.99000000,1689811199999,10980123.52467100,32621,666690.02000000,5048384.13521000,0
