Open Time,Open,High,Low,Close,Volume,Close Time,Quote Asset Volume,Number of trades,Taker Buy Base Asset Volume,Taker Buy Quote Asset volume
1676592000000,14.68070000,15.09460000,14.09910000,14.74300000,10539221.49000000,1676678399999,153644196.24398700,250331,5197240.27000000,75841350.84252100,0
