Open Time,Open,High,Low,Close,Volume,Close Time,Quote Asset Volume,Number of trades,Taker Buy Base Asset Volume,Taker Buy Quote Asset volume
1689379200000,7.37160000,7.56200000,7.24070000,7.46160000,2006020.91000000,1689465599999,14860457.12043100,41542,1021519.30000000,7568837.96776800,0
