Open Time,Open,High,Low,Close,Volume,Close Time,Quote Asset Volume,Number of trades,Taker Buy Base Asset Volume,Taker Buy Quote Asset volume
1683244800000,9.67690000,9.89460000,9.50000000,9.83530000,2305657.59000000,1683331199999,22444344.04993300,64822,1136811.06000000,11067293.62423400,0
