Open Time,Open,High,Low,Close,Volume,Close Time,Quote Asset Volume,Number of trades,Taker Buy Base Asset Volume,Taker Buy Quote Asset volume
1676505600000,15.94040000,16.74220000,14.50000000,14.68660000,12145774.36000000,1676591999999,192791816.69776300,277122,6080442.17000000,96732194.05200100,0
