Open Time,Open,High,Low,Close,Volume,Close Time,Quote Asset Volume,Number of trades,Taker Buy Base Asset Volume,Taker Buy Quote Asset volume
1672704000000,3.75680000,3.92000000,3.65270000,3.82190000,8103690.81000000,1672790399999,30572870.85487200,80604,3982964.60000000,15030177.44731100,0
