Open Time,Open,High,Low,Close,Volume,Close Time,Quote Asset Volume,Number of trades,Taker Buy Base Asset Volume,Taker Buy Quote Asset volume
1675641600000,15.42610000,15.97590000,14.31230000,14.94820000,12737091.87000000,1675727999999,192046982.61809500,319780,6289349.56000000,94819198.66079100,0
