Open Time,Open,High,Low,Close,Volume,Close Time,Quote Asset Volume,Number of trades,Taker Buy Base Asset Volume,Taker Buy Quote Asset volume
1693612800000,5.50210000,5.65540000,5.49020000,5.57360000,1090077.66000000,1693699199999,6085390.77779200,27658,546392.95000000,3051182.42143000,0
