Open Time,Open,High,Low,Close,Volume,Close Time,Quote Asset Volume,Number of trades,Taker Buy Base Asset Volume,Taker Buy Quote Asset volume
1692576000000,6.06820000,6.08810000,5.76170000,5.94450000,1572069.03000000,1692662399999,9321165.89367700,27585,737645.44000000,4374033.29880400,0
