Open Time,Open,High,Low,Close,Volume,Close Time,Quote Asset Volume,Number of trades,Taker Buy Base Asset Volume,Taker Buy Quote Asset volume
1676937600000,14.21810000,14.27410000,13.04450000,13.44490000,4881053.75000000,1677023999999,66754179.82917600,124856,2325592.78000000,31805257.95885800,0
