Open Time,Open,High,Low,Close,Volume,Close Time,Quote Asset Volume,Number of trades,Taker Buy Base Asset Volume,Taker Buy Quote Asset volume
1688860800000,7.05730000,7.25000000,7.00830000,7.09220000,1437897.37000000,1688947199999,10206424.33391400,30804,718697.53000000,5102871.60233300,0
