Open Time,Open,High,Low,Close,Volume,Close Time,Quote Asset Volume,Number of trades,Taker Buy Base Asset Volume,Taker Buy Quote Asset volume
1676764800000,14.43600000,14.84000000,13.60340000,14.07910000,6775894.44000000,1676851199999,97358067.58151000,151458,3392696.17000000,48778807.86206800,0
