Open Time,Open,High,Low,Close,Volume,Close Time,Quote Asset Volume,Number of trades,Taker Buy Base Asset Volume,Taker Buy Quote Asset volume
1673395200000,5.48720000,5.53070000,5.00100000,5.29500000,15991128.85000000,1673481599999,83766076.81500800,182656,8023275.70000000,42027176.81470500,0
