Open Time,Open,High,Low,Close,Volume,Close Time,Quote Asset Volume,Number of trades,Taker Buy Base Asset Volume,Taker Buy Quote Asset volume
1694390400000,5.17150000,5.18800000,4.89000000,5.01210000,2606373.25000000,1694476799999,13068442.72535300,69356,1237906.83000000,6211600.05588800,0
