Open Time,Open,High,Low,Close,Volume,Close Time,Quote Asset Volume,Number of trades,Taker Buy Base Asset Volume,Taker Buy Quote Asset volume
1689465600000,7.46130000,7.63310000,7.30220000,7.41020000,2134061.08000000,1689551999999,15969070.49293100,44512,1121959.47000000,8395096.39197200,0
