Open Time,Open,High,Low,Close,Volume,Close Time,Quote Asset Volume,Number of trades,Taker Buy Base Asset Volume,Taker Buy Quote Asset volume
1679788800000,11.59260000,12.01890000,11.40830000,11.85370000,2335935.01000000,1679875199999,27516332.51224900,108269,1129441.23000000,13309911.44159200,0
