Open Time,Open,High,Low,Close,Volume,Close Time,Quote Asset Volume,Number of trades,Taker Buy Base Asset Volume,Taker Buy Quote Asset volume
1684886400000,8.50780000,8.52100000,7.90010000,8.07810000,3107180.09000000,1684972799999,25392958.92814200,100562,1602043.97000000,13105485.60897900,0
