Open Time,Open,High,Low,Close,Volume,Close Time,Quote Asset Volume,Number of trades,Taker Buy Base Asset Volume,Taker Buy Quote Asset volume
1685404800000,8.50460000,8.60220000,8.38460000,8.48950000,2238369.82000000,1685491199999,19000000.79281200,65523,1113635.03000000,9455774.37226800,0
