Open Time,Open,High,Low,Close,Volume,Close Time,Quote Asset Volume,Number of trades,Taker Buy Base Asset Volume,Taker Buy Quote Asset volume
1681516800000,12.67250000,12.90980000,12.40630000,12.55960000,3305641.00000000,1681603199999,41845218.21603900,93655,1631456.47000000,20655829.52489900,0
