Open Time,Open,High,Low,Close,Volume,Close Time,Quote Asset Volume,Number of trades,Taker Buy Base Asset Volume,Taker Buy Quote Asset volume
1693440000000,5.78380000,5.81020000,5.44010000,5.51410000,1655991.57000000,1693526399999,9327959.72222900,43112,804661.05000000,4529707.33185500,0
