Open Time,Open,High,Low,Close,Volume,Close Time,Quote Asset Volume,Number of trades,Taker Buy Base Asset Volume,Taker Buy Quote Asset volume
1686268800000,7.67900000,7.77990000,7.27180000,7.44280000,2645067.88000000,1686355199999,20044891.50557900,96919,1231517.89000000,9341735.58081300,0
