Open Time,Open,High,Low,Close,Volume,Close Time,Quote Asset Volume,Number of trades,Taker Buy Base Asset Volume,Taker Buy Quote Asset volume
1672876800000,3.81280000,3.84940000,3.64800000,3.70970000,5598625.85000000,1672963199999,20910863.24534100,51580,2769685.95000000,10344091.62369000,0
