Open Time,Open,High,Low,Close,Volume,Close Time,Quote Asset Volume,Number of trades,Taker Buy Base Asset Volume,Taker Buy Quote Asset volume
1688688000000,7.10660000,7.28650000,7.01520000,7.22450000,2229220.37000000,1688774399999,16006731.96174200,47750,1069907.00000000,7683725.16598200,0
