Open Time,Open,High,Low,Close,Volume,Close Time,Quote Asset Volume,Number of trades,Taker Buy Base Asset Volume,Taker Buy Quote Asset volume
1676332800000,13.73410000,14.79850000,13.52900000,14.75350000,12526131.24000000,1676419199999,176867726.70770400,279511,6290897.26000000,88834159.57988000,0
