Open Time,Open,High,Low,Close,Volume,Close Time,Quote Asset Volume,Number of trades,Taker Buy Base Asset Volume,Taker Buy Quote Asset volume
1680998400000,11.02680000,11.14900000,10.85000000,11.06990000,1920952.59000000,1681084799999,21144728.01509900,80528,1052998.73000000,11591949.47773900,0
