Open Time,Open,High,Low,Close,Volume,Close Time,Quote Asset Volume,Number of trades,Taker Buy Base Asset Volume,Taker Buy Quote Asset volume
1693699200000,5.57250000,5.58570000,5.41200000,5.46640000,700929.20000000,1693785599999,3856057.70405500,18291,363353.29000000,1998603.92035100,0
