Open Time,Open,High,Low,Close,Volume,Close Time,Quote Asset Volume,Number of trades,Taker Buy Base Asset Volume,Taker Buy Quote Asset volume
1674432000000,13.30360000,14.45260000,12.44350000,12.67440000,14753543.53000000,1674518399999,196988228.78698200,356194,7437875.62000000,99300905.94895300,0
