Open Time,Open,High,Low,Close,Volume,Close Time,Quote Asset Volume,Number of trades,Taker Buy Base Asset Volume,Taker Buy Quote Asset volume
1693094400000,5.72420000,5.77890000,5.64190000,5.70070000,979035.59000000,1693180799999,5591635.39360400,22708,470871.11000000,2688744.55958700,0
