Open Time,Open,High,Low,Close,Volume,Close Time,Quote Asset Volume,Number of trades,Taker Buy Base Asset Volume,Taker Buy Quote Asset volume
1681689600000,12.59040000,12.84670000,12.10560000,12.30710000,3785781.54000000,1681775999999,47053999.88701800,106540,1833790.93000000,22780248.32998700,0
