Open Time,Open,High,Low,Close,Volume,Close Time,Quote Asset Volume,Number of trades,Taker Buy Base Asset Volume,Taker Buy Quote Asset volume
1682726400000,10.15770000,10.86740000,10.10860000,10.73690000,4928582.23000000,1682812799999,52555140.13453600,141418,2601802.92000000,27740299.46743700,0
