Open Time,Open,High,Low,Close,Volume,Close Time,Quote Asset Volume,Number of trades,Taker Buy Base Asset Volume,Taker Buy Quote Asset volume
1685750400000,9.04150000,9.19550000,8.88140000,8.97310000,1537656.83000000,1685836799999,13858272.03975000,49469,731117.56000000,6588601.89479000,0
