Open Time,Open,High,Low,Close,Volume,Close Time,Quote Asset Volume,Number of trades,Taker Buy Base Asset Volume,Taker Buy Quote Asset volume
1688774400000,7.22450000,7.26370000,6.88870000,7.05750000,1929712.08000000,1688860799999,13682481.03697500,41974,943210.49000000,6691896.81076200,0
