Open Time,Open,High,Low,Close,Volume,Close Time,Quote Asset Volume,Number of trades,Taker Buy Base Asset Volume,Taker Buy Quote Asset volume
1684540800000,8.43200000,8.51390000,8.32730000,8.45230000,1009958.49000000,1684627199999,8513894.81280400,37588,568659.70000000,4794688.15748600,0
