Open Time,Open,High,Low,Close,Volume,Close Time,Quote Asset Volume,Number of trades,Taker Buy Base Asset Volume,Taker Buy Quote Asset volume
1678579200000,10.43500000,12.06000000,10.03450000,11.88990000,7474570.85000000,1678665599999,81168868.39489100,250140,3908061.31000000,42552978.14396300,0
