Open Time,Open,High,Low,Close,Volume,Close Time,Quote Asset Volume,Number of trades,Taker Buy Base Asset Volume,Taker Buy Quote Asset volume
1686355200000,7.44270000,7.44540000,5.40000000,6.00900000,10540613.79000000,1686441599999,64909014.65136800,296845,4679703.29000000,28859951.74082800,0
