Open Time,Open,High,Low,Close,Volume,Close Time,Quote Asset Volume,Number of trades,Taker Buy Base Asset Volume,Taker Buy Quote Asset volume
1685145600000,8.06830000,8.26090000,8.03650000,8.23220000,970553.91000000,1685231999999,7903340.25824500,32944,500382.87000000,4075217.70764000,0
