Open Time,Open,High,Low,Close,Volume,Close Time,Quote Asset Volume,Number of trades,Taker Buy Base Asset Volume,Taker Buy Quote Asset volume
1690588800000,7.06820000,7.14620000,7.04750000,7.13730000,600114.71000000,1690675199999,4258204.75468100,15860,304626.07000000,2162102.36833400,0
