Open Time,Open,High,Low,Close,Volume,Close Time,Quote Asset Volume,Number of trades,Taker Buy Base Asset Volume,Taker Buy Quote Asset volume
1686700800000,6.25470000,6.43040000,5.89670000,6.02220000,3719984.18000000,1686787199999,23101031.31014500,93200,1826538.52000000,11351057.37011500,0
