Open Time,Open,High,Low,Close,Volume,Close Time,Quote Asset Volume,Number of trades,Taker Buy Base Asset Volume,Taker Buy Quote Asset volume
1683417600000,9.20960000,9.42410000,9.13350000,9.20300000,2092278.88000000,1683503999999,19435954.57848500,62621,1118266.53000000,10388602.08245700,0
