Open Time,Open,High,Low,Close,Volume,Close Time,Quote Asset Volume,Number of trades,Taker Buy Base Asset Volume,Taker Buy Quote Asset volume
1681084800000,11.06820000,11.49500000,10.89120000,11.45360000,2149847.46000000,1681171199999,23962212.86035600,83452,1122476.85000000,12524440.69548900,0
