Open Time,Open,High,Low,Close,Volume,Close Time,Quote Asset Volume,Number of trades,Taker Buy Base Asset Volume,Taker Buy Quote Asset volume
1679011200000,12.35250000,13.68990000,12.09850000,13.51760000,7838891.98000000,1679097599999,101147766.87782200,245368,4058137.07000000,52406889.67839100,0
