Open Time,Open,High,Low,Close,Volume,Close Time,Quote Asset Volume,Number of trades,Taker Buy Base Asset Volume,Taker Buy Quote Asset volume
1680134400000,11.63180000,11.84710000,10.85120000,11.15960000,4073291.08000000,1680220799999,45863782.05498400,188118,2018735.79000000,22741390.48960100,0
