Open Time,Open,High,Low,Close,Volume,Close Time,Quote Asset Volume,Number of trades,Taker Buy Base Asset Volume,Taker Buy Quote Asset volume
1677715200000,13.44800000,13.77770000,12.55000000,12.84660000,7841795.96000000,1677801599999,102133676.46264100,191818,3940975.19000000,51356513.74204300,0
