Open Time,Open,High,Low,Close,Volume,Close Time,Quote Asset Volume,Number of trades,Taker Buy Base Asset Volume,Taker Buy Quote Asset volume
1679443200000,12.26010000,13.20760000,11.71080000,13.12520000,9677073.12000000,1679529599999,118447090.23989000,344892,4917556.25000000,60266943.11178800,0
