Open Time,Open,High,Low,Close,Volume,Close Time,Quote Asset Volume,Number of trades,Taker Buy Base Asset Volume,Taker Buy Quote Asset volume
1689206400000,6.98190000,7.70000000,6.92800000,7.57030000,4506740.97000000,1689292799999,33074839.09676400,100017,2386119.24000000,17501246.12505400,0
