Open Time,Open,High,Low,Close,Volume,Close Time,Quote Asset Volume,Number of trades,Taker Buy Base Asset Volume,Taker Buy Quote Asset volume
1674518400000,12.66570000,13.57860000,11.75950000,12.34040000,10157854.85000000,1674604799999,130196697.75374000,283784,5053654.01000000,64822088.22954500,0
