Open Time,Open,High,Low,Close,Volume,Close Time,Quote Asset Volume,Number of trades,Taker Buy Base Asset Volume,Taker Buy Quote Asset volume
1688428800000,7.51300000,8.33700000,7.48800000,7.67590000,6446008.99000000,1688515199999,51649235.34668100,153005,3136183.54000000,25112858.68180500,0
