Open Time,Open,High,Low,Close,Volume,Close Time,Quote Asset Volume,Number of trades,Taker Buy Base Asset Volume,Taker Buy Quote Asset volume
1677974400000,11.26450000,11.54390000,11.02810000,11.15660000,3734150.67000000,1678060799999,42187642.26286900,117302,1833418.57000000,20721028.56139800,0
