Open Time,Open,High,Low,Close,Volume,Close Time,Quote Asset Volume,Number of trades,Taker Buy Base Asset Volume,Taker Buy Quote Asset volume
1687824000000,7.28440000,7.54270000,7.24740000,7.43270000,2034666.72000000,1687910399999,15071365.07238200,51152,1000893.40000000,7412138.82220400,0
