Open Time,Open,High,Low,Close,Volume,Close Time,Quote Asset Volume,Number of trades,Taker Buy Base Asset Volume,Taker Buy Quote Asset volume
1674777600000,18.15430000,18.79850000,17.20000000,17.75990000,11131938.81000000,1674863999999,198884150.67486700,364316,5560021.37000000,99339474.66350600,0
