Open Time,Open,High,Low,Close,Volume,Close Time,Quote Asset Volume,Number of trades,Taker Buy Base Asset Volume,Taker Buy Quote Asset volume
1691625600000,7.40990000,7.62850000,7.12000000,7.16140000,5740988.44000000,1691711999999,42292032.63183400,127409,2955261.37000000,21775805.55446000,0
