Open Time,Open,High,Low,Close,Volume,Close Time,Quote Asset Volume,Number of trades,Taker Buy Base Asset Volume,Taker Buy Quote Asset volume
1687392000000,7.45410000,7.83010000,7.27010000,7.35670000,3638941.56000000,1687478399999,27526890.76969100,109587,1853930.50000000,14038546.14319700,0
