Open Time,Open,High,Low,Close,Volume,Close Time,Quote Asset Volume,Number of trades,Taker Buy Base Asset Volume,Taker Buy Quote Asset volume
1675555200000,16.48490000,17.05990000,14.80000000,15.42300000,9842561.42000000,1675641599999,155251984.55024400,272870,4743776.18000000,74915044.40691500,0
