Open Time,Open,High,Low,Close,Volume,Close Time,Quote Asset Volume,Number of trades,Taker Buy Base Asset Volume,Taker Buy Quote Asset volume
1679184000000,12.78750000,13.51200000,12.64360000,13.01760000,5175977.43000000,1679270399999,67794960.03930100,177217,2655730.21000000,34810812.45326800,0
