Open Time,Open,High,Low,Close,Volume,Close Time,Quote Asset Volume,Number of trades,Taker Buy Base Asset Volume,Taker Buy Quote Asset volume
1686528000000,6.24700000,6.46450000,6.08000000,6.25570000,4383424.39000000,1686614399999,27406290.27256900,122630,2237155.87000000,13997973.72439600,0
