Open Time,Open,High,Low,Close,Volume,Close Time,Quote Asset Volume,Number of trades,Taker Buy Base Asset Volume,Taker Buy Quote Asset volume
1686614400000,6.25520000,6.54830000,6.08790000,6.25720000,3177533.88000000,1686700799999,19989328.12513700,87328,1593183.88000000,10023685.13465300,0
