Open Time,Open,High,Low,Close,Volume,Close Time,Quote Asset Volume,Number of trades,Taker Buy Base Asset Volume,Taker Buy Quote Asset volume
1672617600000,3.52190000,3.90220000,3.43470000,3.75980000,7534006.31000000,1672703999999,27861138.09203000,83292,3684090.95000000,13645039.62820100,0
