Open Time,Open,High,Low,Close,Volume,Close Time,Quote Asset Volume,Number of trades,Taker Buy Base Asset Volume,Taker Buy Quote Asset volume
1674604800000,12.34070000,18.90000000,12.23560000,18.38000000,25572917.96000000,1674691199999,395531822.52965700,805020,13056878.52000000,202025624.26406400,0
