Open Time,Open,High,Low,Close,Volume,Close Time,Quote Asset Volume,Number of trades,Taker Buy Base Asset Volume,Taker Buy Quote Asset volume
1675123200000,17.21730000,17.44160000,16.09820000,16.74450000,10166884.28000000,1675209599999,170754171.60414100,303300,5207937.49000000,87431981.14826900,0
