Open Time,Open,High,Low,Close,Volume,Close Time,Quote Asset Volume,Number of trades,Taker Buy Base Asset Volume,Taker Buy Quote Asset volume
1685577600000,8.35110000,8.66160000,8.26490000,8.54960000,2535687.90000000,1685663999999,21538321.01037100,72576,1290012.58000000,10959201.57235600,0
