Open Time,Open,High,Low,Close,Volume,Close Time,Quote Asset Volume,Number of trades,Taker Buy Base Asset Volume,Taker Buy Quote Asset volume
1679097600000,13.51320000,14.24610000,12.61590000,12.78530000,8485559.76000000,1679183999999,115231223.06468000,256815,4073706.85000000,55353720.02762000,0
