Open Time,Open,High,Low,Close,Volume,Close Time,Quote Asset Volume,Number of trades,Taker Buy Base Asset Volume,Taker Buy Quote Asset volume
1692662400000,5.94450000,5.97680000,5.60990000,5.84660000,1668514.97000000,1692748799999,9714212.12265000,43557,796715.70000000,4637532.47333000,0
