Open Time,Open,High,Low,Close,Volume,Close Time,Quote Asset Volume,Number of trades,Taker Buy Base Asset Volume,Taker Buy Quote Asset volume
1674691200000,18.37930000,20.40000000,17.16090000,18.14290000,19711243.44000000,1674777599999,364811659.46030700,675293,9638030.48000000,178460884.75332400,0
