Open Time,Open,High,Low,Close,Volume,Close Time,Quote Asset Volume,Number of trades,Taker Buy Base Asset Volume,Taker Buy Quote Asset volume
1682121600000,10.14860000,10.43980000,9.96730000,10.32840000,3530354.91000000,1682207999999,35913607.74340000,83156,1892176.64000000,19246943.91546500,0
