Open Time,Open,High,Low,Close,Volume,Close Time,Quote Asset Volume,Number of trades,Taker Buy Base Asset Volume,Taker Buy Quote Asset volume
1675468800000,17.01580000,17.07580000,16.29780000,16.48610000,4871399.84000000,1675555199999,81127596.31207600,149942,2360342.20000000,39309090.72529200,0
