Open Time,Open,High,Low,Close,Volume,Close Time,Quote Asset Volume,Number of trades,Taker Buy Base Asset Volume,Taker Buy Quote Asset volume
1683504000000,9.20100000,9.26620000,8.01790000,8.30720000,5332911.80000000,1683590399999,45623747.78659300,141663,2549139.86000000,21803036.01196100,0
