Open Time,Open,High,Low,Close,Volume,Close Time,Quote Asset Volume,Number of trades,Taker Buy Base Asset Volume,Taker Buy Quote Asset volume
1674345600000,11.75130000,14.57800000,11.73090000,13.30330000,26042255.35000000,1674431999999,351986964.87781900,577963,12899231.64000000,174307360.22478500,0
