Open Time,Open,High,Low,Close,Volume,Close Time,Quote Asset Volume,Number of trades,Taker Buy Base Asset Volume,Taker Buy Quote Asset volume
1688256000000,7.39140000,7.44690000,7.09700000,7.32880000,2693100.47000000,1688342399999,19602859.22774800,50339,1329900.48000000,9687004.58415100,0
