Open Time,Open,High,Low,Close,Volume,Close Time,Quote Asset Volume,Number of trades,Taker Buy Base Asset Volume,Taker Buy Quote Asset volume
1683590400000,8.30860000,8.40910000,8.11280000,8.34890000,2197806.11000000,1683676799999,18169633.64966300,63807,1070623.42000000,8850491.88494000,0
