Open Time,Open,High,Low,Close,Volume,Close Time,Quote Asset Volume,Number of trades,Taker Buy Base Asset Volume,Taker Buy Quote Asset volume
1690416000000,7.02210000,7.14520000,6.91220000,7.07730000,1375695.07000000,1690502399999,9688388.43325400,36301,689064.57000000,4854949.39524000,0
