Open Time,Open,High,Low,Close,Volume,Close Time,Quote Asset Volume,Number of trades,Taker Buy Base Asset Volume,Taker Buy Quote Asset volume
1674000000000,7.60970000,8.49000000,7.01780000,7.61960000,17581119.16000000,1674086399999,135709262.14200800,270729,8734779.82000000,67540232.02428300,0
