Open Time,Open,High,Low,Close,Volume,Close Time,Quote Asset Volume,Number of trades,Taker Buy Base Asset Volume,Taker Buy Quote Asset volume
1683331200000,9.83720000,9.92010000,9.00050000,9.21180000,4015321.15000000,1683417599999,37415034.86753700,106721,1921892.81000000,17890037.26483800,0
