Open Time,Open,High,Low,Close,Volume,Close Time,Quote Asset Volume,Number of trades,Taker Buy Base Asset Volume,Taker Buy Quote Asset volume
1685836800000,8.97560000,9.42280000,8.82000000,9.17790000,3470653.11000000,1685923199999,31968192.34489800,82610,1672363.56000000,15402676.63814200,0
