Open Time,Open,High,Low,Close,Volume,Close Time,Quote Asset Volume,Number of trades,Taker Buy Base Asset Volume,Taker Buy Quote Asset volume
1694217600000,5.51870000,5.53380000,5.44740000,5.47850000,529316.32000000,1694303999999,2906698.70626200,20382,271551.98000000,1491156.40216900,0
