Open Time,Open,High,Low,Close,Volume,Close Time,Quote Asset Volume,Number of trades,Taker Buy Base Asset Volume,Taker Buy Quote Asset volume
1683936000000,8.29660000,8.36480000,8.16080000,8.28690000,1717124.55000000,1684022399999,14161691.86876600,52595,908224.53000000,7491588.60497300,0
