Open Time,Open,High,Low,Close,Volume,Close Time,Quote Asset Volume,Number of trades,Taker Buy Base Asset Volume,Taker Buy Quote Asset volume
1683072000000,9.92980000,10.14500000,9.43790000,10.02140000,4943249.47000000,1683158399999,47876804.62956700,121510,2423985.69000000,23481441.45698900,0
