Open Time,Open,High,Low,Close,Volume,Close Time,Quote Asset Volume,Number of trades,Taker Buy Base Asset Volume,Taker Buy Quote Asset volume
1683158400000,10.01980000,10.03370000,9.56260000,9.67820000,2187741.93000000,1683244799999,21528787.77828700,60842,1002483.50000000,9873434.30512600,0
