Open Time,Open,High,Low,Close,Volume,Close Time,Quote Asset Volume,Number of trades,Taker Buy Base Asset Volume,Taker Buy Quote Asset volume
1691798400000,7.09530000,7.23740000,7.07800000,7.19970000,1256599.37000000,1691884799999,8992441.18894500,34635,666241.73000000,4768936.41076100,0
