Open Time,Open,High,Low,Close,Volume,Close Time,Quote Asset Volume,Number of trades,Taker Buy Base Asset Volume,Taker Buy Quote Asset volume
1690329600000,6.97590000,7.12670000,6.81870000,7.02080000,1824224.93000000,1690415999999,12745062.42869100,45850,862428.32000000,6024229.55809700,0
