Open Time,Open,High,Low,Close,Volume,Close Time,Quote Asset Volume,Number of trades,Taker Buy Base Asset Volume,Taker Buy Quote Asset volume
1690070400000,7.66410000,7.79720000,7.50680000,7.57240000,1457296.35000000,1690156799999,11135942.71244900,31125,694253.92000000,5303286.00727100,0
