Open Time,Open,High,Low,Close,Volume,Close Time,Quote Asset Volume,Number of trades,Taker Buy Base Asset Volume,Taker Buy Quote Asset volume
1682812800000,10.73370000,11.00000000,10.25850000,10.31990000,3530007.96000000,1682899199999,37333213.81966100,93043,1648525.54000000,17447422.11632800,0
