Open Time,Open,High,Low,Close,Volume,Close Time,Quote Asset Volume,Number of trades,Taker Buy Base Asset Volume,Taker Buy Quote Asset volume
1679961600000,11.13150000,11.33350000,10.80810000,11.26830000,2939927.85000000,1680047999999,32501183.05044000,136355,1507995.80000000,16683400.18441700,0
