Open Time,Open,High,Low,Close,Volume,Close Time,Quote Asset Volume,Number of trades,Taker Buy Base Asset Volume,Taker Buy Quote Asset volume
1679875200000,11.85100000,12.04000000,10.72330000,11.13100000,3227613.56000000,1679961599999,36484976.99145700,146622,1455248.08000000,16459269.08365000,0
