Open Time,Open,High,Low,Close,Volume,Close Time,Quote Asset Volume,Number of trades,Taker Buy Base Asset Volume,Taker Buy Quote Asset volume
1690675200000,7.13850000,7.19030000,6.84160000,7.01790000,1340634.70000000,1690761599999,9429055.76204300,32366,649973.36000000,4569826.86440600,0
