Open Time,Open,High,Low,Close,Volume,Close Time,Quote Asset Volume,Number of trades,Taker Buy Base Asset Volume,Taker Buy Quote Asset volume
1680739200000,11.54390000,11.70850000,11.22290000,11.46300000,3473978.88000000,1680825599999,39984160.79199900,118129,1704448.58000000,19617144.25593500,0
