Open Time,Open,High,Low,Close,Volume,Close Time,Quote Asset Volume,Number of trades,Taker Buy Base Asset Volume,Taker Buy Quote Asset volume
1690502400000,7.07570000,7.11450000,6.97470000,7.06910000,1009265.87000000,1690588799999,7117002.39382400,26160,507053.50000000,3576194.48296200,0
