Open Time,Open,High,Low,Close,Volume,Close Time,Quote Asset Volume,Number of trades,Taker Buy Base Asset Volume,Taker Buy Quote Asset volume
1672790400000,3.81950000,4.02490000,3.70290000,3.81280000,9748783.41000000,1672876799999,38015724.78896900,93864,4710626.17000000,18371380.98099200,0
