Open Time,Open,High,Low,Close,Volume,Close Time,Quote Asset Volume,Number of trades,Taker Buy Base Asset Volume,Taker Buy Quote Asset volume
1690761600000,7.01670000,7.10000000,6.92900000,7.03380000,1008643.64000000,1690847999999,7086141.23868800,26880,480465.38000000,3375601.54962800,0
