Open Time,Open,High,Low,Close,Volume,Close Time,Quote Asset Volume,Number of trades,Taker Buy Base Asset Volume,Taker Buy Quote Asset volume
1673136000000,3.83650000,3.96140000,3.73350000,3.93200000,4143733.09000000,1673222399999,15778426.47595500,47335,2079071.84000000,7919573.63739800,0
