Open Time,Open,High,Low,Close,Volume,Close Time,Quote Asset Volume,Number of trades,Taker Buy Base Asset Volume,Taker Buy Quote Asset volume
1676851200000,14.07660000,14.39650000,13.61000000,14.21810000,5119170.73000000,1676937599999,72293694.10343800,122393,2450569.79000000,34611889.68504200,0
