Open Time,Open,High,Low,Close,Volume,Close Time,Quote Asset Volume,Number of trades,Taker Buy Base Asset Volume,Taker Buy Quote Asset volume
1689984000000,7.54900000,7.76320000,7.51810000,7.66410000,2089830.89000000,1690070399999,15964049.71458900,49080,1105488.63000000,8444906.49705200,0
