Open Time,Open,High,Low,Close,Volume,Close Time,Quote Asset Volume,Number of trades,Taker Buy Base Asset Volume,Taker Buy Quote Asset volume
1686873600000,6.22560000,6.33800000,6.00870000,6.29680000,2164555.58000000,1686959999999,13394822.71529200,60929,1120131.60000000,6935416.90080700,0
