Open Time,Open,High,Low,Close,Volume,Close Time,Quote Asset Volume,Number of trades,Taker Buy Base Asset Volume,Taker Buy Quote Asset volume
1680220800000,11.15890000,11.46010000,11.04690000,11.38380000,3164753.26000000,1680307199999,35688346.42189000,142454,1611347.55000000,18173363.13992600,0
