Open Time,Open,High,Low,Close,Volume,Close Time,Quote Asset Volume,Number of trades,Taker Buy Base Asset Volume,Taker Buy Quote Asset volume
1673481600000,5.29710000,6.60450000,5.03390000,6.45910000,25350196.46000000,1673567999999,143012025.06042300,318026,13083701.16000000,73781449.43640500,0
