Open Time,Open,High,Low,Close,Volume,Close Time,Quote Asset Volume,Number of trades,Taker Buy Base Asset Volume,Taker Buy Quote Asset volume
1676246400000,13.10500000,13.81730000,12.34600000,13.73410000,11198578.44000000,1676332799999,147667466.55470800,246600,5565512.29000000,73383525.16098800,0
