Open Time,Open,High,Low,Close,Volume,Close Time,Quote Asset Volume,Number of trades,Taker Buy Base Asset Volume,Taker Buy Quote Asset volume
1674172800000,7.87310000,11.40000000,7.75820000,10.94710000,19553609.60000000,1674259199999,181187878.58629800,358285,10101384.75000000,93964169.75948300,0
