Open Time,Open,High,Low,Close,Volume,Close Time,Quote Asset Volume,Number of trades,Taker Buy Base Asset Volume,Taker Buy Quote Asset volume
1687996800000,6.92280000,7.58160000,6.87460000,7.14740000,3557048.06000000,1688083199999,25597894.06685700,75059,1779439.51000000,12800097.11173900,0
