Open Time,Open,High,Low,Close,Volume,Close Time,Quote Asset Volume,Number of trades,Taker Buy Base Asset Volume,Taker Buy Quote Asset volume
1681344000000,11.35560000,12.52220000,11.25320000,12.36860000,6192745.64000000,1681430399999,74697086.94335800,163607,3188346.90000000,38424929.49301800,0
