Open Time,Open,High,Low,Close,Volume,Close Time,Quote Asset Volume,Number of trades,Taker Buy Base Asset Volume,Taker Buy Quote Asset volume
1686096000000,8.23280000,8.23600000,7.62640000,7.69910000,2677933.67000000,1686182399999,21239520.75970800,84559,1309963.63000000,10403637.37496100,0
