Open Time,Open,High,Low,Close,Volume,Close Time,Quote Asset Volume,Number of trades,Taker Buy Base Asset Volume,Taker Buy Quote Asset volume
1688083200000,7.14910000,7.51000000,6.67000000,7.24150000,5238696.30000000,1688169599999,37767616.25486800,110093,2572697.34000000,18547040.00875000,0
