Open Time,Open,High,Low,Close,Volume,Close Time,Quote Asset Volume,Number of trades,Taker Buy Base Asset Volume,Taker Buy Quote Asset volume
1691712000000,7.16420000,7.16690000,6.96000000,7.09520000,2268023.52000000,1691798399999,16052697.37478500,51331,1012671.13000000,7168805.68748100,0
