Open Time,Open,High,Low,Close,Volume,Close Time,Quote Asset Volume,Number of trades,Taker Buy Base Asset Volume,Taker Buy Quote Asset volume
1694736000000,5.21880000,5.30890000,5.11110000,5.26930000,1268795.12000000,1694822399999,6622157.66558200,32478,629250.82000000,3286086.04113600,0
