Open Time,Open,High,Low,Close,Volume,Close Time,Quote Asset Volume,Number of trades,Taker Buy Base Asset Volume,Taker Buy Quote Asset volume
1690156800000,7.57200000,7.59380000,6.98930000,7.05280000,2563587.49000000,1690243199999,18552112.55205200,57313,1197598.24000000,8666924.05936000,0
