Open Time,Open,High,Low,Close,Volume,Close Time,Quote Asset Volume,Number of trades,Taker Buy Base Asset Volume,Taker Buy Quote Asset volume
1694131200000,5.63870000,5.67250000,5.43500000,5.51870000,1164621.94000000,1694217599999,6452902.15698400,31584,533032.05000000,2955997.93346800,0
