Open Time,Open,High,Low,Close,Volume,Close Time,Quote Asset Volume,Number of trades,Taker Buy Base Asset Volume,Taker Buy Quote Asset volume
1672531200000,3.44910000,3.55100000,3.40900000,3.52140000,3099686.49000000,1672617599999,10758646.43879300,34251,1556868.93000000,5406582.94207500,0
