Open Time,Open,High,Low,Close,Volume,Close Time,Quote Asset Volume,Number of trades,Taker Buy Base Asset Volume,Taker Buy Quote Asset volume
1675209600000,16.74020000,18.43000000,15.56760000,18.26400000,13122232.26000000,1675295999999,219407572.66650600,393640,6717449.99000000,112459836.42819100,0
