Open Time,Open,High,Low,Close,Volume,Close Time,Quote Asset Volume,Number of trades,Taker Buy Base Asset Volume,Taker Buy Quote Asset volume
1693785600000,5.46700000,5.58070000,5.42510000,5.51250000,986350.53000000,1693871999999,5436842.18509000,25968,463176.56000000,2553350.73206200,0
