Open Time,Open,High,Low,Close,Volume,Close Time,Quote Asset Volume,Number of trades,Taker Buy Base Asset Volume,Taker Buy Quote Asset volume
1673913600000,8.13180000,8.28970000,7.54220000,7.61050000,10296480.37000000,1673999999999,82230302.90464200,161994,5109750.48000000,40844786.13303100,0
