Open Time,Open,High,Low,Close,Volume,Close Time,Quote Asset Volume,Number of trades,Taker Buy Base Asset Volume,Taker Buy Quote Asset volume
1680566400000,11.33690000,11.57290000,11.11190000,11.46690000,3047083.43000000,1680652799999,34695639.29448200,104988,1494297.93000000,17011469.04755000,0
