Open Time,Open,High,Low,Close,Volume,Close Time,Quote Asset Volume,Number of trades,Taker Buy Base Asset Volume,Taker Buy Quote Asset volume
1687478400000,7.35690000,7.98170000,7.28890000,7.66450000,3698984.70000000,1687564799999,28148514.23831100,114883,1835172.23000000,13964686.77551800,0
