Open Time,Open,High,Low,Close,Volume,Close Time,Quote Asset Volume,Number of trades,Taker Buy Base Asset Volume,Taker Buy Quote Asset volume
1691452800000,6.67230000,6.77560000,6.60410000,6.70400000,1419857.26000000,1691539199999,9492550.16253800,29895,693937.99000000,4639301.89757800,0
