Open Time,Open,High,Low,Close,Volume,Close Time,Quote Asset Volume,Number of trades,Taker Buy Base Asset Volume,Taker Buy Quote Asset volume
1693180800000,5.70110000,5.75240000,5.52990000,5.73010000,1314929.62000000,1693267199999,7431222.87760900,32869,625332.51000000,3534629.27909800,0
