Open Time,Open,High,Low,Close,Volume,Close Time,Quote Asset Volume,Number of trades,Taker Buy Base Asset Volume,Taker Buy Quote Asset volume
1682640000000,10.17690000,10.24130000,9.87510000,10.15720000,2344666.18000000,1682726399999,23614649.17576400,60269,1178382.52000000,11871609.55710500,0
