Open Time,Open,High,Low,Close,Volume,Close Time,Quote Asset Volume,Number of trades,Taker Buy Base Asset Volume,Taker Buy Quote Asset volume
1673049600000,3.85840000,3.90300000,3.78400000,3.83290000,2982080.31000000,1673135999999,11438592.30144500,29509,1426558.60000000,5472783.60968800,0
