Open Time,Open,High,Low,Close,Volume,Close Time,Quote Asset Volume,Number of trades,Taker Buy Base Asset Volume,Taker Buy Quote Asset volume
1687305600000,7.21710000,7.59780000,7.08870000,7.45410000,4624644.55000000,1687391999999,33844149.52714700,135716,2410029.00000000,17628818.83543100,0
