Open Time,Open,High,Low,Close,Volume,Close Time,Quote Asset Volume,Number of trades,Taker Buy Base Asset Volume,Taker Buy Quote Asset volume
1687737600000,7.54450000,7.73750000,7.16920000,7.28350000,3896551.05000000,1687823999999,29183674.46270300,115884,1870454.63000000,14015960.80449300,0
