Open Time,Open,High,Low,Close,Volume,Close Time,Quote Asset Volume,Number of trades,Taker Buy Base Asset Volume,Taker Buy Quote Asset volume
1686960000000,6.29700000,7.08760000,6.22000000,6.99600000,6071156.54000000,1687046399999,41437633.28887600,155267,3155419.04000000,21508786.84990500,0
