Open Time,Open,High,Low,Close,Volume,Close Time,Quote Asset Volume,Number of trades,Taker Buy Base Asset Volume,Taker Buy Quote Asset volume
1676160000000,13.88580000,14.18750000,12.90550000,13.10540000,6489589.83000000,1676246399999,88929248.89205400,152719,3030427.87000000,41523213.88358500,0
