Open Time,Open,High,Low,Close,Volume,Close Time,Quote Asset Volume,Number of trades,Taker Buy Base Asset Volume,Taker Buy Quote Asset volume
1678838400000,13.56730000,14.18220000,11.95110000,12.24180000,11088936.74000000,1678924799999,143946462.25939600,384596,5244495.09000000,68293040.30782800,0
