Open Time,Open,High,Low,Close,Volume,Close Time,Quote Asset Volume,Number of trades,Taker Buy Base Asset Volume,Taker Buy Quote Asset volume
1674259200000,10.95150000,13.42610000,10.51390000,11.75650000,36577389.06000000,1674345599999,444406340.85997800,714929,18266862.35000000,221984452.43274100,0
