Open Time,Open,High,Low,Close,Volume,Close Time,Quote Asset Volume,Number of trades,Taker Buy Base Asset Volume,Taker Buy Quote Asset volume
1689033600000,7.09420000,7.13990000,6.90450000,7.04300000,1853995.08000000,1689119999999,13001378.69460400,36490,869111.95000000,6097560.90399300,0
