Open Time,Open,High,Low,Close,Volume,Close Time,Quote Asset Volume,Number of trades,Taker Buy Base Asset Volume,Taker Buy Quote Asset volume
1688947200000,7.09630000,7.20310000,6.80400000,7.09210000,2577142.28000000,1689033599999,18087157.71239600,51735,1259836.74000000,8841604.49159600,0
