Open Time,Open,High,Low,Close,Volume,Close Time,Quote Asset Volume,Number of trades,Taker Buy Base Asset Volume,Taker Buy Quote Asset volume
1684368000000,8.71730000,8.75240000,8.33150000,8.52580000,3344735.48000000,1684454399999,28716865.00883800,91002,1695908.60000000,14561817.57550200,0
