Open Time,Open,High,Low,Close,Volume,Close Time,Quote Asset Volume,Number of trades,Taker Buy Base Asset Volume,Taker Buy Quote Asset volume
1679270400000,13.01630000,13.16360000,11.97970000,12.10270000,5219069.34000000,1679356799999,65723007.22233700,204704,2608294.87000000,32876250.89607300,0
