Open Time,Open,High,Low,Close,Volume,Close Time,Quote Asset Volume,Number of trades,Taker Buy Base Asset Volume,Taker Buy Quote Asset volume
1693008000000,5.69020000,5.77950000,5.65680000,5.72500000,707468.17000000,1693094399999,4051990.60869800,17973,352836.58000000,2021366.74658800,0
