Open Time,Open,High,Low,Close,Volume,Close Time,Quote Asset Volume,Number of trades,Taker Buy Base Asset Volume,Taker Buy Quote Asset volume
1691280000000,6.72030000,6.81580000,6.67580000,6.71280000,1039889.59000000,1691366399999,7020735.72648000,26924,501561.11000000,3385710.59851900,0
