Open Time,Open,High,Low,Close,Volume,Close Time,Quote Asset Volume,Number of trades,Taker Buy Base Asset Volume,Taker Buy Quote Asset volume
1685059200000,7.97000000,8.15230000,7.82300000,8.06520000,1360554.38000000,1685145599999,10907566.98212600,46716,742832.56000000,5958768.31987500,0
