Open Time,Open,High,Low,Close,Volume,Close Time,Quote Asset Volume,Number of trades,Taker Buy Base Asset Volume,Taker Buy Quote Asset volume
1673740800000,7.70450000,8.85490000,7.02380000,7.92550000,22327737.15000000,1673827199999,178053357.15747000,380227,11307683.06000000,90243513.77207000,0
