Open Time,Open,High,Low,Close,Volume,Close Time,Quote Asset Volume,Number of trades,Taker Buy Base Asset Volume,Taker Buy Quote Asset volume
1689811200000,7.54820000,7.69570000,7.32610000,7.43110000,1660306.23000000,1689897599999,12493527.48255700,39850,777749.72000000,5855557.04502300,0
