Open Time,Open,High,Low,Close,Volume,Close Time,Quote Asset Volume,Number of trades,Taker Buy Base Asset Volume,Taker Buy Quote Asset volume
1678752000000,12.31030000,14.63370000,11.96850000,13.57050000,14188216.05000000,1678838399999,189112071.58377700,436898,7010944.00000000,93406516.37493900,0
