Open Time,Open,High,Low,Close,Volume,Close Time,Quote Asset Volume,Number of trades,Taker Buy Base Asset Volume,Taker Buy Quote Asset volume
1684713600000,8.16200000,8.21840000,7.97120000,8.10550000,1583816.91000000,1684799999999,12855586.48908600,53033,803817.18000000,6526934.89818300,0
