Open Time,Open,High,Low,Close,Volume,Close Time,Quote Asset Volume,Number of trades,Taker Buy Base Asset Volume,Taker Buy Quote Asset volume
1685232000000,8.22920000,8.70000000,8.19450000,8.51310000,3050790.25000000,1685318399999,25856071.34768400,89121,1626341.27000000,13781206.06517500,0
