Open Time,Open,High,Low,Close,Volume,Close Time,Quote Asset Volume,Number of trades,Taker Buy Base Asset Volume,Taker Buy Quote Asset volume
1690848000000,7.03430000,7.08050000,6.75000000,7.06940000,1781616.46000000,1690934399999,12340877.20601900,39562,843802.09000000,5847418.43805500,0
