Open Time,Open,High,Low,Close,Volume,Close Time,Quote Asset Volume,Number of trades,Taker Buy Base Asset Volume,Taker Buy Quote Asset volume
1691107200000,0.29130000,0.29680000,0.28800000,0.28940000,12290074.00000000,1691193599999,3586054.67940000,10939,5415967.00000000,1579600.78850000,0
