Open Time,Open,High,Low,Close,Volume,Close Time,Quote Asset Volume,Number of trades,Taker Buy Base Asset Volume,Taker Buy Quote Asset volume
1693872000000,0.22290000,0.22880000,0.22060000,0.22780000,10228224.00000000,1693958399999,2307056.95750000,9675,4813579.00000000,1086256.86650000,0
