Open Time,Open,High,Low,Close,Volume,Close Time,Quote Asset Volume,Number of trades,Taker Buy Base Asset Volume,Taker Buy Quote Asset volume
1688083200000,0.28630000,0.30300000,0.26500000,0.29330000,42495252.00000000,1688169599999,12305344.33610000,47310,21463970.00000000,6210509.55750000,0
