Open Time,Open,High,Low,Close,Volume,Close Time,Quote Asset Volume,Number of trades,Taker Buy Base Asset Volume,Taker Buy Quote Asset volume
1687305600000,0.26400000,0.28010000,0.26330000,0.27670000,35953171.00000000,1687391999999,9773638.81990000,41422,16930849.00000000,4603514.95880000,0
