Open Time,Open,High,Low,Close,Volume,Close Time,Quote Asset Volume,Number of trades,Taker Buy Base Asset Volume,Taker Buy Quote Asset volume
1685923200000,0.32310000,0.32380000,0.24960000,0.27380000,60780339.00000000,1686009599999,17367104.08430000,78957,25749803.00000000,7388392.74600000,0
