Open Time,Open,High,Low,Close,Volume,Close Time,Quote Asset Volume,Number of trades,Taker Buy Base Asset Volume,Taker Buy Quote Asset volume
1686182400000,0.29100000,0.31690000,0.28700000,0.29520000,52546055.00000000,1686268799999,15759647.31490000,69270,26053925.00000000,7815766.38320000,0
