Open Time,Open,High,Low,Close,Volume,Close Time,Quote Asset Volume,Number of trades,Taker Buy Base Asset Volume,Taker Buy Quote Asset volume
1684886400000,0.30890000,0.30890000,0.28430000,0.29340000,17907844.00000000,1684972799999,5280338.20900000,18641,8365409.00000000,2466016.36750000,0
