Open Time,Open,High,Low,Close,Volume,Close Time,Quote Asset Volume,Number of trades,Taker Buy Base Asset Volume,Taker Buy Quote Asset volume
1692403200000,0.24660000,0.25250000,0.24540000,0.24990000,7870901.00000000,1692489599999,1955793.74840000,8299,3882395.00000000,965076.21780000,0
