Open Time,Open,High,Low,Close,Volume,Close Time,Quote Asset Volume,Number of trades,Taker Buy Base Asset Volume,Taker Buy Quote Asset volume
1680307200000,0.37110000,0.38550000,0.35780000,0.35970000,36324211.00000000,1680393599999,13590856.67320000,37109,17154108.00000000,6428031.09360000,0
