Open Time,Open,High,Low,Close,Volume,Close Time,Quote Asset Volume,Number of trades,Taker Buy Base Asset Volume,Taker Buy Quote Asset volume
1692576000000,0.24840000,0.25070000,0.22600000,0.23420000,26208410.00000000,1692662399999,6171237.95270000,28163,12032602.00000000,2838762.38630000,0
