Open Time,Open,High,Low,Close,Volume,Close Time,Quote Asset Volume,Number of trades,Taker Buy Base Asset Volume,Taker Buy Quote Asset volume
1687478400000,0.26690000,0.28490000,0.26510000,0.27860000,21556741.00000000,1687564799999,5931467.35340000,27476,10462268.00000000,2881209.32130000,0
