Open Time,Open,High,Low,Close,Volume,Close Time,Quote Asset Volume,Number of trades,Taker Buy Base Asset Volume,Taker Buy Quote Asset volume
1685577600000,0.30210000,0.30600000,0.29080000,0.30000000,12777462.00000000,1685663999999,3800309.59760000,20080,5952092.00000000,1770622.06040000,0
