Open Time,Open,High,Low,Close,Volume,Close Time,Quote Asset Volume,Number of trades,Taker Buy Base Asset Volume,Taker Buy Quote Asset volume
1689811200000,0.28020000,0.32410000,0.27860000,0.30820000,129214229.00000000,1689897599999,39792449.64090000,108362,63693311.00000000,19625201.10400000,0
