Open Time,Open,High,Low,Close,Volume,Close Time,Quote Asset Volume,Number of trades,Taker Buy Base Asset Volume,Taker Buy Quote Asset volume
1687996800000,0.28220000,0.29750000,0.28070000,0.28610000,22325551.00000000,1688083199999,6450785.73200000,26329,10371156.00000000,2997080.24480000,0
