Open Time,Open,High,Low,Close,Volume,Close Time,Quote Asset Volume,Number of trades,Taker Buy Base Asset Volume,Taker Buy Quote Asset volume
1684972800000,0.29370000,0.30700000,0.28450000,0.30420000,15631683.00000000,1685059199999,4653804.02680000,18369,7224214.00000000,2151340.32060000,0
