Open Time,Open,High,Low,Close,Volume,Close Time,Quote Asset Volume,Number of trades,Taker Buy Base Asset Volume,Taker Buy Quote Asset volume
1684108800000,0.30520000,0.32210000,0.29520000,0.31310000,36031490.00000000,1684195199999,11257596.87410000,33073,17687167.00000000,5526612.31250000,0
