Open Time,Open,High,Low,Close,Volume,Close Time,Quote Asset Volume,Number of trades,Taker Buy Base Asset Volume,Taker Buy Quote Asset volume
1693526400000,0.23030000,0.23240000,0.22280000,0.22490000,10822160.00000000,1693612799999,2461633.38160000,10822,5048994.00000000,1147310.03220000,0
