Open Time,Open,High,Low,Close,Volume,Close Time,Quote Asset Volume,Number of trades,Taker Buy Base Asset Volume,Taker Buy Quote Asset volume
1693440000000,0.23260000,0.23800000,0.22450000,0.23030000,16860206.00000000,1693526399999,3921541.27430000,16762,7770534.00000000,1806408.38670000,0
