Open Time,Open,High,Low,Close,Volume,Close Time,Quote Asset Volume,Number of trades,Taker Buy Base Asset Volume,Taker Buy Quote Asset volume
1682035200000,0.42220000,0.44150000,0.38140000,0.39280000,110800934.00000000,1682121599999,45973645.04730000,81523,52451417.00000000,21804294.50190000,0
