Open Time,Open,High,Low,Close,Volume,Close Time,Quote Asset Volume,Number of trades,Taker Buy Base Asset Volume,Taker Buy Quote Asset volume
1692230400000,0.26740000,0.27650000,0.22000000,0.24040000,52506280.00000000,1692316799999,13238965.13130000,55476,24100811.00000000,6086121.05110000,0
