Open Time,Open,High,Low,Close,Volume,Close Time,Quote Asset Volume,Number of trades,Taker Buy Base Asset Volume,Taker Buy Quote Asset volume
1690416000000,0.30390000,0.31520000,0.30070000,0.30370000,37059640.00000000,1690502399999,11387358.11550000,27846,18443947.00000000,5665343.34570000,0
