Open Time,Open,High,Low,Close,Volume,Close Time,Quote Asset Volume,Number of trades,Taker Buy Base Asset Volume,Taker Buy Quote Asset volume
1681948800000,0.42350000,0.47440000,0.40390000,0.42240000,155597346.00000000,1682035199999,69015103.75420000,125029,73829001.00000000,32757965.44450000,0
