Open Time,Open,High,Low,Close,Volume,Close Time,Quote Asset Volume,Number of trades,Taker Buy Base Asset Volume,Taker Buy Quote Asset volume
1680480000000,0.33560000,0.34580000,0.30760000,0.32240000,39675124.00000000,1680566399999,12979750.49360000,31620,16603973.00000000,5426081.89010000,0
