Open Time,Open,High,Low,Close,Volume,Close Time,Quote Asset Volume,Number of trades,Taker Buy Base Asset Volume,Taker Buy Quote Asset volume
1694822400000,0.21460000,0.21870000,0.21040000,0.21250000,10188769.00000000,1694908799999,2187842.55130000,9969,4952921.00000000,1062810.24390000,0
