Open Time,Open,High,Low,Close,Volume,Close Time,Quote Asset Volume,Number of trades,Taker Buy Base Asset Volume,Taker Buy Quote Asset volume
1688601600000,0.27940000,0.28950000,0.26200000,0.26410000,20643203.00000000,1688687999999,5716483.57260000,22379,9997689.00000000,2772691.76180000,0
