Open Time,Open,High,Low,Close,Volume,Close Time,Quote Asset Volume,Number of trades,Taker Buy Base Asset Volume,Taker Buy Quote Asset volume
1685318400000,0.32420000,0.32840000,0.30770000,0.31110000,22508269.00000000,1685404799999,7128234.96060000,26549,9639458.00000000,3052922.91090000,0
