Open Time,Open,High,Low,Close,Volume,Close Time,Quote Asset Volume,Number of trades,Taker Buy Base Asset Volume,Taker Buy Quote Asset volume
1683590400000,0.32450000,0.33640000,0.31840000,0.32910000,36034074.00000000,1683676799999,11736503.81150000,36200,17021086.00000000,5543839.06970000,0
