Open Time,Open,High,Low,Close,Volume,Close Time,Quote Asset Volume,Number of trades,Taker Buy Base Asset Volume,Taker Buy Quote Asset volume
1680220800000,0.38950000,0.39450000,0.35200000,0.37060000,69373519.00000000,1680307199999,25827189.22310000,71762,32073315.00000000,11948130.02180000,0
