Open Time,Open,High,Low,Close,Volume,Close Time,Quote Asset Volume,Number of trades,Taker Buy Base Asset Volume,Taker Buy Quote Asset volume
1686441600000,0.25390000,0.25730000,0.24880000,0.24990000,16967792.00000000,1686527999999,4281541.75350000,23409,7994558.00000000,2018582.12890000,0
