Open Time,Open,High,Low,Close,Volume,Close Time,Quote Asset Volume,Number of trades,Taker Buy Base Asset Volume,Taker Buy Quote Asset volume
1688428800000,0.30300000,0.30510000,0.28770000,0.29200000,19781548.00000000,1688515199999,5876391.18630000,23932,8982680.00000000,2668723.25220000,0
