Open Time,Open,High,Low,Close,Volume,Close Time,Quote Asset Volume,Number of trades,Taker Buy Base Asset Volume,Taker Buy Quote Asset volume
1684627200000,0.31130000,0.31240000,0.30080000,0.30260000,10554407.00000000,1684713599999,3240374.77870000,10968,4907417.00000000,1507376.60850000,0
