Open Time,Open,High,Low,Close,Volume,Close Time,Quote Asset Volume,Number of trades,Taker Buy Base Asset Volume,Taker Buy Quote Asset volume
1690329600000,0.29550000,0.30590000,0.29000000,0.30390000,34241419.00000000,1690415999999,10193491.32630000,29667,17482047.00000000,5204507.99930000,0
