Open Time,Open,High,Low,Close,Volume,Close Time,Quote Asset Volume,Number of trades,Taker Buy Base Asset Volume,Taker Buy Quote Asset volume
1693094400000,0.23300000,0.23600000,0.23100000,0.23400000,9944329.00000000,1693180799999,2313650.00360000,7123,4918783.00000000,1144383.08770000,0
