Open Time,Open,High,Low,Close,Volume,Close Time,Quote Asset Volume,Number of trades,Taker Buy Base Asset Volume,Taker Buy Quote Asset volume
1690588800000,0.30310000,0.30490000,0.29930000,0.30420000,10789108.00000000,1690675199999,3259257.99980000,9261,4434875.00000000,1340134.34530000,0
