Open Time,Open,High,Low,Close,Volume,Close Time,Quote Asset Volume,Number of trades,Taker Buy Base Asset Volume,Taker Buy Quote Asset volume
1683936000000,0.30790000,0.30810000,0.29000000,0.29290000,24578207.00000000,1684022399999,7294737.72310000,27241,10244098.00000000,3039784.71500000,0
