Open Time,Open,High,Low,Close,Volume,Close Time,Quote Asset Volume,Number of trades,Taker Buy Base Asset Volume,Taker Buy Quote Asset volume
1690848000000,0.29620000,0.30030000,0.28270000,0.29850000,31707574.00000000,1690934399999,9236060.89700000,24245,14889030.00000000,4334985.88880000,0
