Open Time,Open,High,Low,Close,Volume,Close Time,Quote Asset Volume,Number of trades,Taker Buy Base Asset Volume,Taker Buy Quote Asset volume
1682985600000,0.37110000,0.39550000,0.36560000,0.38750000,50021815.00000000,1683071999999,19215077.02650000,50701,24938522.00000000,9579575.89150000,0
