Open Time,Open,High,Low,Close,Volume,Close Time,Quote Asset Volume,Number of trades,Taker Buy Base Asset Volume,Taker Buy Quote Asset volume
1684713600000,0.30260000,0.30400000,0.29170000,0.30030000,14695161.00000000,1684799999999,4378577.71860000,15184,6576412.00000000,1960089.46970000,0
