Open Time,Open,High,Low,Close,Volume,Close Time,Quote Asset Volume,Number of trades,Taker Buy Base Asset Volume,Taker Buy Quote Asset volume
1688515200000,0.29200000,0.29570000,0.27650000,0.27950000,17589543.00000000,1688601599999,5007072.92800000,19496,7865768.00000000,2239050.74890000,0
