Open Time,Open,High,Low,Close,Volume,Close Time,Quote Asset Volume,Number of trades,Taker Buy Base Asset Volume,Taker Buy Quote Asset volume
1692144000000,0.27970000,0.29490000,0.26200000,0.26730000,38599403.00000000,1692230399999,10618875.20040000,32367,18837265.00000000,5184183.06210000,0
