Open Time,Open,High,Low,Close,Volume,Close Time,Quote Asset Volume,Number of trades,Taker Buy Base Asset Volume,Taker Buy Quote Asset volume
1686787200000,0.25260000,0.25590000,0.24070000,0.25200000,20571627.00000000,1686873599999,5100724.20100000,25567,10377658.00000000,2571932.64300000,0
