Open Time,Open,High,Low,Close,Volume,Close Time,Quote Asset Volume,Number of trades,Taker Buy Base Asset Volume,Taker Buy Quote Asset volume
1691193600000,0.28940000,0.29030000,0.28050000,0.28190000,11360041.00000000,1691279999999,3241069.36270000,10589,5506714.00000000,1571305.25130000,0
