Open Time,Open,High,Low,Close,Volume,Close Time,Quote Asset Volume,Number of trades,Taker Buy Base Asset Volume,Taker Buy Quote Asset volume
1680998400000,0.32360000,0.33390000,0.30870000,0.32710000,28595403.00000000,1681084799999,9105614.16250000,35599,14055095.00000000,4481211.14520000,0
