Open Time,Open,High,Low,Close,Volume,Close Time,Quote Asset Volume,Number of trades,Taker Buy Base Asset Volume,Taker Buy Quote Asset volume
1686355200000,0.29610000,0.29670000,0.24530000,0.25380000,76397766.00000000,1686441599999,19852370.33660000,92508,33818481.00000000,8764100.86700000,0
