Open Time,Open,High,Low,Close,Volume,Close Time,Quote Asset Volume,Number of trades,Taker Buy Base Asset Volume,Taker Buy Quote Asset volume
1681257600000,0.32130000,0.32130000,0.30210000,0.31070000,31847503.00000000,1681343999999,9837863.17420000,36072,15284138.00000000,4723752.10430000,0
