Open Time,Open,High,Low,Close,Volume,Close Time,Quote Asset Volume,Number of trades,Taker Buy Base Asset Volume,Taker Buy Quote Asset volume
1690156800000,0.32960000,0.33300000,0.29600000,0.30040000,81296082.00000000,1690243199999,25337833.80550000,55298,38436906.00000000,11987753.40520000,0
