Open Time,Open,High,Low,Close,Volume,Close Time,Quote Asset Volume,Number of trades,Taker Buy Base Asset Volume,Taker Buy Quote Asset volume
1682294400000,0.38650000,0.39760000,0.36760000,0.38440000,49291109.00000000,1682380799999,18748336.99120000,44443,24511271.00000000,9329334.03090000,0
