Open Time,Open,High,Low,Close,Volume,Close Time,Quote Asset Volume,Number of trades,Taker Buy Base Asset Volume,Taker Buy Quote Asset volume
1680825600000,0.33220000,0.34350000,0.32010000,0.32630000,34688652.00000000,1680911999999,11459447.45840000,45124,16482492.00000000,5449018.38600000,0
