Open Time,Open,High,Low,Close,Volume,Close Time,Quote Asset Volume,Number of trades,Taker Buy Base Asset Volume,Taker Buy Quote Asset volume
1693958400000,0.22790000,0.22800000,0.21950000,0.22470000,13280302.00000000,1694044799999,2986165.50150000,10248,6528511.00000000,1469978.08680000,0
