Open Time,Open,High,Low,Close,Volume,Close Time,Quote Asset Volume,Number of trades,Taker Buy Base Asset Volume,Taker Buy Quote Asset volume
1691280000000,0.28190000,0.29220000,0.28100000,0.29160000,17725700.00000000,1691366399999,5079187.95710000,14333,8350061.00000000,2392368.78860000,0
