Open Time,Open,High,Low,Close,Volume,Close Time,Quote Asset Volume,Number of trades,Taker Buy Base Asset Volume,Taker Buy Quote Asset volume
1694304000000,0.22420000,0.22430000,0.20700000,0.21080000,16265013.00000000,1694390399999,3482722.79620000,16302,7814442.00000000,1674189.24110000,0
