Open Time,Open,High,Low,Close,Volume,Close Time,Quote Asset Volume,Number of trades,Taker Buy Base Asset Volume,Taker Buy Quote Asset volume
1694563200000,0.19590000,0.20500000,0.19520000,0.20170000,24606893.00000000,1694649599999,4922038.58920000,21850,12472959.00000000,2491710.11950000,0
