Open Time,Open,High,Low,Close,Volume,Close Time,Quote Asset Volume,Number of trades,Taker Buy Base Asset Volume,Taker Buy Quote Asset volume
1690675200000,0.30450000,0.30980000,0.29700000,0.30120000,16578196.00000000,1690761599999,5041946.88170000,15509,7713289.00000000,2347919.28400000,0
