Open Time,Open,High,Low,Close,Volume,Close Time,Quote Asset Volume,Number of trades,Taker Buy Base Asset Volume,Taker Buy Quote Asset volume
1689724800000,0.28450000,0.28910000,0.27750000,0.28010000,21676499.00000000,1689811199999,6135816.26250000,18441,10067002.00000000,2850924.72700000,0
