Open Time,Open,High,Low,Close,Volume,Close Time,Quote Asset Volume,Number of trades,Taker Buy Base Asset Volume,Taker Buy Quote Asset volume
1692057600000,0.29230000,0.29800000,0.26580000,0.27980000,32946548.00000000,1692143999999,9384645.93660000,24835,16364572.00000000,4658577.81140000,0
