Open Time,Open,High,Low,Close,Volume,Close Time,Quote Asset Volume,Number of trades,Taker Buy Base Asset Volume,Taker Buy Quote Asset volume
1694044800000,0.22460000,0.22980000,0.22260000,0.22860000,9651718.00000000,1694131199999,2179739.88010000,9702,4432664.00000000,1001219.75940000,0
