Open Time,Open,High,Low,Close,Volume,Close Time,Quote Asset Volume,Number of trades,Taker Buy Base Asset Volume,Taker Buy Quote Asset volume
1683244800000,0.39630000,0.43300000,0.39500000,0.42360000,68790905.00000000,1683331199999,28728924.07110000,74258,34355679.00000000,14345530.38710000,0
