Open Time,Open,High,Low,Close,Volume,Close Time,Quote Asset Volume,Number of trades,Taker Buy Base Asset Volume,Taker Buy Quote Asset volume
1682640000000,0.41370000,0.41630000,0.38040000,0.38730000,46469431.00000000,1682726399999,18442616.72610000,39968,20479699.00000000,8138573.77900000,0
