Open Time,Open,High,Low,Close,Volume,Close Time,Quote Asset Volume,Number of trades,Taker Buy Base Asset Volume,Taker Buy Quote Asset volume
1691366400000,0.29170000,0.29720000,0.28180000,0.28800000,17400557.00000000,1691452799999,5055813.43590000,15683,7605682.00000000,2209153.20860000,0
