Open Time,Open,High,Low,Close,Volume,Close Time,Quote Asset Volume,Number of trades,Taker Buy Base Asset Volume,Taker Buy Quote Asset volume
1681430400000,0.35740000,0.43180000,0.34780000,0.41370000,193452388.00000000,1681516799999,73961802.71920000,244812,99746663.00000000,38227161.93100000,0
