Open Time,Open,High,Low,Close,Volume,Close Time,Quote Asset Volume,Number of trades,Taker Buy Base Asset Volume,Taker Buy Quote Asset volume
1684022400000,0.29310000,0.31490000,0.28540000,0.30540000,29062472.00000000,1684108799999,8745915.96620000,28333,13847765.00000000,4167069.76910000,0
