Open Time,Open,High,Low,Close,Volume,Close Time,Quote Asset Volume,Number of trades,Taker Buy Base Asset Volume,Taker Buy Quote Asset volume
1688342400000,0.30200000,0.31700000,0.30030000,0.30320000,30929223.00000000,1688428799999,9507178.91940000,39502,14617751.00000000,4493316.54010000,0
