Open Time,Open,High,Low,Close,Volume,Close Time,Quote Asset Volume,Number of trades,Taker Buy Base Asset Volume,Taker Buy Quote Asset volume
1694131200000,0.22870000,0.23060000,0.22050000,0.22520000,7832487.00000000,1694217599999,1768095.12600000,9200,3664531.00000000,827268.31090000,0
