Open Time,Open,High,Low,Close,Volume,Close Time,Quote Asset Volume,Number of trades,Taker Buy Base Asset Volume,Taker Buy Quote Asset volume
1686268800000,0.29520000,0.30740000,0.28860000,0.29640000,27438283.00000000,1686355199999,8141149.69690000,33659,12821194.00000000,3802954.91020000,0
