Open Time,Open,High,Low,Close,Volume,Close Time,Quote Asset Volume,Number of trades,Taker Buy Base Asset Volume,Taker Buy Quote Asset volume
1694649600000,0.20190000,0.21340000,0.20150000,0.21160000,14362240.00000000,1694735999999,2992079.65790000,13924,6704133.00000000,1395598.83550000,0
