Open Time,Open,High,Low,Close,Volume,Close Time,Quote Asset Volume,Number of trades,Taker Buy Base Asset Volume,Taker Buy Quote Asset volume
1687910400000,0.31180000,0.31180000,0.27150000,0.28210000,45046445.00000000,1687996799999,13012315.82590000,47039,20999527.00000000,6069017.09310000,0
