Open Time,Open,High,Low,Close,Volume,Close Time,Quote Asset Volume,Number of trades,Taker Buy Base Asset Volume,Taker Buy Quote Asset volume
1684540800000,0.31160000,0.31630000,0.30660000,0.31120000,9610066.00000000,1684627199999,2993571.06060000,10524,4589029.00000000,1431434.23150000,0
