Open Time,Open,High,Low,Close,Volume,Close Time,Quote Asset Volume,Number of trades,Taker Buy Base Asset Volume,Taker Buy Quote Asset volume
1685232000000,0.30860000,0.32900000,0.30570000,0.32400000,24210868.00000000,1685318399999,7648092.14280000,28096,12638074.00000000,3993080.01850000,0
