Open Time,Open,High,Low,Close,Volume,Close Time,Quote Asset Volume,Number of trades,Taker Buy Base Asset Volume,Taker Buy Quote Asset volume
1690761600000,0.30130000,0.30540000,0.29560000,0.29620000,19631462.00000000,1690847999999,5921709.76640000,14450,9727569.00000000,2934240.71770000,0
