Open Time,Open,High,Low,Close,Volume,Close Time,Quote Asset Volume,Number of trades,Taker Buy Base Asset Volume,Taker Buy Quote Asset volume
1680912000000,0.32630000,0.33840000,0.31750000,0.32360000,23964425.00000000,1680998399999,7818187.41630000,31872,10670017.00000000,3487449.23250000,0
