Open Time,Open,High,Low,Close,Volume,Close Time,Quote Asset Volume,Number of trades,Taker Buy Base Asset Volume,Taker Buy Quote Asset volume
1693353600000,0.24090000,0.24160000,0.22920000,0.23270000,12409668.00000000,1693439999999,2918183.04920000,11703,5752266.00000000,1352707.09080000,0
