Open Time,Open,High,Low,Close,Volume,Close Time,Quote Asset Volume,Number of trades,Taker Buy Base Asset Volume,Taker Buy Quote Asset volume
1688688000000,0.26410000,0.27580000,0.26090000,0.27510000,14348290.00000000,1688774399999,3866799.70900000,16685,6852927.00000000,1846315.67780000,0
