Open Time,Open,High,Low,Close,Volume,Close Time,Quote Asset Volume,Number of trades,Taker Buy Base Asset Volume,Taker Buy Quote Asset volume
1687824000000,0.29670000,0.31810000,0.29340000,0.31160000,45442399.00000000,1687910399999,14049425.08750000,54120,23349023.00000000,7220634.83480000,0
