Open Time,Open,High,Low,Close,Volume,Close Time,Quote Asset Volume,Number of trades,Taker Buy Base Asset Volume,Taker Buy Quote Asset volume
1688774400000,0.27480000,0.27550000,0.26420000,0.26990000,9326019.00000000,1688860799999,2511385.13330000,10755,4260769.00000000,1147606.16980000,0
