Open Time,Open,High,Low,Close,Volume,Close Time,Quote Asset Volume,Number of trades,Taker Buy Base Asset Volume,Taker Buy Quote Asset volume
1682899200000,0.39080000,0.39280000,0.36180000,0.37110000,34780010.00000000,1682985599999,13017231.30240000,33605,16597435.00000000,6209303.18940000,0
