Open Time,Open,High,Low,Close,Volume,Close Time,Quote Asset Volume,Number of trades,Taker Buy Base Asset Volume,Taker Buy Quote Asset volume
1687132800000,0.25230000,0.25450000,0.24250000,0.25260000,14811040.00000000,1687219199999,3694530.87720000,17326,7242091.00000000,1807372.36100000,0
