Open Time,Open,High,Low,Close,Volume,Close Time,Quote Asset Volume,Number of trades,Taker Buy Base Asset Volume,Taker Buy Quote Asset volume
1689984000000,0.30450000,0.31700000,0.30160000,0.30680000,38736428.00000000,1690070399999,11998152.68770000,27089,17907642.00000000,5545871.18870000,0
