Open Time,Open,High,Low,Close,Volume,Close Time,Quote Asset Volume,Number of trades,Taker Buy Base Asset Volume,Taker Buy Quote Asset volume
1686528000000,0.24980000,0.25780000,0.23710000,0.25510000,31759958.00000000,1686614399999,7881735.28740000,42466,15639969.00000000,3883685.50570000,0
