Open Time,Open,High,Low,Close,Volume,Close Time,Quote Asset Volume,Number of trades,Taker Buy Base Asset Volume,Taker Buy Quote Asset volume
1687219200000,0.25260000,0.26520000,0.24710000,0.26400000,22231836.00000000,1687305599999,5719957.60160000,26374,11025092.00000000,2839433.66230000,0
