Open Time,Open,High,Low,Close,Volume,Close Time,Quote Asset Volume,Number of trades,Taker Buy Base Asset Volume,Taker Buy Quote Asset volume
1693267200000,0.23490000,0.24790000,0.22970000,0.24070000,21901039.00000000,1693353599999,5227797.27460000,18836,11064531.00000000,2640824.38830000,0
