Open Time,Open,High,Low,Close,Volume,Close Time,Quote Asset Volume,Number of trades,Taker Buy Base Asset Volume,Taker Buy Quote Asset volume
1692921600000,0.23760000,0.24000000,0.22860000,0.23410000,22799377.00000000,1693007999999,5344806.28060000,15412,11080221.00000000,2602144.66430000,0
