Open Time,Open,High,Low,Close,Volume,Close Time,Quote Asset Volume,Number of trades,Taker Buy Base Asset Volume,Taker Buy Quote Asset volume
1692835200000,0.24140000,0.24540000,0.23410000,0.23760000,22200974.00000000,1692921599999,5335355.26400000,15855,12042188.00000000,2896495.29280000,0
