Open Time,Open,High,Low,Close,Volume,Close Time,Quote Asset Volume,Number of trades,Taker Buy Base Asset Volume,Taker Buy Quote Asset volume
1690502400000,0.30370000,0.30640000,0.29980000,0.30300000,15526135.00000000,1690588799999,4703082.94280000,13182,7752319.00000000,2348384.78780000,0
