Open Time,Open,High,Low,Close,Volume,Close Time,Quote Asset Volume,Number of trades,Taker Buy Base Asset Volume,Taker Buy Quote Asset volume
1693180800000,0.23410000,0.23590000,0.22960000,0.23490000,9221531.00000000,1693267199999,2150719.68020000,8664,4023895.00000000,939024.48750000,0
