Open Time,Open,High,Low,Close,Volume,Close Time,Quote Asset Volume,Number of trades,Taker Buy Base Asset Volume,Taker Buy Quote Asset volume
1681689600000,0.45840000,0.45860000,0.42250000,0.43610000,85399427.00000000,1681775999999,37521800.48690000,86010,40560823.00000000,17835932.11990000,0
