Open Time,Open,High,Low,Close,Volume,Close Time,Quote Asset Volume,Number of trades,Taker Buy Base Asset Volume,Taker Buy Quote Asset volume
1689465600000,0.29490000,0.29800000,0.28220000,0.28350000,17279636.00000000,1689551999999,5025588.84420000,16952,8360041.00000000,2430577.65430000,0
