Open Time,Open,High,Low,Close,Volume,Close Time,Quote Asset Volume,Number of trades,Taker Buy Base Asset Volume,Taker Buy Quote Asset volume
1693612800000,0.22500000,0.22810000,0.22140000,0.22330000,11204668.00000000,1693699199999,2521544.11520000,9769,5277846.00000000,1188046.75740000,0
