Open Time,Open,High,Low,Close,Volume,Close Time,Quote Asset Volume,Number of trades,Taker Buy Base Asset Volume,Taker Buy Quote Asset volume
1688169600000,0.29350000,0.29650000,0.28610000,0.29010000,13084931.00000000,1688255999999,3802639.45010000,16272,6410163.00000000,1863611.46740000,0
