Open Time,Open,High,Low,Close,Volume,Close Time,Quote Asset Volume,Number of trades,Taker Buy Base Asset Volume,Taker Buy Quote Asset volume
1682380800000,0.38430000,0.40550000,0.36080000,0.40210000,62761523.00000000,1682467199999,23676903.19740000,54286,31337966.00000000,11845169.07780000,0
