Open Time,Open,High,Low,Close,Volume,Close Time,Quote Asset Volume,Number of trades,Taker Buy Base Asset Volume,Taker Buy Quote Asset volume
1686096000000,0.30060000,0.30330000,0.27770000,0.29120000,52145382.00000000,1686182399999,15052627.38050000,56334,26004145.00000000,7511105.54590000,0
