Open Time,Open,High,Low,Close,Volume,Close Time,Quote Asset Volume,Number of trades,Taker Buy Base Asset Volume,Taker Buy Quote Asset volume
1689033600000,0.28710000,0.29000000,0.28210000,0.28560000,17761595.00000000,1689119999999,5059554.08130000,18708,8237332.00000000,2347450.22320000,0
