Open Time,Open,High,Low,Close,Volume,Close Time,Quote Asset Volume,Number of trades,Taker Buy Base Asset Volume,Taker Buy Quote Asset volume
1682726400000,0.38740000,0.39790000,0.38260000,0.38620000,26911086.00000000,1682812799999,10441665.89350000,25520,12559197.00000000,4875172.30130000,0
