Open Time,Open,High,Low,Close,Volume,Close Time,Quote Asset Volume,Number of trades,Taker Buy Base Asset Volume,Taker Buy Quote Asset volume
1688860800000,0.27010000,0.27640000,0.26900000,0.27390000,11360210.00000000,1688947199999,3099889.08520000,12325,5497876.00000000,1500036.53900000,0
