Open Time,Open,High,Low,Close,Volume,Close Time,Quote Asset Volume,Number of trades,Taker Buy Base Asset Volume,Taker Buy Quote Asset volume
1682208000000,0.41120000,0.41250000,0.37420000,0.38650000,47917083.00000000,1682294399999,18868694.87640000,43267,22501503.00000000,8862498.76260000,0
