Open Time,Open,High,Low,Close,Volume,Close Time,Quote Asset Volume,Number of trades,Taker Buy Base Asset Volume,Taker Buy Quote Asset volume
1693526400000,0.23030000,0.23240000,0.22920000,0.22990000,2464700.00000000,1693612799999,568514.01320000,2552,974140.00000000,224858.56800000,0
