Open Time,Open,High,Low,Close,Volume,Close Time,Quote Asset Volume,Number of trades,Taker Buy Base Asset Volume,Taker Buy Quote Asset volume
1685145600000,0.30950000,0.31360000,0.30240000,0.30850000,12087588.00000000,1685231999999,3720343.80330000,15957,5533329.00000000,1702806.45870000,0
