Open Time,Open,High,Low,Close,Volume,Close Time,Quote Asset Volume,Number of trades,Taker Buy Base Asset Volume,Taker Buy Quote Asset volume
1681776000000,0.43630000,0.48700000,0.42350000,0.45350000,129531067.00000000,1681862399999,59886281.26550000,126627,61701845.00000000,28543034.53700000,0
