Open Time,Open,High,Low,Close,Volume,Close Time,Quote Asset Volume,Number of trades,Taker Buy Base Asset Volume,Taker Buy Quote Asset volume
1689552000000,0.28330000,0.29040000,0.27270000,0.27880000,25565836.00000000,1689638399999,7204190.66220000,23733,12203244.00000000,3435605.90550000,0
