Open Time,Open,High,Low,Close,Volume,Close Time,Quote Asset Volume,Number of trades,Taker Buy Base Asset Volume,Taker Buy Quote Asset volume
1692748800000,0.23290000,0.24510000,0.23260000,0.24120000,25814400.00000000,1692835199999,6129188.83170000,16894,12679176.00000000,3014423.48140000,0
