Open Time,Open,High,Low,Close,Volume,Close Time,Quote Asset Volume,Number of trades,Taker Buy Base Asset Volume,Taker Buy Quote Asset volume
1691884800000,0.28760000,0.29230000,0.28610000,0.28670000,10419419.00000000,1691971199999,3018874.59790000,9224,4495569.00000000,1303667.88050000,0
