Open Time,Open,High,Low,Close,Volume,Close Time,Quote Asset Volume,Number of trades,Taker Buy Base Asset Volume,Taker Buy Quote Asset volume
1687392000000,0.27680000,0.28830000,0.26450000,0.26690000,27485978.00000000,1687478399999,7608847.21230000,31006,12625948.00000000,3496121.32360000,0
