Open Time,Open,High,Low,Close,Volume,Close Time,Quote Asset Volume,Number of trades,Taker Buy Base Asset Volume,Taker Buy Quote Asset volume
1680652800000,0.36290000,0.37200000,0.34090000,0.34370000,46104206.00000000,1680739199999,16502406.74400000,59108,22819549.00000000,8183291.96050000,0
