Open Time,Open,High,Low,Close,Volume,Close Time,Quote Asset Volume,Number of trades,Taker Buy Base Asset Volume,Taker Buy Quote Asset volume
1694217600000,0.22530000,0.22650000,0.22340000,0.22420000,3840598.00000000,1694303999999,864491.60020000,4845,1970011.00000000,443358.73360000,0
