Open Time,Open,High,Low,Close,Volume,Close Time,Quote Asset Volume,Number of trades,Taker Buy Base Asset Volume,Taker Buy Quote Asset volume
1686614400000,0.25510000,0.27360000,0.25060000,0.25970000,39359383.00000000,1686700799999,10282475.32180000,52442,19047445.00000000,4982016.46600000,0
