Open Time,Open,High,Low,Close,Volume,Close Time,Quote Asset Volume,Number of trades,Taker Buy Base Asset Volume,Taker Buy Quote Asset volume
1683072000000,0.38780000,0.40200000,0.36130000,0.39220000,58176723.00000000,1683158399999,22089486.68140000,60040,28331610.00000000,10777948.46440000,0
