Open Time,Open,High,Low,Close,Volume,Close Time,Quote Asset Volume,Number of trades,Taker Buy Base Asset Volume,Taker Buy Quote Asset volume
1692662400000,0.23430000,0.23610000,0.22240000,0.23290000,23044561.00000000,1692748799999,5338197.79860000,23290,10802849.00000000,2503583.21410000,0
