Open Time,Open,High,Low,Close,Volume,Close Time,Quote Asset Volume,Number of trades,Taker Buy Base Asset Volume,Taker Buy Quote Asset volume
1694736000000,0.21170000,0.21600000,0.20850000,0.21460000,9499348.00000000,1694822399999,2009930.34890000,10889,3975098.00000000,842100.86700000,0
