Open Time,Open,High,Low,Close,Volume,Close Time,Quote Asset Volume,Number of trades,Taker Buy Base Asset Volume,Taker Buy Quote Asset volume
1682467200000,0.40210000,0.43770000,0.37850000,0.41140000,94905463.00000000,1682553599999,39042808.81880000,82966,44015832.00000000,18126272.42920000,0
