Open Time,Open,High,Low,Close,Volume,Close Time,Quote Asset Volume,Number of trades,Taker Buy Base Asset Volume,Taker Buy Quote Asset volume
1681516800000,0.41370000,0.49600000,0.40400000,0.47120000,227210478.00000000,1681603199999,101749550.54140000,308544,112953598.00000000,50610800.72600000,0
