Open Time,Open,High,Low,Close,Volume,Close Time,Quote Asset Volume,Number of trades,Taker Buy Base Asset Volume,Taker Buy Quote Asset volume
1689638400000,0.27870000,0.29460000,0.27640000,0.28430000,40234108.00000000,1689724799999,11485722.96550000,36668,20387437.00000000,5822659.13130000,0
