Open Time,Open,High,Low,Close,Volume,Close Time,Quote Asset Volume,Number of trades,Taker Buy Base Asset Volume,Taker Buy Quote Asset volume
1567468800000,0.04940000,0.05100000,0.04880000,0.04960000,21446846.93000000,1567555199999,1062399.67706400,6170,9263729.49000000,459422.43845400,0
