Open Time,Open,High,Low,Close,Volume,Close Time,Quote Asset Volume,Number of trades,Taker Buy Base Asset Volume,Taker Buy Quote Asset volume
1569974400000,0.03430000,0.03520000,0.03370000,0.03470000,22830546.93000000,1570060799999,786472.99647900,4773,11311036.53000000,390091.91670200,0
