Open Time,Open,High,Low,Close,Volume,Close Time,Quote Asset Volume,Number of trades,Taker Buy Base Asset Volume,Taker Buy Quote Asset volume
1559001600000,0.16960000,0.20250000,0.16930000,0.18210000,69507078.25000000,1559087999999,12843473.04201300,35341,34232823.17000000,6333906.63823400,0
