Open Time,Open,High,Low,Close,Volume,Close Time,Quote Asset Volume,Number of trades,Taker Buy Base Asset Volume,Taker Buy Quote Asset volume
1563321600000,0.09260000,0.10280000,0.09000000,0.09770000,14275091.15000000,1563407999999,1376949.82281300,8975,6787596.15000000,652601.28806200,0
