Open Time,Open,High,Low,Close,Volume,Close Time,Quote Asset Volume,Number of trades,Taker Buy Base Asset Volume,Taker Buy Quote Asset volume
1572566400000,0.03776000,0.03882000,0.03713000,0.03876000,36120845.90000000,1572652799999,1366197.95692100,5735,17970122.50000000,679696.61749800,0
