Open Time,Open,High,Low,Close,Volume,Close Time,Quote Asset Volume,Number of trades,Taker Buy Base Asset Volume,Taker Buy Quote Asset volume
1574380800000,0.03937000,0.03999000,0.03217000,0.03461000,148974377.73000000,1574467199999,5451974.37186700,15893,76638056.81000000,2801217.75644800,0
