Open Time,Open,High,Low,Close,Volume,Close Time,Quote Asset Volume,Number of trades,Taker Buy Base Asset Volume,Taker Buy Quote Asset volume
1568073600000,0.05230000,0.05400000,0.05150000,0.05230000,31591098.05000000,1568159999999,1660608.12645900,6114,16237831.87000000,853903.25091400,0
