Open Time,Open,High,Low,Close,Volume,Close Time,Quote Asset Volume,Number of trades,Taker Buy Base Asset Volume,Taker Buy Quote Asset volume
1559260800000,0.16410000,0.19680000,0.16350000,0.18280000,73322193.25000000,1559347199999,13091476.82787100,34421,35501210.61000000,6339592.07086100,0
