Open Time,Open,High,Low,Close,Volume,Close Time,Quote Asset Volume,Number of trades,Taker Buy Base Asset Volume,Taker Buy Quote Asset volume
1577059200000,0.05000000,0.05148000,0.04818000,0.04919000,32460529.10000000,1577145599999,1627032.86992500,6762,17341506.30000000,869557.94712800,0
