Open Time,Open,High,Low,Close,Volume,Close Time,Quote Asset Volume,Number of trades,Taker Buy Base Asset Volume,Taker Buy Quote Asset volume
1555632000000,0.21050000,0.21200000,0.20100000,0.20420000,34708544.17000000,1555718399999,7163239.72246000,7089,19274198.14000000,3978331.30276100,0
