Open Time,Open,High,Low,Close,Volume,Close Time,Quote Asset Volume,Number of trades,Taker Buy Base Asset Volume,Taker Buy Quote Asset volume
1572825600000,0.04030000,0.04300000,0.03993000,0.04229000,68852785.30000000,1572911999999,2882865.97029600,9726,34658475.70000000,1451033.12308800,0
