Open Time,Open,High,Low,Close,Volume,Close Time,Quote Asset Volume,Number of trades,Taker Buy Base Asset Volume,Taker Buy Quote Asset volume
1552780800000,0.22830000,0.23990000,0.22700000,0.23610000,16432052.55000000,1552867199999,3847195.82780900,18819,8636534.18000000,2024644.30492300,0
