Open Time,Open,High,Low,Close,Volume,Close Time,Quote Asset Volume,Number of trades,Taker Buy Base Asset Volume,Taker Buy Quote Asset volume
1563148800000,0.10450000,0.11200000,0.09640000,0.10350000,16445767.76000000,1563235199999,1689304.98401800,9307,7815238.01000000,805233.86443000,0
