Open Time,Open,High,Low,Close,Volume,Close Time,Quote Asset Volume,Number of trades,Taker Buy Base Asset Volume,Taker Buy Quote Asset volume
1570752000000,0.04390000,0.04720000,0.04180000,0.04430000,54719970.95000000,1570838399999,2423539.45184000,20426,33409415.53000000,1482572.35250000,0
