Open Time,Open,High,Low,Close,Volume,Close Time,Quote Asset Volume,Number of trades,Taker Buy Base Asset Volume,Taker Buy Quote Asset volume
1559606400000,0.17480000,0.18210000,0.16240000,0.17620000,75388705.57000000,1559692799999,12926673.07523000,32622,36502951.62000000,6257287.39620200,0
