Open Time,Open,High,Low,Close,Volume,Close Time,Quote Asset Volume,Number of trades,Taker Buy Base Asset Volume,Taker Buy Quote Asset volume
1573516800000,0.04072000,0.04152000,0.03916000,0.04034000,67130085.80000000,1573603199999,2717053.65425600,6846,33537160.60000000,1357897.82639600,0
