Open Time,Open,High,Low,Close,Volume,Close Time,Quote Asset Volume,Number of trades,Taker Buy Base Asset Volume,Taker Buy Quote Asset volume
1567209600000,0.05160000,0.05380000,0.04950000,0.05050000,16856580.95000000,1567295999999,873436.22917400,6352,8632716.08000000,448221.41493800,0
