Open Time,Open,High,Low,Close,Volume,Close Time,Quote Asset Volume,Number of trades,Taker Buy Base Asset Volume,Taker Buy Quote Asset volume
1570320000000,0.03550000,0.03820000,0.03420000,0.03760000,27150416.67000000,1570406399999,982477.32211200,8204,17472577.97000000,632974.82276600,0
