Open Time,Open,High,Low,Close,Volume,Close Time,Quote Asset Volume,Number of trades,Taker Buy Base Asset Volume,Taker Buy Quote Asset volume
1564531200000,0.09160000,0.09300000,0.08850000,0.09010000,17183174.25000000,1564617599999,1563243.31486100,8304,7121616.69000000,648755.25083400,0
