Open Time,Open,High,Low,Close,Volume,Close Time,Quote Asset Volume,Number of trades,Taker Buy Base Asset Volume,Taker Buy Quote Asset volume
1577404800000,0.04498000,0.04556000,0.04303000,0.04425000,13773783.60000000,1577491199999,611682.42609400,3084,7529440.40000000,334637.67706500,0
