Open Time,Open,High,Low,Close,Volume,Close Time,Quote Asset Volume,Number of trades,Taker Buy Base Asset Volume,Taker Buy Quote Asset volume
1556496000000,0.14650000,0.14990000,0.12700000,0.12840000,29393292.01000000,1556582399999,4066350.32897700,8855,23122284.72000000,3209922.01299900,0
