Open Time,Open,High,Low,Close,Volume,Close Time,Quote Asset Volume,Number of trades,Taker Buy Base Asset Volume,Taker Buy Quote Asset volume
1561334400000,0.17670000,0.18230000,0.16620000,0.16900000,62445524.83000000,1561420799999,10974506.86936000,17584,32232990.61000000,5661989.94082800,0
