Open Time,Open,High,Low,Close,Volume,Close Time,Quote Asset Volume,Number of trades,Taker Buy Base Asset Volume,Taker Buy Quote Asset volume
1555286400000,0.19050000,0.19730000,0.18010000,0.18300000,37893791.12000000,1555372799999,7176026.04194500,7310,21011269.57000000,3982602.84664700,0
