Open Time,Open,High,Low,Close,Volume,Close Time,Quote Asset Volume,Number of trades,Taker Buy Base Asset Volume,Taker Buy Quote Asset volume
1563667200000,0.10580000,0.10710000,0.10030000,0.10280000,8382354.68000000,1563753599999,862515.56669800,5667,3876813.56000000,398825.47813500,0
