Open Time,Open,High,Low,Close,Volume,Close Time,Quote Asset Volume,Number of trades,Taker Buy Base Asset Volume,Taker Buy Quote Asset volume
1558224000000,0.16130000,0.21560000,0.15510000,0.20590000,88020567.99000000,1558310399999,16774386.32467600,58955,52695156.58000000,10098550.82618700,0
