Open Time,Open,High,Low,Close,Volume,Close Time,Quote Asset Volume,Number of trades,Taker Buy Base Asset Volume,Taker Buy Quote Asset volume
1568937600000,0.05850000,0.05860000,0.05560000,0.05700000,33480660.45000000,1569023999999,1901785.29743800,7244,14425079.49000000,819843.73432700,0
