Open Time,Open,High,Low,Close,Volume,Close Time,Quote Asset Volume,Number of trades,Taker Buy Base Asset Volume,Taker Buy Quote Asset volume
1561420800000,0.16950000,0.16960000,0.16170000,0.16250000,58591942.12000000,1561507199999,9671814.65877600,17455,32195963.54000000,5315466.88258000,0
