Open Time,Open,High,Low,Close,Volume,Close Time,Quote Asset Volume,Number of trades,Taker Buy Base Asset Volume,Taker Buy Quote Asset volume
1569024000000,0.05700000,0.05950000,0.05650000,0.05740000,24736909.16000000,1569110399999,1418712.61731100,6778,11177861.58000000,642121.55155400,0
