Open Time,Open,High,Low,Close,Volume,Close Time,Quote Asset Volume,Number of trades,Taker Buy Base Asset Volume,Taker Buy Quote Asset volume
1556236800000,0.16040000,0.16490000,0.14070000,0.14610000,22673386.24000000,1556323199999,3457247.35520300,10295,10668228.48000000,1621428.78480100,0
