Open Time,Open,High,Low,Close,Volume,Close Time,Quote Asset Volume,Number of trades,Taker Buy Base Asset Volume,Taker Buy Quote Asset volume
1562889600000,0.11130000,0.12200000,0.10440000,0.11940000,17957483.69000000,1562975999999,2043312.13986800,10607,8389408.34000000,951530.00225000,0
