Open Time,Open,High,Low,Close,Volume,Close Time,Quote Asset Volume,Number of trades,Taker Buy Base Asset Volume,Taker Buy Quote Asset volume
1572393600000,0.04109000,0.04120000,0.03844000,0.03908000,46363110.50000000,1572479999999,1833720.59392600,6037,9865377.10000000,388693.21866000,0
