Open Time,Open,High,Low,Close,Volume,Close Time,Quote Asset Volume,Number of trades,Taker Buy Base Asset Volume,Taker Buy Quote Asset volume
1558656000000,0.17890000,0.18550000,0.15260000,0.15850000,69875445.41000000,1558742399999,11811338.00007700,25867,46496801.47000000,7887617.68945500,0
