Open Time,Open,High,Low,Close,Volume,Close Time,Quote Asset Volume,Number of trades,Taker Buy Base Asset Volume,Taker Buy Quote Asset volume
1570406400000,0.03770000,0.04040000,0.03680000,0.03980000,45483101.67000000,1570492799999,1734804.62609300,12693,25089637.52000000,958479.71929400,0
