Open Time,Open,High,Low,Close,Volume,Close Time,Quote Asset Volume,Number of trades,Taker Buy Base Asset Volume,Taker Buy Quote Asset volume
1555804800000,0.22960000,0.24880000,0.20360000,0.23280000,66159288.17000000,1555891199999,14915100.74767700,27975,34334796.22000000,7758018.10554600,0
