Open Time,Open,High,Low,Close,Volume,Close Time,Quote Asset Volume,Number of trades,Taker Buy Base Asset Volume,Taker Buy Quote Asset volume
1552435200000,0.22060000,0.25830000,0.22060000,0.24560000,49772747.64000000,1552521599999,11923680.43141000,37274,23399922.86000000,5603335.91261100,0
