Open Time,Open,High,Low,Close,Volume,Close Time,Quote Asset Volume,Number of trades,Taker Buy Base Asset Volume,Taker Buy Quote Asset volume
1574121600000,0.04249000,0.04344000,0.04002000,0.04286000,127769998.30000000,1574207999999,5369567.41653000,13901,66232169.40000000,2784054.27292600,0
