Open Time,Open,High,Low,Close,Volume,Close Time,Quote Asset Volume,Number of trades,Taker Buy Base Asset Volume,Taker Buy Quote Asset volume
1554854400000,0.20490000,0.20820000,0.20010000,0.20180000,38389629.56000000,1554940799999,7838827.83207100,7329,19621076.07000000,4006714.22996900,0
