Open Time,Open,High,Low,Close,Volume,Close Time,Quote Asset Volume,Number of trades,Taker Buy Base Asset Volume,Taker Buy Quote Asset volume
1576368000000,0.04586000,0.04798000,0.04401000,0.04795000,20871255.70000000,1576454399999,960784.89198900,5427,10669142.40000000,491255.52724700,0
