Open Time,Open,High,Low,Close,Volume,Close Time,Quote Asset Volume,Number of trades,Taker Buy Base Asset Volume,Taker Buy Quote Asset volume
1567728000000,0.05240000,0.05510000,0.04920000,0.04970000,41553176.98000000,1567814399999,2132576.37502700,7385,16893888.12000000,865936.65445000,0
