Open Time,Open,High,Low,Close,Volume,Close Time,Quote Asset Volume,Number of trades,Taker Buy Base Asset Volume,Taker Buy Quote Asset volume
1576281600000,0.05117000,0.05323000,0.04480000,0.04585000,46289763.90000000,1576367999999,2297012.32647000,10964,23729095.20000000,1178895.98046000,0
