Open Time,Open,High,Low,Close,Volume,Close Time,Quote Asset Volume,Number of trades,Taker Buy Base Asset Volume,Taker Buy Quote Asset volume
1573689600000,0.04199000,0.04390000,0.04080000,0.04378000,86108529.10000000,1573775999999,3649519.45898000,9634,43083269.00000000,1825787.20996600,0
