Open Time,Open,High,Low,Close,Volume,Close Time,Quote Asset Volume,Number of trades,Taker Buy Base Asset Volume,Taker Buy Quote Asset volume
1556582400000,0.12840000,0.13990000,0.12830000,0.13860000,34624953.27000000,1556668799999,4673468.62450000,7503,30342797.16000000,4097763.10977300,0
