Open Time,Open,High,Low,Close,Volume,Close Time,Quote Asset Volume,Number of trades,Taker Buy Base Asset Volume,Taker Buy Quote Asset volume
1566604800000,0.06560000,0.06820000,0.06230000,0.06730000,19886384.78000000,1566691199999,1294783.11997400,7340,9260680.32000000,603870.66848900,0
