Open Time,Open,High,Low,Close,Volume,Close Time,Quote Asset Volume,Number of trades,Taker Buy Base Asset Volume,Taker Buy Quote Asset volume
1567900800000,0.05140000,0.05430000,0.05080000,0.05360000,25337230.79000000,1567987199999,1330326.52537000,6718,14641332.27000000,769184.75074400,0
