Open Time,Open,High,Low,Close,Volume,Close Time,Quote Asset Volume,Number of trades,Taker Buy Base Asset Volume,Taker Buy Quote Asset volume
1552608000000,0.22950000,0.24150000,0.22950000,0.23230000,19695949.18000000,1552694399999,4638241.99477500,21217,9450081.03000000,2226594.32326000,0
