Open Time,Open,High,Low,Close,Volume,Close Time,Quote Asset Volume,Number of trades,Taker Buy Base Asset Volume,Taker Buy Quote Asset volume
1557792000000,0.12010000,0.14500000,0.12010000,0.14330000,57979259.36000000,1557878399999,7520734.96750600,21850,40793158.30000000,5291393.60423100,0
