Open Time,Open,High,Low,Close,Volume,Close Time,Quote Asset Volume,Number of trades,Taker Buy Base Asset Volume,Taker Buy Quote Asset volume
1576713600000,0.04890000,0.05229000,0.04610000,0.05169000,151625125.20000000,1576799999999,7356426.96490900,20883,77608925.30000000,3768450.55182300,0
