Open Time,Open,High,Low,Close,Volume,Close Time,Quote Asset Volume,Number of trades,Taker Buy Base Asset Volume,Taker Buy Quote Asset volume
1559088000000,0.18210000,0.18570000,0.16660000,0.17550000,57063165.31000000,1559174399999,10086773.38793600,22789,26420589.42000000,4667397.05057900,0
