Open Time,Open,High,Low,Close,Volume,Close Time,Quote Asset Volume,Number of trades,Taker Buy Base Asset Volume,Taker Buy Quote Asset volume
1551657600000,0.36390000,0.37820000,0.32260000,0.33090000,66614590.51000000,1551743999999,23244680.88681000,48163,32961625.27000000,11543977.09798500,0
