Open Time,Open,High,Low,Close,Volume,Close Time,Quote Asset Volume,Number of trades,Taker Buy Base Asset Volume,Taker Buy Quote Asset volume
1557100800000,0.12190000,0.12700000,0.11740000,0.12360000,34562990.30000000,1557187199999,4224318.40527900,7870,29311851.01000000,3585060.10404800,0
