Open Time,Open,High,Low,Close,Volume,Close Time,Quote Asset Volume,Number of trades,Taker Buy Base Asset Volume,Taker Buy Quote Asset volume
1562025600000,0.16290000,0.16510000,0.14550000,0.14810000,37729114.21000000,1562111999999,5694195.99326600,25773,16874840.91000000,2551061.73511000,0
