Open Time,Open,High,Low,Close,Volume,Close Time,Quote Asset Volume,Number of trades,Taker Buy Base Asset Volume,Taker Buy Quote Asset volume
1563408000000,0.09760000,0.10520000,0.09510000,0.10190000,17774185.34000000,1563494399999,1779208.09927400,9820,8588810.33000000,860816.31405300,0
