Open Time,Open,High,Low,Close,Volume,Close Time,Quote Asset Volume,Number of trades,Taker Buy Base Asset Volume,Taker Buy Quote Asset volume
1574208000000,0.04286000,0.04441000,0.04016000,0.04031000,29670614.60000000,1574294399999,1261778.32320600,4443,12116155.60000000,518331.39071400,0
