Open Time,Open,High,Low,Close,Volume,Close Time,Quote Asset Volume,Number of trades,Taker Buy Base Asset Volume,Taker Buy Quote Asset volume
1552521600000,0.24540000,0.26800000,0.22400000,0.22930000,57242839.99000000,1552607999999,13832030.83485800,39249,30074912.81000000,7236095.67888400,0
