Open Time,Open,High,Low,Close,Volume,Close Time,Quote Asset Volume,Number of trades,Taker Buy Base Asset Volume,Taker Buy Quote Asset volume
1561939200000,0.15260000,0.16470000,0.14640000,0.16290000,40932237.10000000,1562025599999,6440668.55399900,28162,20103467.94000000,3167793.98324800,0
