Open Time,Open,High,Low,Close,Volume,Close Time,Quote Asset Volume,Number of trades,Taker Buy Base Asset Volume,Taker Buy Quote Asset volume
1560470400000,0.21380000,0.21710000,0.18650000,0.19610000,74346679.56000000,1560556799999,14875564.60558800,30303,34509141.41000000,6913019.09095700,0
