Open Time,Open,High,Low,Close,Volume,Close Time,Quote Asset Volume,Number of trades,Taker Buy Base Asset Volume,Taker Buy Quote Asset volume
1574553600000,0.03913000,0.04011000,0.03517000,0.03709000,133481548.10000000,1574639999999,5046357.94928300,16136,66282533.30000000,2507099.59761800,0
