Open Time,Open,High,Low,Close,Volume,Close Time,Quote Asset Volume,Number of trades,Taker Buy Base Asset Volume,Taker Buy Quote Asset volume
1565740800000,0.07700000,0.07780000,0.06790000,0.06930000,11350679.09000000,1565827199999,838615.78292000,6422,4605263.16000000,341617.22649200,0
