Open Time,Open,High,Low,Close,Volume,Close Time,Quote Asset Volume,Number of trades,Taker Buy Base Asset Volume,Taker Buy Quote Asset volume
1575331200000,0.06325000,0.06500000,0.05920000,0.06202000,98917702.95000000,1575417599999,6086987.61014500,19839,49059230.25000000,3016449.64624000,0
