Open Time,Open,High,Low,Close,Volume,Close Time,Quote Asset Volume,Number of trades,Taker Buy Base Asset Volume,Taker Buy Quote Asset volume
1559433600000,0.19390000,0.21150000,0.18260000,0.20000000,47247676.38000000,1559519999999,9399259.18726800,29587,21039334.07000000,4205707.78372200,0
