Open Time,Open,High,Low,Close,Volume,Close Time,Quote Asset Volume,Number of trades,Taker Buy Base Asset Volume,Taker Buy Quote Asset volume
1552953600000,0.22780000,0.23350000,0.21070000,0.21740000,51788431.46000000,1553039999999,11509551.78250000,24606,25799281.04000000,5743669.92672000,0
