Open Time,Open,High,Low,Close,Volume,Close Time,Quote Asset Volume,Number of trades,Taker Buy Base Asset Volume,Taker Buy Quote Asset volume
1560988800000,0.20290000,0.20470000,0.18920000,0.19150000,68655287.53000000,1561075199999,13523074.20383000,20264,34152330.37000000,6733675.21042000,0
