Open Time,Open,High,Low,Close,Volume,Close Time,Quote Asset Volume,Number of trades,Taker Buy Base Asset Volume,Taker Buy Quote Asset volume
1564185600000,0.10230000,0.10500000,0.09150000,0.09170000,24789395.08000000,1564271999999,2402452.24777300,11502,10665301.22000000,1033504.48438900,0
