Open Time,Open,High,Low,Close,Volume,Close Time,Quote Asset Volume,Number of trades,Taker Buy Base Asset Volume,Taker Buy Quote Asset volume
1554940800000,0.20180000,0.20330000,0.16990000,0.18100000,40867456.61000000,1555027199999,7545883.33815700,11713,19824392.09000000,3651300.81186900,0
