Open Time,Open,High,Low,Close,Volume,Close Time,Quote Asset Volume,Number of trades,Taker Buy Base Asset Volume,Taker Buy Quote Asset volume
1574294400000,0.04030000,0.04250000,0.03612000,0.03937000,98621241.50000000,1574380799999,3839186.85931500,13039,47209098.50000000,1839156.13053300,0
