Open Time,Open,High,Low,Close,Volume,Close Time,Quote Asset Volume,Number of trades,Taker Buy Base Asset Volume,Taker Buy Quote Asset volume
1570060800000,0.03480000,0.03580000,0.03350000,0.03470000,29549308.29000000,1570147199999,1023014.89833100,5367,14581429.72000000,505461.59445600,0
