Open Time,Open,High,Low,Close,Volume,Close Time,Quote Asset Volume,Number of trades,Taker Buy Base Asset Volume,Taker Buy Quote Asset volume
1573257600000,0.03901000,0.04006000,0.03870000,0.03998000,65257215.50000000,1573343999999,2572289.30401900,6195,33663283.70000000,1327049.35974200,0
