Open Time,Open,High,Low,Close,Volume,Close Time,Quote Asset Volume,Number of trades,Taker Buy Base Asset Volume,Taker Buy Quote Asset volume
1567641600000,0.04920000,0.05760000,0.04870000,0.05240000,43122643.25000000,1567727999999,2296555.73730900,11396,24086773.59000000,1283079.86192100,0
