Open Time,Open,High,Low,Close,Volume,Close Time,Quote Asset Volume,Number of trades,Taker Buy Base Asset Volume,Taker Buy Quote Asset volume
1566345600000,0.06770000,0.06850000,0.06150000,0.06360000,16988489.88000000,1566431999999,1100479.63271900,5735,7561310.97000000,487638.05996000,0
