Open Time,Open,High,Low,Close,Volume,Close Time,Quote Asset Volume,Number of trades,Taker Buy Base Asset Volume,Taker Buy Quote Asset volume
1575504000000,0.05593000,0.05609000,0.05045000,0.05177000,105615006.30000000,1575590399999,5579829.53652100,19018,52857485.30000000,2794793.36617900,0
