Open Time,Open,High,Low,Close,Volume,Close Time,Quote Asset Volume,Number of trades,Taker Buy Base Asset Volume,Taker Buy Quote Asset volume
1569369600000,0.03750000,0.04000000,0.03470000,0.03800000,41572634.08000000,1569455999999,1564394.23849200,7305,18688241.18000000,701853.51003500,0
