Open Time,Open,High,Low,Close,Volume,Close Time,Quote Asset Volume,Number of trades,Taker Buy Base Asset Volume,Taker Buy Quote Asset volume
1555545600000,0.19690000,0.21600000,0.19690000,0.21090000,43770529.81000000,1555631999999,9131140.67144400,12482,25120188.90000000,5241901.57358300,0
