Open Time,Open,High,Low,Close,Volume,Close Time,Quote Asset Volume,Number of trades,Taker Buy Base Asset Volume,Taker Buy Quote Asset volume
1560816000000,0.19760000,0.21100000,0.19320000,0.20840000,67971296.12000000,1560902399999,13653236.82852500,21502,33308257.61000000,6691488.55834300,0
