Open Time,Open,High,Low,Close,Volume,Close Time,Quote Asset Volume,Number of trades,Taker Buy Base Asset Volume,Taker Buy Quote Asset volume
1557532800000,0.09990000,0.11320000,0.09550000,0.10650000,35468300.41000000,1557619199999,3738885.96552200,11581,25608131.63000000,2701089.96465700,0
