Open Time,Open,High,Low,Close,Volume,Close Time,Quote Asset Volume,Number of trades,Taker Buy Base Asset Volume,Taker Buy Quote Asset volume
1571184000000,0.04370000,0.04430000,0.03800000,0.04000000,28341961.58000000,1571270399999,1175826.54956900,9036,12487102.75000000,519768.39720700,0
