Open Time,Open,High,Low,Close,Volume,Close Time,Quote Asset Volume,Number of trades,Taker Buy Base Asset Volume,Taker Buy Quote Asset volume
1552003200000,0.34760000,0.35040000,0.28000000,0.28750000,46682378.21000000,1552089599999,14863038.67488800,43305,18812707.95000000,5982813.07744600,0
