Open Time,Open,High,Low,Close,Volume,Close Time,Quote Asset Volume,Number of trades,Taker Buy Base Asset Volume,Taker Buy Quote Asset volume
1561852800000,0.16320000,0.18730000,0.15190000,0.15270000,73026885.15000000,1561939199999,12560352.42045700,38870,34439744.64000000,5937879.21605000,0
