Open Time,Open,High,Low,Close,Volume,Close Time,Quote Asset Volume,Number of trades,Taker Buy Base Asset Volume,Taker Buy Quote Asset volume
1564358400000,0.09020000,0.09470000,0.08820000,0.09320000,14073958.59000000,1564444799999,1295891.22097800,8635,7200148.28000000,663704.30792800,0
