Open Time,Open,High,Low,Close,Volume,Close Time,Quote Asset Volume,Number of trades,Taker Buy Base Asset Volume,Taker Buy Quote Asset volume
1557705600000,0.11490000,0.13260000,0.11410000,0.12010000,45923125.33000000,1557791999999,5604818.55283200,20006,31451521.57000000,3837839.36558000,0
