Open Time,Open,High,Low,Close,Volume,Close Time,Quote Asset Volume,Number of trades,Taker Buy Base Asset Volume,Taker Buy Quote Asset volume
1559520000000,0.19990000,0.20050000,0.17400000,0.17520000,61362152.81000000,1559606399999,11404453.32328300,28475,27409643.41000000,5102263.10750600,0
