Open Time,Open,High,Low,Close,Volume,Close Time,Quote Asset Volume,Number of trades,Taker Buy Base Asset Volume,Taker Buy Quote Asset volume
1558915200000,0.17380000,0.18650000,0.16200000,0.16970000,51124673.08000000,1559001599999,8923808.95899700,24492,24350480.15000000,4255538.27478000,0
