Open Time,Open,High,Low,Close,Volume,Close Time,Quote Asset Volume,Number of trades,Taker Buy Base Asset Volume,Taker Buy Quote Asset volume
1558828800000,0.17770000,0.20930000,0.16150000,0.17410000,91490186.06000000,1558915199999,16496646.81013400,39037,41691300.41000000,7535680.60007000,0
