Open Time,Open,High,Low,Close,Volume,Close Time,Quote Asset Volume,Number of trades,Taker Buy Base Asset Volume,Taker Buy Quote Asset volume
1567123200000,0.05020000,0.05230000,0.04900000,0.05160000,16907350.88000000,1567209599999,860561.83603100,6004,8469657.21000000,431302.57631500,0
