Open Time,Open,High,Low,Close,Volume,Close Time,Quote Asset Volume,Number of trades,Taker Buy Base Asset Volume,Taker Buy Quote Asset volume
1575590400000,0.05177000,0.05860000,0.05061000,0.05710000,51304907.80000000,1575676799999,2783544.18819100,11521,27466587.30000000,1489934.69953100,0
