Open Time,Open,High,Low,Close,Volume,Close Time,Quote Asset Volume,Number of trades,Taker Buy Base Asset Volume,Taker Buy Quote Asset volume
1564876800000,0.08230000,0.08270000,0.07750000,0.07800000,8940998.46000000,1564963199999,715037.06391800,5346,4249333.99000000,340071.75299300,0
