Open Time,Open,High,Low,Close,Volume,Close Time,Quote Asset Volume,Number of trades,Taker Buy Base Asset Volume,Taker Buy Quote Asset volume
1575936000000,0.06434000,0.06443000,0.04673000,0.04942000,72351356.70000000,1576022399999,3850859.56372200,19013,32853250.00000000,1753788.05363700,0
