Open Time,Open,High,Low,Close,Volume,Close Time,Quote Asset Volume,Number of trades,Taker Buy Base Asset Volume,Taker Buy Quote Asset volume
1567555200000,0.04960000,0.05290000,0.04900000,0.04920000,35254835.54000000,1567641599999,1792004.03452200,7508,15997353.29000000,814543.77596900,0
