Open Time,Open,High,Low,Close,Volume,Close Time,Quote Asset Volume,Number of trades,Taker Buy Base Asset Volume,Taker Buy Quote Asset volume
1565568000000,0.07580000,0.08020000,0.07540000,0.07790000,9542798.90000000,1565654399999,741361.56003100,5058,4664281.19000000,362106.99016500,0
