Open Time,Open,High,Low,Close,Volume,Close Time,Quote Asset Volume,Number of trades,Taker Buy Base Asset Volume,Taker Buy Quote Asset volume
1569542400000,0.03360000,0.03490000,0.03210000,0.03450000,25513647.50000000,1569628799999,867411.47160100,6014,14442733.78000000,491545.51393700,0
