Open Time,Open,High,Low,Close,Volume,Close Time,Quote Asset Volume,Number of trades,Taker Buy Base Asset Volume,Taker Buy Quote Asset volume
1555718400000,0.20430000,0.23410000,0.20300000,0.22920000,45647573.57000000,1555804799999,9794584.74358300,15376,26540823.34000000,5695654.80645900,0
