Open Time,Open,High,Low,Close,Volume,Close Time,Quote Asset Volume,Number of trades,Taker Buy Base Asset Volume,Taker Buy Quote Asset volume
1572912000000,0.04221000,0.04298000,0.04000000,0.04267000,72453257.20000000,1572998399999,3014332.85891900,8760,34913644.50000000,1453232.98254800,0
