Open Time,Open,High,Low,Close,Volume,Close Time,Quote Asset Volume,Number of trades,Taker Buy Base Asset Volume,Taker Buy Quote Asset volume
1575244800000,0.05601000,0.06377000,0.05500000,0.06326000,57432915.06000000,1575331199999,3486388.74937900,14593,29596432.06000000,1799747.09141900,0
