Open Time,Open,High,Low,Close,Volume,Close Time,Quote Asset Volume,Number of trades,Taker Buy Base Asset Volume,Taker Buy Quote Asset volume
1574899200000,0.05591000,0.06135000,0.05252000,0.05357000,154090180.23000000,1574985599999,8750131.00003770,26786,76978776.76000000,4376732.15327210,0
