Open Time,Open,High,Low,Close,Volume,Close Time,Quote Asset Volume,Number of trades,Taker Buy Base Asset Volume,Taker Buy Quote Asset volume
1571529600000,0.04030000,0.04050000,0.03830000,0.04000000,81497207.42000000,1571615999999,3219335.42438000,11467,40212850.54000000,1589717.93309100,0
