Open Time,Open,High,Low,Close,Volume,Close Time,Quote Asset Volume,Number of trades,Taker Buy Base Asset Volume,Taker Buy Quote Asset volume
1559174400000,0.17560000,0.18870000,0.15600000,0.16400000,73852700.68000000,1559260799999,12999536.32117900,29949,36476502.81000000,6432891.24018800,0
