Open Time,Open,High,Low,Close,Volume,Close Time,Quote Asset Volume,Number of trades,Taker Buy Base Asset Volume,Taker Buy Quote Asset volume
1575849600000,0.06586000,0.06989000,0.06241000,0.06441000,47175821.10000000,1575935999999,3107996.21685700,13736,23754161.50000000,1564644.17740300,0
