Open Time,Open,High,Low,Close,Volume,Close Time,Quote Asset Volume,Number of trades,Taker Buy Base Asset Volume,Taker Buy Quote Asset volume
1562457600000,0.14180000,0.14860000,0.13930000,0.14510000,9220530.58000000,1562543999999,1335666.26451900,7580,4814344.97000000,697904.52483500,0
