Open Time,Open,High,Low,Close,Volume,Close Time,Quote Asset Volume,Number of trades,Taker Buy Base Asset Volume,Taker Buy Quote Asset volume
1565222400000,0.07970000,0.08310000,0.07780000,0.07960000,19783322.36000000,1565308799999,1589958.85530700,9631,8562357.32000000,688547.69913900,0
