Open Time,Open,High,Low,Close,Volume,Close Time,Quote Asset Volume,Number of trades,Taker Buy Base Asset Volume,Taker Buy Quote Asset volume
1552694400000,0.23290000,0.23600000,0.22110000,0.22830000,16714026.23000000,1552780799999,3837911.37453700,18138,7235651.23000000,1662144.52153700,0
