Open Time,Open,High,Low,Close,Volume,Close Time,Quote Asset Volume,Number of trades,Taker Buy Base Asset Volume,Taker Buy Quote Asset volume
1577318400000,0.04577000,0.04688000,0.04414000,0.04496000,36425623.20000000,1577404799999,1651066.39525100,6700,19573459.50000000,887384.45111300,0
