Open Time,Open,High,Low,Close,Volume,Close Time,Quote Asset Volume,Number of trades,Taker Buy Base Asset Volume,Taker Buy Quote Asset volume
1552262400000,0.25480000,0.27680000,0.21380000,0.21730000,42628057.43000000,1552348799999,10418188.60454300,34997,19655916.03000000,4804517.05481100,0
