Open Time,Open,High,Low,Close,Volume,Close Time,Quote Asset Volume,Number of trades,Taker Buy Base Asset Volume,Taker Buy Quote Asset volume
1565136000000,0.08160000,0.09060000,0.07710000,0.07940000,40473942.39000000,1565222399999,3405872.89744700,13651,18822830.62000000,1587167.26517200,0
