Open Time,Open,High,Low,Close,Volume,Close Time,Quote Asset Volume,Number of trades,Taker Buy Base Asset Volume,Taker Buy Quote Asset volume
1571443200000,0.03930000,0.04070000,0.03900000,0.04030000,59604192.08000000,1571529599999,2381088.66328600,8118,23856831.57000000,953279.79583800,0
