Open Time,Open,High,Low,Close,Volume,Close Time,Quote Asset Volume,Number of trades,Taker Buy Base Asset Volume,Taker Buy Quote Asset volume
1569283200000,0.04930000,0.05170000,0.03450000,0.03740000,44057566.22000000,1569369599999,2016002.05124400,9246,21246952.88000000,973017.31309700,0
