Open Time,Open,High,Low,Close,Volume,Close Time,Quote Asset Volume,Number of trades,Taker Buy Base Asset Volume,Taker Buy Quote Asset volume
1566086400000,0.06650000,0.06830000,0.06600000,0.06700000,8641624.76000000,1566172799999,580736.08902300,3820,4416978.11000000,297035.05585700,0
