Open Time,Open,High,Low,Close,Volume,Close Time,Quote Asset Volume,Number of trades,Taker Buy Base Asset Volume,Taker Buy Quote Asset volume
1577145600000,0.04902000,0.04992000,0.04760000,0.04847000,32274160.90000000,1577231999999,1568487.78179000,7047,19550776.90000000,950180.84554300,0
