Open Time,Open,High,Low,Close,Volume,Close Time,Quote Asset Volume,Number of trades,Taker Buy Base Asset Volume,Taker Buy Quote Asset volume
1551398400000,0.35540000,0.47680000,0.35020000,0.44260000,122476704.43000000,1551484799999,52399979.76145700,115815,61332783.24000000,26267359.58883600,0
