Open Time,Open,High,Low,Close,Volume,Close Time,Quote Asset Volume,Number of trades,Taker Buy Base Asset Volume,Taker Buy Quote Asset volume
1563235200000,0.10360000,0.10630000,0.09000000,0.09240000,13572811.17000000,1563321599999,1346896.84095700,8927,5739639.34000000,571561.10618500,0
