Open Time,Open,High,Low,Close,Volume,Close Time,Quote Asset Volume,Number of trades,Taker Buy Base Asset Volume,Taker Buy Quote Asset volume
1566518400000,0.06510000,0.06670000,0.06390000,0.06560000,14425065.15000000,1566604799999,941953.26749300,7123,6959893.44000000,454517.28847900,0
