Open Time,Open,High,Low,Close,Volume,Close Time,Quote Asset Volume,Number of trades,Taker Buy Base Asset Volume,Taker Buy Quote Asset volume
1553040000000,0.21750000,0.22330000,0.21270000,0.21990000,36760892.86000000,1553126399999,7964976.47941900,15994,19053311.03000000,4129946.73798000,0
