Open Time,Open,High,Low,Close,Volume,Close Time,Quote Asset Volume,Number of trades,Taker Buy Base Asset Volume,Taker Buy Quote Asset volume
1554336000000,0.19270000,0.20090000,0.18880000,0.19530000,56478444.37000000,1554422399999,11010967.74055700,16622,30799233.71000000,6006882.95375200,0
