Open Time,Open,High,Low,Close,Volume,Close Time,Quote Asset Volume,Number of trades,Taker Buy Base Asset Volume,Taker Buy Quote Asset volume
1569196800000,0.05320000,0.05320000,0.04820000,0.04930000,28124444.40000000,1569283199999,1451921.46559500,6831,14281703.18000000,738168.11184600,0
