Open Time,Open,High,Low,Close,Volume,Close Time,Quote Asset Volume,Number of trades,Taker Buy Base Asset Volume,Taker Buy Quote Asset volume
1557187200000,0.12400000,0.12600000,0.11000000,0.11140000,37075435.28000000,1557273599999,4479569.77613800,7742,31857199.61000000,3852559.99562600,0
