Open Time,Open,High,Low,Close,Volume,Close Time,Quote Asset Volume,Number of trades,Taker Buy Base Asset Volume,Taker Buy Quote Asset volume
1556409600000,0.15110000,0.15790000,0.14400000,0.14670000,31556751.14000000,1556495999999,4735532.32137000,7728,27232545.24000000,4084011.81470300,0
