Open Time,Open,High,Low,Close,Volume,Close Time,Quote Asset Volume,Number of trades,Taker Buy Base Asset Volume,Taker Buy Quote Asset volume
1560211200000,0.24390000,0.25390000,0.22360000,0.25190000,114110261.31000000,1560297599999,27337131.77764400,48652,54251224.96000000,13010229.69681700,0
