Open Time,Open,High,Low,Close,Volume,Close Time,Quote Asset Volume,Number of trades,Taker Buy Base Asset Volume,Taker Buy Quote Asset volume
1551744000000,0.33090000,0.34560000,0.30500000,0.31370000,61152467.51000000,1551830399999,19898966.53653800,58231,27160004.97000000,8833914.93874100,0
