Open Time,Open,High,Low,Close,Volume,Close Time,Quote Asset Volume,Number of trades,Taker Buy Base Asset Volume,Taker Buy Quote Asset volume
1569456000000,0.03800000,0.03940000,0.03140000,0.03360000,58369342.52000000,1569542399999,2034226.44373100,9747,29811560.60000000,1032764.27018500,0
