Open Time,Open,High,Low,Close,Volume,Close Time,Quote Asset Volume,Number of trades,Taker Buy Base Asset Volume,Taker Buy Quote Asset volume
1566864000000,0.06080000,0.06230000,0.05880000,0.06060000,20909307.19000000,1566950399999,1265419.94951400,7911,9660510.31000000,585192.31569500,0
