Open Time,Open,High,Low,Close,Volume,Close Time,Quote Asset Volume,Number of trades,Taker Buy Base Asset Volume,Taker Buy Quote Asset volume
1567987200000,0.05350000,0.05510000,0.05070000,0.05230000,41348688.05000000,1568073599999,2155729.91564800,7644,22627524.68000000,1179928.51086600,0
