Open Time,Open,High,Low,Close,Volume,Close Time,Quote Asset Volume,Number of trades,Taker Buy Base Asset Volume,Taker Buy Quote Asset volume
1559779200000,0.20470000,0.22090000,0.18500000,0.19810000,104811482.60000000,1559865599999,21201503.53932600,48301,48872850.71000000,9903147.40569100,0
