Open Time,Open,High,Low,Close,Volume,Close Time,Quote Asset Volume,Number of trades,Taker Buy Base Asset Volume,Taker Buy Quote Asset volume
1565481600000,0.07530000,0.08030000,0.07470000,0.07580000,11798706.24000000,1565567999999,914214.33515000,6369,5717197.92000000,442931.60131900,0
