Open Time,Open,High,Low,Close,Volume,Close Time,Quote Asset Volume,Number of trades,Taker Buy Base Asset Volume,Taker Buy Quote Asset volume
1554508800000,0.19730000,0.20990000,0.19580000,0.19970000,46296680.86000000,1554595199999,9337233.28474200,15489,24132017.68000000,4870172.28369600,0
