Open Time,Open,High,Low,Close,Volume,Close Time,Quote Asset Volume,Number of trades,Taker Buy Base Asset Volume,Taker Buy Quote Asset volume
1577577600000,0.04530000,0.04630000,0.04190000,0.04297000,13249200.20000000,1577663999999,581695.87248500,3638,6197616.80000000,272681.38252700,0
