Open Time,Open,High,Low,Close,Volume,Close Time,Quote Asset Volume,Number of trades,Taker Buy Base Asset Volume,Taker Buy Quote Asset volume
1565913600000,0.07160000,0.07280000,0.06500000,0.06700000,11262624.16000000,1565999999999,771111.56821200,5548,5661572.85000000,388047.57626700,0
