Open Time,Open,High,Low,Close,Volume,Close Time,Quote Asset Volume,Number of trades,Taker Buy Base Asset Volume,Taker Buy Quote Asset volume
1552867200000,0.23600000,0.23920000,0.22530000,0.22780000,28554545.69000000,1552953599999,6536098.12233500,16502,14003672.69000000,3206075.37911200,0
