Open Time,Open,High,Low,Close,Volume,Close Time,Quote Asset Volume,Number of trades,Taker Buy Base Asset Volume,Taker Buy Quote Asset volume
1558569600000,0.16880000,0.21630000,0.15850000,0.17890000,142239360.03000000,1558655999999,27139360.25726700,48216,84218905.29000000,16054322.12661700,0
