Open Time,Open,High,Low,Close,Volume,Close Time,Quote Asset Volume,Number of trades,Taker Buy Base Asset Volume,Taker Buy Quote Asset volume
1556064000000,0.20750000,0.20770000,0.17510000,0.18750000,43385561.66000000,1556150399999,8218076.50554200,13783,22461044.67000000,4253747.66512900,0
