Open Time,Open,High,Low,Close,Volume,Close Time,Quote Asset Volume,Number of trades,Taker Buy Base Asset Volume,Taker Buy Quote Asset volume
1553472000000,0.20870000,0.21380000,0.19060000,0.19770000,49421470.30000000,1553558399999,9986852.36440000,28685,24515432.64000000,4957602.13243700,0
