Open Time,Open,High,Low,Close,Volume,Close Time,Quote Asset Volume,Number of trades,Taker Buy Base Asset Volume,Taker Buy Quote Asset volume
1567036800000,0.05210000,0.05280000,0.04940000,0.05020000,22227502.82000000,1567123199999,1125040.77979300,7108,11764326.40000000,596109.42770700,0
