Open Time,Open,High,Low,Close,Volume,Close Time,Quote Asset Volume,Number of trades,Taker Buy Base Asset Volume,Taker Buy Quote Asset volume
1552089600000,0.28730000,0.29560000,0.26750000,0.26780000,37817821.70000000,1552175999999,10639010.15626300,32068,16272362.67000000,4581226.65484400,0
