Open Time,Open,High,Low,Close,Volume,Close Time,Quote Asset Volume,Number of trades,Taker Buy Base Asset Volume,Taker Buy Quote Asset volume
1571961600000,0.03632000,0.03967000,0.03553000,0.03830000,76764122.97000000,1572047999999,2863832.39359600,7675,20009049.37000000,749707.76160400,0
