Open Time,Open,High,Low,Close,Volume,Close Time,Quote Asset Volume,Number of trades,Taker Buy Base Asset Volume,Taker Buy Quote Asset volume
1564012800000,0.08740000,0.11440000,0.08730000,0.10530000,46332633.15000000,1564099199999,4769408.13257500,20328,22416160.03000000,2315083.79723500,0
