Open Time,Open,High,Low,Close,Volume,Close Time,Quote Asset Volume,Number of trades,Taker Buy Base Asset Volume,Taker Buy Quote Asset volume
1563062400000,0.12220000,0.12950000,0.10450000,0.10450000,17234524.87000000,1563148799999,1997136.98455500,10612,7145240.44000000,832064.04951500,0
