Open Time,Open,High,Low,Close,Volume,Close Time,Quote Asset Volume,Number of trades,Taker Buy Base Asset Volume,Taker Buy Quote Asset volume
1572134400000,0.03863000,0.04090000,0.03701000,0.03999000,25397880.00000000,1572220799999,984694.26914000,4820,9168902.50000000,355196.76461900,0
