Open Time,Open,High,Low,Close,Volume,Close Time,Quote Asset Volume,Number of trades,Taker Buy Base Asset Volume,Taker Buy Quote Asset volume
1566432000000,0.06370000,0.06660000,0.06090000,0.06530000,15498044.73000000,1566518399999,997572.85573400,5518,8013471.36000000,514938.26939100,0
