Open Time,Open,High,Low,Close,Volume,Close Time,Quote Asset Volume,Number of trades,Taker Buy Base Asset Volume,Taker Buy Quote Asset volume
1572048000000,0.03828000,0.03989000,0.03720000,0.03860000,48761236.00000000,1572134399999,1876858.75847600,6756,14860255.10000000,572941.84233300,0
