Open Time,Open,High,Low,Close,Volume,Close Time,Quote Asset Volume,Number of trades,Taker Buy Base Asset Volume,Taker Buy Quote Asset volume
1573862400000,0.04625000,0.05100000,0.04620000,0.04935000,184800665.50000000,1573948799999,8925758.95480500,22806,92570247.62000000,4471032.28327400,0
