Open Time,Open,High,Low,Close,Volume,Close Time,Quote Asset Volume,Number of trades,Taker Buy Base Asset Volume,Taker Buy Quote Asset volume
1558396800000,0.27150000,0.34220000,0.21670000,0.22850000,206404080.15000000,1558483199999,58038879.86990800,129456,111448001.43000000,31463708.30095700,0
