Open Time,Open,High,Low,Close,Volume,Close Time,Quote Asset Volume,Number of trades,Taker Buy Base Asset Volume,Taker Buy Quote Asset volume
1554681600000,0.20240000,0.21860000,0.19750000,0.21150000,61498802.64000000,1554767999999,12597223.74808700,13520,33920265.77000000,6965663.05727400,0
