Open Time,Open,High,Low,Close,Volume,Close Time,Quote Asset Volume,Number of trades,Taker Buy Base Asset Volume,Taker Buy Quote Asset volume
1562112000000,0.14820000,0.15700000,0.14320000,0.14840000,32905523.67000000,1562198399999,4909641.03892200,24353,15454255.57000000,2306584.29379800,0
