Open Time,Open,High,Low,Close,Volume,Close Time,Quote Asset Volume,Number of trades,Taker Buy Base Asset Volume,Taker Buy Quote Asset volume
1577750400000,0.04045000,0.04079000,0.03700000,0.03710000,21568850.80000000,1577836799999,830737.40235900,5641,9975100.30000000,384030.50130100,0
