Open Time,Open,High,Low,Close,Volume,Close Time,Quote Asset Volume,Number of trades,Taker Buy Base Asset Volume,Taker Buy Quote Asset volume
1562284800000,0.13580000,0.15260000,0.13540000,0.14570000,15177688.90000000,1562371199999,2196000.80976700,10996,7993808.42000000,1159672.13537500,0
