Open Time,Open,High,Low,Close,Volume,Close Time,Quote Asset Volume,Number of trades,Taker Buy Base Asset Volume,Taker Buy Quote Asset volume
1556323200000,0.14630000,0.15350000,0.14110000,0.15090000,23139161.61000000,1556409599999,3449985.59544700,6752,19188531.95000000,2863559.54300900,0
