Open Time,Open,High,Low,Close,Volume,Close Time,Quote Asset Volume,Number of trades,Taker Buy Base Asset Volume,Taker Buy Quote Asset volume
1565827200000,0.06940000,0.07280000,0.06850000,0.07160000,5883308.24000000,1565913599999,414552.77395300,3191,3074630.15000000,216814.71378600,0
