Open Time,Open,High,Low,Close,Volume,Close Time,Quote Asset Volume,Number of trades,Taker Buy Base Asset Volume,Taker Buy Quote Asset volume
1551916800000,0.31000000,0.36600000,0.30750000,0.34780000,73918772.24000000,1552003199999,24962259.66847800,68866,36064340.70000000,12180264.89829300,0
