Open Time,Open,High,Low,Close,Volume,Close Time,Quote Asset Volume,Number of trades,Taker Buy Base Asset Volume,Taker Buy Quote Asset volume
1573171200000,0.04174000,0.04196000,0.03800000,0.03901000,68353722.70000000,1573257599999,2738665.25706400,7326,33340174.70000000,1336551.28414800,0
