Open Time,Open,High,Low,Close,Volume,Close Time,Quote Asset Volume,Number of trades,Taker Buy Base Asset Volume,Taker Buy Quote Asset volume
1554249600000,0.20450000,0.22310000,0.18800000,0.19240000,73783946.79000000,1554335999999,15299568.92034200,27782,36169049.48000000,7506538.51305400,0
