Open Time,Open,High,Low,Close,Volume,Close Time,Quote Asset Volume,Number of trades,Taker Buy Base Asset Volume,Taker Buy Quote Asset volume
1563494400000,0.10180000,0.10320000,0.09900000,0.10250000,8466422.63000000,1563580799999,855952.70389400,6199,4224500.79000000,427592.86018500,0
