Open Time,Open,High,Low,Close,Volume,Close Time,Quote Asset Volume,Number of trades,Taker Buy Base Asset Volume,Taker Buy Quote Asset volume
1576540800000,0.05074000,0.05550000,0.04805000,0.05052000,223631214.00000000,1576627199999,11612762.86111700,32358,111235293.60000000,5778032.84778900,0
