Open Time,Open,High,Low,Close,Volume,Close Time,Quote Asset Volume,Number of trades,Taker Buy Base Asset Volume,Taker Buy Quote Asset volume
1572998400000,0.04277000,0.04452000,0.04200000,0.04246000,67881746.91000000,1573084799999,2911694.54299600,8086,33987868.01000000,1458460.89823900,0
