Open Time,Open,High,Low,Close,Volume,Close Time,Quote Asset Volume,Number of trades,Taker Buy Base Asset Volume,Taker Buy Quote Asset volume
1570233600000,0.03490000,0.03660000,0.03440000,0.03540000,18228187.58000000,1570319999999,645078.90194100,5182,12160140.19000000,430448.95465400,0
