Open Time,Open,High,Low,Close,Volume,Close Time,Quote Asset Volume,Number of trades,Taker Buy Base Asset Volume,Taker Buy Quote Asset volume
1555459200000,0.18710000,0.20090000,0.18680000,0.19700000,35592104.20000000,1555545599999,6926038.08484500,7780,20208349.69000000,3932940.49119400,0
