Open Time,Open,High,Low,Close,Volume,Close Time,Quote Asset Volume,Number of trades,Taker Buy Base Asset Volume,Taker Buy Quote Asset volume
1566777600000,0.06280000,0.06340000,0.05940000,0.06070000,22818201.74000000,1566863999999,1409608.70348600,8238,8972010.38000000,554645.47440600,0
