Open Time,Open,High,Low,Close,Volume,Close Time,Quote Asset Volume,Number of trades,Taker Buy Base Asset Volume,Taker Buy Quote Asset volume
1557014400000,0.12390000,0.12550000,0.11950000,0.12190000,29087977.31000000,1557100799999,3549958.62374500,7299,24908581.96000000,3040738.90489400,0
