Open Time,Open,High,Low,Close,Volume,Close Time,Quote Asset Volume,Number of trades,Taker Buy Base Asset Volume,Taker Buy Quote Asset volume
1571788800000,0.04071000,0.04095000,0.03489000,0.03595000,70658306.22000000,1571875199999,2684666.51568450,8489,30477888.56000000,1166952.79612600,0
