Open Time,Open,High,Low,Close,Volume,Close Time,Quote Asset Volume,Number of trades,Taker Buy Base Asset Volume,Taker Buy Quote Asset volume
1576972800000,0.05014000,0.05220000,0.04905000,0.04996000,67138620.50000000,1577059199999,3382246.82162600,10928,36164256.70000000,1821753.70931100,0
