Open Time,Open,High,Low,Close,Volume,Close Time,Quote Asset Volume,Number of trades,Taker Buy Base Asset Volume,Taker Buy Quote Asset volume
1556668800000,0.13860000,0.14180000,0.13270000,0.13620000,34828656.54000000,1556755199999,4760017.86617800,6442,31271879.73000000,4273879.65420500,0
