Open Time,Open,High,Low,Close,Volume,Close Time,Quote Asset Volume,Number of trades,Taker Buy Base Asset Volume,Taker Buy Quote Asset volume
1565395200000,0.07330000,0.07750000,0.07290000,0.07530000,10450533.62000000,1565481599999,779906.52169700,5931,4589277.59000000,342767.14434700,0
