Open Time,Open,High,Low,Close,Volume,Close Time,Quote Asset Volume,Number of trades,Taker Buy Base Asset Volume,Taker Buy Quote Asset volume
1569628800000,0.03450000,0.03510000,0.03270000,0.03450000,24882317.14000000,1569715199999,853131.10687200,5467,12835627.65000000,440362.15612000,0
