Open Time,Open,High,Low,Close,Volume,Close Time,Quote Asset Volume,Number of trades,Taker Buy Base Asset Volume,Taker Buy Quote Asset volume
1564099200000,0.10530000,0.11230000,0.10200000,0.10230000,24061765.15000000,1564185599999,2574434.64465000,12758,11061545.22000000,1185805.55880400,0
