Open Time,Open,High,Low,Close,Volume,Close Time,Quote Asset Volume,Number of trades,Taker Buy Base Asset Volume,Taker Buy Quote Asset volume
1561075200000,0.19140000,0.19530000,0.17640000,0.18030000,59644404.53000000,1561161599999,11260111.01220400,19131,30501369.67000000,5760182.49207900,0
