Open Time,Open,High,Low,Close,Volume,Close Time,Quote Asset Volume,Number of trades,Taker Buy Base Asset Volume,Taker Buy Quote Asset volume
1573776000000,0.04372000,0.04879000,0.04280000,0.04623000,167667920.12000000,1573862399999,7618107.92607480,20332,82859475.65000000,3762902.83801980,0
