Open Time,Open,High,Low,Close,Volume,Close Time,Quote Asset Volume,Number of trades,Taker Buy Base Asset Volume,Taker Buy Quote Asset volume
1554768000000,0.21160000,0.21270000,0.19880000,0.20500000,37173577.96000000,1554854399999,7600780.95462800,10196,18695160.02000000,3824735.49761400,0
