Open Time,Open,High,Low,Close,Volume,Close Time,Quote Asset Volume,Number of trades,Taker Buy Base Asset Volume,Taker Buy Quote Asset volume
1558483200000,0.22850000,0.24040000,0.16360000,0.16860000,116173555.21000000,1558569599999,22756623.80377100,46093,69892057.10000000,13667091.68310500,0
