Open Time,Open,High,Low,Close,Volume,Close Time,Quote Asset Volume,Number of trades,Taker Buy Base Asset Volume,Taker Buy Quote Asset volume
1563753600000,0.10300000,0.10440000,0.09500000,0.09830000,9925395.54000000,1563839999999,990805.95290800,6661,3719614.48000000,372805.63025600,0
