Open Time,Open,High,Low,Close,Volume,Close Time,Quote Asset Volume,Number of trades,Taker Buy Base Asset Volume,Taker Buy Quote Asset volume
1566259200000,0.06920000,0.07070000,0.06620000,0.06760000,12981519.24000000,1566345599999,882293.72001400,5729,6423856.64000000,436524.75057400,0
