Open Time,Open,High,Low,Close,Volume,Close Time,Quote Asset Volume,Number of trades,Taker Buy Base Asset Volume,Taker Buy Quote Asset volume
1573344000000,0.04003000,0.04080000,0.03956000,0.04049000,43405097.10000000,1573430399999,1740147.10763900,5502,21650026.40000000,867988.75982900,0
