Open Time,Open,High,Low,Close,Volume,Close Time,Quote Asset Volume,Number of trades,Taker Buy Base Asset Volume,Taker Buy Quote Asset volume
1565049600000,0.07710000,0.08990000,0.07700000,0.08130000,35022158.68000000,1565135999999,2936888.12289700,12764,16329859.18000000,1372324.80734900,0
