Open Time,Open,High,Low,Close,Volume,Close Time,Quote Asset Volume,Number of trades,Taker Buy Base Asset Volume,Taker Buy Quote Asset volume
1576108800000,0.05378000,0.05421000,0.04945000,0.05188000,96673017.80000000,1576195199999,4959588.31261300,17754,48986771.40000000,2513785.49848300,0
