Open Time,Open,High,Low,Close,Volume,Close Time,Quote Asset Volume,Number of trades,Taker Buy Base Asset Volume,Taker Buy Quote Asset volume
1572220800000,0.03999000,0.04270000,0.03940000,0.03953000,20538267.04000000,1572307199999,833650.91219100,4267,7509659.92000000,304236.46423900,0
