Open Time,Open,High,Low,Close,Volume,Close Time,Quote Asset Volume,Number of trades,Taker Buy Base Asset Volume,Taker Buy Quote Asset volume
1576800000000,0.05169000,0.05596000,0.05000000,0.05374000,104546837.70000000,1576886399999,5520075.82723700,15369,56269435.10000000,2974227.87652600,0
