Open Time,Open,High,Low,Close,Volume,Close Time,Quote Asset Volume,Number of trades,Taker Buy Base Asset Volume,Taker Buy Quote Asset volume
1569110400000,0.05730000,0.05740000,0.05180000,0.05320000,28606091.21000000,1569196799999,1554371.09590000,6860,11586285.98000000,630551.85812000,0
