Open Time,Open,High,Low,Close,Volume,Close Time,Quote Asset Volume,Number of trades,Taker Buy Base Asset Volume,Taker Buy Quote Asset volume
1572652800000,0.03878000,0.03966000,0.03821000,0.03871000,47812126.50000000,1572739199999,1860115.27166800,7120,23586461.70000000,917610.20983900,0
