Open Time,Open,High,Low,Close,Volume,Close Time,Quote Asset Volume,Number of trades,Taker Buy Base Asset Volume,Taker Buy Quote Asset volume
1568332800000,0.05330000,0.05670000,0.05230000,0.05650000,27729686.96000000,1568419199999,1501292.55649200,7285,14119985.62000000,764602.13110300,0
