Open Time,Open,High,Low,Close,Volume,Close Time,Quote Asset Volume,Number of trades,Taker Buy Base Asset Volume,Taker Buy Quote Asset volume
1553299200000,0.20540000,0.20840000,0.19590000,0.20220000,38747348.04000000,1553385599999,7849693.30528200,17264,19942156.49000000,4041852.79474100,0
