Open Time,Open,High,Low,Close,Volume,Close Time,Quote Asset Volume,Number of trades,Taker Buy Base Asset Volume,Taker Buy Quote Asset volume
1577664000000,0.04295000,0.04345000,0.04000000,0.04060000,30810470.10000000,1577750399999,1278286.20747600,7522,16498969.40000000,685188.10916500,0
