Open Time,Open,High,Low,Close,Volume,Close Time,Quote Asset Volume,Number of trades,Taker Buy Base Asset Volume,Taker Buy Quote Asset volume
1570838400000,0.04440000,0.04600000,0.04310000,0.04550000,54669743.52000000,1570924799999,2449576.73851200,14600,26734605.31000000,1199031.08951900,0
