Open Time,Open,High,Low,Close,Volume,Close Time,Quote Asset Volume,Number of trades,Taker Buy Base Asset Volume,Taker Buy Quote Asset volume
1567382400000,0.04880000,0.05110000,0.04810000,0.04940000,17947626.36000000,1567468799999,888999.77336100,6690,7564877.47000000,375123.40146000,0
