Open Time,Open,High,Low,Close,Volume,Close Time,Quote Asset Volume,Number of trades,Taker Buy Base Asset Volume,Taker Buy Quote Asset volume
1557878400000,0.14300000,0.14990000,0.13260000,0.14710000,23107049.24000000,1557964799999,3259372.42534500,11922,13007504.33000000,1829062.03445600,0
