Open Time,Open,High,Low,Close,Volume,Close Time,Quote Asset Volume,Number of trades,Taker Buy Base Asset Volume,Taker Buy Quote Asset volume
1561766400000,0.14520000,0.17200000,0.14200000,0.16330000,52865317.74000000,1561852799999,8284354.43085200,31030,26333275.60000000,4140398.19989600,0
