Open Time,Open,High,Low,Close,Volume,Close Time,Quote Asset Volume,Number of trades,Taker Buy Base Asset Volume,Taker Buy Quote Asset volume
1572739200000,0.03869000,0.04047000,0.03843000,0.04025000,41932593.00000000,1572825599999,1650589.47311100,6569,21274354.10000000,837882.59722700,0
