Open Time,Open,High,Low,Close,Volume,Close Time,Quote Asset Volume,Number of trades,Taker Buy Base Asset Volume,Taker Buy Quote Asset volume
1551571200000,0.40200000,0.42900000,0.35370000,0.36390000,41110679.59000000,1551657599999,16189125.56380500,45189,18442064.83000000,7324005.61123900,0
