Open Time,Open,High,Low,Close,Volume,Close Time,Quote Asset Volume,Number of trades,Taker Buy Base Asset Volume,Taker Buy Quote Asset volume
1561161600000,0.18070000,0.18980000,0.17340000,0.18690000,73545943.15000000,1561247999999,13475135.00163600,24107,34624790.68000000,6341545.14908700,0
