Open Time,Open,High,Low,Close,Volume,Close Time,Quote Asset Volume,Number of trades,Taker Buy Base Asset Volume,Taker Buy Quote Asset volume
1559692800000,0.17600000,0.21730000,0.16850000,0.20490000,136770343.87000000,1559779199999,26197205.01794400,61528,66443331.85000000,12720055.89576500,0
