Open Time,Open,High,Low,Close,Volume,Close Time,Quote Asset Volume,Number of trades,Taker Buy Base Asset Volume,Taker Buy Quote Asset volume
1567296000000,0.05040000,0.05120000,0.04770000,0.04880000,13470772.89000000,1567382399999,669489.02358200,5597,6315084.38000000,314195.36617300,0
