Open Time,Open,High,Low,Close,Volume,Close Time,Quote Asset Volume,Number of trades,Taker Buy Base Asset Volume,Taker Buy Quote Asset volume
1587686400000,0.01536000,0.01712000,0.01532000,0.01693000,50153251.70000000,1587772799999,812829.92430800,3941,25577801.50000000,412574.98456200,0
