Open Time,Open,High,Low,Close,Volume,Close Time,Quote Asset Volume,Number of trades,Taker Buy Base Asset Volume,Taker Buy Quote Asset volume
1595116800000,0.05446000,0.05698000,0.05330000,0.05423000,41456974.30000000,1595203199999,2275289.17576900,10081,19928229.90000000,1094037.73936700,0
