Open Time,Open,High,Low,Close,Volume,Close Time,Quote Asset Volume,Number of trades,Taker Buy Base Asset Volume,Taker Buy Quote Asset volume
1579824000000,0.03777000,0.03929000,0.03680000,0.03893000,35827414.90000000,1579910399999,1359670.86085800,6848,13131644.70000000,498791.46055400,0
