Open Time,Open,High,Low,Close,Volume,Close Time,Quote Asset Volume,Number of trades,Taker Buy Base Asset Volume,Taker Buy Quote Asset volume
1588204800000,0.02095000,0.02240000,0.01944000,0.01997000,55273239.70000000,1588291199999,1164946.40621300,5442,28574884.20000000,603745.26316000,0
