Open Time,Open,High,Low,Close,Volume,Close Time,Quote Asset Volume,Number of trades,Taker Buy Base Asset Volume,Taker Buy Quote Asset volume
1598918400000,0.11328000,0.11876000,0.11000000,0.11023000,35102852.30000000,1599004799999,3988572.93634200,13398,17124175.40000000,1948788.64940900,0
