Open Time,Open,High,Low,Close,Volume,Close Time,Quote Asset Volume,Number of trades,Taker Buy Base Asset Volume,Taker Buy Quote Asset volume
1605225600000,0.04176000,0.04835000,0.04112000,0.04600000,38227801.00000000,1605311999999,1720594.24463100,8796,22718655.10000000,1019848.57165500,0
