Open Time,Open,High,Low,Close,Volume,Close Time,Quote Asset Volume,Number of trades,Taker Buy Base Asset Volume,Taker Buy Quote Asset volume
1601251200000,0.05941000,0.06875000,0.05941000,0.06259000,29051294.70000000,1601337599999,1851063.55613000,7479,17540054.70000000,1113910.04449700,0
