Open Time,Open,High,Low,Close,Volume,Close Time,Quote Asset Volume,Number of trades,Taker Buy Base Asset Volume,Taker Buy Quote Asset volume
1607385600000,0.05320000,0.05359000,0.04635000,0.04793000,31293936.20000000,1607471999999,1586894.32887400,8779,18373083.20000000,936027.25933500,0
