Open Time,Open,High,Low,Close,Volume,Close Time,Quote Asset Volume,Number of trades,Taker Buy Base Asset Volume,Taker Buy Quote Asset volume
1589932800000,0.02043000,0.02080000,0.01885000,0.01967000,57205814.70000000,1590019199999,1150873.73686100,3777,34225974.60000000,690112.39246300,0
