Open Time,Open,High,Low,Close,Volume,Close Time,Quote Asset Volume,Number of trades,Taker Buy Base Asset Volume,Taker Buy Quote Asset volume
1601683200000,0.05478000,0.05604000,0.05088000,0.05104000,27245635.00000000,1601769599999,1469781.51317200,5716,14109752.80000000,765036.91060900,0
