Open Time,Open,High,Low,Close,Volume,Close Time,Quote Asset Volume,Number of trades,Taker Buy Base Asset Volume,Taker Buy Quote Asset volume
1597190400000,0.09418000,0.10084000,0.08900000,0.09679000,39390115.90000000,1597276799999,3763189.54892300,13213,18940547.90000000,1812005.45340800,0
