Open Time,Open,High,Low,Close,Volume,Close Time,Quote Asset Volume,Number of trades,Taker Buy Base Asset Volume,Taker Buy Quote Asset volume
1586476800000,0.01676000,0.01676000,0.01429000,0.01487000,43210748.60000000,1586563199999,660967.82592100,3046,21653115.90000000,333778.00547500,0
