Open Time,Open,High,Low,Close,Volume,Close Time,Quote Asset Volume,Number of trades,Taker Buy Base Asset Volume,Taker Buy Quote Asset volume
1601078400000,0.06080000,0.06258000,0.05731000,0.05893000,24306411.50000000,1601164799999,1457899.71715000,4917,15402100.90000000,924794.58778500,0
