Open Time,Open,High,Low,Close,Volume,Close Time,Quote Asset Volume,Number of trades,Taker Buy Base Asset Volume,Taker Buy Quote Asset volume
1604534400000,0.03950000,0.04100000,0.03720000,0.03972000,33036826.80000000,1604620799999,1293973.84071000,5392,19727021.20000000,772409.44585200,0
