Open Time,Open,High,Low,Close,Volume,Close Time,Quote Asset Volume,Number of trades,Taker Buy Base Asset Volume,Taker Buy Quote Asset volume
1583366400000,0.03652000,0.03780000,0.03628000,0.03638000,19574336.40000000,1583452799999,726299.43721100,3760,9386245.00000000,348436.21265500,0
