Open Time,Open,High,Low,Close,Volume,Close Time,Quote Asset Volume,Number of trades,Taker Buy Base Asset Volume,Taker Buy Quote Asset volume
1601769600000,0.05104000,0.05269000,0.05031000,0.05235000,26851922.90000000,1601855999999,1385438.95030400,5032,16746259.30000000,864589.51199600,0
