Open Time,Open,High,Low,Close,Volume,Close Time,Quote Asset Volume,Number of trades,Taker Buy Base Asset Volume,Taker Buy Quote Asset volume
1590451200000,0.02273000,0.02592000,0.02205000,0.02386000,97604803.30000000,1590537599999,2327200.67009200,10901,52334836.40000000,1246635.34895400,0
