Open Time,Open,High,Low,Close,Volume,Close Time,Quote Asset Volume,Number of trades,Taker Buy Base Asset Volume,Taker Buy Quote Asset volume
1597536000000,0.11648000,0.15000000,0.11585000,0.13610000,63557184.56000000,1597622399999,8372698.78215890,30071,30465326.74000000,4007734.51907340,0
