Open Time,Open,High,Low,Close,Volume,Close Time,Quote Asset Volume,Number of trades,Taker Buy Base Asset Volume,Taker Buy Quote Asset volume
1599523200000,0.08421000,0.08460000,0.07258000,0.07511000,24453735.80000000,1599609599999,1896886.87414400,8651,11709975.30000000,908549.16163100,0
