Open Time,Open,High,Low,Close,Volume,Close Time,Quote Asset Volume,Number of trades,Taker Buy Base Asset Volume,Taker Buy Quote Asset volume
1588464000000,0.02029000,0.02042000,0.01901000,0.02005000,30353143.80000000,1588550399999,600191.06011300,2861,18876414.20000000,373386.01462000,0
