Open Time,Open,High,Low,Close,Volume,Close Time,Quote Asset Volume,Number of trades,Taker Buy Base Asset Volume,Taker Buy Quote Asset volume
1598832000000,0.12450000,0.12934000,0.11264000,0.11328000,31521103.40000000,1598918399999,3820409.93003200,14057,15851490.90000000,1926139.25704200,0
