Open Time,Open,High,Low,Close,Volume,Close Time,Quote Asset Volume,Number of trades,Taker Buy Base Asset Volume,Taker Buy Quote Asset volume
1588377600000,0.02045000,0.02134000,0.01950000,0.02029000,31114254.00000000,1588463999999,641315.12459900,2670,15091655.40000000,311983.07558200,0
