Open Time,Open,High,Low,Close,Volume,Close Time,Quote Asset Volume,Number of trades,Taker Buy Base Asset Volume,Taker Buy Quote Asset volume
1588809600000,0.01844000,0.01920000,0.01734000,0.01806000,33091300.40000000,1588895999999,600026.85364800,3457,15815049.40000000,287514.26730600,0
