Open Time,Open,High,Low,Close,Volume,Close Time,Quote Asset Volume,Number of trades,Taker Buy Base Asset Volume,Taker Buy Quote Asset volume
1596412800000,0.07155000,0.07669000,0.07040000,0.07168000,24088072.20000000,1596499199999,1778434.97858300,7809,11919091.60000000,880996.32880900,0
