Open Time,Open,High,Low,Close,Volume,Close Time,Quote Asset Volume,Number of trades,Taker Buy Base Asset Volume,Taker Buy Quote Asset volume
1593820800000,0.03070000,0.03145000,0.02920000,0.02968000,44612215.80000000,1593907199999,1348886.34469800,3745,25991804.50000000,787353.33246200,0
