Open Time,Open,High,Low,Close,Volume,Close Time,Quote Asset Volume,Number of trades,Taker Buy Base Asset Volume,Taker Buy Quote Asset volume
1602806400000,0.05035000,0.05198000,0.04340000,0.04366000,37966570.90000000,1602892799999,1798688.87541500,7716,22127908.70000000,1059073.17131300,0
