Open Time,Open,High,Low,Close,Volume,Close Time,Quote Asset Volume,Number of trades,Taker Buy Base Asset Volume,Taker Buy Quote Asset volume
1596153600000,0.07631000,0.08200000,0.07133000,0.07437000,62861237.70000000,1596239999999,4797927.37626500,17925,31053973.20000000,2375670.64808100,0
