Open Time,Open,High,Low,Close,Volume,Close Time,Quote Asset Volume,Number of trades,Taker Buy Base Asset Volume,Taker Buy Quote Asset volume
1578700800000,0.03610000,0.03961000,0.03605000,0.03779000,55569199.60000000,1578787199999,2077040.89910900,9721,22824335.70000000,858881.87781100,0
