Open Time,Open,High,Low,Close,Volume,Close Time,Quote Asset Volume,Number of trades,Taker Buy Base Asset Volume,Taker Buy Quote Asset volume
1591660800000,0.02710000,0.02869000,0.02588000,0.02752000,37160843.10000000,1591747199999,1010952.27443900,5028,18951960.40000000,516266.69037500,0
