Open Time,Open,High,Low,Close,Volume,Close Time,Quote Asset Volume,Number of trades,Taker Buy Base Asset Volume,Taker Buy Quote Asset volume
1586908800000,0.01507000,0.01518000,0.01407000,0.01411000,26652872.80000000,1586995199999,391871.69174500,1461,16582337.20000000,244209.71382300,0
