Open Time,Open,High,Low,Close,Volume,Close Time,Quote Asset Volume,Number of trades,Taker Buy Base Asset Volume,Taker Buy Quote Asset volume
1578268800000,0.03844000,0.04025000,0.03831000,0.03949000,34933787.70000000,1578355199999,1374812.21999900,6737,16141448.30000000,635636.72317700,0
