Open Time,Open,High,Low,Close,Volume,Close Time,Quote Asset Volume,Number of trades,Taker Buy Base Asset Volume,Taker Buy Quote Asset volume
1599696000000,0.07681000,0.09500000,0.07681000,0.08685000,36841553.80000000,1599782399999,3097269.55364700,12030,18204803.30000000,1533944.82551100,0
