Open Time,Open,High,Low,Close,Volume,Close Time,Quote Asset Volume,Number of trades,Taker Buy Base Asset Volume,Taker Buy Quote Asset volume
1609372800000,0.05219000,0.05457000,0.05008000,0.05152000,13816606.00000000,1609459199999,724542.82471400,5925,8249292.50000000,434205.04595900,0
