Open Time,Open,High,Low,Close,Volume,Close Time,Quote Asset Volume,Number of trades,Taker Buy Base Asset Volume,Taker Buy Quote Asset volume
1595808000000,0.05305000,0.06660000,0.05050000,0.06221000,134271597.10000000,1595894399999,7965099.66668500,35089,69414065.70000000,4118338.16493100,0
