Open Time,Open,High,Low,Close,Volume,Close Time,Quote Asset Volume,Number of trades,Taker Buy Base Asset Volume,Taker Buy Quote Asset volume
1593302400000,0.02621000,0.02724000,0.02550000,0.02662000,10866873.60000000,1593388799999,288530.68777700,2285,5010986.60000000,132918.32802000,0
