Open Time,Open,High,Low,Close,Volume,Close Time,Quote Asset Volume,Number of trades,Taker Buy Base Asset Volume,Taker Buy Quote Asset volume
1585612800000,0.01378000,0.01420000,0.01370000,0.01404000,43466171.30000000,1585699199999,608955.61898700,1809,34457278.60000000,482956.44027000,0
