Open Time,Open,High,Low,Close,Volume,Close Time,Quote Asset Volume,Number of trades,Taker Buy Base Asset Volume,Taker Buy Quote Asset volume
1585008000000,0.01348000,0.01440000,0.01298000,0.01374000,64383859.60000000,1585094399999,875489.69862100,3851,42452910.70000000,577721.77432200,0
