Open Time,Open,High,Low,Close,Volume,Close Time,Quote Asset Volume,Number of trades,Taker Buy Base Asset Volume,Taker Buy Quote Asset volume
1577836800000,0.03723000,0.03967000,0.03708000,0.03832000,20204234.80000000,1577923199999,780208.13136600,5269,9791959.50000000,378128.24865500,0
