Open Time,Open,High,Low,Close,Volume,Close Time,Quote Asset Volume,Number of trades,Taker Buy Base Asset Volume,Taker Buy Quote Asset volume
1603843200000,0.04671000,0.04737000,0.04350000,0.04518000,27523441.80000000,1603929599999,1238933.41000400,6197,13931128.30000000,629704.60017200,0
