Open Time,Open,High,Low,Close,Volume,Close Time,Quote Asset Volume,Number of trades,Taker Buy Base Asset Volume,Taker Buy Quote Asset volume
1608508800000,0.05625000,0.05812000,0.05029000,0.05289000,19675340.70000000,1608595199999,1068440.70887800,8774,9102293.60000000,494992.65995500,0
