Open Time,Open,High,Low,Close,Volume,Close Time,Quote Asset Volume,Number of trades,Taker Buy Base Asset Volume,Taker Buy Quote Asset volume
1585353600000,0.01400000,0.01400000,0.01282000,0.01354000,55656203.20000000,1585439999999,748197.29781500,3343,36115799.00000000,486648.68469800,0
