Open Time,Open,High,Low,Close,Volume,Close Time,Quote Asset Volume,Number of trades,Taker Buy Base Asset Volume,Taker Buy Quote Asset volume
1581206400000,0.04483000,0.05000000,0.04451000,0.04946000,50772634.00000000,1581292799999,2382859.40234500,9724,25238855.60000000,1185368.50320700,0
