Open Time,Open,High,Low,Close,Volume,Close Time,Quote Asset Volume,Number of trades,Taker Buy Base Asset Volume,Taker Buy Quote Asset volume
1591401600000,0.02481000,0.02799000,0.02424000,0.02799000,43027911.70000000,1591487999999,1092673.29674800,4663,24255122.80000000,615708.41630400,0
