Open Time,Open,High,Low,Close,Volume,Close Time,Quote Asset Volume,Number of trades,Taker Buy Base Asset Volume,Taker Buy Quote Asset volume
1603152000000,0.05017000,0.05237000,0.04436000,0.04514000,34482008.20000000,1603238399999,1642041.97799500,8105,19364117.80000000,921129.02848300,0
