Open Time,Open,High,Low,Close,Volume,Close Time,Quote Asset Volume,Number of trades,Taker Buy Base Asset Volume,Taker Buy Quote Asset volume
1600128000000,0.07402000,0.07750000,0.06509000,0.06568000,39502814.00000000,1600214399999,2873802.72940000,8711,23061930.20000000,1693180.68333000,0
