Open Time,Open,High,Low,Close,Volume,Close Time,Quote Asset Volume,Number of trades,Taker Buy Base Asset Volume,Taker Buy Quote Asset volume
1582588800000,0.04060000,0.04078000,0.03703000,0.03761000,42624382.70000000,1582675199999,1655539.90706800,8218,20771810.70000000,807519.97458400,0
