Open Time,Open,High,Low,Close,Volume,Close Time,Quote Asset Volume,Number of trades,Taker Buy Base Asset Volume,Taker Buy Quote Asset volume
1605830400000,0.05312000,0.05698000,0.05076000,0.05373000,64405311.60000000,1605916799999,3493906.94142900,21577,31891252.40000000,1727886.98386400,0
