Open Time,Open,High,Low,Close,Volume,Close Time,Quote Asset Volume,Number of trades,Taker Buy Base Asset Volume,Taker Buy Quote Asset volume
1585699200000,0.01403000,0.01433000,0.01341000,0.01411000,30264308.80000000,1585785599999,418294.75279300,2085,23852648.40000000,330135.76235000,0
