Open Time,Open,High,Low,Close,Volume,Close Time,Quote Asset Volume,Number of trades,Taker Buy Base Asset Volume,Taker Buy Quote Asset volume
1586044800000,0.01483000,0.01500000,0.01430000,0.01437000,25997143.90000000,1586131199999,379836.10823400,1304,14169627.40000000,207504.56927800,0
