Open Time,Open,High,Low,Close,Volume,Close Time,Quote Asset Volume,Number of trades,Taker Buy Base Asset Volume,Taker Buy Quote Asset volume
1605398400000,0.04436000,0.04544000,0.04071000,0.04241000,36970534.10000000,1605484799999,1604715.77103700,10253,22104310.80000000,963711.40014500,0
