Open Time,Open,High,Low,Close,Volume,Close Time,Quote Asset Volume,Number of trades,Taker Buy Base Asset Volume,Taker Buy Quote Asset volume
1596240000000,0.07418000,0.07900000,0.07242000,0.07495000,34662380.50000000,1596326399999,2602517.41543300,10179,17662488.00000000,1328391.76398500,0
