Open Time,Open,High,Low,Close,Volume,Close Time,Quote Asset Volume,Number of trades,Taker Buy Base Asset Volume,Taker Buy Quote Asset volume
1591920000000,0.02631000,0.02875000,0.02598000,0.02755000,34336356.50000000,1592006399999,946786.22461800,3751,21112448.10000000,581144.57922400,0
