Open Time,Open,High,Low,Close,Volume,Close Time,Quote Asset Volume,Number of trades,Taker Buy Base Asset Volume,Taker Buy Quote Asset volume
1595376000000,0.05629000,0.05871000,0.05316000,0.05486000,46757938.00000000,1595462399999,2605920.29125500,13020,24017938.40000000,1339748.32538400,0
