Open Time,Open,High,Low,Close,Volume,Close Time,Quote Asset Volume,Number of trades,Taker Buy Base Asset Volume,Taker Buy Quote Asset volume
1592524800000,0.03044000,0.03188000,0.02923000,0.03120000,267590326.60000000,1592611199999,8255630.91209000,40219,134270738.80000000,4141083.77380600,0
