Open Time,Open,High,Low,Close,Volume,Close Time,Quote Asset Volume,Number of trades,Taker Buy Base Asset Volume,Taker Buy Quote Asset volume
1594339200000,0.03542000,0.03550000,0.03246000,0.03504000,40944132.40000000,1594425599999,1404260.99993100,9570,25338470.50000000,874172.77639400,0
