Open Time,Open,High,Low,Close,Volume,Close Time,Quote Asset Volume,Number of trades,Taker Buy Base Asset Volume,Taker Buy Quote Asset volume
1604275200000,0.04542000,0.04629000,0.04012000,0.04040000,35114303.00000000,1604361599999,1507069.81971200,7158,16113056.80000000,696879.05613200,0
