Open Time,Open,High,Low,Close,Volume,Close Time,Quote Asset Volume,Number of trades,Taker Buy Base Asset Volume,Taker Buy Quote Asset volume
1594684800000,0.04715000,0.04913000,0.04270000,0.04591000,58761985.30000000,1594771199999,2687504.18870700,13354,27967983.30000000,1282503.39354900,0
