Open Time,Open,High,Low,Close,Volume,Close Time,Quote Asset Volume,Number of trades,Taker Buy Base Asset Volume,Taker Buy Quote Asset volume
1578528000000,0.03686000,0.03874000,0.03648000,0.03740000,33356944.30000000,1578614399999,1248509.50862300,6132,16128419.60000000,604042.43406900,0
