Open Time,Open,High,Low,Close,Volume,Close Time,Quote Asset Volume,Number of trades,Taker Buy Base Asset Volume,Taker Buy Quote Asset volume
1598486400000,0.11384000,0.11594000,0.10074000,0.10399000,35939909.40000000,1598572799999,3871280.51418900,12814,16897509.40000000,1824695.61670400,0
