Open Time,Open,High,Low,Close,Volume,Close Time,Quote Asset Volume,Number of trades,Taker Buy Base Asset Volume,Taker Buy Quote Asset volume
1605139200000,0.04490000,0.04675000,0.04100000,0.04173000,31411823.50000000,1605225599999,1366014.60348800,6150,18904470.40000000,824190.86842600,0
