Open Time,Open,High,Low,Close,Volume,Close Time,Quote Asset Volume,Number of trades,Taker Buy Base Asset Volume,Taker Buy Quote Asset volume
1578873600000,0.03980000,0.04198000,0.03852000,0.04063000,31765690.20000000,1578959999999,1283057.29801300,7668,13996720.30000000,567208.79303200,0
