Open Time,Open,High,Low,Close,Volume,Close Time,Quote Asset Volume,Number of trades,Taker Buy Base Asset Volume,Taker Buy Quote Asset volume
1581724800000,0.05426000,0.05700000,0.04832000,0.04983000,56619732.10000000,1581811199999,2990862.39644500,9274,28600767.10000000,1506246.38489100,0
