Open Time,Open,High,Low,Close,Volume,Close Time,Quote Asset Volume,Number of trades,Taker Buy Base Asset Volume,Taker Buy Quote Asset volume
1598054400000,0.10546000,0.13257000,0.09625000,0.12928000,90381178.90000000,1598140799999,10363600.90530500,32978,45856683.30000000,5275694.29946800,0
