Open Time,Open,High,Low,Close,Volume,Close Time,Quote Asset Volume,Number of trades,Taker Buy Base Asset Volume,Taker Buy Quote Asset volume
1597622400000,0.13609000,0.16500000,0.13120000,0.15761000,76481915.05000000,1597708799999,11199672.26122290,39356,36684502.86000000,5392388.43544450,0
