Open Time,Open,High,Low,Close,Volume,Close Time,Quote Asset Volume,Number of trades,Taker Buy Base Asset Volume,Taker Buy Quote Asset volume
1579996800000,0.03985000,0.04053000,0.03850000,0.03889000,34305760.40000000,1580083199999,1361434.57385700,6746,11766041.90000000,467419.78679900,0
