Open Time,Open,High,Low,Close,Volume,Close Time,Quote Asset Volume,Number of trades,Taker Buy Base Asset Volume,Taker Buy Quote Asset volume
1581897600000,0.04631000,0.04666000,0.04157000,0.04580000,50693844.40000000,1581983999999,2227496.25031100,8510,24181233.80000000,1062900.37805300,0
