Open Time,Open,High,Low,Close,Volume,Close Time,Quote Asset Volume,Number of trades,Taker Buy Base Asset Volume,Taker Buy Quote Asset volume
1608422400000,0.05900000,0.06030000,0.05562000,0.05643000,22961788.80000000,1608508799999,1334678.51257300,9929,11261719.70000000,655759.17817500,0
