Open Time,Open,High,Low,Close,Volume,Close Time,Quote Asset Volume,Number of trades,Taker Buy Base Asset Volume,Taker Buy Quote Asset volume
1599004800000,0.11029000,0.11609000,0.10145000,0.10744000,24363495.80000000,1599091199999,2667279.61768200,10724,11001277.50000000,1205892.13222200,0
