Open Time,Open,High,Low,Close,Volume,Close Time,Quote Asset Volume,Number of trades,Taker Buy Base Asset Volume,Taker Buy Quote Asset volume
1586649600000,0.01492000,0.01559000,0.01475000,0.01505000,30070160.50000000,1586735999999,456221.60873500,1517,17384109.60000000,265305.46273100,0
