Open Time,Open,High,Low,Close,Volume,Close Time,Quote Asset Volume,Number of trades,Taker Buy Base Asset Volume,Taker Buy Quote Asset volume
1589155200000,0.01770000,0.01810000,0.01624000,0.01697000,27820946.50000000,1589241599999,484639.00167300,2781,16993095.10000000,296939.87148900,0
