Open Time,Open,High,Low,Close,Volume,Close Time,Quote Asset Volume,Number of trades,Taker Buy Base Asset Volume,Taker Buy Quote Asset volume
1578009600000,0.03645000,0.03960000,0.03556000,0.03906000,27496334.20000000,1578095999999,1052864.81090100,6703,13283947.10000000,509336.97334500,0
