Open Time,Open,High,Low,Close,Volume,Close Time,Quote Asset Volume,Number of trades,Taker Buy Base Asset Volume,Taker Buy Quote Asset volume
1589587200000,0.01951000,0.02234000,0.01940000,0.02156000,88229435.50000000,1589673599999,1865638.06936500,8316,55552400.50000000,1169928.82333100,0
