Open Time,Open,High,Low,Close,Volume,Close Time,Quote Asset Volume,Number of trades,Taker Buy Base Asset Volume,Taker Buy Quote Asset volume
1603584000000,0.05636000,0.05760000,0.05082000,0.05110000,39395324.40000000,1603670399999,2104078.16266100,8619,22460273.80000000,1200806.37808900,0
