Open Time,Open,High,Low,Close,Volume,Close Time,Quote Asset Volume,Number of trades,Taker Buy Base Asset Volume,Taker Buy Quote Asset volume
1592179200000,0.02903000,0.02919000,0.02606000,0.02858000,34782020.90000000,1592265599999,960999.58663300,4426,19931399.60000000,553755.77672600,0
