Open Time,Open,High,Low,Close,Volume,Close Time,Quote Asset Volume,Number of trades,Taker Buy Base Asset Volume,Taker Buy Quote Asset volume
1579392000000,0.04115000,0.04115000,0.03620000,0.03771000,37177795.90000000,1579478399999,1429196.72174300,9016,15108709.30000000,580136.05469500,0
