Open Time,Open,High,Low,Close,Volume,Close Time,Quote Asset Volume,Number of trades,Taker Buy Base Asset Volume,Taker Buy Quote Asset volume
1602288000000,0.05351000,0.05625000,0.05200000,0.05217000,21746139.10000000,1602374399999,1184562.18054300,5589,13720811.00000000,749793.75483100,0
