Open Time,Open,High,Low,Close,Volume,Close Time,Quote Asset Volume,Number of trades,Taker Buy Base Asset Volume,Taker Buy Quote Asset volume
1605571200000,0.04272000,0.05139000,0.04222000,0.05092000,63463532.40000000,1605657599999,2994890.27382900,19470,35678493.80000000,1685867.96021900,0
