Open Time,Open,High,Low,Close,Volume,Close Time,Quote Asset Volume,Number of trades,Taker Buy Base Asset Volume,Taker Buy Quote Asset volume
1601337600000,0.06234000,0.07274000,0.06150000,0.07136000,36334829.70000000,1601423999999,2405626.74894600,9297,20599007.70000000,1359131.33990600,0
