Open Time,Open,High,Low,Close,Volume,Close Time,Quote Asset Volume,Number of trades,Taker Buy Base Asset Volume,Taker Buy Quote Asset volume
1593561600000,0.02765000,0.02813000,0.02732000,0.02788000,41507929.20000000,1593647999999,1150479.20174500,2378,34030162.50000000,942664.33861900,0
