Open Time,Open,High,Low,Close,Volume,Close Time,Quote Asset Volume,Number of trades,Taker Buy Base Asset Volume,Taker Buy Quote Asset volume
1604448000000,0.03718000,0.03985000,0.03678000,0.03956000,23540196.60000000,1604534399999,890310.44631200,4076,12529070.80000000,474754.25236500,0
