Open Time,Open,High,Low,Close,Volume,Close Time,Quote Asset Volume,Number of trades,Taker Buy Base Asset Volume,Taker Buy Quote Asset volume
1583539200000,0.03714000,0.03871000,0.03481000,0.03539000,48979065.70000000,1583625599999,1819864.93110800,6173,22986815.40000000,854723.81590500,0
