Open Time,Open,High,Low,Close,Volume,Close Time,Quote Asset Volume,Number of trades,Taker Buy Base Asset Volume,Taker Buy Quote Asset volume
1592870400000,0.03126000,0.03155000,0.02979000,0.03004000,355429505.90000000,1592956799999,11008051.39738600,48022,169293325.80000000,5243975.41942800,0
