Open Time,Open,High,Low,Close,Volume,Close Time,Quote Asset Volume,Number of trades,Taker Buy Base Asset Volume,Taker Buy Quote Asset volume
1596758400000,0.09700000,0.10100000,0.08870000,0.09591000,46367163.12000000,1596844799999,4428571.35671950,16017,22423310.75000000,2147295.04570600,0
