Open Time,Open,High,Low,Close,Volume,Close Time,Quote Asset Volume,Number of trades,Taker Buy Base Asset Volume,Taker Buy Quote Asset volume
1583798400000,0.02862000,0.03000000,0.02751000,0.02883000,29725489.90000000,1583884799999,854335.22023000,5777,14794885.30000000,424383.23681900,0
