Open Time,Open,High,Low,Close,Volume,Close Time,Quote Asset Volume,Number of trades,Taker Buy Base Asset Volume,Taker Buy Quote Asset volume
1605052800000,0.04572000,0.04915000,0.04406000,0.04484000,39715356.20000000,1605139199999,1852581.65195000,7435,27224703.40000000,1270880.00442200,0
