Open Time,Open,High,Low,Close,Volume,Close Time,Quote Asset Volume,Number of trades,Taker Buy Base Asset Volume,Taker Buy Quote Asset volume
1604707200000,0.04374000,0.04919000,0.03893000,0.04005000,46949319.40000000,1604793599999,2084486.50957200,10410,27288541.70000000,1219193.73599300,0
