Open Time,Open,High,Low,Close,Volume,Close Time,Quote Asset Volume,Number of trades,Taker Buy Base Asset Volume,Taker Buy Quote Asset volume
1604880000000,0.04196000,0.04305000,0.03920000,0.04225000,29658642.30000000,1604966399999,1216337.14724500,7309,16779228.10000000,689067.45556000,0
