Open Time,Open,High,Low,Close,Volume,Close Time,Quote Asset Volume,Number of trades,Taker Buy Base Asset Volume,Taker Buy Quote Asset volume
1604188800000,0.04405000,0.04576000,0.04372000,0.04523000,18396410.00000000,1604275199999,822818.11662200,3658,10575330.50000000,473307.82936800,0
