Open Time,Open,High,Low,Close,Volume,Close Time,Quote Asset Volume,Number of trades,Taker Buy Base Asset Volume,Taker Buy Quote Asset volume
1588032000000,0.02031000,0.02150000,0.01886000,0.02055000,57252685.80000000,1588118399999,1146577.95593400,5925,26924422.90000000,539821.49203700,0
