Open Time,Open,High,Low,Close,Volume,Close Time,Quote Asset Volume,Number of trades,Taker Buy Base Asset Volume,Taker Buy Quote Asset volume
1599782400000,0.08693000,0.08768000,0.07860000,0.08252000,14127262.70000000,1599868799999,1160951.45421700,6068,6504311.90000000,534837.39791700,0
