Open Time,Open,High,Low,Close,Volume,Close Time,Quote Asset Volume,Number of trades,Taker Buy Base Asset Volume,Taker Buy Quote Asset volume
1581465600000,0.05122000,0.05518000,0.05019000,0.05301000,55931590.80000000,1581551999999,2965496.10751600,11246,29729311.60000000,1577803.14268600,0
