Open Time,Open,High,Low,Close,Volume,Close Time,Quote Asset Volume,Number of trades,Taker Buy Base Asset Volume,Taker Buy Quote Asset volume
1594252800000,0.03650000,0.03652000,0.03268000,0.03538000,52507333.50000000,1594339199999,1821998.84210600,10421,26186343.50000000,909382.05450800,0
