Open Time,Open,High,Low,Close,Volume,Close Time,Quote Asset Volume,Number of trades,Taker Buy Base Asset Volume,Taker Buy Quote Asset volume
1600646400000,0.06626000,0.06990000,0.05751000,0.05752000,36223684.60000000,1600732799999,2336918.18314100,8740,19940977.30000000,1299532.86805400,0
