Open Time,Open,High,Low,Close,Volume,Close Time,Quote Asset Volume,Number of trades,Taker Buy Base Asset Volume,Taker Buy Quote Asset volume
1607558400000,0.04855000,0.05300000,0.04622000,0.05014000,25235534.20000000,1607644799999,1236337.65888800,9267,15046500.60000000,736788.05918700,0
