Open Time,Open,High,Low,Close,Volume,Close Time,Quote Asset Volume,Number of trades,Taker Buy Base Asset Volume,Taker Buy Quote Asset volume
1596672000000,0.08762000,0.09816000,0.08580000,0.09700000,45937834.91000000,1596758399999,4190853.85484400,17133,22997608.91000000,2098955.45043500,0
