Open Time,Open,High,Low,Close,Volume,Close Time,Quote Asset Volume,Number of trades,Taker Buy Base Asset Volume,Taker Buy Quote Asset volume
1582675200000,0.03755000,0.03809000,0.03064000,0.03268000,52582920.70000000,1582761599999,1798023.38987200,8839,25533949.70000000,873557.16512500,0
