Open Time,Open,High,Low,Close,Volume,Close Time,Quote Asset Volume,Number of trades,Taker Buy Base Asset Volume,Taker Buy Quote Asset volume
1588118400000,0.02055000,0.02103000,0.01969000,0.02094000,57017190.40000000,1588204799999,1160777.29747400,5989,29269997.10000000,597159.58109800,0
