Open Time,Open,High,Low,Close,Volume,Close Time,Quote Asset Volume,Number of trades,Taker Buy Base Asset Volume,Taker Buy Quote Asset volume
1595635200000,0.04929000,0.05655000,0.04912000,0.05028000,54687687.70000000,1595721599999,2907463.37052900,16110,27381379.40000000,1458702.64038500,0
