Open Time,Open,High,Low,Close,Volume,Close Time,Quote Asset Volume,Number of trades,Taker Buy Base Asset Volume,Taker Buy Quote Asset volume
1589500800000,0.01948000,0.02081000,0.01901000,0.01950000,70563592.30000000,1589587199999,1406626.47329700,6241,46796278.90000000,932486.19008600,0
