Open Time,Open,High,Low,Close,Volume,Close Time,Quote Asset Volume,Number of trades,Taker Buy Base Asset Volume,Taker Buy Quote Asset volume
1606262400000,0.06237000,0.06833000,0.05700000,0.05959000,52527229.30000000,1606348799999,3359153.29911100,23801,26705648.30000000,1715288.57200200,0
