Open Time,Open,High,Low,Close,Volume,Close Time,Quote Asset Volume,Number of trades,Taker Buy Base Asset Volume,Taker Buy Quote Asset volume
1585440000000,0.01357000,0.01374000,0.01250000,0.01250000,54464918.30000000,1585526399999,724068.77583800,2648,37921720.00000000,506862.61276600,0
