Open Time,Open,High,Low,Close,Volume,Close Time,Quote Asset Volume,Number of trades,Taker Buy Base Asset Volume,Taker Buy Quote Asset volume
1588723200000,0.01959000,0.01988000,0.01840000,0.01852000,23310354.60000000,1588809599999,451396.97833400,2290,11482940.90000000,222903.20016800,0
