Open Time,Open,High,Low,Close,Volume,Close Time,Quote Asset Volume,Number of trades,Taker Buy Base Asset Volume,Taker Buy Quote Asset volume
1602720000000,0.05191000,0.05198000,0.04850000,0.05039000,22648498.80000000,1602806399999,1143971.00107800,4212,16313092.90000000,824296.77489700,0
