Open Time,Open,High,Low,Close,Volume,Close Time,Quote Asset Volume,Number of trades,Taker Buy Base Asset Volume,Taker Buy Quote Asset volume
1595203200000,0.05410000,0.05925000,0.05190000,0.05560000,55886109.10000000,1595289599999,3146903.65684200,14226,28405984.60000000,1602598.81583900,0
