Open Time,Open,High,Low,Close,Volume,Close Time,Quote Asset Volume,Number of trades,Taker Buy Base Asset Volume,Taker Buy Quote Asset volume
1603065600000,0.04874000,0.05200000,0.04653000,0.05006000,31886709.00000000,1603151999999,1554157.18545200,5417,22159129.40000000,1081568.90382800,0
