Open Time,Open,High,Low,Close,Volume,Close Time,Quote Asset Volume,Number of trades,Taker Buy Base Asset Volume,Taker Buy Quote Asset volume
1606867200000,0.04881000,0.05390000,0.04815000,0.05272000,26186867.90000000,1606953599999,1342419.68266300,9303,15271171.30000000,782430.18492200,0
