Open Time,Open,High,Low,Close,Volume,Close Time,Quote Asset Volume,Number of trades,Taker Buy Base Asset Volume,Taker Buy Quote Asset volume
1582934400000,0.03242000,0.03473000,0.03186000,0.03215000,39906722.90000000,1583020799999,1312603.02666800,7310,12680708.80000000,417165.68527200,0
