Open Time,Open,High,Low,Close,Volume,Close Time,Quote Asset Volume,Number of trades,Taker Buy Base Asset Volume,Taker Buy Quote Asset volume
1593475200000,0.02725000,0.02813000,0.02634000,0.02772000,44787715.60000000,1593561599999,1221102.34406800,2946,35060922.50000000,957759.75670600,0
