Open Time,Open,High,Low,Close,Volume,Close Time,Quote Asset Volume,Number of trades,Taker Buy Base Asset Volume,Taker Buy Quote Asset volume
1601942400000,0.05178000,0.05191000,0.04392000,0.04407000,27866836.20000000,1602028799999,1332734.99478800,6641,13510514.40000000,652718.01211600,0
