Open Time,Open,High,Low,Close,Volume,Close Time,Quote Asset Volume,Number of trades,Taker Buy Base Asset Volume,Taker Buy Quote Asset volume
1594944000000,0.05204000,0.05441000,0.04929000,0.05088000,50492554.70000000,1595030399999,2606482.43669000,11855,24933935.80000000,1288790.52565000,0
