Open Time,Open,High,Low,Close,Volume,Close Time,Quote Asset Volume,Number of trades,Taker Buy Base Asset Volume,Taker Buy Quote Asset volume
1595548800000,0.05310000,0.05310000,0.04850000,0.04941000,37199953.90000000,1595635199999,1872932.40657700,9422,17916626.80000000,903060.76274000,0
