Open Time,Open,High,Low,Close,Volume,Close Time,Quote Asset Volume,Number of trades,Taker Buy Base Asset Volume,Taker Buy Quote Asset volume
1584230400000,0.01120000,0.01300000,0.01085000,0.01147000,38636324.10000000,1584316799999,452660.25214000,2837,20473680.60000000,236825.38661700,0
