Open Time,Open,High,Low,Close,Volume,Close Time,Quote Asset Volume,Number of trades,Taker Buy Base Asset Volume,Taker Buy Quote Asset volume
1600905600000,0.04737000,0.05907000,0.04639000,0.05764000,32154884.60000000,1600991999999,1662213.96277200,8407,16076857.60000000,837816.87868000,0
