Open Time,Open,High,Low,Close,Volume,Close Time,Quote Asset Volume,Number of trades,Taker Buy Base Asset Volume,Taker Buy Quote Asset volume
1603497600000,0.05318000,0.05770000,0.05152000,0.05642000,31180127.90000000,1603583999999,1692148.14660700,7673,20400599.60000000,1107692.58039200,0
