Open Time,Open,High,Low,Close,Volume,Close Time,Quote Asset Volume,Number of trades,Taker Buy Base Asset Volume,Taker Buy Quote Asset volume
1580428800000,0.03837000,0.03898000,0.03751000,0.03890000,35769624.90000000,1580515199999,1370955.33194900,7195,11166756.90000000,427941.48750800,0
