Open Time,Open,High,Low,Close,Volume,Close Time,Quote Asset Volume,Number of trades,Taker Buy Base Asset Volume,Taker Buy Quote Asset volume
1601856000000,0.05236000,0.05415000,0.05056000,0.05177000,30342626.80000000,1601942399999,1577990.21675800,4635,19994567.00000000,1040619.99201200,0
