Open Time,Open,High,Low,Close,Volume,Close Time,Quote Asset Volume,Number of trades,Taker Buy Base Asset Volume,Taker Buy Quote Asset volume
1593907200000,0.02968000,0.03029000,0.02782000,0.02799000,39659260.30000000,1593993599999,1154339.30976400,4079,26789896.70000000,782405.52883200,0
