Open Time,Open,High,Low,Close,Volume,Close Time,Quote Asset Volume,Number of trades,Taker Buy Base Asset Volume,Taker Buy Quote Asset volume
1590710400000,0.02211000,0.02329000,0.02183000,0.02271000,47400690.30000000,1590796799999,1067631.21072100,4158,31354637.00000000,707337.89304500,0
