Open Time,Open,High,Low,Close,Volume,Close Time,Quote Asset Volume,Number of trades,Taker Buy Base Asset Volume,Taker Buy Quote Asset volume
1590969600000,0.02214000,0.02452000,0.02214000,0.02372000,34282841.60000000,1591055999999,805311.77160400,4865,18206813.40000000,426461.70602200,0
