Open Time,Open,High,Low,Close,Volume,Close Time,Quote Asset Volume,Number of trades,Taker Buy Base Asset Volume,Taker Buy Quote Asset volume
1586822400000,0.01493000,0.01534000,0.01470000,0.01500000,33895856.90000000,1586908799999,509920.36996500,1413,26331366.40000000,396260.13476500,0
