Open Time,Open,High,Low,Close,Volume,Close Time,Quote Asset Volume,Number of trades,Taker Buy Base Asset Volume,Taker Buy Quote Asset volume
1585094400000,0.01368000,0.01447000,0.01313000,0.01430000,48952537.80000000,1585180799999,671255.42538500,2868,33587250.20000000,460566.62583100,0
