Open Time,Open,High,Low,Close,Volume,Close Time,Quote Asset Volume,Number of trades,Taker Buy Base Asset Volume,Taker Buy Quote Asset volume
1578614400000,0.03749000,0.03750000,0.03588000,0.03619000,14366760.40000000,1578700799999,523532.85251700,3469,6410250.50000000,233678.67868600,0
