Open Time,Open,High,Low,Close,Volume,Close Time,Quote Asset Volume,Number of trades,Taker Buy Base Asset Volume,Taker Buy Quote Asset volume
1590105600000,0.01910000,0.02093000,0.01896000,0.02034000,68779500.50000000,1590191999999,1380516.04021400,3885,49806814.30000000,1000002.62919300,0
