Open Time,Open,High,Low,Close,Volume,Close Time,Quote Asset Volume,Number of trades,Taker Buy Base Asset Volume,Taker Buy Quote Asset volume
1594857600000,0.04871000,0.05500000,0.04652000,0.05205000,93178508.30000000,1594943999999,4765961.00124200,24227,45007447.50000000,2303796.86648700,0
