Open Time,Open,High,Low,Close,Volume,Close Time,Quote Asset Volume,Number of trades,Taker Buy Base Asset Volume,Taker Buy Quote Asset volume
1608595200000,0.05296000,0.05562000,0.04909000,0.05391000,23102277.60000000,1608681599999,1218895.21184300,9175,10520449.60000000,555761.56223000,0
