Open Time,Open,High,Low,Close,Volume,Close Time,Quote Asset Volume,Number of trades,Taker Buy Base Asset Volume,Taker Buy Quote Asset volume
1600300800000,0.06959000,0.07098000,0.06530000,0.06896000,31014730.10000000,1600387199999,2097269.42084700,5054,14947007.00000000,1014961.79425300,0
