Open Time,Open,High,Low,Close,Volume,Close Time,Quote Asset Volume,Number of trades,Taker Buy Base Asset Volume,Taker Buy Quote Asset volume
1604793600000,0.04005000,0.04448000,0.03955000,0.04196000,30190063.70000000,1604879999999,1273037.93757500,5872,17279048.90000000,727384.07285100,0
