Open Time,Open,High,Low,Close,Volume,Close Time,Quote Asset Volume,Number of trades,Taker Buy Base Asset Volume,Taker Buy Quote Asset volume
1600473600000,0.06577000,0.07075000,0.06528000,0.06784000,23235708.30000000,1600559999999,1568521.86921300,4979,13522490.70000000,914663.12843200,0
