Open Time,Open,High,Low,Close,Volume,Close Time,Quote Asset Volume,Number of trades,Taker Buy Base Asset Volume,Taker Buy Quote Asset volume
1587427200000,0.01438000,0.01468000,0.01413000,0.01441000,31829699.20000000,1587513599999,459254.87676300,1208,15921343.40000000,229881.36414800,0
