Open Time,Open,High,Low,Close,Volume,Close Time,Quote Asset Volume,Number of trades,Taker Buy Base Asset Volume,Taker Buy Quote Asset volume
1591574400000,0.02744000,0.02975000,0.02707000,0.02709000,46151345.60000000,1591660799999,1291522.30836900,4820,28789138.10000000,803833.91062300,0
