Open Time,Open,High,Low,Close,Volume,Close Time,Quote Asset Volume,Number of trades,Taker Buy Base Asset Volume,Taker Buy Quote Asset volume
1578355200000,0.03951000,0.03957000,0.03713000,0.03720000,37420845.90000000,1578441599999,1426205.78018300,8014,16834324.20000000,641740.67050500,0
