Open Time,Open,High,Low,Close,Volume,Close Time,Quote Asset Volume,Number of trades,Taker Buy Base Asset Volume,Taker Buy Quote Asset volume
1599436800000,0.08393000,0.08520000,0.06842000,0.08422000,37620657.50000000,1599523199999,2908214.77868200,10846,18780238.00000000,1451446.00788900,0
