Open Time,Open,High,Low,Close,Volume,Close Time,Quote Asset Volume,Number of trades,Taker Buy Base Asset Volume,Taker Buy Quote Asset volume
1590624000000,0.02287000,0.02300000,0.02102000,0.02211000,45284088.20000000,1590710399999,995343.15681300,4358,25482296.40000000,561761.39311000,0
