Open Time,Open,High,Low,Close,Volume,Close Time,Quote Asset Volume,Number of trades,Taker Buy Base Asset Volume,Taker Buy Quote Asset volume
1606953600000,0.05277000,0.05847000,0.05249000,0.05524000,29794004.00000000,1607039999999,1641576.68644700,10931,14957582.60000000,824434.12014100,0
