Open Time,Open,High,Low,Close,Volume,Close Time,Quote Asset Volume,Number of trades,Taker Buy Base Asset Volume,Taker Buy Quote Asset volume
1582761600000,0.03254000,0.03498000,0.03067000,0.03278000,40552460.40000000,1582847999999,1357403.02834100,7529,19116670.50000000,638110.17187400,0
