Open Time,Open,High,Low,Close,Volume,Close Time,Quote Asset Volume,Number of trades,Taker Buy Base Asset Volume,Taker Buy Quote Asset volume
1584748800000,0.01315000,0.01394000,0.01216000,0.01353000,64081286.10000000,1584835199999,836622.05049400,4089,43955936.50000000,575005.17098200,0
