Open Time,Open,High,Low,Close,Volume,Close Time,Quote Asset Volume,Number of trades,Taker Buy Base Asset Volume,Taker Buy Quote Asset volume
1594598400000,0.04314000,0.04950000,0.04085000,0.04705000,124361042.50000000,1594684799999,5625799.99681200,28789,59070550.10000000,2673388.58952700,0
