Open Time,Open,High,Low,Close,Volume,Close Time,Quote Asset Volume,Number of trades,Taker Buy Base Asset Volume,Taker Buy Quote Asset volume
1579564800000,0.03740000,0.03900000,0.03713000,0.03802000,35310804.20000000,1579651199999,1344147.16370000,7200,14990992.80000000,570013.30386300,0
