Open Time,Open,High,Low,Close,Volume,Close Time,Quote Asset Volume,Number of trades,Taker Buy Base Asset Volume,Taker Buy Quote Asset volume
1601164800000,0.05883000,0.06078000,0.05416000,0.05924000,21864298.10000000,1601251199999,1272885.93779600,4860,12862023.90000000,753428.43241100,0
