Open Time,Open,High,Low,Close,Volume,Close Time,Quote Asset Volume,Number of trades,Taker Buy Base Asset Volume,Taker Buy Quote Asset volume
1594166400000,0.03208000,0.03690000,0.03046000,0.03650000,66564379.30000000,1594252799999,2246695.99996000,12799,35781324.20000000,1213020.53312800,0
