Open Time,Open,High,Low,Close,Volume,Close Time,Quote Asset Volume,Number of trades,Taker Buy Base Asset Volume,Taker Buy Quote Asset volume
1593216000000,0.02745000,0.02807000,0.02510000,0.02621000,19558868.40000000,1593302399999,523217.97011800,3462,9076138.10000000,242367.53956900,0
