Open Time,Open,High,Low,Close,Volume,Close Time,Quote Asset Volume,Number of trades,Taker Buy Base Asset Volume,Taker Buy Quote Asset volume
1602115200000,0.04642000,0.05319000,0.04320000,0.05109000,33842530.40000000,1602201599999,1578456.71744200,8032,21834082.30000000,1018508.15817200,0
