Open Time,Open,High,Low,Close,Volume,Close Time,Quote Asset Volume,Number of trades,Taker Buy Base Asset Volume,Taker Buy Quote Asset volume
1584403200000,0.00990000,0.01195000,0.00964000,0.01088000,99596788.50000000,1584489599999,1083157.91392500,8865,44239671.60000000,481326.95460100,0
