Open Time,Open,High,Low,Close,Volume,Close Time,Quote Asset Volume,Number of trades,Taker Buy Base Asset Volume,Taker Buy Quote Asset volume
1608076800000,0.05203000,0.05755000,0.05122000,0.05589000,33221404.90000000,1608163199999,1807805.52031300,10372,19172519.20000000,1042453.20670800,0
