Open Time,Open,High,Low,Close,Volume,Close Time,Quote Asset Volume,Number of trades,Taker Buy Base Asset Volume,Taker Buy Quote Asset volume
1596585600000,0.07717000,0.08800000,0.07534000,0.08762000,50850557.85000000,1596671999999,4126219.60491680,17321,26201867.09000000,2128086.57869900,0
