Open Time,Open,High,Low,Close,Volume,Close Time,Quote Asset Volume,Number of trades,Taker Buy Base Asset Volume,Taker Buy Quote Asset volume
1589068800000,0.01873000,0.01874000,0.01547000,0.01768000,40638622.40000000,1589155199999,698680.42953900,4037,20741373.20000000,357231.95543200,0
