Open Time,Open,High,Low,Close,Volume,Close Time,Quote Asset Volume,Number of trades,Taker Buy Base Asset Volume,Taker Buy Quote Asset volume
1591833600000,0.02911000,0.03120000,0.02500000,0.02621000,61499203.50000000,1591919999999,1781145.51240700,9473,30725847.10000000,892578.05638100,0
