Open Time,Open,High,Low,Close,Volume,Close Time,Quote Asset Volume,Number of trades,Taker Buy Base Asset Volume,Taker Buy Quote Asset volume
1584921600000,0.01183000,0.01354000,0.01150000,0.01348000,69875083.10000000,1585007999999,873705.01190500,2895,51213012.90000000,639657.14272600,0
