Open Time,Open,High,Low,Close,Volume,Close Time,Quote Asset Volume,Number of trades,Taker Buy Base Asset Volume,Taker Buy Quote Asset volume
1590192000000,0.02041000,0.02091000,0.01962000,0.02003000,73797629.10000000,1590278399999,1499186.76382500,3178,58204909.50000000,1186160.04892200,0
