Open Time,Open,High,Low,Close,Volume,Close Time,Quote Asset Volume,Number of trades,Taker Buy Base Asset Volume,Taker Buy Quote Asset volume
1599609600000,0.07495000,0.08171000,0.07200000,0.07683000,20620180.50000000,1599695999999,1582303.41311000,6815,9895795.70000000,759265.21574300,0
