Open Time,Open,High,Low,Close,Volume,Close Time,Quote Asset Volume,Number of trades,Taker Buy Base Asset Volume,Taker Buy Quote Asset volume
1590883200000,0.02239000,0.02446000,0.02150000,0.02233000,78604478.80000000,1590969599999,1811308.80728400,9189,42028990.00000000,969713.53776200,0
