Open Time,Open,High,Low,Close,Volume,Close Time,Quote Asset Volume,Number of trades,Taker Buy Base Asset Volume,Taker Buy Quote Asset volume
1596067200000,0.06880000,0.07849000,0.06727000,0.07629000,53048372.50000000,1596153599999,3954110.94300800,16652,27706083.50000000,2065279.42255400,0
