Open Time,Open,High,Low,Close,Volume,Close Time,Quote Asset Volume,Number of trades,Taker Buy Base Asset Volume,Taker Buy Quote Asset volume
1607126400000,0.05028000,0.05390000,0.04916000,0.05347000,20515210.30000000,1607212799999,1059909.45068100,6326,12345892.10000000,639640.31583100,0
