Open Time,Open,High,Low,Close,Volume,Close Time,Quote Asset Volume,Number of trades,Taker Buy Base Asset Volume,Taker Buy Quote Asset volume
1597795200000,0.15140000,0.15350000,0.12220000,0.12791000,75689048.70000000,1597881599999,10603094.07358700,31264,34785162.30000000,4878483.10221600,0
