Open Time,Open,High,Low,Close,Volume,Close Time,Quote Asset Volume,Number of trades,Taker Buy Base Asset Volume,Taker Buy Quote Asset volume
1587168000000,0.01501000,0.01558000,0.01501000,0.01544000,33356911.30000000,1587254399999,506717.27564500,1308,20438109.90000000,311052.85149000,0
