Open Time,Open,High,Low,Close,Volume,Close Time,Quote Asset Volume,Number of trades,Taker Buy Base Asset Volume,Taker Buy Quote Asset volume
1603324800000,0.04564000,0.05100000,0.04558000,0.04901000,33790561.90000000,1603411199999,1657680.62880300,7194,20170063.10000000,986479.99971100,0
