Open Time,Open,High,Low,Close,Volume,Close Time,Quote Asset Volume,Number of trades,Taker Buy Base Asset Volume,Taker Buy Quote Asset volume
1601596800000,0.06169000,0.06170000,0.05263000,0.05477000,36925723.70000000,1601683199999,2074609.19637100,11006,16552598.40000000,933218.26034800,0
