Open Time,Open,High,Low,Close,Volume,Close Time,Quote Asset Volume,Number of trades,Taker Buy Base Asset Volume,Taker Buy Quote Asset volume
1603756800000,0.04782000,0.04859000,0.04556000,0.04683000,27875526.00000000,1603843199999,1307629.64745200,7342,15860499.90000000,744367.47905400,0
