Open Time,Open,High,Low,Close,Volume,Close Time,Quote Asset Volume,Number of trades,Taker Buy Base Asset Volume,Taker Buy Quote Asset volume
1581638400000,0.05440000,0.05506000,0.05050000,0.05425000,47269405.10000000,1581724799999,2530377.47090000,8259,22765234.00000000,1219041.91451400,0
