Open Time,Open,High,Low,Close,Volume,Close Time,Quote Asset Volume,Number of trades,Taker Buy Base Asset Volume,Taker Buy Quote Asset volume
1597968000000,0.11808000,0.12900000,0.10495000,0.10529000,79674889.00000000,1598054399999,9253756.87667600,29556,36958183.20000000,4309205.20566200,0
