Open Time,Open,High,Low,Close,Volume,Close Time,Quote Asset Volume,Number of trades,Taker Buy Base Asset Volume,Taker Buy Quote Asset volume
1583107200000,0.03234000,0.03535000,0.03209000,0.03483000,37538705.10000000,1583193599999,1267200.73531500,7793,13348703.60000000,450578.84295400,0
