Open Time,Open,High,Low,Close,Volume,Close Time,Quote Asset Volume,Number of trades,Taker Buy Base Asset Volume,Taker Buy Quote Asset volume
1598400000000,0.11393000,0.12500000,0.11046000,0.11347000,53309975.90000000,1598486399999,6229964.85059200,18016,25987914.80000000,3040896.72128500,0
