Open Time,Open,High,Low,Close,Volume,Close Time,Quote Asset Volume,Number of trades,Taker Buy Base Asset Volume,Taker Buy Quote Asset volume
1581984000000,0.04586000,0.04823000,0.04445000,0.04787000,45970733.70000000,1582070399999,2139365.12774200,8331,23068313.70000000,1073972.59018000,0
