Open Time,Open,High,Low,Close,Volume,Close Time,Quote Asset Volume,Number of trades,Taker Buy Base Asset Volume,Taker Buy Quote Asset volume
1584835200000,0.01344000,0.01390000,0.01160000,0.01187000,73169229.50000000,1584921599999,953470.31104900,3836,55211185.40000000,721714.09068800,0
