Open Time,Open,High,Low,Close,Volume,Close Time,Quote Asset Volume,Number of trades,Taker Buy Base Asset Volume,Taker Buy Quote Asset volume
1583020800000,0.03217000,0.03344000,0.03171000,0.03232000,38583440.70000000,1583107199999,1256586.87286300,7923,12317309.30000000,400780.14325100,0
