Open Time,Open,High,Low,Close,Volume,Close Time,Quote Asset Volume,Number of trades,Taker Buy Base Asset Volume,Taker Buy Quote Asset volume
1600819200000,0.05520000,0.05744000,0.04713000,0.04735000,24776736.20000000,1600905599999,1313175.69430000,6851,12662612.90000000,675993.34398600,0
