Open Time,Open,High,Low,Close,Volume,Close Time,Quote Asset Volume,Number of trades,Taker Buy Base Asset Volume,Taker Buy Quote Asset volume
1606089600000,0.05420000,0.06410000,0.05290000,0.06314000,60902526.30000000,1606175999999,3583041.96364100,23741,34059347.60000000,2000245.98895600,0
