Open Time,Open,High,Low,Close,Volume,Close Time,Quote Asset Volume,Number of trades,Taker Buy Base Asset Volume,Taker Buy Quote Asset volume
1606521600000,0.04936000,0.05215000,0.04753000,0.05209000,30544063.20000000,1606607999999,1535284.68400900,10277,17649637.30000000,887600.47865500,0
