Open Time,Open,High,Low,Close,Volume,Close Time,Quote Asset Volume,Number of trades,Taker Buy Base Asset Volume,Taker Buy Quote Asset volume
1596931200000,0.09246000,0.09505000,0.08700000,0.09382000,35141799.40000000,1597017599999,3205204.92720000,12013,16350897.80000000,1494319.17094900,0
