Open Time,Open,High,Low,Close,Volume,Close Time,Quote Asset Volume,Number of trades,Taker Buy Base Asset Volume,Taker Buy Quote Asset volume
1586995200000,0.01407000,0.01520000,0.01352000,0.01491000,30590456.00000000,1587081599999,445666.96366200,1853,20118329.80000000,295157.57445600,0
