Open Time,Open,High,Low,Close,Volume,Close Time,Quote Asset Volume,Number of trades,Taker Buy Base Asset Volume,Taker Buy Quote Asset volume
1581033600000,0.04697000,0.04944000,0.04558000,0.04669000,52065289.90000000,1581119999999,2455531.71338900,9505,25397896.70000000,1199462.80751700,0
