Open Time,Open,High,Low,Close,Volume,Close Time,Quote Asset Volume,Number of trades,Taker Buy Base Asset Volume,Taker Buy Quote Asset volume
1580515200000,0.03890000,0.03945000,0.03790000,0.03862000,34464424.50000000,1580601599999,1333806.73674600,5669,11612729.50000000,449861.95343800,0
