Open Time,Open,High,Low,Close,Volume,Close Time,Quote Asset Volume,Number of trades,Taker Buy Base Asset Volume,Taker Buy Quote Asset volume
1583971200000,0.02842000,0.02850000,0.00958000,0.01071000,158404968.85000000,1584057599999,2798199.06413700,19131,72184561.20000000,1273089.88090400,0
