Open Time,Open,High,Low,Close,Volume,Close Time,Quote Asset Volume,Number of trades,Taker Buy Base Asset Volume,Taker Buy Quote Asset volume
1581379200000,0.04853000,0.05198000,0.04676000,0.05124000,54829189.40000000,1581465599999,2736542.32257000,10667,27982615.10000000,1397192.17007200,0
