Open Time,Open,High,Low,Close,Volume,Close Time,Quote Asset Volume,Number of trades,Taker Buy Base Asset Volume,Taker Buy Quote Asset volume
1599350400000,0.07426000,0.08445000,0.06793000,0.08408000,24631650.60000000,1599436799999,1919446.98004200,8803,12045011.40000000,941894.07778300,0
