Open Time,Open,High,Low,Close,Volume,Close Time,Quote Asset Volume,Number of trades,Taker Buy Base Asset Volume,Taker Buy Quote Asset volume
1605312000000,0.04615000,0.04640000,0.04231000,0.04454000,41096441.90000000,1605398399999,1810916.50309200,7381,23855640.40000000,1055200.68995000,0
