Open Time,Open,High,Low,Close,Volume,Close Time,Quote Asset Volume,Number of trades,Taker Buy Base Asset Volume,Taker Buy Quote Asset volume
1594425600000,0.03493000,0.03909000,0.03420000,0.03830000,54714767.70000000,1594511999999,2006180.88299100,13075,31119025.30000000,1138514.90691500,0
