Open Time,Open,High,Low,Close,Volume,Close Time,Quote Asset Volume,Number of trades,Taker Buy Base Asset Volume,Taker Buy Quote Asset volume
1608249600000,0.05700000,0.06282000,0.05550000,0.05995000,28261064.10000000,1608335999999,1674206.36368800,11392,15600470.80000000,922475.69733000,0
