Open Time,Open,High,Low,Close,Volume,Close Time,Quote Asset Volume,Number of trades,Taker Buy Base Asset Volume,Taker Buy Quote Asset volume
1596844800000,0.09584000,0.09821000,0.09100000,0.09248000,33192274.90000000,1596931199999,3121221.42401300,10875,14919516.90000000,1405170.67980800,0
