Open Time,Open,High,Low,Close,Volume,Close Time,Quote Asset Volume,Number of trades,Taker Buy Base Asset Volume,Taker Buy Quote Asset volume
1605657600000,0.05086000,0.05245000,0.04323000,0.04639000,59084928.60000000,1605743999999,2757424.35492400,18643,26557541.90000000,1240422.30035000,0
