Open Time,Open,High,Low,Close,Volume,Close Time,Quote Asset Volume,Number of trades,Taker Buy Base Asset Volume,Taker Buy Quote Asset volume
1586390400000,0.01606000,0.01749000,0.01566000,0.01670000,54838321.60000000,1586476799999,896988.16472400,4256,34655889.60000000,565113.97652900,0
