Open Time,Open,High,Low,Close,Volume,Close Time,Quote Asset Volume,Number of trades,Taker Buy Base Asset Volume,Taker Buy Quote Asset volume
1586563200000,0.01487000,0.01548000,0.01446000,0.01492000,35032408.90000000,1586649599999,525506.08999000,1410,16352130.20000000,245087.87173700,0
