Open Time,Open,High,Low,Close,Volume,Close Time,Quote Asset Volume,Number of trades,Taker Buy Base Asset Volume,Taker Buy Quote Asset volume
1600387200000,0.06896000,0.06934000,0.06435000,0.06569000,27611341.30000000,1600473599999,1839851.92814300,4776,13137790.00000000,879851.19504800,0
