Open Time,Open,High,Low,Close,Volume,Close Time,Quote Asset Volume,Number of trades,Taker Buy Base Asset Volume,Taker Buy Quote Asset volume
1584489600000,0.01088000,0.01109000,0.00987000,0.01092000,77820189.30000000,1584575999999,825746.06067400,6726,37369281.40000000,396742.35214000,0
