Open Time,Open,High,Low,Close,Volume,Close Time,Quote Asset Volume,Number of trades,Taker Buy Base Asset Volume,Taker Buy Quote Asset volume
1609113600000,0.05321000,0.05800000,0.05297000,0.05469000,21424539.10000000,1609199999999,1189010.13798600,9462,12126240.40000000,674652.24305600,0
