Open Time,Open,High,Low,Close,Volume,Close Time,Quote Asset Volume,Number of trades,Taker Buy Base Asset Volume,Taker Buy Quote Asset volume
1594771200000,0.04590000,0.04892000,0.04361000,0.04875000,50603253.60000000,1594857599999,2311558.73216500,12970,25091159.40000000,1148364.95885300,0
