Open Time,Open,High,Low,Close,Volume,Close Time,Quote Asset Volume,Number of trades,Taker Buy Base Asset Volume,Taker Buy Quote Asset volume
1590278400000,0.01996000,0.02100000,0.01889000,0.01999000,75714480.80000000,1590364799999,1524194.12059600,5667,45399284.40000000,914768.32490500,0
