Open Time,Open,High,Low,Close,Volume,Close Time,Quote Asset Volume,Number of trades,Taker Buy Base Asset Volume,Taker Buy Quote Asset volume
1596326400000,0.07495000,0.07697000,0.06476000,0.07163000,36539729.20000000,1596412799999,2615015.71444500,11088,17008913.70000000,1217047.33196100,0
