Open Time,Open,High,Low,Close,Volume,Close Time,Quote Asset Volume,Number of trades,Taker Buy Base Asset Volume,Taker Buy Quote Asset volume
1591315200000,0.02449000,0.02488000,0.02396000,0.02481000,33313272.40000000,1591401599999,812306.33160600,2033,24461452.20000000,597427.69035800,0
