Open Time,Open,High,Low,Close,Volume,Close Time,Quote Asset Volume,Number of trades,Taker Buy Base Asset Volume,Taker Buy Quote Asset volume
1606694400000,0.04991000,0.05181000,0.04860000,0.05069000,26578302.30000000,1606780799999,1342975.85240100,9376,12908450.70000000,653357.39124700,0
