Open Time,Open,High,Low,Close,Volume,Close Time,Quote Asset Volume,Number of trades,Taker Buy Base Asset Volume,Taker Buy Quote Asset volume
1593129600000,0.02803000,0.02845000,0.02695000,0.02742000,15819810.80000000,1593215999999,437507.66345800,2909,7635367.50000000,211200.64503000,0
