Open Time,Open,High,Low,Close,Volume,Close Time,Quote Asset Volume,Number of trades,Taker Buy Base Asset Volume,Taker Buy Quote Asset volume
1592006400000,0.02748000,0.02981000,0.02659000,0.02961000,36565943.40000000,1592092799999,1043334.56528800,4350,22688898.50000000,647888.48370100,0
