Open Time,Open,High,Low,Close,Volume,Close Time,Quote Asset Volume,Number of trades,Taker Buy Base Asset Volume,Taker Buy Quote Asset volume
1579305600000,0.04220000,0.04232000,0.04062000,0.04109000,36008780.00000000,1579391999999,1482481.24755800,7684,18436546.60000000,759273.42146100,0
