Open Time,Open,High,Low,Close,Volume,Close Time,Quote Asset Volume,Number of trades,Taker Buy Base Asset Volume,Taker Buy Quote Asset volume
1587081600000,0.01491000,0.01523000,0.01469000,0.01502000,35452698.50000000,1587167999999,528702.31515200,1229,20773198.50000000,310104.45323800,0
