Open Time,Open,High,Low,Close,Volume,Close Time,Quote Asset Volume,Number of trades,Taker Buy Base Asset Volume,Taker Buy Quote Asset volume
1582502400000,0.04338000,0.04394000,0.03975000,0.04061000,45735723.70000000,1582588799999,1898788.49691500,8150,23660316.70000000,983909.02032700,0
