Open Time,Open,High,Low,Close,Volume,Close Time,Quote Asset Volume,Number of trades,Taker Buy Base Asset Volume,Taker Buy Quote Asset volume
1593648000000,0.02788000,0.02989000,0.02710000,0.02895000,48758278.10000000,1593734399999,1384577.88415100,6334,34210584.40000000,970800.69587700,0
