Open Time,Open,High,Low,Close,Volume,Close Time,Quote Asset Volume,Number of trades,Taker Buy Base Asset Volume,Taker Buy Quote Asset volume
1586736000000,0.01504000,0.01516000,0.01430000,0.01491000,26898494.50000000,1586822399999,395435.44094100,1573,15197074.90000000,223879.40485200,0
