Open Time,Open,High,Low,Close,Volume,Close Time,Quote Asset Volume,Number of trades,Taker Buy Base Asset Volume,Taker Buy Quote Asset volume
1588636800000,0.01895000,0.02018000,0.01824000,0.01959000,31153949.20000000,1588723199999,595405.66949600,2833,17446537.70000000,334108.69866300,0
