Open Time,Open,High,Low,Close,Volume,Close Time,Quote Asset Volume,Number of trades,Taker Buy Base Asset Volume,Taker Buy Quote Asset volume
1598140800000,0.12913000,0.13318000,0.11067000,0.11671000,48356193.70000000,1598227199999,5775827.60011900,18646,21702479.90000000,2589997.82695200,0
