Open Time,Open,High,Low,Close,Volume,Close Time,Quote Asset Volume,Number of trades,Taker Buy Base Asset Volume,Taker Buy Quote Asset volume
1581292800000,0.04945000,0.04951000,0.04474000,0.04853000,50727997.30000000,1581379199999,2390779.38002200,9370,23668769.50000000,1116732.13659100,0
