Open Time,Open,High,Low,Close,Volume,Close Time,Quote Asset Volume,Number of trades,Taker Buy Base Asset Volume,Taker Buy Quote Asset volume
1588291200000,0.02004000,0.02169000,0.02004000,0.02053000,26392432.80000000,1588377599999,550574.05032500,3068,14475871.20000000,301931.78234400,0
