Open Time,Open,High,Low,Close,Volume,Close Time,Quote Asset Volume,Number of trades,Taker Buy Base Asset Volume,Taker Buy Quote Asset volume
1587513600000,0.01443000,0.01505000,0.01432000,0.01489000,32606996.50000000,1587599999999,479704.83585400,1261,23083526.80000000,340071.64489800,0
