Open Time,Open,High,Low,Close,Volume,Close Time,Quote Asset Volume,Number of trades,Taker Buy Base Asset Volume,Taker Buy Quote Asset volume
1595289600000,0.05560000,0.05671000,0.04637000,0.05648000,110911716.30000000,1595375999999,5738483.35926100,25753,52809808.00000000,2739904.17376700,0
