Open Time,Open,High,Low,Close,Volume,Close Time,Quote Asset Volume,Number of trades,Taker Buy Base Asset Volume,Taker Buy Quote Asset volume
1609200000000,0.05475000,0.05919000,0.05000000,0.05231000,28729791.40000000,1609286399999,1537889.03847500,13080,14179629.50000000,760631.27896000,0
