Open Time,Open,High,Low,Close,Volume,Close Time,Quote Asset Volume,Number of trades,Taker Buy Base Asset Volume,Taker Buy Quote Asset volume
1586131200000,0.01431000,0.01582000,0.01431000,0.01573000,36436554.10000000,1586217599999,551937.27132700,2434,20686466.90000000,312828.53578900,0
