Open Time,Open,High,Low,Close,Volume,Close Time,Quote Asset Volume,Number of trades,Taker Buy Base Asset Volume,Taker Buy Quote Asset volume
1597104000000,0.10651000,0.10900000,0.08900000,0.09418000,51457827.00000000,1597190399999,5115324.24794000,19006,25061595.89000000,2491649.37107000,0
