Open Time,Open,High,Low,Close,Volume,Close Time,Quote Asset Volume,Number of trades,Taker Buy Base Asset Volume,Taker Buy Quote Asset volume
1587945600000,0.01880000,0.02042000,0.01794000,0.02023000,53495075.60000000,1588031999999,1015673.77940800,4919,29592865.30000000,561461.36653200,0
