Open Time,Open,High,Low,Close,Volume,Close Time,Quote Asset Volume,Number of trades,Taker Buy Base Asset Volume,Taker Buy Quote Asset volume
1600992000000,0.05768000,0.06214000,0.05530000,0.06113000,36092516.90000000,1601078399999,2126449.68630400,9530,20551359.30000000,1212028.54791400,0
