Open Time,Open,High,Low,Close,Volume,Close Time,Quote Asset Volume,Number of trades,Taker Buy Base Asset Volume,Taker Buy Quote Asset volume
1583452800000,0.03652000,0.03782000,0.03600000,0.03714000,39134472.70000000,1583539199999,1444179.74670600,5469,18634222.30000000,687399.54953400,0
