Open Time,Open,High,Low,Close,Volume,Close Time,Quote Asset Volume,Number of trades,Taker Buy Base Asset Volume,Taker Buy Quote Asset volume
1591142400000,0.02294000,0.02498000,0.02294000,0.02496000,38436432.10000000,1591228799999,931199.89371900,4699,24466263.00000000,590887.56652800,0
