Open Time,Open,High,Low,Close,Volume,Close Time,Quote Asset Volume,Number of trades,Taker Buy Base Asset Volume,Taker Buy Quote Asset volume
1580688000000,0.03939000,0.04112000,0.03903000,0.04111000,36619792.60000000,1580774399999,1459503.54196800,7796,14095165.80000000,563221.72225500,0
