Open Time,Open,High,Low,Close,Volume,Close Time,Quote Asset Volume,Number of trades,Taker Buy Base Asset Volume,Taker Buy Quote Asset volume
1598572800000,0.10381000,0.11085000,0.10213000,0.10736000,21041207.80000000,1598659199999,2259459.63592100,8017,10215347.70000000,1096829.32315400,0
