Open Time,Open,High,Low,Close,Volume,Close Time,Quote Asset Volume,Number of trades,Taker Buy Base Asset Volume,Taker Buy Quote Asset volume
1606435200000,0.04977000,0.05187000,0.04566000,0.04930000,33565974.10000000,1606521599999,1628443.71208600,12569,17394084.80000000,844989.25648800,0
