Open Time,Open,High,Low,Close,Volume,Close Time,Quote Asset Volume,Number of trades,Taker Buy Base Asset Volume,Taker Buy Quote Asset volume
1604102400000,0.04520000,0.04687000,0.04387000,0.04405000,23523066.60000000,1604188799999,1071501.83756300,3896,16916807.30000000,771859.66836600,0
