Open Time,Open,High,Low,Close,Volume,Close Time,Quote Asset Volume,Number of trades,Taker Buy Base Asset Volume,Taker Buy Quote Asset volume
1587859200000,0.02022000,0.02100000,0.01840000,0.01874000,80798728.60000000,1587945599999,1588098.54192600,7501,39067107.60000000,767003.56425900,0
