Open Time,Open,High,Low,Close,Volume,Close Time,Quote Asset Volume,Number of trades,Taker Buy Base Asset Volume,Taker Buy Quote Asset volume
1583712000000,0.03015000,0.03101000,0.02666000,0.02859000,44862919.39000000,1583798399999,1285801.82417960,6631,23491290.79000000,671805.64046560,0
