Open Time,Open,High,Low,Close,Volume,Close Time,Quote Asset Volume,Number of trades,Taker Buy Base Asset Volume,Taker Buy Quote Asset volume
1601424000000,0.07138000,0.07598000,0.06723000,0.06888000,36206017.90000000,1601510399999,2564238.09250700,11745,18228105.40000000,1291699.96089200,0
