Open Time,Open,High,Low,Close,Volume,Close Time,Quote Asset Volume,Number of trades,Taker Buy Base Asset Volume,Taker Buy Quote Asset volume
1585785600000,0.01414000,0.01516000,0.01393000,0.01446000,40369521.50000000,1585871999999,581258.58748400,2717,25484663.40000000,366029.87551800,0
