Open Time,Open,High,Low,Close,Volume,Close Time,Quote Asset Volume,Number of trades,Taker Buy Base Asset Volume,Taker Buy Quote Asset volume
1577923200000,0.03852000,0.03918000,0.03600000,0.03642000,30680298.80000000,1578009599999,1163351.84951500,6396,14796820.30000000,560860.59900600,0
