Open Time,Open,High,Low,Close,Volume,Close Time,Quote Asset Volume,Number of trades,Taker Buy Base Asset Volume,Taker Buy Quote Asset volume
1580342400000,0.03698000,0.03910000,0.03621000,0.03830000,37129415.20000000,1580428799999,1406828.68644200,6990,17478773.20000000,664479.94501500,0
