Open Time,Open,High,Low,Close,Volume,Close Time,Quote Asset Volume,Number of trades,Taker Buy Base Asset Volume,Taker Buy Quote Asset volume
1599264000000,0.09071000,0.09465000,0.06350000,0.07406000,39251056.30000000,1599350399999,3062113.98143200,13442,18528811.80000000,1446177.38455500,0
