Open Time,Open,High,Low,Close,Volume,Close Time,Quote Asset Volume,Number of trades,Taker Buy Base Asset Volume,Taker Buy Quote Asset volume
1595980800000,0.07249000,0.07500000,0.06703000,0.06878000,57957644.70000000,1596067199999,4083833.61284000,15687,26835994.10000000,1894310.58975200,0
