Open Time,Open,High,Low,Close,Volume,Close Time,Quote Asset Volume,Number of trades,Taker Buy Base Asset Volume,Taker Buy Quote Asset volume
1598227200000,0.11651000,0.13000000,0.11430000,0.12526000,36668890.80000000,1598313599999,4524779.79675300,14496,17404455.00000000,2149377.24626000,0
