Open Time,Open,High,Low,Close,Volume,Close Time,Quote Asset Volume,Number of trades,Taker Buy Base Asset Volume,Taker Buy Quote Asset volume
1592956800000,0.03005000,0.03050000,0.02850000,0.02888000,46671013.90000000,1593043199999,1379391.83899100,7784,21774448.20000000,643353.26768600,0
