Open Time,Open,High,Low,Close,Volume,Close Time,Quote Asset Volume,Number of trades,Taker Buy Base Asset Volume,Taker Buy Quote Asset volume
1606608000000,0.05192000,0.05212000,0.04867000,0.04992000,21163418.80000000,1606694399999,1063788.08809500,7443,10178463.00000000,512440.06486800,0
