Open Time,Open,High,Low,Close,Volume,Close Time,Quote Asset Volume,Number of trades,Taker Buy Base Asset Volume,Taker Buy Quote Asset volume
1585526400000,0.01250000,0.01430000,0.01239000,0.01381000,46390496.90000000,1585612799999,628259.81425800,2694,33015226.50000000,446290.46128700,0
