Open Time,Open,High,Low,Close,Volume,Close Time,Quote Asset Volume,Number of trades,Taker Buy Base Asset Volume,Taker Buy Quote Asset volume
1622246400000,0.31395000,0.34778000,0.26364000,0.28186000,146793122.80000000,1622332799999,44419628.00098600,97181,77848204.30000000,23640726.82899600,0
