Open Time,Open,High,Low,Close,Volume,Close Time,Quote Asset Volume,Number of trades,Taker Buy Base Asset Volume,Taker Buy Quote Asset volume
1624060800000,0.26748000,0.27639000,0.25581000,0.25588000,46589227.80000000,1624147199999,12521789.10304000,17894,35072573.40000000,9437291.13232300,0
