Open Time,Open,High,Low,Close,Volume,Close Time,Quote Asset Volume,Number of trades,Taker Buy Base Asset Volume,Taker Buy Quote Asset volume
1635206400000,0.76730000,0.84500000,0.75760000,0.79470000,61043941.00000000,1635292799999,49418896.52840000,117373,30751662.00000000,24901528.48140000,0
