Open Time,Open,High,Low,Close,Volume,Close Time,Quote Asset Volume,Number of trades,Taker Buy Base Asset Volume,Taker Buy Quote Asset volume
1620864000000,0.44538000,0.48948000,0.41184000,0.44661000,34151224.00000000,1620950399999,15402903.45986500,46424,16940673.80000000,7650048.38367200,0
