Open Time,Open,High,Low,Close,Volume,Close Time,Quote Asset Volume,Number of trades,Taker Buy Base Asset Volume,Taker Buy Quote Asset volume
1638576000000,0.75900000,0.76380000,0.59780000,0.67810000,63702448.00000000,1638662399999,43135485.26690000,81689,24457209.00000000,16470108.06300000,0
