Open Time,Open,High,Low,Close,Volume,Close Time,Quote Asset Volume,Number of trades,Taker Buy Base Asset Volume,Taker Buy Quote Asset volume
1616716800000,0.60661000,0.74000000,0.60301000,0.69757000,48742885.30000000,1616803199999,32783753.48145700,110639,25673697.90000000,17300528.07497900,0
