Open Time,Open,High,Low,Close,Volume,Close Time,Quote Asset Volume,Number of trades,Taker Buy Base Asset Volume,Taker Buy Quote Asset volume
1617926400000,0.60665000,0.76920000,0.60090000,0.68365000,137422710.30000000,1618012799999,96871038.67557500,207897,72525853.20000000,51227042.35859400,0
