Open Time,Open,High,Low,Close,Volume,Close Time,Quote Asset Volume,Number of trades,Taker Buy Base Asset Volume,Taker Buy Quote Asset volume
1615852800000,0.64796000,0.66636000,0.56264000,0.61549000,64934663.40000000,1615939199999,39388364.79245400,125531,31222805.70000000,18954325.60454300,0
