Open Time,Open,High,Low,Close,Volume,Close Time,Quote Asset Volume,Number of trades,Taker Buy Base Asset Volume,Taker Buy Quote Asset volume
1632355200000,0.74360000,0.86950000,0.69810000,0.84430000,51299536.00000000,1632441599999,40201500.57220000,97822,28170455.00000000,22099033.90820000,0
