Open Time,Open,High,Low,Close,Volume,Close Time,Quote Asset Volume,Number of trades,Taker Buy Base Asset Volume,Taker Buy Quote Asset volume
1613260800000,0.26445000,0.28730000,0.23478000,0.24813000,61947369.30000000,1613347199999,16049842.99140700,65358,29798014.70000000,7742521.36564400,0
