Open Time,Open,High,Low,Close,Volume,Close Time,Quote Asset Volume,Number of trades,Taker Buy Base Asset Volume,Taker Buy Quote Asset volume
1639094400000,0.53290000,0.57660000,0.50620000,0.50950000,10450505.00000000,1639180799999,5630581.75990000,17860,5453588.00000000,2933030.27350000,0
