Open Time,Open,High,Low,Close,Volume,Close Time,Quote Asset Volume,Number of trades,Taker Buy Base Asset Volume,Taker Buy Quote Asset volume
1618099200000,0.65572000,0.65771000,0.61539000,0.63278000,37097171.80000000,1618185599999,23505150.52010100,67930,17847806.40000000,11313690.25566200,0
