Open Time,Open,High,Low,Close,Volume,Close Time,Quote Asset Volume,Number of trades,Taker Buy Base Asset Volume,Taker Buy Quote Asset volume
1620777600000,0.54466000,0.55421000,0.43877000,0.44540000,24319436.70000000,1620863999999,12453025.62995700,47904,11587344.10000000,5953031.68739400,0
