Open Time,Open,High,Low,Close,Volume,Close Time,Quote Asset Volume,Number of trades,Taker Buy Base Asset Volume,Taker Buy Quote Asset volume
1616544000000,0.62991000,0.73000000,0.58388000,0.61858000,46760082.90000000,1616630399999,31542472.20981500,120020,22360600.90000000,15134525.00790700,0
