Open Time,Open,High,Low,Close,Volume,Close Time,Quote Asset Volume,Number of trades,Taker Buy Base Asset Volume,Taker Buy Quote Asset volume
1621036800000,0.47249000,0.53776000,0.43047000,0.47902000,54751662.40000000,1621123199999,25870288.82169100,54882,30787018.30000000,14488050.75687400,0
