Open Time,Open,High,Low,Close,Volume,Close Time,Quote Asset Volume,Number of trades,Taker Buy Base Asset Volume,Taker Buy Quote Asset volume
1624579200000,0.21327000,0.21674000,0.18511000,0.18690000,46484058.40000000,1624665599999,9311780.71070200,23617,31754161.50000000,6370395.85022800,0
