Open Time,Open,High,Low,Close,Volume,Close Time,Quote Asset Volume,Number of trades,Taker Buy Base Asset Volume,Taker Buy Quote Asset volume
1613088000000,0.23499000,0.27000000,0.22300000,0.25158000,66513092.10000000,1613174399999,16681367.22464500,72884,34410947.70000000,8654838.50212400,0
