Open Time,Open,High,Low,Close,Volume,Close Time,Quote Asset Volume,Number of trades,Taker Buy Base Asset Volume,Taker Buy Quote Asset volume
1633737600000,0.75640000,0.88690000,0.74300000,0.78230000,126911176.00000000,1633823999999,103701510.90510000,140923,76550362.00000000,62524511.64470000,0
