Open Time,Open,High,Low,Close,Volume,Close Time,Quote Asset Volume,Number of trades,Taker Buy Base Asset Volume,Taker Buy Quote Asset volume
1611964800000,0.11163000,0.11970000,0.10200000,0.10452000,48664332.20000000,1612051199999,5257952.60538200,33797,23835443.50000000,2579800.90185000,0
