Open Time,Open,High,Low,Close,Volume,Close Time,Quote Asset Volume,Number of trades,Taker Buy Base Asset Volume,Taker Buy Quote Asset volume
1630454400000,0.72590000,0.77500000,0.66740000,0.71060000,56678752.00000000,1630540799999,40571762.20053400,106825,28749371.80000000,20611100.86801400,0
