Open Time,Open,High,Low,Close,Volume,Close Time,Quote Asset Volume,Number of trades,Taker Buy Base Asset Volume,Taker Buy Quote Asset volume
1612224000000,0.10887000,0.11268000,0.10500000,0.11010000,29307259.80000000,1612310399999,3177183.73123100,22122,13898994.30000000,1508135.87350000,0
