Open Time,Open,High,Low,Close,Volume,Close Time,Quote Asset Volume,Number of trades,Taker Buy Base Asset Volume,Taker Buy Quote Asset volume
1617062400000,0.81991000,0.84000000,0.76611000,0.80995000,45797845.00000000,1617148799999,36198430.68432100,107037,22450477.10000000,17769753.82658300,0
