Open Time,Open,High,Low,Close,Volume,Close Time,Quote Asset Volume,Number of trades,Taker Buy Base Asset Volume,Taker Buy Quote Asset volume
1637884800000,0.82690000,0.83600000,0.70700000,0.73070000,25254645.00000000,1637971199999,18939299.76850000,51848,11626738.00000000,8729975.15020000,0
