Open Time,Open,High,Low,Close,Volume,Close Time,Quote Asset Volume,Number of trades,Taker Buy Base Asset Volume,Taker Buy Quote Asset volume
1631059200000,0.90990000,1.19850000,0.85230000,0.88720000,151871994.13000000,1631145599999,150728972.77810300,317793,75255835.33000000,74764489.40392300,0
