Open Time,Open,High,Low,Close,Volume,Close Time,Quote Asset Volume,Number of trades,Taker Buy Base Asset Volume,Taker Buy Quote Asset volume
1637452800000,0.83300000,0.91000000,0.78870000,0.90140000,30309154.00000000,1637539199999,25306419.49130000,66121,15536646.00000000,13011573.93560000,0
