Open Time,Open,High,Low,Close,Volume,Close Time,Quote Asset Volume,Number of trades,Taker Buy Base Asset Volume,Taker Buy Quote Asset volume
1613174400000,0.25165000,0.28660000,0.22624000,0.26402000,80192696.84000000,1613260799999,20701050.71969820,76644,42593195.74000000,11041412.13531520,0
