Open Time,Open,High,Low,Close,Volume,Close Time,Quote Asset Volume,Number of trades,Taker Buy Base Asset Volume,Taker Buy Quote Asset volume
1611532800000,0.08769000,0.09120000,0.08075000,0.08253000,30208663.80000000,1611619199999,2603589.46891000,19010,13497982.60000000,1166203.54545100,0
