Open Time,Open,High,Low,Close,Volume,Close Time,Quote Asset Volume,Number of trades,Taker Buy Base Asset Volume,Taker Buy Quote Asset volume
1633132800000,0.79000000,0.85000000,0.77290000,0.80180000,168519624.00000000,1633219199999,137308137.50320000,73612,93700045.00000000,76392360.90610000,0
