Open Time,Open,High,Low,Close,Volume,Close Time,Quote Asset Volume,Number of trades,Taker Buy Base Asset Volume,Taker Buy Quote Asset volume
1627257600000,0.34565000,0.40634000,0.31439000,0.31642000,114502683.70000000,1627343999999,40816207.68932900,124392,55629797.80000000,19841358.13797000,0
