Open Time,Open,High,Low,Close,Volume,Close Time,Quote Asset Volume,Number of trades,Taker Buy Base Asset Volume,Taker Buy Quote Asset volume
1628294400000,0.41292000,0.42517000,0.39296000,0.40583000,68150565.90000000,1628380799999,27842375.47666400,125598,32603042.40000000,13326240.51168700,0
