Open Time,Open,High,Low,Close,Volume,Close Time,Quote Asset Volume,Number of trades,Taker Buy Base Asset Volume,Taker Buy Quote Asset volume
1618358400000,0.60717000,0.61782000,0.57081000,0.59596000,39281475.00000000,1618444799999,23384253.38645200,67768,19191912.90000000,11439398.92494500,0
