Open Time,Open,High,Low,Close,Volume,Close Time,Quote Asset Volume,Number of trades,Taker Buy Base Asset Volume,Taker Buy Quote Asset volume
1615334400000,0.42873000,0.49500000,0.39342000,0.45400000,72647525.84000000,1615420799999,32900634.80647000,95458,37604837.64000000,17154988.74223900,0
