Open Time,Open,High,Low,Close,Volume,Close Time,Quote Asset Volume,Number of trades,Taker Buy Base Asset Volume,Taker Buy Quote Asset volume
1635292800000,0.79470000,0.84000000,0.71770000,0.72040000,44585343.00000000,1635379199999,34340131.23680000,83990,19904616.00000000,15337297.94140000,0
