Open Time,Open,High,Low,Close,Volume,Close Time,Quote Asset Volume,Number of trades,Taker Buy Base Asset Volume,Taker Buy Quote Asset volume
1629244800000,0.46392000,0.53900000,0.44200000,0.50033000,41237630.30000000,1629331199999,20095879.88095900,61504,23125143.70000000,11267087.53479400,0
