Open Time,Open,High,Low,Close,Volume,Close Time,Quote Asset Volume,Number of trades,Taker Buy Base Asset Volume,Taker Buy Quote Asset volume
1615766400000,0.68730000,0.73980000,0.57882000,0.64610000,66671779.20000000,1615852799999,43684142.77420100,140324,31084522.30000000,20429867.01642100,0
