Open Time,Open,High,Low,Close,Volume,Close Time,Quote Asset Volume,Number of trades,Taker Buy Base Asset Volume,Taker Buy Quote Asset volume
1615680000000,0.62096000,0.75500000,0.60837000,0.68704000,102482032.80000000,1615766399999,70365684.06600700,205552,51371736.80000000,35332290.39326400,0
