Open Time,Open,High,Low,Close,Volume,Close Time,Quote Asset Volume,Number of trades,Taker Buy Base Asset Volume,Taker Buy Quote Asset volume
1623628800000,0.28253000,0.30027000,0.27796000,0.29139000,35615612.50000000,1623715199999,10403796.65727500,31258,17044646.50000000,4982635.72743500,0
