Open Time,Open,High,Low,Close,Volume,Close Time,Quote Asset Volume,Number of trades,Taker Buy Base Asset Volume,Taker Buy Quote Asset volume
1619308800000,0.36822000,0.41259000,0.33349000,0.35865000,38881871.90000000,1619395199999,14627496.67205200,38788,18760919.60000000,7085392.15290600,0
