Open Time,Open,High,Low,Close,Volume,Close Time,Quote Asset Volume,Number of trades,Taker Buy Base Asset Volume,Taker Buy Quote Asset volume
1626393600000,0.22468000,0.23001000,0.20000000,0.20001000,24167465.90000000,1626479999999,5166231.43797200,23779,12790192.00000000,2742331.34655500,0
