Open Time,Open,High,Low,Close,Volume,Close Time,Quote Asset Volume,Number of trades,Taker Buy Base Asset Volume,Taker Buy Quote Asset volume
1624752000000,0.18671000,0.19816000,0.17874000,0.19229000,50387142.00000000,1624838399999,9485752.74170800,21986,32548962.30000000,6136419.04331900,0
