Open Time,Open,High,Low,Close,Volume,Close Time,Quote Asset Volume,Number of trades,Taker Buy Base Asset Volume,Taker Buy Quote Asset volume
1616889600000,0.78890000,0.86500000,0.75000000,0.77916000,66572003.10000000,1616975999999,53923790.23777400,147040,31796750.17000000,25813171.42821000,0
