Open Time,Open,High,Low,Close,Volume,Close Time,Quote Asset Volume,Number of trades,Taker Buy Base Asset Volume,Taker Buy Quote Asset volume
1634428800000,0.76750000,0.78990000,0.72540000,0.74200000,35011934.00000000,1634515199999,26476811.77170000,50318,19510959.00000000,14759916.80690000,0
