Open Time,Open,High,Low,Close,Volume,Close Time,Quote Asset Volume,Number of trades,Taker Buy Base Asset Volume,Taker Buy Quote Asset volume
1621641600000,0.29086000,0.29375000,0.24520000,0.24842000,60844702.20000000,1621727999999,15950199.38920900,44449,30469922.90000000,7984837.78451000,0
