Open Time,Open,High,Low,Close,Volume,Close Time,Quote Asset Volume,Number of trades,Taker Buy Base Asset Volume,Taker Buy Quote Asset volume
1621900800000,0.28787000,0.30147000,0.24228000,0.27909000,62732163.80000000,1621987199999,16684602.80293400,48169,31494133.50000000,8376756.32083400,0
