Open Time,Open,High,Low,Close,Volume,Close Time,Quote Asset Volume,Number of trades,Taker Buy Base Asset Volume,Taker Buy Quote Asset volume
1613865600000,0.28950000,0.31772000,0.27160000,0.29609000,68143953.60000000,1613951999999,20460863.13703700,58253,45180363.40000000,13595132.63844700,0
