Open Time,Open,High,Low,Close,Volume,Close Time,Quote Asset Volume,Number of trades,Taker Buy Base Asset Volume,Taker Buy Quote Asset volume
1638748800000,0.60480000,0.62300000,0.51580000,0.60390000,37202584.00000000,1638835199999,20955448.61310000,52513,18512204.00000000,10432349.87800000,0
