Open Time,Open,High,Low,Close,Volume,Close Time,Quote Asset Volume,Number of trades,Taker Buy Base Asset Volume,Taker Buy Quote Asset volume
1639353600000,0.54940000,0.55380000,0.46260000,0.47860000,15367186.80000000,1639439999999,7711083.03676600,27777,7738342.60000000,3905530.97240000,0
