Open Time,Open,High,Low,Close,Volume,Close Time,Quote Asset Volume,Number of trades,Taker Buy Base Asset Volume,Taker Buy Quote Asset volume
1629849600000,0.52076000,0.58920000,0.50921000,0.56895000,34516216.70000000,1629935999999,18862080.04595300,50464,19349977.50000000,10562492.47993900,0
