Open Time,Open,High,Low,Close,Volume,Close Time,Quote Asset Volume,Number of trades,Taker Buy Base Asset Volume,Taker Buy Quote Asset volume
1620950400000,0.44691000,0.50432000,0.44409000,0.47341000,32459023.20000000,1621036799999,15532898.95061600,37431,18831457.40000000,9052766.90467900,0
