Open Time,Open,High,Low,Close,Volume,Close Time,Quote Asset Volume,Number of trades,Taker Buy Base Asset Volume,Taker Buy Quote Asset volume
1629936000000,0.56941000,0.58500000,0.51460000,0.51560000,29865738.50000000,1630022399999,16501290.38786600,50373,14786298.70000000,8214929.91929400,0
