Open Time,Open,High,Low,Close,Volume,Close Time,Quote Asset Volume,Number of trades,Taker Buy Base Asset Volume,Taker Buy Quote Asset volume
1638835200000,0.60360000,0.63180000,0.57000000,0.57920000,24284605.00000000,1638921599999,14755578.17310000,35076,14247041.00000000,8649507.21720000,0
