Open Time,Open,High,Low,Close,Volume,Close Time,Quote Asset Volume,Number of trades,Taker Buy Base Asset Volume,Taker Buy Quote Asset volume
1640476800000,0.56820000,0.57060000,0.54530000,0.55880000,35346544.00000000,1640563199999,19754707.13080000,34271,24165230.00000000,13500812.02720000,0
