Open Time,Open,High,Low,Close,Volume,Close Time,Quote Asset Volume,Number of trades,Taker Buy Base Asset Volume,Taker Buy Quote Asset volume
1620000000000,0.63522000,0.69680000,0.62601000,0.63211000,39115925.00000000,1620086399999,25814634.75123100,91186,18769027.40000000,12406063.39553600,0
