Open Time,Open,High,Low,Close,Volume,Close Time,Quote Asset Volume,Number of trades,Taker Buy Base Asset Volume,Taker Buy Quote Asset volume
1630281600000,0.60590000,0.69340000,0.58670000,0.62600000,59503278.90000000,1630367999999,38011318.08649200,120014,31026335.50000000,19852679.57123200,0
