Open Time,Open,High,Low,Close,Volume,Close Time,Quote Asset Volume,Number of trades,Taker Buy Base Asset Volume,Taker Buy Quote Asset volume
1619827200000,0.59883000,0.69999000,0.59546000,0.67410000,68772093.10000000,1619913599999,44990153.42180100,147230,36894559.80000000,24163060.74807700,0
