Open Time,Open,High,Low,Close,Volume,Close Time,Quote Asset Volume,Number of trades,Taker Buy Base Asset Volume,Taker Buy Quote Asset volume
1629072000000,0.49737000,0.54900000,0.48750000,0.49082000,36024809.80000000,1629158399999,18552215.91625300,51870,18695539.60000000,9626404.48698800,0
