Open Time,Open,High,Low,Close,Volume,Close Time,Quote Asset Volume,Number of trades,Taker Buy Base Asset Volume,Taker Buy Quote Asset volume
1612656000000,0.17000000,0.18844000,0.15273000,0.18214000,68659964.40000000,1612742399999,11860339.55051100,58089,37622822.60000000,6521415.65124100,0
