Open Time,Open,High,Low,Close,Volume,Close Time,Quote Asset Volume,Number of trades,Taker Buy Base Asset Volume,Taker Buy Quote Asset volume
1614988800000,0.37432000,0.40000000,0.34857000,0.38310000,51387455.70000000,1615075199999,19058970.09559800,50395,25050997.90000000,9321870.45160800,0
