Open Time,Open,High,Low,Close,Volume,Close Time,Quote Asset Volume,Number of trades,Taker Buy Base Asset Volume,Taker Buy Quote Asset volume
1619395200000,0.35871000,0.47750000,0.35103000,0.45942000,86613261.10000000,1619481599999,38447798.70647500,63845,58855392.50000000,26275265.54682700,0
