Open Time,Open,High,Low,Close,Volume,Close Time,Quote Asset Volume,Number of trades,Taker Buy Base Asset Volume,Taker Buy Quote Asset volume
1619568000000,0.62213000,0.64901000,0.52911000,0.58004000,87491896.60000000,1619654399999,51445783.68747700,156989,44324572.00000000,26103259.69287800,0
