Open Time,Open,High,Low,Close,Volume,Close Time,Quote Asset Volume,Number of trades,Taker Buy Base Asset Volume,Taker Buy Quote Asset volume
1614816000000,0.36193000,0.37289000,0.31510000,0.32349000,79345108.70000000,1614902399999,26744918.49525000,71906,38524094.20000000,13004145.40304800,0
