Open Time,Open,High,Low,Close,Volume,Close Time,Quote Asset Volume,Number of trades,Taker Buy Base Asset Volume,Taker Buy Quote Asset volume
1635897600000,0.85980000,0.97860000,0.84350000,0.87410000,73077630.00000000,1635983999999,66656011.53890000,173964,36474710.00000000,33345899.14870000,0
