Open Time,Open,High,Low,Close,Volume,Close Time,Quote Asset Volume,Number of trades,Taker Buy Base Asset Volume,Taker Buy Quote Asset volume
1640304000000,0.57360000,0.61750000,0.56970000,0.57340000,15559958.00000000,1640390399999,9201496.38960000,32396,9115163.00000000,5404860.09830000,0
