Open Time,Open,High,Low,Close,Volume,Close Time,Quote Asset Volume,Number of trades,Taker Buy Base Asset Volume,Taker Buy Quote Asset volume
1609804800000,0.05697000,0.06450000,0.05618000,0.06182000,34720941.50000000,1609891199999,2073983.08521700,15981,16123646.90000000,965367.84171500,0
