Open Time,Open,High,Low,Close,Volume,Close Time,Quote Asset Volume,Number of trades,Taker Buy Base Asset Volume,Taker Buy Quote Asset volume
1619222400000,0.41416000,0.41455000,0.35234000,0.36899000,41934203.10000000,1619308799999,15963755.83359300,43516,21327002.90000000,8123725.41543000,0
