Open Time,Open,High,Low,Close,Volume,Close Time,Quote Asset Volume,Number of trades,Taker Buy Base Asset Volume,Taker Buy Quote Asset volume
1622505600000,0.32699000,0.33946000,0.31000000,0.32699000,88773693.30000000,1622591999999,28585635.36079800,37487,50162290.00000000,16159028.11597700,0
