Open Time,Open,High,Low,Close,Volume,Close Time,Quote Asset Volume,Number of trades,Taker Buy Base Asset Volume,Taker Buy Quote Asset volume
1611792000000,0.08997000,0.09642000,0.08741000,0.08857000,31531639.80000000,1611878399999,2909860.64493900,23561,13227359.60000000,1223304.47558500,0
