Open Time,Open,High,Low,Close,Volume,Close Time,Quote Asset Volume,Number of trades,Taker Buy Base Asset Volume,Taker Buy Quote Asset volume
1635465600000,0.73850000,0.76190000,0.73530000,0.74210000,18236928.00000000,1635551999999,13648277.74380000,35788,9056364.00000000,6779404.84140000,0
