Open Time,Open,High,Low,Close,Volume,Close Time,Quote Asset Volume,Number of trades,Taker Buy Base Asset Volume,Taker Buy Quote Asset volume
1631232000000,0.89760000,0.94280000,0.76100000,0.79030000,63359418.00000000,1631318399999,54128637.93300000,117491,31380435.00000000,26834394.81230000,0
