Open Time,Open,High,Low,Close,Volume,Close Time,Quote Asset Volume,Number of trades,Taker Buy Base Asset Volume,Taker Buy Quote Asset volume
1615420800000,0.45536000,0.47200000,0.41300000,0.44166000,54542949.20000000,1615507199999,24132580.27082500,85363,26385196.40000000,11688827.36435900,0
