Open Time,Open,High,Low,Close,Volume,Close Time,Quote Asset Volume,Number of trades,Taker Buy Base Asset Volume,Taker Buy Quote Asset volume
1631577600000,0.89950000,1.01000000,0.85860000,0.90850000,43030948.00000000,1631663999999,39525395.48450000,99207,21105443.00000000,19440154.95490000,0
