Open Time,Open,High,Low,Close,Volume,Close Time,Quote Asset Volume,Number of trades,Taker Buy Base Asset Volume,Taker Buy Quote Asset volume
1621814400000,0.21259000,0.29999000,0.20522000,0.28716000,70908900.50000000,1621900799999,17859832.89210000,51790,37926091.80000000,9552839.60240400,0
