Open Time,Open,High,Low,Close,Volume,Close Time,Quote Asset Volume,Number of trades,Taker Buy Base Asset Volume,Taker Buy Quote Asset volume
1634947200000,0.75740000,0.80200000,0.74430000,0.76540000,54563701.00000000,1635033599999,42091602.28120000,84504,25310363.00000000,19544488.98870000,0
