Open Time,Open,High,Low,Close,Volume,Close Time,Quote Asset Volume,Number of trades,Taker Buy Base Asset Volume,Taker Buy Quote Asset volume
1624838400000,0.19239000,0.21600000,0.18872000,0.20999000,48025102.90000000,1624924799999,9677023.41181900,22895,28931482.40000000,5841142.90694200,0
