Open Time,Open,High,Low,Close,Volume,Close Time,Quote Asset Volume,Number of trades,Taker Buy Base Asset Volume,Taker Buy Quote Asset volume
1632096000000,0.76520000,0.76790000,0.62190000,0.68050000,188360946.00000000,1632182399999,131158738.69650000,128287,117414306.00000000,81632646.92250000,0
