Open Time,Open,High,Low,Close,Volume,Close Time,Quote Asset Volume,Number of trades,Taker Buy Base Asset Volume,Taker Buy Quote Asset volume
1629504000000,0.56309000,0.59100000,0.54993000,0.56597000,23261957.90000000,1629590399999,13288052.78703700,44035,11379959.90000000,6506889.49327800,0
