Open Time,Open,High,Low,Close,Volume,Close Time,Quote Asset Volume,Number of trades,Taker Buy Base Asset Volume,Taker Buy Quote Asset volume
1618185600000,0.63142000,0.67000000,0.59999000,0.60938000,45074512.10000000,1618271999999,28272606.74927100,82157,21795854.20000000,13697961.60005500,0
