Open Time,Open,High,Low,Close,Volume,Close Time,Quote Asset Volume,Number of trades,Taker Buy Base Asset Volume,Taker Buy Quote Asset volume
1634169600000,0.73420000,0.75880000,0.71640000,0.73260000,26698757.00000000,1634255999999,19762933.00460000,35972,14688062.00000000,10888397.26430000,0
