Open Time,Open,High,Low,Close,Volume,Close Time,Quote Asset Volume,Number of trades,Taker Buy Base Asset Volume,Taker Buy Quote Asset volume
1637107200000,0.75910000,0.80820000,0.72710000,0.78110000,18715206.00000000,1637193599999,14359732.07830000,38503,9409107.00000000,7231814.38480000,0
