Open Time,Open,High,Low,Close,Volume,Close Time,Quote Asset Volume,Number of trades,Taker Buy Base Asset Volume,Taker Buy Quote Asset volume
1633996800000,0.74380000,0.75100000,0.68710000,0.72670000,25791924.00000000,1634083199999,18448752.64680000,46943,12945971.00000000,9268509.66710000,0
