Open Time,Open,High,Low,Close,Volume,Close Time,Quote Asset Volume,Number of trades,Taker Buy Base Asset Volume,Taker Buy Quote Asset volume
1620259200000,0.59006000,0.61647000,0.54700000,0.56206000,35789970.20000000,1620345599999,20925647.93000800,79656,17542518.60000000,10260274.70256700,0
