Open Time,Open,High,Low,Close,Volume,Close Time,Quote Asset Volume,Number of trades,Taker Buy Base Asset Volume,Taker Buy Quote Asset volume
1636934400000,0.85880000,0.88590000,0.83760000,0.88180000,99072604.00000000,1637020799999,84823897.43830000,57070,18551735.00000000,15887397.12850000,0
