Open Time,Open,High,Low,Close,Volume,Close Time,Quote Asset Volume,Number of trades,Taker Buy Base Asset Volume,Taker Buy Quote Asset volume
1630540800000,0.71100000,0.74000000,0.67550000,0.70580000,36456363.00000000,1630627199999,25801919.56830000,70010,17754100.00000000,12560124.05650000,0
