Open Time,Open,High,Low,Close,Volume,Close Time,Quote Asset Volume,Number of trades,Taker Buy Base Asset Volume,Taker Buy Quote Asset volume
1639958400000,0.46420000,0.47320000,0.43100000,0.47220000,14262009.30000000,1640044799999,6425177.96854100,19202,8864719.00000000,3999251.76850000,0
