Open Time,Open,High,Low,Close,Volume,Close Time,Quote Asset Volume,Number of trades,Taker Buy Base Asset Volume,Taker Buy Quote Asset volume
1630800000000,0.70400000,0.70640000,0.66030000,0.67040000,28171277.00000000,1630886399999,19339873.75480000,40963,11965960.00000000,8225448.08830000,0
