Open Time,Open,High,Low,Close,Volume,Close Time,Quote Asset Volume,Number of trades,Taker Buy Base Asset Volume,Taker Buy Quote Asset volume
1616457600000,0.67203000,0.71524000,0.59638000,0.62812000,56920141.20000000,1616543999999,37055367.46733700,119690,27592270.90000000,17968288.47620900,0
