Open Time,Open,High,Low,Close,Volume,Close Time,Quote Asset Volume,Number of trades,Taker Buy Base Asset Volume,Taker Buy Quote Asset volume
1628121600000,0.39548000,0.41903000,0.39210000,0.41578000,37578155.90000000,1628207999999,15346791.52510800,60240,18500154.60000000,7560940.44086000,0
