Open Time,Open,High,Low,Close,Volume,Close Time,Quote Asset Volume,Number of trades,Taker Buy Base Asset Volume,Taker Buy Quote Asset volume
1619654400000,0.57988000,0.63500000,0.54800000,0.56209000,57770470.30000000,1619740799999,34163749.22540400,101990,28857313.70000000,17123720.72947100,0
