Open Time,Open,High,Low,Close,Volume,Close Time,Quote Asset Volume,Number of trades,Taker Buy Base Asset Volume,Taker Buy Quote Asset volume
1633824000000,0.78240000,0.87400000,0.76320000,0.77550000,91388892.00000000,1633910399999,74412352.52450000,100315,47518747.00000000,38619640.47330000,0
