Open Time,Open,High,Low,Close,Volume,Close Time,Quote Asset Volume,Number of trades,Taker Buy Base Asset Volume,Taker Buy Quote Asset volume
1614470400000,0.27612000,0.27818000,0.22036000,0.24682000,60326795.20000000,1614556799999,14873831.11255300,46292,31928839.20000000,7915868.08611300,0
