Open Time,Open,High,Low,Close,Volume,Close Time,Quote Asset Volume,Number of trades,Taker Buy Base Asset Volume,Taker Buy Quote Asset volume
1636329600000,0.82740000,0.91440000,0.81800000,0.86040000,32198683.00000000,1636415999999,27683850.38510000,72718,14627890.00000000,12606536.12370000,0
