Open Time,Open,High,Low,Close,Volume,Close Time,Quote Asset Volume,Number of trades,Taker Buy Base Asset Volume,Taker Buy Quote Asset volume
1640390400000,0.57270000,0.58800000,0.55190000,0.56810000,31250644.00000000,1640476799999,17845948.00320000,33398,21355789.00000000,12210591.78340000,0
