Open Time,Open,High,Low,Close,Volume,Close Time,Quote Asset Volume,Number of trades,Taker Buy Base Asset Volume,Taker Buy Quote Asset volume
1622073600000,0.33308000,0.33616000,0.29000000,0.29591000,52178830.30000000,1622159999999,16140927.34025500,41936,26978783.10000000,8347202.10168500,0
