Open Time,Open,High,Low,Close,Volume,Close Time,Quote Asset Volume,Number of trades,Taker Buy Base Asset Volume,Taker Buy Quote Asset volume
1640736000000,0.51920000,0.53160000,0.49550000,0.50040000,7694690.00000000,1640822399999,3951026.17790000,15553,3469236.00000000,1784857.13670000,0
