Open Time,Open,High,Low,Close,Volume,Close Time,Quote Asset Volume,Number of trades,Taker Buy Base Asset Volume,Taker Buy Quote Asset volume
1628380800000,0.40578000,0.41500000,0.37574000,0.37665000,43714393.00000000,1628467199999,17154085.66158400,101438,21270266.20000000,8355581.53842200,0
