Open Time,Open,High,Low,Close,Volume,Close Time,Quote Asset Volume,Number of trades,Taker Buy Base Asset Volume,Taker Buy Quote Asset volume
1630886400000,0.67000000,0.84000000,0.65850000,0.81500000,54516567.00000000,1630972799999,40348775.56196600,111844,30367386.90000000,22519680.48498600,0
