Open Time,Open,High,Low,Close,Volume,Close Time,Quote Asset Volume,Number of trades,Taker Buy Base Asset Volume,Taker Buy Quote Asset volume
1638662400000,0.67750000,0.69200000,0.59210000,0.60430000,51530704.00000000,1638748799999,33645112.33910000,56735,23377743.00000000,15249727.68890000,0
