Open Time,Open,High,Low,Close,Volume,Close Time,Quote Asset Volume,Number of trades,Taker Buy Base Asset Volume,Taker Buy Quote Asset volume
1640131200000,0.56260000,0.58930000,0.54390000,0.55470000,17874528.00000000,1640217599999,10106704.51080000,34192,9069163.00000000,5133849.21640000,0
