Open Time,Open,High,Low,Close,Volume,Close Time,Quote Asset Volume,Number of trades,Taker Buy Base Asset Volume,Taker Buy Quote Asset volume
1624147200000,0.25567000,0.26364000,0.23609000,0.26132000,44721066.50000000,1624233599999,11293348.21830400,24250,30168294.20000000,7646063.63455200,0
