Open Time,Open,High,Low,Close,Volume,Close Time,Quote Asset Volume,Number of trades,Taker Buy Base Asset Volume,Taker Buy Quote Asset volume
1628899200000,0.51491000,0.52800000,0.49273000,0.50178000,16010750.50000000,1628985599999,8139868.65974800,28737,7576141.10000000,3847971.58273000,0
