Open Time,Open,High,Low,Close,Volume,Close Time,Quote Asset Volume,Number of trades,Taker Buy Base Asset Volume,Taker Buy Quote Asset volume
1624233600000,0.26118000,0.26344000,0.19000000,0.19472000,64250726.40000000,1624319999999,14168786.23448200,37478,40029006.70000000,8807459.86248900,0
