Open Time,Open,High,Low,Close,Volume,Close Time,Quote Asset Volume,Number of trades,Taker Buy Base Asset Volume,Taker Buy Quote Asset volume
1636588800000,0.86840000,0.96400000,0.84980000,0.89940000,28331999.00000000,1636675199999,25977012.14610000,73869,13970756.00000000,12837314.53430000,0
