Open Time,Open,High,Low,Close,Volume,Close Time,Quote Asset Volume,Number of trades,Taker Buy Base Asset Volume,Taker Buy Quote Asset volume
1627948800000,0.38178000,0.39499000,0.36245000,0.37400000,30089675.20000000,1628035199999,11441517.26561500,46786,15259693.00000000,5807944.88420600,0
