Open Time,Open,High,Low,Close,Volume,Close Time,Quote Asset Volume,Number of trades,Taker Buy Base Asset Volume,Taker Buy Quote Asset volume
1623110400000,0.30647000,0.32463000,0.26002000,0.31507000,58447850.10000000,1623196799999,17202294.82123200,53539,29198182.00000000,8587993.79990500,0
