Open Time,Open,High,Low,Close,Volume,Close Time,Quote Asset Volume,Number of trades,Taker Buy Base Asset Volume,Taker Buy Quote Asset volume
1623715200000,0.29137000,0.29950000,0.27861000,0.29030000,52480507.90000000,1623801599999,15166902.11291900,31091,27434300.60000000,7946838.39031300,0
