Open Time,Open,High,Low,Close,Volume,Close Time,Quote Asset Volume,Number of trades,Taker Buy Base Asset Volume,Taker Buy Quote Asset volume
1633651200000,0.71280000,0.80000000,0.68720000,0.75630000,125457235.00000000,1633737599999,93556880.90520000,100737,67291892.00000000,50004447.96560000,0
