Open Time,Open,High,Low,Close,Volume,Close Time,Quote Asset Volume,Number of trades,Taker Buy Base Asset Volume,Taker Buy Quote Asset volume
1614384000000,0.22502000,0.29248000,0.22479000,0.27529000,81679395.20000000,1614470399999,21512259.52659700,62209,51161708.90000000,13500432.03270000,0
