Open Time,Open,High,Low,Close,Volume,Close Time,Quote Asset Volume,Number of trades,Taker Buy Base Asset Volume,Taker Buy Quote Asset volume
1628726400000,0.48346000,0.51985000,0.46730000,0.50981000,35825843.10000000,1628812799999,17703273.55483400,75975,18486338.10000000,9137107.10121300,0
