Open Time,Open,High,Low,Close,Volume,Close Time,Quote Asset Volume,Number of trades,Taker Buy Base Asset Volume,Taker Buy Quote Asset volume
1639699200000,0.49930000,0.50650000,0.45880000,0.47140000,9743115.00000000,1639785599999,4683506.41860000,16061,4586178.00000000,2203268.73870000,0
