Open Time,Open,High,Low,Close,Volume,Close Time,Quote Asset Volume,Number of trades,Taker Buy Base Asset Volume,Taker Buy Quote Asset volume
1609459200000,0.05160000,0.05607000,0.05150000,0.05333000,15879644.50000000,1609545599999,858374.91826800,7113,8273815.70000000,447527.00583400,0
