Open Time,Open,High,Low,Close,Volume,Close Time,Quote Asset Volume,Number of trades,Taker Buy Base Asset Volume,Taker Buy Quote Asset volume
1623369600000,0.28634000,0.30500000,0.26830000,0.27147000,26600352.60000000,1623455999999,7641420.21992500,32309,11914952.50000000,3433000.72611800,0
