Open Time,Open,High,Low,Close,Volume,Close Time,Quote Asset Volume,Number of trades,Taker Buy Base Asset Volume,Taker Buy Quote Asset volume
1633392000000,0.74820000,0.78220000,0.72330000,0.74020000,138445248.00000000,1633478399999,104219170.40390000,70112,105471402.00000000,79431799.14930000,0
