Open Time,Open,High,Low,Close,Volume,Close Time,Quote Asset Volume,Number of trades,Taker Buy Base Asset Volume,Taker Buy Quote Asset volume
1622592000000,0.32663000,0.35858000,0.31223000,0.35097000,70188295.30000000,1622678399999,23660412.53389000,45317,42253032.30000000,14149408.23355000,0
