Open Time,Open,High,Low,Close,Volume,Close Time,Quote Asset Volume,Number of trades,Taker Buy Base Asset Volume,Taker Buy Quote Asset volume
1623024000000,0.35304000,0.37373000,0.30115000,0.30655000,42025373.50000000,1623110399999,14407503.82588100,44215,20376132.80000000,6958356.07172100,0
