Open Time,Open,High,Low,Close,Volume,Close Time,Quote Asset Volume,Number of trades,Taker Buy Base Asset Volume,Taker Buy Quote Asset volume
1610841600000,0.08459000,0.10400000,0.07508000,0.09487000,75755943.30000000,1610927999999,6806267.22877900,40291,41073379.90000000,3706521.98915800,0
