Open Time,Open,High,Low,Close,Volume,Close Time,Quote Asset Volume,Number of trades,Taker Buy Base Asset Volume,Taker Buy Quote Asset volume
1611446400000,0.08947000,0.09378000,0.08279000,0.08779000,39291168.40000000,1611532799999,3488683.09053700,23031,19580596.30000000,1741812.24424900,0
