Open Time,Open,High,Low,Close,Volume,Close Time,Quote Asset Volume,Number of trades,Taker Buy Base Asset Volume,Taker Buy Quote Asset volume
1612137600000,0.09810000,0.11513000,0.09500000,0.10884000,48472490.30000000,1612223999999,5071238.52428700,31044,23544039.60000000,2461294.02397100,0
