Open Time,Open,High,Low,Close,Volume,Close Time,Quote Asset Volume,Number of trades,Taker Buy Base Asset Volume,Taker Buy Quote Asset volume
1636848000000,0.85870000,0.88000000,0.83150000,0.85850000,120697174.00000000,1636934399999,103485019.23490000,57784,18511690.00000000,15859582.67190000,0
