Open Time,Open,High,Low,Close,Volume,Close Time,Quote Asset Volume,Number of trades,Taker Buy Base Asset Volume,Taker Buy Quote Asset volume
1636761600000,0.88020000,0.88970000,0.84340000,0.85870000,55117542.00000000,1636847999999,47996597.78370000,40220,11044676.00000000,9603857.13750000,0
