Open Time,Open,High,Low,Close,Volume,Close Time,Quote Asset Volume,Number of trades,Taker Buy Base Asset Volume,Taker Buy Quote Asset volume
1624492800000,0.20448000,0.21446000,0.19800000,0.21317000,58963625.30000000,1624579199999,12247537.71866600,17268,41728541.60000000,8676158.21845700,0
