Open Time,Open,High,Low,Close,Volume,Close Time,Quote Asset Volume,Number of trades,Taker Buy Base Asset Volume,Taker Buy Quote Asset volume
1639267200000,0.53230000,0.55390000,0.51910000,0.54900000,14384100.00000000,1639353599999,7714013.53790000,18529,9305724.00000000,4997572.70320000,0
