Open Time,Open,High,Low,Close,Volume,Close Time,Quote Asset Volume,Number of trades,Taker Buy Base Asset Volume,Taker Buy Quote Asset volume
1611878400000,0.08886000,0.11550000,0.08818000,0.11164000,69174021.40000000,1611964799999,7030618.02454800,39754,36299032.40000000,3688951.74975600,0
