Open Time,Open,High,Low,Close,Volume,Close Time,Quote Asset Volume,Number of trades,Taker Buy Base Asset Volume,Taker Buy Quote Asset volume
1614643200000,0.27925000,0.31607000,0.27000000,0.31185000,59353616.50000000,1614729599999,17552099.98985000,56574,30181511.80000000,8953819.48640800,0
