Open Time,Open,High,Low,Close,Volume,Close Time,Quote Asset Volume,Number of trades,Taker Buy Base Asset Volume,Taker Buy Quote Asset volume
1611705600000,0.09536000,0.10456000,0.08211000,0.09000000,61527466.90000000,1611791999999,5705087.72497800,43360,30576029.40000000,2845269.88448600,0
