Open Time,Open,High,Low,Close,Volume,Close Time,Quote Asset Volume,Number of trades,Taker Buy Base Asset Volume,Taker Buy Quote Asset volume
1637625600000,0.84370000,0.85650000,0.80980000,0.82110000,22044148.00000000,1637711999999,18232521.84230000,41079,10298786.00000000,8528896.11200000,0
