Open Time,Open,High,Low,Close,Volume,Close Time,Quote Asset Volume,Number of trades,Taker Buy Base Asset Volume,Taker Buy Quote Asset volume
1632700800000,0.81100000,0.83080000,0.73390000,0.73780000,42508761.00000000,1632787199999,33757330.82210000,60952,23110807.00000000,18392855.57170000,0
