Open Time,Open,High,Low,Close,Volume,Close Time,Quote Asset Volume,Number of trades,Taker Buy Base Asset Volume,Taker Buy Quote Asset volume
1634688000000,0.71290000,0.76140000,0.70320000,0.73840000,54701952.00000000,1634774399999,39693717.53110000,59148,22396208.00000000,16253497.89050000,0
