Open Time,Open,High,Low,Close,Volume,Close Time,Quote Asset Volume,Number of trades,Taker Buy Base Asset Volume,Taker Buy Quote Asset volume
1609718400000,0.05684000,0.06737000,0.05103000,0.05723000,55930957.60000000,1609804799999,3280362.07304800,20697,27202883.70000000,1601797.44077200,0
