Open Time,Open,High,Low,Close,Volume,Close Time,Quote Asset Volume,Number of trades,Taker Buy Base Asset Volume,Taker Buy Quote Asset volume
1620691200000,0.49006000,0.57149000,0.46395000,0.54404000,31514596.10000000,1620777599999,16410425.83252800,60947,15443178.80000000,8032989.95822800,0
