Open Time,Open,High,Low,Close,Volume,Close Time,Quote Asset Volume,Number of trades,Taker Buy Base Asset Volume,Taker Buy Quote Asset volume
1627689600000,0.37814000,0.42784000,0.36239000,0.40334000,53737709.40000000,1627775999999,21291167.06486900,77172,27057379.40000000,10742560.30060400,0
