Open Time,Open,High,Low,Close,Volume,Close Time,Quote Asset Volume,Number of trades,Taker Buy Base Asset Volume,Taker Buy Quote Asset volume
1640563200000,0.55880000,0.59700000,0.55360000,0.56780000,23903135.00000000,1640649599999,13748939.21250000,33874,15029477.00000000,8611998.03800000,0
