Open Time,Open,High,Low,Close,Volume,Close Time,Quote Asset Volume,Number of trades,Taker Buy Base Asset Volume,Taker Buy Quote Asset volume
1631664000000,0.90870000,0.98500000,0.87000000,0.94970000,34829829.00000000,1631750399999,31819475.91690000,69685,18398751.00000000,16813780.86020000,0
