Open Time,Open,High,Low,Close,Volume,Close Time,Quote Asset Volume,Number of trades,Taker Buy Base Asset Volume,Taker Buy Quote Asset volume
1637020800000,0.88180000,0.88380000,0.72630000,0.75910000,69887424.00000000,1637107199999,55259630.61450000,70895,21321777.00000000,16831589.38820000,0
