Open Time,Open,High,Low,Close,Volume,Close Time,Quote Asset Volume,Number of trades,Taker Buy Base Asset Volume,Taker Buy Quote Asset volume
1625616000000,0.28905000,0.29849000,0.26973000,0.27141000,27549298.60000000,1625702399999,7905119.88739400,19241,14635559.20000000,4211854.32661300,0
