Open Time,Open,High,Low,Close,Volume,Close Time,Quote Asset Volume,Number of trades,Taker Buy Base Asset Volume,Taker Buy Quote Asset volume
1635379200000,0.72010000,0.77730000,0.70400000,0.73850000,30028250.00000000,1635465599999,21989681.49890000,56214,14815469.00000000,10860095.39190000,0
