Open Time,Open,High,Low,Close,Volume,Close Time,Quote Asset Volume,Number of trades,Taker Buy Base Asset Volume,Taker Buy Quote Asset volume
1618790400000,0.54325000,0.57800000,0.46210000,0.47802000,46085537.00000000,1618876799999,23875692.23361200,65366,22559422.10000000,11680054.13268800,0
