Open Time,Open,High,Low,Close,Volume,Close Time,Quote Asset Volume,Number of trades,Taker Buy Base Asset Volume,Taker Buy Quote Asset volume
1610323200000,0.06990000,0.07011000,0.05203000,0.06049000,36811360.50000000,1610409599999,2194450.34194100,17244,15760506.40000000,942383.28565000,0
