Open Time,Open,High,Low,Close,Volume,Close Time,Quote Asset Volume,Number of trades,Taker Buy Base Asset Volume,Taker Buy Quote Asset volume
1626825600000,0.26010000,0.29745000,0.25564000,0.26425000,58357649.80000000,1626911999999,16126682.77771300,59695,28916128.20000000,8005372.85230800,0
