Open Time,Open,High,Low,Close,Volume,Close Time,Quote Asset Volume,Number of trades,Taker Buy Base Asset Volume,Taker Buy Quote Asset volume
1617667200000,0.68190000,0.74750000,0.63473000,0.66701000,64837832.60000000,1617753599999,44157720.40588000,143064,30967746.50000000,21159548.70835400,0
