Open Time,Open,High,Low,Close,Volume,Close Time,Quote Asset Volume,Number of trades,Taker Buy Base Asset Volume,Taker Buy Quote Asset volume
1626912000000,0.26377000,0.28100000,0.25655000,0.26815000,43597190.90000000,1626998399999,11701139.71796600,40426,21340241.30000000,5734316.66518600,0
