Open Time,Open,High,Low,Close,Volume,Close Time,Quote Asset Volume,Number of trades,Taker Buy Base Asset Volume,Taker Buy Quote Asset volume
1633046400000,0.72240000,0.81500000,0.71570000,0.79020000,32051783.00000000,1633132799999,24671300.19470000,66512,15718688.00000000,12093409.10760000,0
