Open Time,Open,High,Low,Close,Volume,Close Time,Quote Asset Volume,Number of trades,Taker Buy Base Asset Volume,Taker Buy Quote Asset volume
1628035200000,0.37406000,0.40973000,0.36205000,0.39503000,28512375.10000000,1628121599999,10996660.02055300,41510,13883972.30000000,5366531.89903900,0
