Open Time,Open,High,Low,Close,Volume,Close Time,Quote Asset Volume,Number of trades,Taker Buy Base Asset Volume,Taker Buy Quote Asset volume
1639008000000,0.61470000,0.61680000,0.53240000,0.53280000,19428465.00000000,1639094399999,11366896.93870000,27431,11126571.00000000,6528481.73440000,0
