Open Time,Open,High,Low,Close,Volume,Close Time,Quote Asset Volume,Number of trades,Taker Buy Base Asset Volume,Taker Buy Quote Asset volume
1628208000000,0.41586000,0.44070000,0.40736000,0.41292000,59348727.60000000,1628294399999,25004857.74940100,119541,29854082.30000000,12581378.30954600,0
