Open Time,Open,High,Low,Close,Volume,Close Time,Quote Asset Volume,Number of trades,Taker Buy Base Asset Volume,Taker Buy Quote Asset volume
1630022400000,0.51600000,0.56290000,0.50210000,0.56220000,17828705.70000000,1630108799999,9464848.23761200,32835,9374639.80000000,4977490.17074000,0
