Open Time,Open,High,Low,Close,Volume,Close Time,Quote Asset Volume,Number of trades,Taker Buy Base Asset Volume,Taker Buy Quote Asset volume
1621296000000,0.43346000,0.54800000,0.42687000,0.50894000,69577263.70000000,1621382399999,34475494.95983600,67224,39705530.50000000,19740370.88552500,0
