Open Time,Open,High,Low,Close,Volume,Close Time,Quote Asset Volume,Number of trades,Taker Buy Base Asset Volume,Taker Buy Quote Asset volume
1633910400000,0.77530000,0.81410000,0.72180000,0.74420000,29763343.00000000,1633996799999,22845005.02260000,54519,14343590.00000000,11017297.81040000,0
