Open Time,Open,High,Low,Close,Volume,Close Time,Quote Asset Volume,Number of trades,Taker Buy Base Asset Volume,Taker Buy Quote Asset volume
1615507200000,0.44171000,0.54414000,0.43144000,0.52550000,85176414.97000000,1615593599999,41851484.82804100,123079,43343518.67000000,21356178.09375800,0
