Open Time,Open,High,Low,Close,Volume,Close Time,Quote Asset Volume,Number of trades,Taker Buy Base Asset Volume,Taker Buy Quote Asset volume
1616112000000,0.59478000,0.65120000,0.56911000,0.60380000,53050428.90000000,1616198399999,32044602.25083600,111482,25545362.00000000,15487078.03927800,0
