Open Time,Open,High,Low,Close,Volume,Close Time,Quote Asset Volume,Number of trades,Taker Buy Base Asset Volume,Taker Buy Quote Asset volume
1622851200000,0.36503000,0.43078000,0.33620000,0.35295000,57386698.40000000,1622937599999,22047833.46144300,64434,29011395.70000000,11171014.08014800,0
