Open Time,Open,High,Low,Close,Volume,Close Time,Quote Asset Volume,Number of trades,Taker Buy Base Asset Volume,Taker Buy Quote Asset volume
1622764800000,0.40703000,0.41030000,0.33157000,0.36599000,46907788.60000000,1622851199999,16987050.53922300,54034,23741382.00000000,8587618.26561700,0
