Open Time,Open,High,Low,Close,Volume,Close Time,Quote Asset Volume,Number of trades,Taker Buy Base Asset Volume,Taker Buy Quote Asset volume
1621382400000,0.50893000,0.51424000,0.24789000,0.32775000,70577592.40000000,1621468799999,27635023.94085000,74412,33151377.60000000,13032746.98734700,0
