Open Time,Open,High,Low,Close,Volume,Close Time,Quote Asset Volume,Number of trades,Taker Buy Base Asset Volume,Taker Buy Quote Asset volume
1617408000000,0.69351000,0.72000000,0.63130000,0.63403000,40445261.80000000,1617494399999,27568880.96426200,90346,18818423.80000000,12859374.61732800,0
