Open Time,Open,High,Low,Close,Volume,Close Time,Quote Asset Volume,Number of trades,Taker Buy Base Asset Volume,Taker Buy Quote Asset volume
1634256000000,0.73210000,0.75800000,0.70760000,0.75250000,64433913.00000000,1634342399999,46893345.44920000,60108,38229674.00000000,27827839.95050000,0
