Open Time,Open,High,Low,Close,Volume,Close Time,Quote Asset Volume,Number of trades,Taker Buy Base Asset Volume,Taker Buy Quote Asset volume
1626739200000,0.22484000,0.29292000,0.21202000,0.26000000,99126966.30000000,1626825599999,24851762.02789700,83916,48463894.10000000,12110676.83306800,0
