Open Time,Open,High,Low,Close,Volume,Close Time,Quote Asset Volume,Number of trades,Taker Buy Base Asset Volume,Taker Buy Quote Asset volume
1626566400000,0.21850000,0.25900000,0.21751000,0.23281000,49990023.00000000,1626652799999,12023647.52234600,48082,26066396.80000000,6262670.20628800,0
