Open Time,Open,High,Low,Close,Volume,Close Time,Quote Asset Volume,Number of trades,Taker Buy Base Asset Volume,Taker Buy Quote Asset volume
1639526400000,0.48620000,0.51010000,0.45010000,0.50350000,15951678.00000000,1639612799999,7668009.59793000,21445,8151665.70000000,3920402.47210000,0
