Open Time,Open,High,Low,Close,Volume,Close Time,Quote Asset Volume,Number of trades,Taker Buy Base Asset Volume,Taker Buy Quote Asset volume
1615248000000,0.44255000,0.48500000,0.42490000,0.42838000,75236630.60000000,1615334399999,34162760.27735520,103307,37135647.52000000,16915703.24139800,0
