Open Time,Open,High,Low,Close,Volume,Close Time,Quote Asset Volume,Number of trades,Taker Buy Base Asset Volume,Taker Buy Quote Asset volume
1625356800000,0.26797000,0.27995000,0.26010000,0.27594000,47856637.30000000,1625443199999,13057774.81620700,28176,31648219.50000000,8642838.73279700,0
