Open Time,Open,High,Low,Close,Volume,Close Time,Quote Asset Volume,Number of trades,Taker Buy Base Asset Volume,Taker Buy Quote Asset volume
1627171200000,0.27959000,0.35500000,0.27173000,0.34563000,73327304.80000000,1627257599999,23442701.82923300,80233,38366560.40000000,12287314.14230400,0
