Open Time,Open,High,Low,Close,Volume,Close Time,Quote Asset Volume,Number of trades,Taker Buy Base Asset Volume,Taker Buy Quote Asset volume
1609632000000,0.05123000,0.05850000,0.05000000,0.05671000,25197786.70000000,1609718399999,1350476.27009400,10502,12636928.80000000,680687.29721800,0
