Open Time,Open,High,Low,Close,Volume,Close Time,Quote Asset Volume,Number of trades,Taker Buy Base Asset Volume,Taker Buy Quote Asset volume
1629676800000,0.55880000,0.58527000,0.55275000,0.56006000,29048407.10000000,1629763199999,16542475.87056700,39064,15098247.20000000,8598034.11886300,0
