Open Time,Open,High,Low,Close,Volume,Close Time,Quote Asset Volume,Number of trades,Taker Buy Base Asset Volume,Taker Buy Quote Asset volume
1634774400000,0.73850000,0.76080000,0.71610000,0.71770000,45773006.00000000,1634860799999,33744951.44680000,56672,20924652.00000000,15432096.14960000,0
