Open Time,Open,High,Low,Close,Volume,Close Time,Quote Asset Volume,Number of trades,Taker Buy Base Asset Volume,Taker Buy Quote Asset volume
1617840000000,0.59557000,0.65678000,0.58680000,0.60660000,35094330.10000000,1617926399999,21769190.97049800,73039,17264301.90000000,10725301.86243200,0
