Open Time,Open,High,Low,Close,Volume,Close Time,Quote Asset Volume,Number of trades,Taker Buy Base Asset Volume,Taker Buy Quote Asset volume
1623542400000,0.25478000,0.28802000,0.24864000,0.28271000,29612581.70000000,1623628799999,7849656.48850100,32758,15177250.10000000,4031295.84647900,0
