Open Time,Open,High,Low,Close,Volume,Close Time,Quote Asset Volume,Number of trades,Taker Buy Base Asset Volume,Taker Buy Quote Asset volume
1622160000000,0.29608000,0.33900000,0.24367000,0.31372000,102859476.80000000,1622246399999,30273020.91138700,75257,54614030.40000000,16141954.45405400,0
