Open Time,Open,High,Low,Close,Volume,Close Time,Quote Asset Volume,Number of trades,Taker Buy Base Asset Volume,Taker Buy Quote Asset volume
1636070400000,0.83280000,0.93500000,0.81620000,0.87470000,40865877.00000000,1636156799999,35965160.83440000,95660,19310626.00000000,17030674.04200000,0
