Open Time,Open,High,Low,Close,Volume,Close Time,Quote Asset Volume,Number of trades,Taker Buy Base Asset Volume,Taker Buy Quote Asset volume
1636156800000,0.87390000,0.90070000,0.81430000,0.86510000,17877476.00000000,1636243199999,15271676.49760000,48767,8386911.00000000,7162293.79820000,0
