Open Time,Open,High,Low,Close,Volume,Close Time,Quote Asset Volume,Number of trades,Taker Buy Base Asset Volume,Taker Buy Quote Asset volume
1632960000000,0.69780000,0.77440000,0.69120000,0.72290000,32909846.00000000,1633046399999,24019966.78000000,57223,15656222.00000000,11438963.47050000,0
