Open Time,Open,High,Low,Close,Volume,Close Time,Quote Asset Volume,Number of trades,Taker Buy Base Asset Volume,Taker Buy Quote Asset volume
1617494400000,0.63277000,0.74000000,0.61143000,0.72304000,42784169.70000000,1617580799999,28820729.44943900,99611,22224336.20000000,15004729.78724800,0
