Open Time,Open,High,Low,Close,Volume,Close Time,Quote Asset Volume,Number of trades,Taker Buy Base Asset Volume,Taker Buy Quote Asset volume
1633478400000,0.74020000,0.75090000,0.67060000,0.69670000,95221584.00000000,1633564799999,68272744.12570000,65476,60584058.00000000,43476821.90700000,0
