Open Time,Open,High,Low,Close,Volume,Close Time,Quote Asset Volume,Number of trades,Taker Buy Base Asset Volume,Taker Buy Quote Asset volume
1630713600000,0.73320000,0.73320000,0.69340000,0.70320000,25515188.00000000,1630799999999,18266158.57040000,33389,9215517.00000000,6595066.36480000,0
