Open Time,Open,High,Low,Close,Volume,Close Time,Quote Asset Volume,Number of trades,Taker Buy Base Asset Volume,Taker Buy Quote Asset volume
1611100800000,0.09129000,0.09999000,0.08153000,0.09200000,43323249.70000000,1611187199999,3894884.11589800,28035,20323673.00000000,1831794.77035800,0
