Open Time,Open,High,Low,Close,Volume,Close Time,Quote Asset Volume,Number of trades,Taker Buy Base Asset Volume,Taker Buy Quote Asset volume
1613347200000,0.24868000,0.27734000,0.18880000,0.23940000,69962419.90000000,1613433599999,16481413.09973100,73599,33987039.90000000,7994644.16525900,0
