Open Time,Open,High,Low,Close,Volume,Close Time,Quote Asset Volume,Number of trades,Taker Buy Base Asset Volume,Taker Buy Quote Asset volume
1616284800000,0.58443000,0.65000000,0.52729000,0.64182000,50206465.10000000,1616371199999,29439428.56179600,105007,25846156.50000000,15204138.74646900,0
