Open Time,Open,High,Low,Close,Volume,Close Time,Quote Asset Volume,Number of trades,Taker Buy Base Asset Volume,Taker Buy Quote Asset volume
1624665600000,0.18674000,0.19478000,0.17433000,0.18698000,47886246.20000000,1624751999999,8768263.29282100,21826,33909596.80000000,6220530.96652200,0
