Open Time,Open,High,Low,Close,Volume,Close Time,Quote Asset Volume,Number of trades,Taker Buy Base Asset Volume,Taker Buy Quote Asset volume
1618704000000,0.63834000,0.64607000,0.46754000,0.54358000,48187615.20000000,1618790399999,26392875.89258500,71661,22988108.90000000,12529642.40461900,0
