Open Time,Open,High,Low,Close,Volume,Close Time,Quote Asset Volume,Number of trades,Taker Buy Base Asset Volume,Taker Buy Quote Asset volume
1625443200000,0.27588000,0.29000000,0.24586000,0.27501000,44700419.10000000,1625529599999,11748916.72468200,30310,25373210.10000000,6684452.60351200,0
