Open Time,Open,High,Low,Close,Volume,Close Time,Quote Asset Volume,Number of trades,Taker Buy Base Asset Volume,Taker Buy Quote Asset volume
1639785600000,0.47230000,0.49240000,0.46000000,0.47700000,5110031.00000000,1639871999999,2447776.05290000,10212,2606228.00000000,1249278.85210000,0
