Open Time,Open,High,Low,Close,Volume,Close Time,Quote Asset Volume,Number of trades,Taker Buy Base Asset Volume,Taker Buy Quote Asset volume
1621123200000,0.47939000,0.57651000,0.43301000,0.46340000,70761652.20000000,1621209599999,35779481.20996700,85905,35719131.80000000,18033926.49268000,0
