Open Time,Open,High,Low,Close,Volume,Close Time,Quote Asset Volume,Number of trades,Taker Buy Base Asset Volume,Taker Buy Quote Asset volume
1621987200000,0.27851000,0.34298000,0.26578000,0.33353000,73093327.10000000,1622073599999,22608840.20285800,62814,35639449.20000000,11008783.60418000,0
