Open Time,Open,High,Low,Close,Volume,Close Time,Quote Asset Volume,Number of trades,Taker Buy Base Asset Volume,Taker Buy Quote Asset volume
1632528000000,0.81290000,0.88380000,0.77280000,0.83590000,66519121.00000000,1632614399999,54835732.41200000,125192,33873132.00000000,27963665.44330000,0
