Open Time,Open,High,Low,Close,Volume,Close Time,Quote Asset Volume,Number of trades,Taker Buy Base Asset Volume,Taker Buy Quote Asset volume
1638489600000,0.73620000,0.82340000,0.72030000,0.76000000,48480180.00000000,1638575999999,36847920.65870000,84517,21577660.00000000,16436287.93010000,0
