Open Time,Open,High,Low,Close,Volume,Close Time,Quote Asset Volume,Number of trades,Taker Buy Base Asset Volume,Taker Buy Quote Asset volume
1616630400000,0.61994000,0.64355000,0.55746000,0.60863000,42943400.40000000,1616716799999,25676224.53709400,85154,21160489.90000000,12666974.64601000,0
