Open Time,Open,High,Low,Close,Volume,Close Time,Quote Asset Volume,Number of trades,Taker Buy Base Asset Volume,Taker Buy Quote Asset volume
1613001600000,0.23922000,0.25863000,0.21957000,0.23532000,63208848.60000000,1613087999999,15030562.15153300,70356,30520297.20000000,7264112.22910400,0
