Open Time,Open,High,Low,Close,Volume,Close Time,Quote Asset Volume,Number of trades,Taker Buy Base Asset Volume,Taker Buy Quote Asset volume
1631923200000,0.82590000,0.88830000,0.80610000,0.83850000,117785111.00000000,1632009599999,100508457.14050000,64199,59921045.00000000,51140486.56230000,0
