Open Time,Open,High,Low,Close,Volume,Close Time,Quote Asset Volume,Number of trades,Taker Buy Base Asset Volume,Taker Buy Quote Asset volume
1632787200000,0.73660000,0.75450000,0.68100000,0.68400000,95677823.00000000,1632873599999,69024794.14930000,67156,67491253.00000000,48726975.21870000,0
