Open Time,Open,High,Low,Close,Volume,Close Time,Quote Asset Volume,Number of trades,Taker Buy Base Asset Volume,Taker Buy Quote Asset volume
1614211200000,0.23287000,0.26400000,0.22313000,0.22555000,44581365.40000000,1614297599999,10816240.69964900,38597,23224046.60000000,5654374.03391300,0
