Open Time,Open,High,Low,Close,Volume,Close Time,Quote Asset Volume,Number of trades,Taker Buy Base Asset Volume,Taker Buy Quote Asset volume
1630108800000,0.56260000,0.56930000,0.53100000,0.55040000,23995339.00000000,1630195199999,13181548.89290000,26803,15813524.00000000,8697924.31300000,0
