Open Time,Open,High,Low,Close,Volume,Close Time,Quote Asset Volume,Number of trades,Taker Buy Base Asset Volume,Taker Buy Quote Asset volume
1617321600000,0.70801000,0.75662000,0.68325000,0.69364000,37347872.00000000,1617407999999,26844445.46467800,94032,17892559.20000000,12883755.90882300,0
