Open Time,Open,High,Low,Close,Volume,Close Time,Quote Asset Volume,Number of trades,Taker Buy Base Asset Volume,Taker Buy Quote Asset volume
1635120000000,0.73220000,0.78540000,0.72940000,0.76740000,32387451.00000000,1635206399999,24261998.45500000,49728,17584980.00000000,13170138.23570000,0
