Open Time,Open,High,Low,Close,Volume,Close Time,Quote Asset Volume,Number of trades,Taker Buy Base Asset Volume,Taker Buy Quote Asset volume
1613433600000,0.23940000,0.25796000,0.21609000,0.22679000,38789254.40000000,1613519999999,9121214.36572300,43111,18596022.20000000,4377865.05197400,0
