Open Time,Open,High,Low,Close,Volume,Close Time,Quote Asset Volume,Number of trades,Taker Buy Base Asset Volume,Taker Buy Quote Asset volume
1619913600000,0.67441000,0.69000000,0.61800000,0.63506000,39676022.10000000,1619999999999,25691663.00611300,94719,18642951.70000000,12079739.67209900,0
