Open Time,Open,High,Low,Close,Volume,Close Time,Quote Asset Volume,Number of trades,Taker Buy Base Asset Volume,Taker Buy Quote Asset volume
1625529600000,0.27525000,0.29666000,0.27310000,0.28923000,45075138.20000000,1625615999999,12871401.61425000,28839,25935792.60000000,7421264.15499200,0
