Open Time,Open,High,Low,Close,Volume,Close Time,Quote Asset Volume,Number of trades,Taker Buy Base Asset Volume,Taker Buy Quote Asset volume
1634601600000,0.72710000,0.73930000,0.69440000,0.71320000,53375689.00000000,1634687999999,38188893.30300000,55790,23363620.00000000,16702751.15870000,0
