Open Time,Open,High,Low,Close,Volume,Close Time,Quote Asset Volume,Number of trades,Taker Buy Base Asset Volume,Taker Buy Quote Asset volume
1628985600000,0.50193000,0.50704000,0.47808000,0.49755000,17009952.70000000,1629071999999,8434273.37564600,27963,8368049.20000000,4160482.10148900,0
