Open Time,Open,High,Low,Close,Volume,Close Time,Quote Asset Volume,Number of trades,Taker Buy Base Asset Volume,Taker Buy Quote Asset volume
1610582400000,0.06609000,0.07900000,0.06455000,0.07696000,36101520.70000000,1610668799999,2579043.27025900,18062,19890740.20000000,1426720.72512100,0
