Open Time,Open,High,Low,Close,Volume,Close Time,Quote Asset Volume,Number of trades,Taker Buy Base Asset Volume,Taker Buy Quote Asset volume
1629158400000,0.49078000,0.54500000,0.45730000,0.46319000,47008272.30000000,1629244799999,23549463.28381000,66069,22801279.60000000,11441838.65112400,0
