Open Time,Open,High,Low,Close,Volume,Close Time,Quote Asset Volume,Number of trades,Taker Buy Base Asset Volume,Taker Buy Quote Asset volume
1612396800000,0.15819000,0.15850000,0.13000000,0.14849000,76147102.30000000,1612483199999,10961362.63161200,59336,36709869.20000000,5291488.67518200,0
