Open Time,Open,High,Low,Close,Volume,Close Time,Quote Asset Volume,Number of trades,Taker Buy Base Asset Volume,Taker Buy Quote Asset volume
1620604800000,0.53118000,0.57800000,0.44550000,0.48978000,38813602.60000000,1620691199999,20339812.61632600,78881,18637295.70000000,9782642.22242500,0
