Open Time,Open,High,Low,Close,Volume,Close Time,Quote Asset Volume,Number of trades,Taker Buy Base Asset Volume,Taker Buy Quote Asset volume
1636416000000,0.86030000,0.93500000,0.84150000,0.92860000,39713969.00000000,1636502399999,35595613.43480000,86496,19184640.00000000,17227055.36920000,0
