Open Time,Open,High,Low,Close,Volume,Close Time,Quote Asset Volume,Number of trades,Taker Buy Base Asset Volume,Taker Buy Quote Asset volume
1626048000000,0.28873000,0.29054000,0.25697000,0.26604000,22509651.00000000,1626134399999,6151393.26689200,24074,10336211.30000000,2828225.79290500,0
