Open Time,Open,High,Low,Close,Volume,Close Time,Quote Asset Volume,Number of trades,Taker Buy Base Asset Volume,Taker Buy Quote Asset volume
1640649600000,0.56800000,0.57830000,0.51350000,0.52000000,14702080.00000000,1640735999999,8093389.31240000,25968,7638428.00000000,4218019.52510000,0
