Open Time,Open,High,Low,Close,Volume,Close Time,Quote Asset Volume,Number of trades,Taker Buy Base Asset Volume,Taker Buy Quote Asset volume
1630195200000,0.55100000,0.62100000,0.54260000,0.60610000,46155617.70000000,1630281599999,27214062.20084400,77763,25501967.20000000,15005411.05584400,0
