Open Time,Open,High,Low,Close,Volume,Close Time,Quote Asset Volume,Number of trades,Taker Buy Base Asset Volume,Taker Buy Quote Asset volume
1630368000000,0.62600000,0.73000000,0.62060000,0.72480000,45379689.90000000,1630454399999,30560099.11486500,98991,23478170.10000000,15831126.71776500,0
