Open Time,Open,High,Low,Close,Volume,Close Time,Quote Asset Volume,Number of trades,Taker Buy Base Asset Volume,Taker Buy Quote Asset volume
1631750400000,0.94970000,1.02850000,0.88910000,0.90980000,48923309.00000000,1631836799999,46539922.59840000,97146,24998726.00000000,23797793.66020000,0
