Open Time,Open,High,Low,Close,Volume,Close Time,Quote Asset Volume,Number of trades,Taker Buy Base Asset Volume,Taker Buy Quote Asset volume
1610755200000,0.08851000,0.09277000,0.08045000,0.08459000,65600310.10000000,1610841599999,5691156.46488800,34675,30899775.10000000,2685484.46868300,0
