Open Time,Open,High,Low,Close,Volume,Close Time,Quote Asset Volume,Number of trades,Taker Buy Base Asset Volume,Taker Buy Quote Asset volume
1614124800000,0.22342000,0.27590000,0.20747000,0.23287000,60216533.90000000,1614211199999,14503205.72968800,52343,33655560.00000000,8093628.94251700,0
