Open Time,Open,High,Low,Close,Volume,Close Time,Quote Asset Volume,Number of trades,Taker Buy Base Asset Volume,Taker Buy Quote Asset volume
1635984000000,0.87400000,0.89860000,0.79850000,0.83250000,39726208.00000000,1636070399999,33667146.46900000,84390,16743208.00000000,14192316.84770000,0
