Open Time,Open,High,Low,Close,Volume,Close Time,Quote Asset Volume,Number of trades,Taker Buy Base Asset Volume,Taker Buy Quote Asset volume
1665014400000,0.08130000,0.08240000,0.08010000,0.08070000,8592197.00000000,1665100799999,699716.93410000,3042,4403103.00000000,359027.30520000,0
