Open Time,Open,High,Low,Close,Volume,Close Time,Quote Asset Volume,Number of trades,Taker Buy Base Asset Volume,Taker Buy Quote Asset volume
1654560000000,0.14880000,0.16490000,0.13910000,0.15260000,52582158.00000000,1654646399999,7966795.92800000,23647,30023353.00000000,4546095.88580000,0
