Open Time,Open,High,Low,Close,Volume,Close Time,Quote Asset Volume,Number of trades,Taker Buy Base Asset Volume,Taker Buy Quote Asset volume
1670889600000,0.09530000,0.09880000,0.08850000,0.09110000,55059843.00000000,1670975999999,5080797.84870000,27721,25776501.00000000,2381741.88030000,0
