Open Time,Open,High,Low,Close,Volume,Close Time,Quote Asset Volume,Number of trades,Taker Buy Base Asset Volume,Taker Buy Quote Asset volume
1653782400000,0.15670000,0.17060000,0.15460000,0.15910000,33868099.00000000,1653868799999,5444881.96840000,18261,18181341.00000000,2923211.20920000,0
