Open Time,Open,High,Low,Close,Volume,Close Time,Quote Asset Volume,Number of trades,Taker Buy Base Asset Volume,Taker Buy Quote Asset volume
1657411200000,0.08180000,0.08210000,0.07660000,0.07700000,32094249.00000000,1657497599999,2543786.08840000,9338,13830344.00000000,1096962.85300000,0
