Open Time,Open,High,Low,Close,Volume,Close Time,Quote Asset Volume,Number of trades,Taker Buy Base Asset Volume,Taker Buy Quote Asset volume
1658448000000,0.08510000,0.08900000,0.08170000,0.08220000,24222428.00000000,1658534399999,2077576.75030000,8112,11715183.00000000,1006168.80910000,0
