Open Time,Open,High,Low,Close,Volume,Close Time,Quote Asset Volume,Number of trades,Taker Buy Base Asset Volume,Taker Buy Quote Asset volume
1646956800000,0.35660000,0.37000000,0.33620000,0.33960000,20317335.00000000,1647043199999,7051548.04600000,29237,10080038.00000000,3505472.17670000,0
