Open Time,Open,High,Low,Close,Volume,Close Time,Quote Asset Volume,Number of trades,Taker Buy Base Asset Volume,Taker Buy Quote Asset volume
1669680000000,0.06120000,0.06390000,0.06070000,0.06220000,22084447.00000000,1669766399999,1377305.12040000,7683,9603073.00000000,599761.77190000,0
