Open Time,Open,High,Low,Close,Volume,Close Time,Quote Asset Volume,Number of trades,Taker Buy Base Asset Volume,Taker Buy Quote Asset volume
1660521600000,0.09940000,0.10500000,0.09540000,0.10030000,30371857.00000000,1660607999999,3038414.39720000,10622,16611705.00000000,1665585.22630000,0
