Open Time,Open,High,Low,Close,Volume,Close Time,Quote Asset Volume,Number of trades,Taker Buy Base Asset Volume,Taker Buy Quote Asset volume
1668902400000,0.05980000,0.06250000,0.05670000,0.05710000,17054734.00000000,1668988799999,1019551.45570000,6771,8157448.00000000,488333.75380000,0
