Open Time,Open,High,Low,Close,Volume,Close Time,Quote Asset Volume,Number of trades,Taker Buy Base Asset Volume,Taker Buy Quote Asset volume
1663459200000,0.08860000,0.08970000,0.08020000,0.08090000,18252825.00000000,1663545599999,1567468.23970000,7161,9806967.00000000,845414.28170000,0
