Open Time,Open,High,Low,Close,Volume,Close Time,Quote Asset Volume,Number of trades,Taker Buy Base Asset Volume,Taker Buy Quote Asset volume
1667001600000,0.08230000,0.08800000,0.08210000,0.08420000,20022535.00000000,1667087999999,1694126.96250000,8754,9856850.00000000,833548.76080000,0
