Open Time,Open,High,Low,Close,Volume,Close Time,Quote Asset Volume,Number of trades,Taker Buy Base Asset Volume,Taker Buy Quote Asset volume
1668816000000,0.06000000,0.06070000,0.05920000,0.05990000,8713345.00000000,1668902399999,521162.99360000,2286,5716021.00000000,342172.56530000,0
