Open Time,Open,High,Low,Close,Volume,Close Time,Quote Asset Volume,Number of trades,Taker Buy Base Asset Volume,Taker Buy Quote Asset volume
1643932800000,0.31470000,0.33750000,0.30950000,0.33690000,12293067.00000000,1644019199999,3973266.31540000,16076,6075398.00000000,1964041.72530000,0
