Open Time,Open,High,Low,Close,Volume,Close Time,Quote Asset Volume,Number of trades,Taker Buy Base Asset Volume,Taker Buy Quote Asset volume
1669507200000,0.06110000,0.06670000,0.06080000,0.06210000,33657218.00000000,1669593599999,2127827.16000000,12063,16166657.00000000,1023877.81150000,0
