Open Time,Open,High,Low,Close,Volume,Close Time,Quote Asset Volume,Number of trades,Taker Buy Base Asset Volume,Taker Buy Quote Asset volume
1655942400000,0.08160000,0.08440000,0.07950000,0.08190000,65262577.00000000,1656028799999,5338073.63930000,16360,36504346.00000000,2987305.43270000,0
