Open Time,Open,High,Low,Close,Volume,Close Time,Quote Asset Volume,Number of trades,Taker Buy Base Asset Volume,Taker Buy Quote Asset volume
1667692800000,0.08870000,0.10170000,0.08780000,0.08870000,42045615.00000000,1667779199999,3966216.78960000,23777,20842126.00000000,1977406.78910000,0
