Open Time,Open,High,Low,Close,Volume,Close Time,Quote Asset Volume,Number of trades,Taker Buy Base Asset Volume,Taker Buy Quote Asset volume
1643760000000,0.32580000,0.33000000,0.30000000,0.30320000,10979077.00000000,1643846399999,3476465.79800000,14758,5383368.00000000,1705910.28570000,0
