Open Time,Open,High,Low,Close,Volume,Close Time,Quote Asset Volume,Number of trades,Taker Buy Base Asset Volume,Taker Buy Quote Asset volume
1652918400000,0.16740000,0.18340000,0.16110000,0.18010000,12374194.00000000,1653004799999,2173957.20840000,8913,6387517.00000000,1125166.89610000,0
