Open Time,Open,High,Low,Close,Volume,Close Time,Quote Asset Volume,Number of trades,Taker Buy Base Asset Volume,Taker Buy Quote Asset volume
1645401600000,0.30650000,0.33440000,0.27460000,0.27580000,21860930.00000000,1645487999999,6703581.23060000,25384,11452440.00000000,3526006.38480000,0
