Open Time,Open,High,Low,Close,Volume,Close Time,Quote Asset Volume,Number of trades,Taker Buy Base Asset Volume,Taker Buy Quote Asset volume
1645920000000,0.27550000,0.28500000,0.25050000,0.26210000,23595576.00000000,1646006399999,6294600.49180000,22924,12853404.00000000,3434707.82500000,0
