Open Time,Open,High,Low,Close,Volume,Close Time,Quote Asset Volume,Number of trades,Taker Buy Base Asset Volume,Taker Buy Quote Asset volume
1644796800000,0.33550000,0.35070000,0.32100000,0.34410000,12064596.00000000,1644883199999,4028361.95640000,17995,6090596.00000000,2032319.62660000,0
