Open Time,Open,High,Low,Close,Volume,Close Time,Quote Asset Volume,Number of trades,Taker Buy Base Asset Volume,Taker Buy Quote Asset volume
1669420800000,0.06210000,0.06450000,0.06040000,0.06090000,22416125.00000000,1669507199999,1396137.74340000,7793,10254678.00000000,638911.87340000,0
