Open Time,Open,High,Low,Close,Volume,Close Time,Quote Asset Volume,Number of trades,Taker Buy Base Asset Volume,Taker Buy Quote Asset volume
1649289600000,0.44790000,0.46670000,0.43410000,0.44910000,15826936.00000000,1649375999999,7107163.79940000,23491,7968111.00000000,3586142.66810000,0
