Open Time,Open,High,Low,Close,Volume,Close Time,Quote Asset Volume,Number of trades,Taker Buy Base Asset Volume,Taker Buy Quote Asset volume
1646870400000,0.35600000,0.36030000,0.31850000,0.35710000,22876216.00000000,1646956799999,7753152.59570000,32790,11536368.00000000,3916312.71160000,0
