Open Time,Open,High,Low,Close,Volume,Close Time,Quote Asset Volume,Number of trades,Taker Buy Base Asset Volume,Taker Buy Quote Asset volume
1671321600000,0.08960000,0.09350000,0.08590000,0.08780000,36708750.00000000,1671407999999,3268159.90640000,22522,17714651.00000000,1581869.63650000,0
