Open Time,Open,High,Low,Close,Volume,Close Time,Quote Asset Volume,Number of trades,Taker Buy Base Asset Volume,Taker Buy Quote Asset volume
1646611200000,0.31570000,0.34010000,0.30520000,0.32400000,54063605.00000000,1646697599999,17688042.66100000,60888,29306671.00000000,9596893.14870000,0
