Open Time,Open,High,Low,Close,Volume,Close Time,Quote Asset Volume,Number of trades,Taker Buy Base Asset Volume,Taker Buy Quote Asset volume
1656201600000,0.08860000,0.09460000,0.08190000,0.08240000,57245485.00000000,1656287999999,5166391.01960000,16656,27184921.00000000,2456423.32570000,0
