Open Time,Open,High,Low,Close,Volume,Close Time,Quote Asset Volume,Number of trades,Taker Buy Base Asset Volume,Taker Buy Quote Asset volume
1663372800000,0.08650000,0.09130000,0.08650000,0.08880000,11600070.00000000,1663459199999,1032990.39810000,4380,5952615.00000000,530431.81290000,0
