Open Time,Open,High,Low,Close,Volume,Close Time,Quote Asset Volume,Number of trades,Taker Buy Base Asset Volume,Taker Buy Quote Asset volume
1647129600000,0.33720000,0.34540000,0.31390000,0.31530000,14133368.00000000,1647215999999,4696259.15120000,19204,6619853.00000000,2206503.78890000,0
