Open Time,Open,High,Low,Close,Volume,Close Time,Quote Asset Volume,Number of trades,Taker Buy Base Asset Volume,Taker Buy Quote Asset volume
1672012800000,0.09520000,0.10580000,0.09370000,0.09920000,71237952.00000000,1672099199999,7178807.16310000,39238,33693928.00000000,3401767.58930000,0
