Open Time,Open,High,Low,Close,Volume,Close Time,Quote Asset Volume,Number of trades,Taker Buy Base Asset Volume,Taker Buy Quote Asset volume
1652659200000,0.18100000,0.18750000,0.16710000,0.18390000,14629350.00000000,1652745599999,2610131.03910000,9380,8663409.00000000,1551766.36640000,0
