Open Time,Open,High,Low,Close,Volume,Close Time,Quote Asset Volume,Number of trades,Taker Buy Base Asset Volume,Taker Buy Quote Asset volume
1671580800000,0.08570000,0.09680000,0.08170000,0.09340000,82682511.00000000,1671667199999,7466237.22900000,46785,40602271.00000000,3670314.42360000,0
