Open Time,Open,High,Low,Close,Volume,Close Time,Quote Asset Volume,Number of trades,Taker Buy Base Asset Volume,Taker Buy Quote Asset volume
1646784000000,0.32020000,0.37340000,0.31770000,0.35640000,37588865.00000000,1646870399999,13107684.29770000,45909,20459662.00000000,7137519.08220000,0
