Open Time,Open,High,Low,Close,Volume,Close Time,Quote Asset Volume,Number of trades,Taker Buy Base Asset Volume,Taker Buy Quote Asset volume
1672185600000,0.09790000,0.10320000,0.09320000,0.09600000,50517394.00000000,1672271999999,4989367.68550000,27238,23955760.00000000,2368425.29520000,0
