Open Time,Open,High,Low,Close,Volume,Close Time,Quote Asset Volume,Number of trades,Taker Buy Base Asset Volume,Taker Buy Quote Asset volume
1672358400000,0.09250000,0.09600000,0.08900000,0.09370000,23293107.00000000,1672444799999,2146393.26500000,15236,11716720.00000000,1081297.38010000,0
