Open Time,Open,High,Low,Close,Volume,Close Time,Quote Asset Volume,Number of trades,Taker Buy Base Asset Volume,Taker Buy Quote Asset volume
1653868800000,0.15910000,0.17430000,0.15800000,0.16730000,18871166.00000000,1653955199999,3164472.89790000,13962,9587260.00000000,1608872.92470000,0
