Open Time,Open,High,Low,Close,Volume,Close Time,Quote Asset Volume,Number of trades,Taker Buy Base Asset Volume,Taker Buy Quote Asset volume
1662076800000,0.08180000,0.08560000,0.07940000,0.08080000,20270653.00000000,1662163199999,1676387.66980000,4141,9212149.00000000,759251.46900000,0
