Open Time,Open,High,Low,Close,Volume,Close Time,Quote Asset Volume,Number of trades,Taker Buy Base Asset Volume,Taker Buy Quote Asset volume
1658275200000,0.08760000,0.09340000,0.07970000,0.08350000,68639045.00000000,1658361599999,5975652.15870000,19965,30477816.00000000,2658363.88350000,0
