Open Time,Open,High,Low,Close,Volume,Close Time,Quote Asset Volume,Number of trades,Taker Buy Base Asset Volume,Taker Buy Quote Asset volume
1651968000000,0.25700000,0.26630000,0.24120000,0.24280000,9210083.00000000,1652054399999,2332493.78820000,7830,4698981.00000000,1195963.57520000,0
