Open Time,Open,High,Low,Close,Volume,Close Time,Quote Asset Volume,Number of trades,Taker Buy Base Asset Volume,Taker Buy Quote Asset volume
1654041600000,0.16950000,0.17390000,0.15000000,0.15310000,20039357.00000000,1654127999999,3254668.65870000,10247,12267631.00000000,1995034.46160000,0
