Open Time,Open,High,Low,Close,Volume,Close Time,Quote Asset Volume,Number of trades,Taker Buy Base Asset Volume,Taker Buy Quote Asset volume
1664496000000,0.08290000,0.08410000,0.08120000,0.08270000,15641284.00000000,1664582399999,1293459.61470000,5202,7753713.00000000,641680.41670000,0
