Open Time,Open,High,Low,Close,Volume,Close Time,Quote Asset Volume,Number of trades,Taker Buy Base Asset Volume,Taker Buy Quote Asset volume
1656547200000,0.07690000,0.07700000,0.06880000,0.07460000,27925702.00000000,1656633599999,2002975.99120000,9124,12552548.00000000,900910.00100000,0
