Open Time,Open,High,Low,Close,Volume,Close Time,Quote Asset Volume,Number of trades,Taker Buy Base Asset Volume,Taker Buy Quote Asset volume
1656028800000,0.08180000,0.09130000,0.08180000,0.09000000,68706183.00000000,1656115199999,5902070.36880000,18872,32455758.00000000,2793668.33020000,0
