Open Time,Open,High,Low,Close,Volume,Close Time,Quote Asset Volume,Number of trades,Taker Buy Base Asset Volume,Taker Buy Quote Asset volume
1666224000000,0.08130000,0.08210000,0.07900000,0.08070000,8966665.00000000,1666310399999,724114.02490000,4588,4077394.00000000,329468.47650000,0
