Open Time,Open,High,Low,Close,Volume,Close Time,Quote Asset Volume,Number of trades,Taker Buy Base Asset Volume,Taker Buy Quote Asset volume
1663891200000,0.08280000,0.08790000,0.08190000,0.08520000,24182267.00000000,1663977599999,2046566.05060000,9264,11786194.00000000,998854.71310000,0
