Open Time,Open,High,Low,Close,Volume,Close Time,Quote Asset Volume,Number of trades,Taker Buy Base Asset Volume,Taker Buy Quote Asset volume
1643673600000,0.32040000,0.33570000,0.31790000,0.32560000,10283079.00000000,1643759999999,3338158.44860000,11701,5099872.00000000,1657989.79940000,0
