Open Time,Open,High,Low,Close,Volume,Close Time,Quote Asset Volume,Number of trades,Taker Buy Base Asset Volume,Taker Buy Quote Asset volume
1657238400000,0.08140000,0.08350000,0.07610000,0.07890000,31457006.00000000,1657324799999,2481827.52060000,9439,14762162.00000000,1164235.09830000,0
