Open Time,Open,High,Low,Close,Volume,Close Time,Quote Asset Volume,Number of trades,Taker Buy Base Asset Volume,Taker Buy Quote Asset volume
1643328000000,0.31310000,0.32060000,0.29930000,0.31540000,9701091.00000000,1643414399999,3000019.16050000,9712,4663972.00000000,1444210.26400000,0
