Open Time,Open,High,Low,Close,Volume,Close Time,Quote Asset Volume,Number of trades,Taker Buy Base Asset Volume,Taker Buy Quote Asset volume
1646438400000,0.30930000,0.35810000,0.30130000,0.34300000,41220617.00000000,1646524799999,13784394.75480000,48801,22740266.00000000,7625758.30170000,0
