Open Time,Open,High,Low,Close,Volume,Close Time,Quote Asset Volume,Number of trades,Taker Buy Base Asset Volume,Taker Buy Quote Asset volume
1649635200000,0.37500000,0.37910000,0.33370000,0.33650000,25429787.00000000,1649721599999,8972100.89470000,33599,11966169.00000000,4219795.06280000,0
