Open Time,Open,High,Low,Close,Volume,Close Time,Quote Asset Volume,Number of trades,Taker Buy Base Asset Volume,Taker Buy Quote Asset volume
1667865600000,0.08780000,0.08920000,0.07150000,0.07710000,33889339.00000000,1667951999999,2738302.24000000,14959,16690119.00000000,1346869.67590000,0
