Open Time,Open,High,Low,Close,Volume,Close Time,Quote Asset Volume,Number of trades,Taker Buy Base Asset Volume,Taker Buy Quote Asset volume
1664582400000,0.08270000,0.08350000,0.08100000,0.08100000,6934414.00000000,1664668799999,569991.58660000,3782,3090479.00000000,254169.52930000,0
