Open Time,Open,High,Low,Close,Volume,Close Time,Quote Asset Volume,Number of trades,Taker Buy Base Asset Volume,Taker Buy Quote Asset volume
1663027200000,0.09120000,0.09200000,0.08410000,0.08630000,23802395.00000000,1663113599999,2110229.25650000,8996,9656543.00000000,854622.80500000,0
