Open Time,Open,High,Low,Close,Volume,Close Time,Quote Asset Volume,Number of trades,Taker Buy Base Asset Volume,Taker Buy Quote Asset volume
1648857600000,0.47690000,0.49160000,0.45890000,0.45990000,18116731.00000000,1648943999999,8671544.52700000,24121,9773288.00000000,4681022.27370000,0
