Open Time,Open,High,Low,Close,Volume,Close Time,Quote Asset Volume,Number of trades,Taker Buy Base Asset Volume,Taker Buy Quote Asset volume
1666396800000,0.08050000,0.08320000,0.08030000,0.08130000,12369622.00000000,1666483199999,1009878.96260000,4559,6697938.00000000,546615.20090000,0
