Open Time,Open,High,Low,Close,Volume,Close Time,Quote Asset Volume,Number of trades,Taker Buy Base Asset Volume,Taker Buy Quote Asset volume
1660867200000,0.09440000,0.09440000,0.08320000,0.08420000,31487627.00000000,1660953599999,2728567.58110000,11346,15184730.00000000,1312087.31590000,0
