Open Time,Open,High,Low,Close,Volume,Close Time,Quote Asset Volume,Number of trades,Taker Buy Base Asset Volume,Taker Buy Quote Asset volume
1666137600000,0.08450000,0.08540000,0.08120000,0.08130000,11717581.00000000,1666223999999,974935.62270000,5262,5436146.00000000,453427.34550000,0
