Open Time,Open,High,Low,Close,Volume,Close Time,Quote Asset Volume,Number of trades,Taker Buy Base Asset Volume,Taker Buy Quote Asset volume
1671062400000,0.09960000,0.10560000,0.09560000,0.10280000,70075823.00000000,1671148799999,7004159.71240000,38659,32708437.00000000,3272895.67760000,0
