Open Time,Open,High,Low,Close,Volume,Close Time,Quote Asset Volume,Number of trades,Taker Buy Base Asset Volume,Taker Buy Quote Asset volume
1642377600000,0.48340000,0.48400000,0.44940000,0.46350000,12756153.00000000,1642463999999,5952913.22010000,18689,6421416.00000000,3000973.21210000,0
