Open Time,Open,High,Low,Close,Volume,Close Time,Quote Asset Volume,Number of trades,Taker Buy Base Asset Volume,Taker Buy Quote Asset volume
1660348800000,0.10370000,0.10570000,0.10010000,0.10050000,25713901.00000000,1660435199999,2650347.35350000,9870,12290086.00000000,1268824.77750000,0
