Open Time,Open,High,Low,Close,Volume,Close Time,Quote Asset Volume,Number of trades,Taker Buy Base Asset Volume,Taker Buy Quote Asset volume
1642291200000,0.49660000,0.50840000,0.47870000,0.48340000,12952652.00000000,1642377599999,6398038.34560000,20170,6374121.00000000,3156991.40910000,0
