Open Time,Open,High,Low,Close,Volume,Close Time,Quote Asset Volume,Number of trades,Taker Buy Base Asset Volume,Taker Buy Quote Asset volume
1652745600000,0.18430000,0.20080000,0.17800000,0.18980000,19450188.00000000,1652831999999,3670901.63880000,12599,11254597.00000000,2124878.32930000,0
