Open Time,Open,High,Low,Close,Volume,Close Time,Quote Asset Volume,Number of trades,Taker Buy Base Asset Volume,Taker Buy Quote Asset volume
1658966400000,0.08120000,0.09260000,0.07970000,0.08710000,43735884.00000000,1659052799999,3723860.03200000,16124,24902768.00000000,2129952.82090000,0
