Open Time,Open,High,Low,Close,Volume,Close Time,Quote Asset Volume,Number of trades,Taker Buy Base Asset Volume,Taker Buy Quote Asset volume
1656115200000,0.09000000,0.09570000,0.08640000,0.08870000,79057335.00000000,1656201599999,7149922.26370000,20732,37798082.00000000,3423409.29600000,0
