Open Time,Open,High,Low,Close,Volume,Close Time,Quote Asset Volume,Number of trades,Taker Buy Base Asset Volume,Taker Buy Quote Asset volume
1653955200000,0.16700000,0.17450000,0.16200000,0.16940000,19393055.00000000,1654041599999,3277233.89100000,11939,10655699.00000000,1805909.64440000,0
