Open Time,Open,High,Low,Close,Volume,Close Time,Quote Asset Volume,Number of trades,Taker Buy Base Asset Volume,Taker Buy Quote Asset volume
1648598400000,0.47060000,0.48000000,0.45020000,0.47060000,18331681.00000000,1648684799999,8560554.33520000,34374,9214235.00000000,4303448.23380000,0
