Open Time,Open,High,Low,Close,Volume,Close Time,Quote Asset Volume,Number of trades,Taker Buy Base Asset Volume,Taker Buy Quote Asset volume
1661731200000,0.07770000,0.08480000,0.07760000,0.08430000,11885250.00000000,1661817599999,970374.97770000,4191,7023994.00000000,574669.33280000,0
