Open Time,Open,High,Low,Close,Volume,Close Time,Quote Asset Volume,Number of trades,Taker Buy Base Asset Volume,Taker Buy Quote Asset volume
1653091200000,0.16760000,0.17380000,0.16470000,0.17320000,4734782.00000000,1653177599999,802123.37090000,3682,2177826.00000000,369145.84430000,0
