Open Time,Open,High,Low,Close,Volume,Close Time,Quote Asset Volume,Number of trades,Taker Buy Base Asset Volume,Taker Buy Quote Asset volume
1640995200000,0.50220000,0.52730000,0.50080000,0.52310000,24396149.00000000,1641081599999,12477443.47730000,29089,17728955.00000000,9063580.73450000,0
