Open Time,Open,High,Low,Close,Volume,Close Time,Quote Asset Volume,Number of trades,Taker Buy Base Asset Volume,Taker Buy Quote Asset volume
1661817600000,0.08440000,0.08550000,0.07860000,0.08010000,13446029.00000000,1661903999999,1102412.58690000,4676,6235951.00000000,511035.58040000,0
