Open Time,Open,High,Low,Close,Volume,Close Time,Quote Asset Volume,Number of trades,Taker Buy Base Asset Volume,Taker Buy Quote Asset volume
1647820800000,0.32740000,0.34500000,0.32210000,0.34010000,14381772.00000000,1647907199999,4853889.58130000,15793,9427802.00000000,3185926.18410000,0
