Open Time,Open,High,Low,Close,Volume,Close Time,Quote Asset Volume,Number of trades,Taker Buy Base Asset Volume,Taker Buy Quote Asset volume
1645660800000,0.27190000,0.27460000,0.22550000,0.26100000,27228849.00000000,1645747199999,6673754.85091100,32214,12724474.00000000,3119523.01240000,0
