Open Time,Open,High,Low,Close,Volume,Close Time,Quote Asset Volume,Number of trades,Taker Buy Base Asset Volume,Taker Buy Quote Asset volume
1669248000000,0.06400000,0.07000000,0.06050000,0.06290000,69447673.00000000,1669334399999,4449684.56180000,25314,31644211.00000000,2029753.13200000,0
