Open Time,Open,High,Low,Close,Volume,Close Time,Quote Asset Volume,Number of trades,Taker Buy Base Asset Volume,Taker Buy Quote Asset volume
1657929600000,0.07670000,0.08260000,0.07610000,0.08120000,58103589.00000000,1658015999999,4680900.09820000,15003,28595875.00000000,2305343.41560000,0
