Open Time,Open,High,Low,Close,Volume,Close Time,Quote Asset Volume,Number of trades,Taker Buy Base Asset Volume,Taker Buy Quote Asset volume
1668556800000,0.06260000,0.06420000,0.05960000,0.06080000,8452289.00000000,1668643199999,521814.04860000,4350,3822651.00000000,235732.04800000,0
