Open Time,Open,High,Low,Close,Volume,Close Time,Quote Asset Volume,Number of trades,Taker Buy Base Asset Volume,Taker Buy Quote Asset volume
1642550400000,0.47220000,0.48750000,0.44020000,0.46340000,16189758.00000000,1642636799999,7539645.07490000,25895,8194442.00000000,3824457.73500000,0
