Open Time,Open,High,Low,Close,Volume,Close Time,Quote Asset Volume,Number of trades,Taker Buy Base Asset Volume,Taker Buy Quote Asset volume
1647993600000,0.37510000,0.46000000,0.35830000,0.39880000,86164178.00000000,1648079999999,35124512.83440000,131530,44848449.00000000,18319966.40510000,0
