Open Time,Open,High,Low,Close,Volume,Close Time,Quote Asset Volume,Number of trades,Taker Buy Base Asset Volume,Taker Buy Quote Asset volume
1641513600000,0.54510000,0.54710000,0.49430000,0.49510000,23951142.00000000,1641599999999,12371735.38210000,42142,11611175.00000000,6006165.36870000,0
