Open Time,Open,High,Low,Close,Volume,Close Time,Quote Asset Volume,Number of trades,Taker Buy Base Asset Volume,Taker Buy Quote Asset volume
1666310400000,0.08070000,0.08230000,0.07740000,0.08050000,13701725.00000000,1666396799999,1102484.28650000,5656,6605925.00000000,533690.25850000,0
