Open Time,Open,High,Low,Close,Volume,Close Time,Quote Asset Volume,Number of trades,Taker Buy Base Asset Volume,Taker Buy Quote Asset volume
1655424000000,0.08280000,0.08480000,0.07610000,0.08000000,83889930.00000000,1655510399999,6725769.98920000,23189,48008624.00000000,3845787.78420000,0
