Open Time,Open,High,Low,Close,Volume,Close Time,Quote Asset Volume,Number of trades,Taker Buy Base Asset Volume,Taker Buy Quote Asset volume
1667088000000,0.08410000,0.08650000,0.08300000,0.08400000,12976706.00000000,1667174399999,1100621.55540000,7261,6870890.00000000,583217.51690000,0
