Open Time,Open,High,Low,Close,Volume,Close Time,Quote Asset Volume,Number of trades,Taker Buy Base Asset Volume,Taker Buy Quote Asset volume
1643500800000,0.31620000,0.33000000,0.30160000,0.31070000,11421492.00000000,1643587199999,3600997.77030000,11636,5737725.00000000,1811596.46690000,0
