Open Time,Open,High,Low,Close,Volume,Close Time,Quote Asset Volume,Number of trades,Taker Buy Base Asset Volume,Taker Buy Quote Asset volume
1668124800000,0.06880000,0.06910000,0.06210000,0.06490000,19934431.00000000,1668211199999,1301153.46590000,7999,9997284.00000000,651881.40490000,0
