Open Time,Open,High,Low,Close,Volume,Close Time,Quote Asset Volume,Number of trades,Taker Buy Base Asset Volume,Taker Buy Quote Asset volume
1657756800000,0.07410000,0.08090000,0.07370000,0.07690000,41818131.00000000,1657843199999,3184758.32690000,12141,19808117.00000000,1510935.44100000,0
