Open Time,Open,High,Low,Close,Volume,Close Time,Quote Asset Volume,Number of trades,Taker Buy Base Asset Volume,Taker Buy Quote Asset volume
1646092800000,0.28380000,0.40900000,0.28050000,0.36570000,87248463.00000000,1646179199999,30681512.41510000,125954,45339678.00000000,15896038.91120000,0
