Open Time,Open,High,Low,Close,Volume,Close Time,Quote Asset Volume,Number of trades,Taker Buy Base Asset Volume,Taker Buy Quote Asset volume
1666828800000,0.08170000,0.08450000,0.08050000,0.08100000,14770717.00000000,1666915199999,1220325.82810000,7138,6297019.00000000,520336.99190000,0
