Open Time,Open,High,Low,Close,Volume,Close Time,Quote Asset Volume,Number of trades,Taker Buy Base Asset Volume,Taker Buy Quote Asset volume
1667520000000,0.08720000,0.09300000,0.08620000,0.09050000,34510803.00000000,1667606399999,3085412.62720000,14147,19671672.00000000,1761467.53940000,0
