Open Time,Open,High,Low,Close,Volume,Close Time,Quote Asset Volume,Number of trades,Taker Buy Base Asset Volume,Taker Buy Quote Asset volume
1671840000000,0.09020000,0.09560000,0.08940000,0.09330000,22335376.00000000,1671926399999,2064715.57940000,12946,10652935.00000000,984777.98240000,0
