Open Time,Open,High,Low,Close,Volume,Close Time,Quote Asset Volume,Number of trades,Taker Buy Base Asset Volume,Taker Buy Quote Asset volume
1647043200000,0.33960000,0.35600000,0.33230000,0.33710000,12845302.00000000,1647129599999,4403779.97440000,18149,7057352.00000000,2420241.34120000,0
