Open Time,Open,High,Low,Close,Volume,Close Time,Quote Asset Volume,Number of trades,Taker Buy Base Asset Volume,Taker Buy Quote Asset volume
1662508800000,0.07700000,0.10450000,0.07560000,0.09720000,261655481.00000000,1662595199999,24713182.26780000,87882,141688909.00000000,13344265.31920000,0
