Open Time,Open,High,Low,Close,Volume,Close Time,Quote Asset Volume,Number of trades,Taker Buy Base Asset Volume,Taker Buy Quote Asset volume
1659398400000,0.09480000,0.09730000,0.09100000,0.09250000,37855046.00000000,1659484799999,3563870.89400000,15692,19856051.00000000,1872178.01320000,0
