Open Time,Open,High,Low,Close,Volume,Close Time,Quote Asset Volume,Number of trades,Taker Buy Base Asset Volume,Taker Buy Quote Asset volume
1655683200000,0.07910000,0.08280000,0.07430000,0.08010000,49345642.00000000,1655769599999,3890220.60270000,11965,28086390.00000000,2217441.24990000,0
