Open Time,Open,High,Low,Close,Volume,Close Time,Quote Asset Volume,Number of trades,Taker Buy Base Asset Volume,Taker Buy Quote Asset volume
1653696000000,0.13970000,0.16800000,0.13850000,0.15670000,45324657.00000000,1653782399999,6981353.35180000,21315,27325222.00000000,4178275.54380000,0
