Open Time,Open,High,Low,Close,Volume,Close Time,Quote Asset Volume,Number of trades,Taker Buy Base Asset Volume,Taker Buy Quote Asset volume
1656288000000,0.08230000,0.08600000,0.07850000,0.08230000,66400078.00000000,1656374399999,5492875.07940000,17143,34714257.00000000,2873540.58860000,0
