Open Time,Open,High,Low,Close,Volume,Close Time,Quote Asset Volume,Number of trades,Taker Buy Base Asset Volume,Taker Buy Quote Asset volume
1662940800000,0.09490000,0.09870000,0.08930000,0.09120000,29241549.00000000,1663027199999,2726886.85240000,11360,13581033.00000000,1264345.63700000,0
