Open Time,Open,High,Low,Close,Volume,Close Time,Quote Asset Volume,Number of trades,Taker Buy Base Asset Volume,Taker Buy Quote Asset volume
1666742400000,0.08170000,0.08390000,0.08130000,0.08180000,11614604.00000000,1666828799999,957433.84290000,6038,5172578.00000000,427210.65910000,0
