Open Time,Open,High,Low,Close,Volume,Close Time,Quote Asset Volume,Number of trades,Taker Buy Base Asset Volume,Taker Buy Quote Asset volume
1642723200000,0.46030000,0.47490000,0.36670000,0.37710000,32875687.10000000,1642809599999,13714822.92724000,49130,15684818.10000000,6542295.43320000,0
