Open Time,Open,High,Low,Close,Volume,Close Time,Quote Asset Volume,Number of trades,Taker Buy Base Asset Volume,Taker Buy Quote Asset volume
1657065600000,0.07410000,0.07880000,0.07310000,0.07550000,29238615.00000000,1657151999999,2202504.45560000,7607,14771906.00000000,1113982.75560000,0
