Open Time,Open,High,Low,Close,Volume,Close Time,Quote Asset Volume,Number of trades,Taker Buy Base Asset Volume,Taker Buy Quote Asset volume
1649721600000,0.33650000,0.37240000,0.33040000,0.34580000,26837744.00000000,1649807999999,9360430.61430000,40034,13771314.00000000,4810544.97930000,0
