Open Time,Open,High,Low,Close,Volume,Close Time,Quote Asset Volume,Number of trades,Taker Buy Base Asset Volume,Taker Buy Quote Asset volume
1651363200000,0.25830000,0.27440000,0.25110000,0.27040000,10952340.00000000,1651449599999,2893062.45450000,11161,5995382.00000000,1588654.49380000,0
