Open Time,Open,High,Low,Close,Volume,Close Time,Quote Asset Volume,Number of trades,Taker Buy Base Asset Volume,Taker Buy Quote Asset volume
1642118400000,0.48590000,0.50930000,0.46820000,0.50540000,15192042.00000000,1642204799999,7451024.58220000,23939,7493128.00000000,3676160.21490000,0
