Open Time,Open,High,Low,Close,Volume,Close Time,Quote Asset Volume,Number of trades,Taker Buy Base Asset Volume,Taker Buy Quote Asset volume
1650153600000,0.33540000,0.35350000,0.32740000,0.32860000,19262400.00000000,1650239999999,6587694.77780000,15781,12599723.00000000,4317835.95760000,0
