Open Time,Open,High,Low,Close,Volume,Close Time,Quote Asset Volume,Number of trades,Taker Buy Base Asset Volume,Taker Buy Quote Asset volume
1645574400000,0.29210000,0.30240000,0.27130000,0.27170000,10543825.00000000,1645660799999,3033311.09090000,14027,5211620.00000000,1501142.96280000,0
