Open Time,Open,High,Low,Close,Volume,Close Time,Quote Asset Volume,Number of trades,Taker Buy Base Asset Volume,Taker Buy Quote Asset volume
1641600000000,0.49590000,0.52820000,0.45490000,0.47370000,18001040.00000000,1641686399999,8833586.93490000,31523,8559681.00000000,4202115.41140000,0
