Open Time,Open,High,Low,Close,Volume,Close Time,Quote Asset Volume,Number of trades,Taker Buy Base Asset Volume,Taker Buy Quote Asset volume
1650931200000,0.33560000,0.34600000,0.29780000,0.30330000,17403989.00000000,1651017599999,5613973.34610000,21590,7907698.00000000,2546824.31280000,0
