Open Time,Open,High,Low,Close,Volume,Close Time,Quote Asset Volume,Number of trades,Taker Buy Base Asset Volume,Taker Buy Quote Asset volume
1648512000000,0.43000000,0.49600000,0.42930000,0.47060000,27954406.00000000,1648598399999,13084657.81980000,49860,14264791.00000000,6670293.83210000,0
