Open Time,Open,High,Low,Close,Volume,Close Time,Quote Asset Volume,Number of trades,Taker Buy Base Asset Volume,Taker Buy Quote Asset volume
1641686400000,0.47370000,0.48890000,0.44970000,0.46480000,14931859.00000000,1641772799999,7040589.89540000,22392,6917165.00000000,3266471.09700000,0
