Open Time,Open,High,Low,Close,Volume,Close Time,Quote Asset Volume,Number of trades,Taker Buy Base Asset Volume,Taker Buy Quote Asset volume
1656633600000,0.07450000,0.07820000,0.07270000,0.07390000,21977725.00000000,1656719999999,1643337.98310000,8253,10053883.00000000,752554.75650000,0
