Open Time,Open,High,Low,Close,Volume,Close Time,Quote Asset Volume,Number of trades,Taker Buy Base Asset Volume,Taker Buy Quote Asset volume
1652486400000,0.15900000,0.18840000,0.14520000,0.17240000,20778876.00000000,1652572799999,3421220.82090000,14702,9526060.00000000,1564487.36050000,0
