Open Time,Open,High,Low,Close,Volume,Close Time,Quote Asset Volume,Number of trades,Taker Buy Base Asset Volume,Taker Buy Quote Asset volume
1664841600000,0.08080000,0.08300000,0.08020000,0.08230000,9947524.00000000,1664927999999,811431.74700000,4016,4395568.00000000,358995.77190000,0
