Open Time,Open,High,Low,Close,Volume,Close Time,Quote Asset Volume,Number of trades,Taker Buy Base Asset Volume,Taker Buy Quote Asset volume
1659657600000,0.09640000,0.10150000,0.09640000,0.10080000,32523050.00000000,1659743999999,3220426.33620000,13685,18643495.00000000,1846919.48400000,0
