Open Time,Open,High,Low,Close,Volume,Close Time,Quote Asset Volume,Number of trades,Taker Buy Base Asset Volume,Taker Buy Quote Asset volume
1645056000000,0.37230000,0.37730000,0.32920000,0.33390000,17048845.00000000,1645142399999,5904241.50810000,25997,9720634.00000000,3354856.14770000,0
