Open Time,Open,High,Low,Close,Volume,Close Time,Quote Asset Volume,Number of trades,Taker Buy Base Asset Volume,Taker Buy Quote Asset volume
1646352000000,0.32120000,0.36480000,0.30770000,0.30920000,67123523.00000000,1646438399999,23127770.49930000,85424,35519825.00000000,12277865.39940000,0
