Open Time,Open,High,Low,Close,Volume,Close Time,Quote Asset Volume,Number of trades,Taker Buy Base Asset Volume,Taker Buy Quote Asset volume
1648252800000,0.40520000,0.43420000,0.39790000,0.43190000,14680963.00000000,1648339199999,6145855.24730000,25894,8069448.00000000,3384613.89880000,0
