Open Time,Open,High,Low,Close,Volume,Close Time,Quote Asset Volume,Number of trades,Taker Buy Base Asset Volume,Taker Buy Quote Asset volume
1645488000000,0.27570000,0.29750000,0.25970000,0.29240000,17581461.80000000,1645574399999,4918183.80387400,20618,9278414.00000000,2607476.26630000,0
