Open Time,Open,High,Low,Close,Volume,Close Time,Quote Asset Volume,Number of trades,Taker Buy Base Asset Volume,Taker Buy Quote Asset volume
1655856000000,0.08140000,0.08800000,0.07890000,0.08140000,51972525.00000000,1655942399999,4346579.35480000,14687,27622056.00000000,2314003.14590000,0
