Open Time,Open,High,Low,Close,Volume,Close Time,Quote Asset Volume,Number of trades,Taker Buy Base Asset Volume,Taker Buy Quote Asset volume
1663977600000,0.08520000,0.08600000,0.08190000,0.08230000,15336287.00000000,1664063999999,1285467.52750000,5041,7695994.00000000,644189.21830000,0
