Open Time,Open,High,Low,Close,Volume,Close Time,Quote Asset Volume,Number of trades,Taker Buy Base Asset Volume,Taker Buy Quote Asset volume
1660953600000,0.08420000,0.08840000,0.08220000,0.08530000,20382038.00000000,1661039999999,1739482.75690000,5624,13173318.00000000,1123845.30810000,0
