Open Time,Open,High,Low,Close,Volume,Close Time,Quote Asset Volume,Number of trades,Taker Buy Base Asset Volume,Taker Buy Quote Asset volume
1656720000000,0.07390000,0.08310000,0.07230000,0.07620000,31759053.00000000,1656806399999,2438720.40020000,9039,15730835.00000000,1208185.32760000,0
