Open Time,Open,High,Low,Close,Volume,Close Time,Quote Asset Volume,Number of trades,Taker Buy Base Asset Volume,Taker Buy Quote Asset volume
1661990400000,0.08120000,0.08240000,0.07920000,0.08190000,14578835.00000000,1662076799999,1179904.63700000,3452,8455902.00000000,685455.41390000,0
