Open Time,Open,High,Low,Close,Volume,Close Time,Quote Asset Volume,Number of trades,Taker Buy Base Asset Volume,Taker Buy Quote Asset volume
1670284800000,0.06830000,0.07930000,0.06730000,0.06990000,111062825.00000000,1670371199999,8092895.77240000,47200,54661921.00000000,3991326.08510000,0
