Open Time,Open,High,Low,Close,Volume,Close Time,Quote Asset Volume,Number of trades,Taker Buy Base Asset Volume,Taker Buy Quote Asset volume
1655510400000,0.08000000,0.09100000,0.06620000,0.07500000,103778997.00000000,1655596799999,8163775.32480000,29456,51868023.00000000,4118995.13920000,0
