Open Time,Open,High,Low,Close,Volume,Close Time,Quote Asset Volume,Number of trades,Taker Buy Base Asset Volume,Taker Buy Quote Asset volume
1657497600000,0.07700000,0.07740000,0.07170000,0.07200000,18220451.00000000,1657583999999,1367318.73160000,6059,8925569.00000000,670742.72350000,0
