Open Time,Open,High,Low,Close,Volume,Close Time,Quote Asset Volume,Number of trades,Taker Buy Base Asset Volume,Taker Buy Quote Asset volume
1643241600000,0.31620000,0.32760000,0.29770000,0.31380000,10331634.00000000,1643327999999,3209577.78780000,10957,5043870.00000000,1565626.42340000,0
