Open Time,Open,High,Low,Close,Volume,Close Time,Quote Asset Volume,Number of trades,Taker Buy Base Asset Volume,Taker Buy Quote Asset volume
1649894400000,0.35180000,0.35770000,0.32690000,0.33190000,33349093.00000000,1649980799999,11435846.11420000,28772,18524389.00000000,6356732.37250000,0
