Open Time,Open,High,Low,Close,Volume,Close Time,Quote Asset Volume,Number of trades,Taker Buy Base Asset Volume,Taker Buy Quote Asset volume
1653436800000,0.16350000,0.16610000,0.15720000,0.15920000,5605866.00000000,1653523199999,904323.74810000,4615,2624384.00000000,423727.80910000,0
