Open Time,Open,High,Low,Close,Volume,Close Time,Quote Asset Volume,Number of trades,Taker Buy Base Asset Volume,Taker Buy Quote Asset volume
1660694400000,0.10750000,0.11330000,0.09850000,0.10190000,42869023.00000000,1660780799999,4486072.21280000,15580,19367277.00000000,2032920.61810000,0
