Open Time,Open,High,Low,Close,Volume,Close Time,Quote Asset Volume,Number of trades,Taker Buy Base Asset Volume,Taker Buy Quote Asset volume
1656374400000,0.08220000,0.08470000,0.07540000,0.07610000,38182491.00000000,1656460799999,3072626.48310000,10587,17002666.00000000,1369260.34270000,0
