Open Time,Open,High,Low,Close,Volume,Close Time,Quote Asset Volume,Number of trades,Taker Buy Base Asset Volume,Taker Buy Quote Asset volume
1669161600000,0.05690000,0.07770000,0.05630000,0.06410000,156575234.00000000,1669247999999,10654802.38400000,65915,75817285.00000000,5187364.97980000,0
