Open Time,Open,High,Low,Close,Volume,Close Time,Quote Asset Volume,Number of trades,Taker Buy Base Asset Volume,Taker Buy Quote Asset volume
1648080000000,0.39850000,0.45430000,0.39580000,0.44010000,73003823.00000000,1648166399999,31545244.95240000,122532,38131136.00000000,16482475.28160000,0
