Open Time,Open,High,Low,Close,Volume,Close Time,Quote Asset Volume,Number of trades,Taker Buy Base Asset Volume,Taker Buy Quote Asset volume
1670544000000,0.08890000,0.13130000,0.08870000,0.12020000,518207141.00000000,1670630399999,57725035.04360000,263571,269439056.00000000,30034853.64300000,0
