Open Time,Open,High,Low,Close,Volume,Close Time,Quote Asset Volume,Number of trades,Taker Buy Base Asset Volume,Taker Buy Quote Asset volume
1645747200000,0.26060000,0.28630000,0.25690000,0.27870000,22650644.00000000,1645833599999,6137187.21260000,26842,11735410.00000000,3185958.02500000,0
