Open Time,Open,High,Low,Close,Volume,Close Time,Quote Asset Volume,Number of trades,Taker Buy Base Asset Volume,Taker Buy Quote Asset volume
1658793600000,0.07650000,0.07680000,0.07340000,0.07630000,14493869.00000000,1658879999999,1088306.83650000,4998,7246279.00000000,545086.91630000,0
