Open Time,Open,High,Low,Close,Volume,Close Time,Quote Asset Volume,Number of trades,Taker Buy Base Asset Volume,Taker Buy Quote Asset volume
1668729600000,0.06010000,0.06180000,0.05940000,0.06000000,8782934.00000000,1668815999999,528949.06960000,3278,5409467.00000000,325387.04530000,0
