Open Time,Open,High,Low,Close,Volume,Close Time,Quote Asset Volume,Number of trades,Taker Buy Base Asset Volume,Taker Buy Quote Asset volume
1648684800000,0.47060000,0.48350000,0.44030000,0.45600000,16289448.00000000,1648771199999,7552993.30080000,30165,8073376.00000000,3753489.22450000,0
