Open Time,Open,High,Low,Close,Volume,Close Time,Quote Asset Volume,Number of trades,Taker Buy Base Asset Volume,Taker Buy Quote Asset volume
1643414400000,0.31530000,0.33110000,0.31120000,0.31590000,12800463.00000000,1643500799999,4093422.77900000,12176,6092961.00000000,1950426.64610000,0
