Open Time,Open,High,Low,Close,Volume,Close Time,Quote Asset Volume,Number of trades,Taker Buy Base Asset Volume,Taker Buy Quote Asset volume
1665705600000,0.08210000,0.08460000,0.07940000,0.08070000,33612096.00000000,1665791999999,2756931.67680000,7596,22942438.00000000,1881532.19100000,0
