Open Time,Open,High,Low,Close,Volume,Close Time,Quote Asset Volume,Number of trades,Taker Buy Base Asset Volume,Taker Buy Quote Asset volume
1665360000000,0.08270000,0.08440000,0.07970000,0.07980000,23634745.00000000,1665446399999,1941154.06210000,6269,13731725.00000000,1130138.05180000,0
