Open Time,Open,High,Low,Close,Volume,Close Time,Quote Asset Volume,Number of trades,Taker Buy Base Asset Volume,Taker Buy Quote Asset volume
1662249600000,0.08270000,0.08320000,0.08030000,0.08310000,14554557.00000000,1662335999999,1193065.64650000,2789,10652943.00000000,873918.08630000,0
