Open Time,Open,High,Low,Close,Volume,Close Time,Quote Asset Volume,Number of trades,Taker Buy Base Asset Volume,Taker Buy Quote Asset volume
1644883200000,0.34390000,0.36710000,0.34190000,0.35970000,10624976.00000000,1644969599999,3789165.54190000,14551,5545062.00000000,1975440.72010000,0
