Open Time,Open,High,Low,Close,Volume,Close Time,Quote Asset Volume,Number of trades,Taker Buy Base Asset Volume,Taker Buy Quote Asset volume
1667347200000,0.08270000,0.08340000,0.07890000,0.08010000,16125454.00000000,1667433599999,1305742.34600000,7621,7454482.00000000,603744.21210000,0
