Open Time,Open,High,Low,Close,Volume,Close Time,Quote Asset Volume,Number of trades,Taker Buy Base Asset Volume,Taker Buy Quote Asset volume
1663632000000,0.08270000,0.08610000,0.08110000,0.08260000,19194786.00000000,1663718399999,1593037.93760000,5756,12313117.00000000,1021296.46910000,0
