Open Time,Open,High,Low,Close,Volume,Close Time,Quote Asset Volume,Number of trades,Taker Buy Base Asset Volume,Taker Buy Quote Asset volume
1651276800000,0.28480000,0.28740000,0.25800000,0.25820000,7638676.00000000,1651363199999,2094864.00600000,9699,3635973.00000000,996841.84770000,0
