Open Time,Open,High,Low,Close,Volume,Close Time,Quote Asset Volume,Number of trades,Taker Buy Base Asset Volume,Taker Buy Quote Asset volume
1663718400000,0.08240000,0.08740000,0.07770000,0.07920000,35747808.00000000,1663804799999,2935836.00450000,12917,17560979.00000000,1446445.80470000,0
