Open Time,Open,High,Low,Close,Volume,Close Time,Quote Asset Volume,Number of trades,Taker Buy Base Asset Volume,Taker Buy Quote Asset volume
1641945600000,0.46950000,0.51850000,0.45600000,0.51240000,17288086.00000000,1642031999999,8493359.29960000,27986,8416816.00000000,4143048.40320000,0
