Open Time,Open,High,Low,Close,Volume,Close Time,Quote Asset Volume,Number of trades,Taker Buy Base Asset Volume,Taker Buy Quote Asset volume
1660176000000,0.10000000,0.10320000,0.09640000,0.09700000,30035577.00000000,1660262399999,3013634.37270000,14120,14984591.00000000,1504759.16620000,0
