Open Time,Open,High,Low,Close,Volume,Close Time,Quote Asset Volume,Number of trades,Taker Buy Base Asset Volume,Taker Buy Quote Asset volume
1671667200000,0.09340000,0.10070000,0.08820000,0.09460000,82001886.00000000,1671753599999,7770304.44180000,49389,39880817.00000000,3786226.76030000,0
