Open Time,Open,High,Low,Close,Volume,Close Time,Quote Asset Volume,Number of trades,Taker Buy Base Asset Volume,Taker Buy Quote Asset volume
1669939200000,0.06210000,0.06440000,0.06150000,0.06370000,14154269.00000000,1670025599999,894286.69380000,4909,6367041.00000000,402678.70980000,0
