Open Time,Open,High,Low,Close,Volume,Close Time,Quote Asset Volume,Number of trades,Taker Buy Base Asset Volume,Taker Buy Quote Asset volume
1644451200000,0.41930000,0.42980000,0.37870000,0.39510000,27731250.00000000,1644537599999,11263408.64040000,42243,14310085.00000000,5832870.12500000,0
