Open Time,Open,High,Low,Close,Volume,Close Time,Quote Asset Volume,Number of trades,Taker Buy Base Asset Volume,Taker Buy Quote Asset volume
1668211200000,0.06510000,0.06550000,0.06140000,0.06170000,9074142.00000000,1668297599999,573311.15670000,4427,3806551.00000000,240579.68200000,0
