Open Time,Open,High,Low,Close,Volume,Close Time,Quote Asset Volume,Number of trades,Taker Buy Base Asset Volume,Taker Buy Quote Asset volume
1642204800000,0.50540000,0.50990000,0.48300000,0.49700000,12343411.00000000,1642291199999,6120700.54780000,19675,6345056.00000000,3146675.05520000,0
