Open Time,Open,High,Low,Close,Volume,Close Time,Quote Asset Volume,Number of trades,Taker Buy Base Asset Volume,Taker Buy Quote Asset volume
1670198400000,0.06320000,0.07500000,0.06310000,0.06820000,170060261.00000000,1670284799999,11692993.56910000,49484,86634905.00000000,5970436.38310000,0
