Open Time,Open,High,Low,Close,Volume,Close Time,Quote Asset Volume,Number of trades,Taker Buy Base Asset Volume,Taker Buy Quote Asset volume
1651104000000,0.31270000,0.32120000,0.30290000,0.30870000,9834383.00000000,1651190399999,3075218.21370000,13085,4724764.00000000,1478331.16370000,0
