Open Time,Open,High,Low,Close,Volume,Close Time,Quote Asset Volume,Number of trades,Taker Buy Base Asset Volume,Taker Buy Quote Asset volume
1656892800000,0.07390000,0.07750000,0.07250000,0.07700000,15652859.00000000,1656979199999,1175566.99160000,4947,7891530.00000000,592956.98190000,0
