Open Time,Open,High,Low,Close,Volume,Close Time,Quote Asset Volume,Number of trades,Taker Buy Base Asset Volume,Taker Buy Quote Asset volume
1646697600000,0.32390000,0.33480000,0.31470000,0.32010000,17813814.00000000,1646783999999,5770729.88630000,21652,9448178.00000000,3062706.07000000,0
