Open Time,Open,High,Low,Close,Volume,Close Time,Quote Asset Volume,Number of trades,Taker Buy Base Asset Volume,Taker Buy Quote Asset volume
1661385600000,0.09090000,0.09310000,0.08980000,0.09120000,14291052.00000000,1661471999999,1305524.33510000,4480,8530925.00000000,779969.35340000,0
