Open Time,Open,High,Low,Close,Volume,Close Time,Quote Asset Volume,Number of trades,Taker Buy Base Asset Volume,Taker Buy Quote Asset volume
1659052800000,0.08700000,0.09020000,0.08360000,0.08600000,43044221.00000000,1659139199999,3750761.85540000,16297,21579721.00000000,1882261.65590000,0
