Open Time,Open,High,Low,Close,Volume,Close Time,Quote Asset Volume,Number of trades,Taker Buy Base Asset Volume,Taker Buy Quote Asset volume
1668297600000,0.06160000,0.06350000,0.05840000,0.06010000,15255579.00000000,1668383999999,927511.60630000,6762,7218854.00000000,439468.51280000,0
