Open Time,Open,High,Low,Close,Volume,Close Time,Quote Asset Volume,Number of trades,Taker Buy Base Asset Volume,Taker Buy Quote Asset volume
1664409600000,0.08490000,0.08580000,0.08070000,0.08290000,22509993.00000000,1664495999999,1871238.26300000,6994,11091786.00000000,924749.59100000,0
