Open Time,Open,High,Low,Close,Volume,Close Time,Quote Asset Volume,Number of trades,Taker Buy Base Asset Volume,Taker Buy Quote Asset volume
1655164800000,0.10990000,0.11470000,0.10190000,0.10930000,24935223.00000000,1655251199999,2724321.46020000,18983,11970981.00000000,1308575.22460000,0
