Open Time,Open,High,Low,Close,Volume,Close Time,Quote Asset Volume,Number of trades,Taker Buy Base Asset Volume,Taker Buy Quote Asset volume
1662681600000,0.09300000,0.09700000,0.09080000,0.09530000,33772052.00000000,1662767999999,3169650.23670000,13352,15584780.00000000,1463219.16310000,0
