Open Time,Open,High,Low,Close,Volume,Close Time,Quote Asset Volume,Number of trades,Taker Buy Base Asset Volume,Taker Buy Quote Asset volume
1652054400000,0.24260000,0.24700000,0.19350000,0.19430000,27186721.00000000,1652140799999,6046877.74075000,16305,15070195.00000000,3383846.14230000,0
