Open Time,Open,High,Low,Close,Volume,Close Time,Quote Asset Volume,Number of trades,Taker Buy Base Asset Volume,Taker Buy Quote Asset volume
1641254400000,0.53490000,0.56590000,0.52060000,0.54130000,18776012.00000000,1641340799999,10275429.12770000,31919,11583250.00000000,6344542.94470000,0
