Open Time,Open,High,Low,Close,Volume,Close Time,Quote Asset Volume,Number of trades,Taker Buy Base Asset Volume,Taker Buy Quote Asset volume
1666051200000,0.08730000,0.08940000,0.08300000,0.08460000,24610739.00000000,1666137599999,2118369.26630000,10027,11004470.00000000,947979.23400000,0
