Open Time,Open,High,Low,Close,Volume,Close Time,Quote Asset Volume,Number of trades,Taker Buy Base Asset Volume,Taker Buy Quote Asset volume
1653177600000,0.17300000,0.17580000,0.16750000,0.17350000,8080741.00000000,1653263999999,1389984.07250000,4277,4303391.00000000,741207.46440000,0
