Open Time,Open,High,Low,Close,Volume,Close Time,Quote Asset Volume,Number of trades,Taker Buy Base Asset Volume,Taker Buy Quote Asset volume
1664668800000,0.08110000,0.08130000,0.07800000,0.07890000,12790854.00000000,1664755199999,1025908.24540000,4484,6785620.00000000,544805.84470000,0
