Open Time,Open,High,Low,Close,Volume,Close Time,Quote Asset Volume,Number of trades,Taker Buy Base Asset Volume,Taker Buy Quote Asset volume
1671926400000,0.09330000,0.09880000,0.09170000,0.09510000,39233684.00000000,1672012799999,3740116.87730000,22252,18801110.00000000,1793556.06420000,0
