Open Time,Open,High,Low,Close,Volume,Close Time,Quote Asset Volume,Number of trades,Taker Buy Base Asset Volume,Taker Buy Quote Asset volume
1667174400000,0.08420000,0.08680000,0.08330000,0.08510000,17990536.00000000,1667260799999,1529918.57610000,5503,10303643.00000000,877808.69690000,0
