Open Time,Open,High,Low,Close,Volume,Close Time,Quote Asset Volume,Number of trades,Taker Buy Base Asset Volume,Taker Buy Quote Asset volume
1647388800000,0.32670000,0.33600000,0.31500000,0.32960000,15399349.00000000,1647475199999,4986300.18590000,18162,8194033.00000000,2656705.80880000,0
