Open Time,Open,High,Low,Close,Volume,Close Time,Quote Asset Volume,Number of trades,Taker Buy Base Asset Volume,Taker Buy Quote Asset volume
1672444800000,0.09370000,0.09450000,0.09100000,0.09170000,9758891.00000000,1672531199999,900921.23880000,6103,4275122.00000000,395163.16740000,0
