Open Time,Open,High,Low,Close,Volume,Close Time,Quote Asset Volume,Number of trades,Taker Buy Base Asset Volume,Taker Buy Quote Asset volume
1654646400000,0.15290000,0.17410000,0.14920000,0.15030000,37193733.00000000,1654732799999,5844606.25490000,21720,19680197.00000000,3101250.36550000,0
