Open Time,Open,High,Low,Close,Volume,Close Time,Quote Asset Volume,Number of trades,Taker Buy Base Asset Volume,Taker Buy Quote Asset volume
1659744000000,0.10100000,0.10400000,0.10000000,0.10170000,24823674.00000000,1659830399999,2527249.88090000,10130,13854635.00000000,1412327.82560000,0
