Open Time,Open,High,Low,Close,Volume,Close Time,Quote Asset Volume,Number of trades,Taker Buy Base Asset Volume,Taker Buy Quote Asset volume
1669852800000,0.06340000,0.06450000,0.06170000,0.06210000,16031612.00000000,1669939199999,1010153.41910000,6121,7307308.00000000,460752.30330000,0
