Open Time,Open,High,Low,Close,Volume,Close Time,Quote Asset Volume,Number of trades,Taker Buy Base Asset Volume,Taker Buy Quote Asset volume
1649548800000,0.40210000,0.41400000,0.37370000,0.37540000,14155911.00000000,1649635199999,5644606.21590000,23754,6468999.00000000,2589543.79680000,0
