Open Time,Open,High,Low,Close,Volume,Close Time,Quote Asset Volume,Number of trades,Taker Buy Base Asset Volume,Taker Buy Quote Asset volume
1650499200000,0.33630000,0.34870000,0.31610000,0.32350000,12588605.00000000,1650585599999,4249509.33450000,12984,6534970.00000000,2210925.66600000,0
