Open Time,Open,High,Low,Close,Volume,Close Time,Quote Asset Volume,Number of trades,Taker Buy Base Asset Volume,Taker Buy Quote Asset volume
1651622400000,0.26810000,0.30500000,0.26700000,0.28870000,46162620.00000000,1651708799999,13212559.10120000,34321,26074597.00000000,7481328.55930000,0
