Open Time,Open,High,Low,Close,Volume,Close Time,Quote Asset Volume,Number of trades,Taker Buy Base Asset Volume,Taker Buy Quote Asset volume
1658361600000,0.08360000,0.08690000,0.07990000,0.08520000,29086946.00000000,1658447999999,2413333.47250000,9138,14547263.00000000,1209580.39470000,0
