Open Time,Open,High,Low,Close,Volume,Close Time,Quote Asset Volume,Number of trades,Taker Buy Base Asset Volume,Taker Buy Quote Asset volume
1655337600000,0.10760000,0.10910000,0.08080000,0.08280000,83752966.00000000,1655423999999,7586031.68260000,25175,45886031.00000000,4134456.01400000,0
