Open Time,Open,High,Low,Close,Volume,Close Time,Quote Asset Volume,Number of trades,Taker Buy Base Asset Volume,Taker Buy Quote Asset volume
1652140800000,0.19410000,0.22300000,0.18820000,0.19790000,24739355.30000000,1652227199999,5106962.42983000,18328,13156888.00000000,2734391.42870000,0
