Open Time,Open,High,Low,Close,Volume,Close Time,Quote Asset Volume,Number of trades,Taker Buy Base Asset Volume,Taker Buy Quote Asset volume
1648166400000,0.44010000,0.44520000,0.40210000,0.40510000,21467645.00000000,1648252799999,9152876.62230000,35477,10371540.00000000,4432849.18030000,0
