Open Time,Open,High,Low,Close,Volume,Close Time,Quote Asset Volume,Number of trades,Taker Buy Base Asset Volume,Taker Buy Quote Asset volume
1667952000000,0.07700000,0.07750000,0.05780000,0.06000000,41272196.00000000,1668038399999,2765815.40380000,16683,20189714.00000000,1351315.72760000,0
