Open Time,Open,High,Low,Close,Volume,Close Time,Quote Asset Volume,Number of trades,Taker Buy Base Asset Volume,Taker Buy Quote Asset volume
1644364800000,0.38660000,0.43380000,0.37830000,0.41930000,16832355.00000000,1644451199999,6858056.58700000,27673,9035914.00000000,3686914.76980000,0
