Open Time,Open,High,Low,Close,Volume,Close Time,Quote Asset Volume,Number of trades,Taker Buy Base Asset Volume,Taker Buy Quote Asset volume
1663286400000,0.09170000,0.09220000,0.08560000,0.08660000,39939053.00000000,1663372799999,3530874.59310000,13873,18333196.00000000,1621447.43880000,0
