Open Time,Open,High,Low,Close,Volume,Close Time,Quote Asset Volume,Number of trades,Taker Buy Base Asset Volume,Taker Buy Quote Asset volume
1652313600000,0.13300000,0.18450000,0.13100000,0.14200000,34283630.00000000,1652399999999,5009401.97180000,23349,16658308.00000000,2447011.82790000,0
