Open Time,Open,High,Low,Close,Volume,Close Time,Quote Asset Volume,Number of trades,Taker Buy Base Asset Volume,Taker Buy Quote Asset volume
1646524800000,0.34300000,0.37400000,0.31340000,0.31540000,50438305.00000000,1646611199999,17026020.16960000,58554,25809750.00000000,8724596.10330000,0
