Open Time,Open,High,Low,Close,Volume,Close Time,Quote Asset Volume,Number of trades,Taker Buy Base Asset Volume,Taker Buy Quote Asset volume
1670371200000,0.07000000,0.08400000,0.06500000,0.08260000,134086727.00000000,1670457599999,10085308.75030000,57828,69949917.00000000,5276546.25460000,0
