Open Time,Open,High,Low,Close,Volume,Close Time,Quote Asset Volume,Number of trades,Taker Buy Base Asset Volume,Taker Buy Quote Asset volume
1659571200000,0.09560000,0.10600000,0.09240000,0.09640000,79568087.00000000,1659657599999,7897621.43820000,31056,39813358.00000000,3962771.09330000,0
