Open Time,Open,High,Low,Close,Volume,Close Time,Quote Asset Volume,Number of trades,Taker Buy Base Asset Volume,Taker Buy Quote Asset volume
1664323200000,0.08150000,0.09120000,0.07890000,0.08480000,54597896.00000000,1664409599999,4609747.04860000,17792,29584531.00000000,2493146.21650000,0
