Open Time,Open,High,Low,Close,Volume,Close Time,Quote Asset Volume,Number of trades,Taker Buy Base Asset Volume,Taker Buy Quote Asset volume
1642636800000,0.46360000,0.54270000,0.45370000,0.46070000,39645628.00000000,1642723199999,19831478.93720000,62277,19647488.00000000,9841331.11000000,0
