Open Time,Open,High,Low,Close,Volume,Close Time,Quote Asset Volume,Number of trades,Taker Buy Base Asset Volume,Taker Buy Quote Asset volume
1654992000000,0.13610000,0.13830000,0.11320000,0.11350000,53623322.00000000,1655078399999,6869264.27250000,20414,27256149.00000000,3515318.38390000,0
