Open Time,Open,High,Low,Close,Volume,Close Time,Quote Asset Volume,Number of trades,Taker Buy Base Asset Volume,Taker Buy Quote Asset volume
1654128000000,0.15310000,0.16500000,0.15000000,0.16360000,21961102.00000000,1654214399999,3456026.84170000,7032,16208913.00000000,2559892.49950000,0
