Open Time,Open,High,Low,Close,Volume,Close Time,Quote Asset Volume,Number of trades,Taker Buy Base Asset Volume,Taker Buy Quote Asset volume
1668038400000,0.05980000,0.07070000,0.05900000,0.06890000,27065596.00000000,1668124799999,1785844.22370000,11152,13456885.00000000,889131.38830000,0
