Open Time,Open,High,Low,Close,Volume,Close Time,Quote Asset Volume,Number of trades,Taker Buy Base Asset Volume,Taker Buy Quote Asset volume
1648944000000,0.45960000,0.47750000,0.45510000,0.47080000,9898313.00000000,1649030399999,4612241.81110000,15561,4972279.00000000,2318403.53430000,0
