Open Time,Open,High,Low,Close,Volume,Close Time,Quote Asset Volume,Number of trades,Taker Buy Base Asset Volume,Taker Buy Quote Asset volume
1652400000000,0.14200000,0.18710000,0.13940000,0.15930000,15976320.00000000,1652486399999,2723263.09390000,12281,8064232.00000000,1380178.47210000,0
