Open Time,Open,High,Low,Close,Volume,Close Time,Quote Asset Volume,Number of trades,Taker Buy Base Asset Volume,Taker Buy Quote Asset volume
1659312000000,0.09580000,0.10650000,0.09050000,0.09480000,51402656.00000000,1659398399999,4956918.04170000,22503,23432611.00000000,2262106.63180000,0
