Open Time,Open,High,Low,Close,Volume,Close Time,Quote Asset Volume,Number of trades,Taker Buy Base Asset Volume,Taker Buy Quote Asset volume
1665964800000,0.08550000,0.08930000,0.08280000,0.08710000,33567923.00000000,1666051199999,2864169.02920000,13207,15531848.00000000,1326831.36770000,0
