Open Time,Open,High,Low,Close,Volume,Close Time,Quote Asset Volume,Number of trades,Taker Buy Base Asset Volume,Taker Buy Quote Asset volume
1664150400000,0.08010000,0.08130000,0.07850000,0.08120000,15098439.00000000,1664236799999,1209314.54450000,5357,8418258.00000000,674656.57470000,0
