Open Time,Open,High,Low,Close,Volume,Close Time,Quote Asset Volume,Number of trades,Taker Buy Base Asset Volume,Taker Buy Quote Asset volume
1669075200000,0.05470000,0.05690000,0.05270000,0.05690000,17918656.00000000,1669161599999,982742.50020000,6366,9034087.00000000,495991.99220000,0
