Open Time,Open,High,Low,Close,Volume,Close Time,Quote Asset Volume,Number of trades,Taker Buy Base Asset Volume,Taker Buy Quote Asset volume
1641081600000,0.52310000,0.56980000,0.51870000,0.56610000,19046422.00000000,1641167999999,10254516.10210000,34642,11823768.00000000,6349151.26070000,0
