Open Time,Open,High,Low,Close,Volume,Close Time,Quote Asset Volume,Number of trades,Taker Buy Base Asset Volume,Taker Buy Quote Asset volume
1641772800000,0.46520000,0.47810000,0.41700000,0.45080000,18024268.90000000,1641859199999,8055231.94570000,29909,8953471.00000000,4006249.08000000,0
