Open Time,Open,High,Low,Close,Volume,Close Time,Quote Asset Volume,Number of trades,Taker Buy Base Asset Volume,Taker Buy Quote Asset volume
1663545600000,0.08090000,0.08530000,0.07940000,0.08270000,21758548.00000000,1663631999999,1790024.44960000,6634,12715400.00000000,1048078.93910000,0
