Open Time,Open,High,Low,Close,Volume,Close Time,Quote Asset Volume,Number of trades,Taker Buy Base Asset Volume,Taker Buy Quote Asset volume
1641859200000,0.45080000,0.47520000,0.43420000,0.46970000,15818030.00000000,1641945599999,7222170.39900000,23928,7682198.00000000,3509414.99520000,0
