Open Time,Open,High,Low,Close,Volume,Close Time,Quote Asset Volume,Number of trades,Taker Buy Base Asset Volume,Taker Buy Quote Asset volume
1663200000000,0.09160000,0.09900000,0.08710000,0.09180000,55447146.00000000,1663286399999,5127187.76840000,19560,24284330.00000000,2255121.84260000,0
