Open Time,Open,High,Low,Close,Volume,Close Time,Quote Asset Volume,Number of trades,Taker Buy Base Asset Volume,Taker Buy Quote Asset volume
1650326400000,0.34310000,0.35290000,0.33740000,0.34820000,8140739.00000000,1650412799999,2809066.06130000,12447,4104407.00000000,1417149.45770000,0
