Open Time,Open,High,Low,Close,Volume,Close Time,Quote Asset Volume,Number of trades,Taker Buy Base Asset Volume,Taker Buy Quote Asset volume
1644019200000,0.33680000,0.35440000,0.33310000,0.34360000,17479006.00000000,1644105599999,6014767.03620000,20441,8760060.00000000,3015356.77670000,0
