Open Time,Open,High,Low,Close,Volume,Close Time,Quote Asset Volume,Number of trades,Taker Buy Base Asset Volume,Taker Buy Quote Asset volume
1662768000000,0.09530000,0.10400000,0.09340000,0.09890000,38106922.00000000,1662854399999,3779302.16800000,15672,18929981.00000000,1876511.31090000,0
