Open Time,Open,High,Low,Close,Volume,Close Time,Quote Asset Volume,Number of trades,Taker Buy Base Asset Volume,Taker Buy Quote Asset volume
1658620800000,0.08350000,0.08760000,0.08210000,0.08440000,18810304.00000000,1658707199999,1592891.22260000,6408,9087749.00000000,770369.83660000,0
