Open Time,Open,High,Low,Close,Volume,Close Time,Quote Asset Volume,Number of trades,Taker Buy Base Asset Volume,Taker Buy Quote Asset volume
1662854400000,0.09880000,0.10140000,0.09370000,0.09490000,19487898.00000000,1662940799999,1876801.76190000,8621,8926327.00000000,860417.65970000,0
