Open Time,Open,High,Low,Close,Volume,Close Time,Quote Asset Volume,Number of trades,Taker Buy Base Asset Volume,Taker Buy Quote Asset volume
1671408000000,0.08790000,0.09130000,0.08330000,0.08440000,32662133.00000000,1671494399999,2881619.13420000,17124,13720893.00000000,1216717.84650000,0
