Open Time,Open,High,Low,Close,Volume,Close Time,Quote Asset Volume,Number of trades,Taker Buy Base Asset Volume,Taker Buy Quote Asset volume
1665446400000,0.07980000,0.08270000,0.07880000,0.07930000,20102224.00000000,1665532799999,1617746.32090000,7074,9497415.00000000,764739.91470000,0
