Open Time,Open,High,Low,Close,Volume,Close Time,Quote Asset Volume,Number of trades,Taker Buy Base Asset Volume,Taker Buy Quote Asset volume
1658707200000,0.08440000,0.08490000,0.07640000,0.07660000,18917579.00000000,1658793599999,1523482.59610000,6598,8387488.00000000,676797.30540000,0
