Open Time,Open,High,Low,Close,Volume,Close Time,Quote Asset Volume,Number of trades,Taker Buy Base Asset Volume,Taker Buy Quote Asset volume
1644537600000,0.39510000,0.40480000,0.35000000,0.36330000,23743971.00000000,1644623999999,9093595.43180000,32173,13235909.00000000,5080954.44950000,0
