Open Time,Open,High,Low,Close,Volume,Close Time,Quote Asset Volume,Number of trades,Taker Buy Base Asset Volume,Taker Buy Quote Asset volume
1683244800000,0.31020000,0.31360000,0.29930000,0.31030000,31426604.00000000,1683331199999,9641920.02360000,48029,15322213.00000000,4703067.09790000,0
