Open Time,Open,High,Low,Close,Volume,Close Time,Quote Asset Volume,Number of trades,Taker Buy Base Asset Volume,Taker Buy Quote Asset volume
1679529600000,0.37910000,0.40630000,0.37330000,0.38670000,53441147.00000000,1679615999999,20482426.93430000,90874,27494377.00000000,10547465.08480000,0
