Open Time,Open,High,Low,Close,Volume,Close Time,Quote Asset Volume,Number of trades,Taker Buy Base Asset Volume,Taker Buy Quote Asset volume
1675036800000,0.28910000,0.28920000,0.25880000,0.26590000,48130992.00000000,1675123199999,13092699.24750000,58911,22331718.00000000,6077454.65160000,0
