Open Time,Open,High,Low,Close,Volume,Close Time,Quote Asset Volume,Number of trades,Taker Buy Base Asset Volume,Taker Buy Quote Asset volume
1694649600000,0.22360000,0.23120000,0.22320000,0.22960000,33758729.00000000,1694735999999,7663837.39200000,34562,15943402.00000000,3622473.50180000,0
