Open Time,Open,High,Low,Close,Volume,Close Time,Quote Asset Volume,Number of trades,Taker Buy Base Asset Volume,Taker Buy Quote Asset volume
1681603200000,0.40720000,0.41240000,0.39470000,0.40530000,73533756.00000000,1681689599999,29786740.10460000,200826,34871464.00000000,14135389.25550000,0
