Open Time,Open,High,Low,Close,Volume,Close Time,Quote Asset Volume,Number of trades,Taker Buy Base Asset Volume,Taker Buy Quote Asset volume
1678665600000,0.37990000,0.40250000,0.35310000,0.38860000,135524820.00000000,1678751999999,51463420.15390000,214639,68120759.00000000,25856553.15290000,0
