Open Time,Open,High,Low,Close,Volume,Close Time,Quote Asset Volume,Number of trades,Taker Buy Base Asset Volume,Taker Buy Quote Asset volume
1689206400000,0.21940000,0.23730000,0.21510000,0.23330000,87246275.00000000,1689292799999,19933006.72340000,80008,42237548.00000000,9648654.76240000,0
