Open Time,Open,High,Low,Close,Volume,Close Time,Quote Asset Volume,Number of trades,Taker Buy Base Asset Volume,Taker Buy Quote Asset volume
1672963200000,0.10690000,0.13450000,0.10660000,0.12410000,153809969.00000000,1673049599999,18939061.51930000,88895,78046610.00000000,9602134.20800000,0
