Open Time,Open,High,Low,Close,Volume,Close Time,Quote Asset Volume,Number of trades,Taker Buy Base Asset Volume,Taker Buy Quote Asset volume
1693526400000,0.22920000,0.23940000,0.22180000,0.23010000,79913696.00000000,1693612799999,18453811.96240000,68454,37480812.00000000,8662065.52830000,0
