Open Time,Open,High,Low,Close,Volume,Close Time,Quote Asset Volume,Number of trades,Taker Buy Base Asset Volume,Taker Buy Quote Asset volume
1675123200000,0.26600000,0.28660000,0.25830000,0.27500000,60718192.00000000,1675209599999,16598003.91420000,72700,28997525.00000000,7926379.23720000,0
