Open Time,Open,High,Low,Close,Volume,Close Time,Quote Asset Volume,Number of trades,Taker Buy Base Asset Volume,Taker Buy Quote Asset volume
1677024000000,0.43460000,0.44170000,0.40310000,0.43770000,105005098.00000000,1677110399999,44178572.09650000,160909,51440401.00000000,21648833.34470000,0
