Open Time,Open,High,Low,Close,Volume,Close Time,Quote Asset Volume,Number of trades,Taker Buy Base Asset Volume,Taker Buy Quote Asset volume
1692748800000,0.19630000,0.21000000,0.19540000,0.20850000,37716666.00000000,1692835199999,7667760.24790000,34642,19175863.00000000,3902434.26110000,0
