Open Time,Open,High,Low,Close,Volume,Close Time,Quote Asset Volume,Number of trades,Taker Buy Base Asset Volume,Taker Buy Quote Asset volume
1685491200000,0.27640000,0.28960000,0.25850000,0.26390000,72552861.00000000,1685577599999,19731021.97410000,88008,33861321.00000000,9211123.48450000,0
