Open Time,Open,High,Low,Close,Volume,Close Time,Quote Asset Volume,Number of trades,Taker Buy Base Asset Volume,Taker Buy Quote Asset volume
1674432000000,0.26570000,0.30710000,0.26370000,0.28490000,153007200.00000000,1674518399999,44049105.22440000,157449,79007949.00000000,22738414.07250000,0
