Open Time,Open,High,Low,Close,Volume,Close Time,Quote Asset Volume,Number of trades,Taker Buy Base Asset Volume,Taker Buy Quote Asset volume
1682380800000,0.33190000,0.34780000,0.31860000,0.34480000,41611509.00000000,1682467199999,13751980.88020000,69522,21255360.00000000,7023490.39880000,0
