Open Time,Open,High,Low,Close,Volume,Close Time,Quote Asset Volume,Number of trades,Taker Buy Base Asset Volume,Taker Buy Quote Asset volume
1683936000000,0.24530000,0.24600000,0.23670000,0.23810000,25352168.00000000,1684022399999,6068111.25330000,32194,12219286.00000000,2925429.16150000,0
