Open Time,Open,High,Low,Close,Volume,Close Time,Quote Asset Volume,Number of trades,Taker Buy Base Asset Volume,Taker Buy Quote Asset volume
1678492800000,0.33400000,0.34110000,0.30240000,0.31540000,66005000.00000000,1678579199999,20915336.99610000,115541,32890289.00000000,10437876.38650000,0
