Open Time,Open,High,Low,Close,Volume,Close Time,Quote Asset Volume,Number of trades,Taker Buy Base Asset Volume,Taker Buy Quote Asset volume
1672790400000,0.10280000,0.11700000,0.10140000,0.11190000,96984356.00000000,1672876799999,10652654.82850000,53058,46921092.00000000,5171205.71210000,0
