Open Time,Open,High,Low,Close,Volume,Close Time,Quote Asset Volume,Number of trades,Taker Buy Base Asset Volume,Taker Buy Quote Asset volume
1679011200000,0.42140000,0.45130000,0.41000000,0.45090000,108992136.00000000,1679097599999,47176249.15790000,174968,54812833.00000000,23742199.00560000,0
