Open Time,Open,High,Low,Close,Volume,Close Time,Quote Asset Volume,Number of trades,Taker Buy Base Asset Volume,Taker Buy Quote Asset volume
1681257600000,0.35210000,0.35390000,0.33170000,0.34170000,55487850.00000000,1681343999999,18889398.33600000,133632,27541256.00000000,9374207.77520000,0
