Open Time,Open,High,Low,Close,Volume,Close Time,Quote Asset Volume,Number of trades,Taker Buy Base Asset Volume,Taker Buy Quote Asset volume
1686528000000,0.18290000,0.18980000,0.17580000,0.18520000,41300578.00000000,1686614399999,7608497.31140000,50202,19316318.00000000,3560970.04960000,0
