Open Time,Open,High,Low,Close,Volume,Close Time,Quote Asset Volume,Number of trades,Taker Buy Base Asset Volume,Taker Buy Quote Asset volume
1675987200000,0.38900000,0.45310000,0.37910000,0.42180000,220107879.00000000,1676073599999,92365653.74000000,319846,109251557.00000000,45906881.36110000,0
