Open Time,Open,High,Low,Close,Volume,Close Time,Quote Asset Volume,Number of trades,Taker Buy Base Asset Volume,Taker Buy Quote Asset volume
1688947200000,0.21720000,0.21890000,0.20850000,0.21520000,32412689.00000000,1689033599999,6907110.23360000,26802,15464057.00000000,3294319.74300000,0
