Open Time,Open,High,Low,Close,Volume,Close Time,Quote Asset Volume,Number of trades,Taker Buy Base Asset Volume,Taker Buy Quote Asset volume
1679875200000,0.37260000,0.37420000,0.33250000,0.34590000,40960874.00000000,1679961599999,14357371.14300000,67626,21092919.00000000,7394594.24060000,0
