Open Time,Open,High,Low,Close,Volume,Close Time,Quote Asset Volume,Number of trades,Taker Buy Base Asset Volume,Taker Buy Quote Asset volume
1685750400000,0.27320000,0.27510000,0.26530000,0.26850000,22952819.00000000,1685836799999,6215615.72060000,26153,11148578.00000000,3018678.59510000,0
