Open Time,Open,High,Low,Close,Volume,Close Time,Quote Asset Volume,Number of trades,Taker Buy Base Asset Volume,Taker Buy Quote Asset volume
1689811200000,0.22490000,0.23170000,0.21870000,0.22280000,31688144.00000000,1689897599999,7155075.07650000,26625,14581942.00000000,3295611.83460000,0
