Open Time,Open,High,Low,Close,Volume,Close Time,Quote Asset Volume,Number of trades,Taker Buy Base Asset Volume,Taker Buy Quote Asset volume
1691539200000,0.20040000,0.20350000,0.19560000,0.19880000,20452169.00000000,1691625599999,4085595.06060000,14411,9839020.00000000,1965709.39210000,0
