Open Time,Open,High,Low,Close,Volume,Close Time,Quote Asset Volume,Number of trades,Taker Buy Base Asset Volume,Taker Buy Quote Asset volume
1685404800000,0.26070000,0.28430000,0.25660000,0.27650000,84890149.00000000,1685491199999,23261030.99970000,94393,41948144.00000000,11501103.82810000,0
