Open Time,Open,High,Low,Close,Volume,Close Time,Quote Asset Volume,Number of trades,Taker Buy Base Asset Volume,Taker Buy Quote Asset volume
1677283200000,0.47380000,0.48270000,0.40350000,0.42610000,113103161.00000000,1677369599999,49071440.35350000,181840,53716228.00000000,23316727.47960000,0
