Open Time,Open,High,Low,Close,Volume,Close Time,Quote Asset Volume,Number of trades,Taker Buy Base Asset Volume,Taker Buy Quote Asset volume
1690675200000,0.21490000,0.21500000,0.20340000,0.21000000,19497956.00000000,1690761599999,4095414.71550000,16551,9341132.00000000,1961632.98620000,0
