Open Time,Open,High,Low,Close,Volume,Close Time,Quote Asset Volume,Number of trades,Taker Buy Base Asset Volume,Taker Buy Quote Asset volume
1674777600000,0.26330000,0.30130000,0.25620000,0.28070000,91977698.00000000,1674863999999,25807309.96680000,120077,48118818.00000000,13516863.97700000,0
