Open Time,Open,High,Low,Close,Volume,Close Time,Quote Asset Volume,Number of trades,Taker Buy Base Asset Volume,Taker Buy Quote Asset volume
1692921600000,0.20910000,0.21800000,0.20010000,0.21710000,72340330.00000000,1693007999999,15220365.76600000,58379,37017002.00000000,7794073.13030000,0
