Open Time,Open,High,Low,Close,Volume,Close Time,Quote Asset Volume,Number of trades,Taker Buy Base Asset Volume,Taker Buy Quote Asset volume
1686182400000,0.22870000,0.23220000,0.22180000,0.22760000,26816459.00000000,1686268799999,6099415.92980000,38064,12576175.00000000,2861926.44210000,0
