Open Time,Open,High,Low,Close,Volume,Close Time,Quote Asset Volume,Number of trades,Taker Buy Base Asset Volume,Taker Buy Quote Asset volume
1686355200000,0.21930000,0.21970000,0.17220000,0.18800000,93235305.00000000,1686441599999,17602338.23470000,118193,46429137.00000000,8732697.65710000,0
