Open Time,Open,High,Low,Close,Volume,Close Time,Quote Asset Volume,Number of trades,Taker Buy Base Asset Volume,Taker Buy Quote Asset volume
1673136000000,0.15790000,0.16880000,0.13870000,0.14000000,181412455.00000000,1673222399999,28310573.07320000,128584,86791333.00000000,13593303.46010000,0
