Open Time,Open,High,Low,Close,Volume,Close Time,Quote Asset Volume,Number of trades,Taker Buy Base Asset Volume,Taker Buy Quote Asset volume
1692230400000,0.19620000,0.20130000,0.16080000,0.18810000,86080760.00000000,1692316799999,16087374.16340000,78903,41642599.00000000,7761220.08170000,0
