Open Time,Open,High,Low,Close,Volume,Close Time,Quote Asset Volume,Number of trades,Taker Buy Base Asset Volume,Taker Buy Quote Asset volume
1691366400000,0.19700000,0.20020000,0.19030000,0.19540000,23411072.00000000,1691452799999,4592302.89390000,15772,12003586.00000000,2356333.04400000,0
