Open Time,Open,High,Low,Close,Volume,Close Time,Quote Asset Volume,Number of trades,Taker Buy Base Asset Volume,Taker Buy Quote Asset volume
1679097600000,0.45110000,0.46110000,0.41150000,0.41700000,98009133.00000000,1679183999999,43250595.67530000,169558,46916266.00000000,20720563.80050000,0
