Open Time,Open,High,Low,Close,Volume,Close Time,Quote Asset Volume,Number of trades,Taker Buy Base Asset Volume,Taker Buy Quote Asset volume
1691971200000,0.21890000,0.23470000,0.21210000,0.22000000,143236265.00000000,1692057599999,32000587.44220000,95655,69631549.00000000,15568586.33290000,0
