Open Time,Open,High,Low,Close,Volume,Close Time,Quote Asset Volume,Number of trades,Taker Buy Base Asset Volume,Taker Buy Quote Asset volume
1693958400000,0.25010000,0.26170000,0.24300000,0.25670000,78407548.00000000,1694044799999,19816994.09340000,72580,38961510.00000000,9855956.43350000,0
