Open Time,Open,High,Low,Close,Volume,Close Time,Quote Asset Volume,Number of trades,Taker Buy Base Asset Volume,Taker Buy Quote Asset volume
1691020800000,0.20400000,0.20620000,0.20000000,0.20160000,25267040.00000000,1691107199999,5152095.78730000,14696,12400174.00000000,2530867.88040000,0
