Open Time,Open,High,Low,Close,Volume,Close Time,Quote Asset Volume,Number of trades,Taker Buy Base Asset Volume,Taker Buy Quote Asset volume
1687564800000,0.23810000,0.24050000,0.22110000,0.22980000,42172895.00000000,1687651199999,9770941.79140000,49780,18971702.00000000,4395226.20680000,0
