Open Time,Open,High,Low,Close,Volume,Close Time,Quote Asset Volume,Number of trades,Taker Buy Base Asset Volume,Taker Buy Quote Asset volume
1678147200000,0.42000000,0.42640000,0.38600000,0.40040000,66296331.00000000,1678233599999,26887667.23680000,115693,32192648.00000000,13052014.84370000,0
