Open Time,Open,High,Low,Close,Volume,Close Time,Quote Asset Volume,Number of trades,Taker Buy Base Asset Volume,Taker Buy Quote Asset volume
1678060800000,0.43160000,0.43160000,0.41160000,0.41980000,46035201.00000000,1678147199999,19402343.92980000,78977,22872284.00000000,9639037.37270000,0
