Open Time,Open,High,Low,Close,Volume,Close Time,Quote Asset Volume,Number of trades,Taker Buy Base Asset Volume,Taker Buy Quote Asset volume
1689984000000,0.22490000,0.22730000,0.21730000,0.21970000,19746654.00000000,1690070399999,4421339.41330000,15594,8881159.00000000,1989715.70150000,0
