Open Time,Open,High,Low,Close,Volume,Close Time,Quote Asset Volume,Number of trades,Taker Buy Base Asset Volume,Taker Buy Quote Asset volume
1677542400000,0.43460000,0.49170000,0.43210000,0.43980000,187269486.00000000,1677628799999,84948489.03150000,278767,89292810.00000000,40531381.24520000,0
