Open Time,Open,High,Low,Close,Volume,Close Time,Quote Asset Volume,Number of trades,Taker Buy Base Asset Volume,Taker Buy Quote Asset volume
1691798400000,0.20240000,0.20340000,0.19950000,0.20050000,10336334.00000000,1691884799999,2085847.05090000,7324,4737300.00000000,955495.13060000,0
