Open Time,Open,High,Low,Close,Volume,Close Time,Quote Asset Volume,Number of trades,Taker Buy Base Asset Volume,Taker Buy Quote Asset volume
1689552000000,0.23550000,0.24630000,0.22820000,0.23600000,50378180.00000000,1689638399999,11891999.91950000,42285,24385017.00000000,5757334.79620000,0
