Open Time,Open,High,Low,Close,Volume,Close Time,Quote Asset Volume,Number of trades,Taker Buy Base Asset Volume,Taker Buy Quote Asset volume
1679788800000,0.36380000,0.37840000,0.36060000,0.37240000,24558557.00000000,1679875199999,9111256.20830000,45376,11975882.00000000,4443121.71130000,0
