Open Time,Open,High,Low,Close,Volume,Close Time,Quote Asset Volume,Number of trades,Taker Buy Base Asset Volume,Taker Buy Quote Asset volume
1693612800000,0.23010000,0.25380000,0.22470000,0.25160000,93260430.00000000,1693699199999,22323012.54200000,87410,47671743.00000000,11438340.17180000,0
