Open Time,Open,High,Low,Close,Volume,Close Time,Quote Asset Volume,Number of trades,Taker Buy Base Asset Volume,Taker Buy Quote Asset volume
1674086400000,0.24900000,0.27460000,0.24390000,0.27220000,102200958.00000000,1674172799999,26477807.79650000,99056,49855624.00000000,12930201.41680000,0
