Open Time,Open,High,Low,Close,Volume,Close Time,Quote Asset Volume,Number of trades,Taker Buy Base Asset Volume,Taker Buy Quote Asset volume
1675814400000,0.54060000,0.60830000,0.44480000,0.47710000,303918629.00000000,1675900799999,158023096.26930000,410919,146042588.00000000,75914607.48410000,0
