Open Time,Open,High,Low,Close,Volume,Close Time,Quote Asset Volume,Number of trades,Taker Buy Base Asset Volume,Taker Buy Quote Asset volume
1673568000000,0.20260000,0.25650000,0.20100000,0.23960000,238470668.00000000,1673654399999,55423152.76500000,176406,120111401.00000000,27893650.38820000,0
