Open Time,Open,High,Low,Close,Volume,Close Time,Quote Asset Volume,Number of trades,Taker Buy Base Asset Volume,Taker Buy Quote Asset volume
1684886400000,0.24520000,0.24530000,0.22000000,0.23150000,60268042.00000000,1684972799999,13903168.86450000,60950,29720978.00000000,6855733.85230000,0
