Open Time,Open,High,Low,Close,Volume,Close Time,Quote Asset Volume,Number of trades,Taker Buy Base Asset Volume,Taker Buy Quote Asset volume
1685923200000,0.27080000,0.27190000,0.22530000,0.24100000,69980745.00000000,1686009599999,17288116.98540000,89028,32328584.00000000,7985231.48780000,0
