Open Time,Open,High,Low,Close,Volume,Close Time,Quote Asset Volume,Number of trades,Taker Buy Base Asset Volume,Taker Buy Quote Asset volume
1684195200000,0.24630000,0.24890000,0.23910000,0.24460000,35274398.00000000,1684281599999,8575492.49190000,40764,16989455.00000000,4131182.21840000,0
