Open Time,Open,High,Low,Close,Volume,Close Time,Quote Asset Volume,Number of trades,Taker Buy Base Asset Volume,Taker Buy Quote Asset volume
1687392000000,0.22200000,0.25420000,0.22170000,0.22860000,133292761.00000000,1687478399999,32041878.52360000,177402,65337546.00000000,15713911.62160000,0
