Open Time,Open,High,Low,Close,Volume,Close Time,Quote Asset Volume,Number of trades,Taker Buy Base Asset Volume,Taker Buy Quote Asset volume
1679616000000,0.38670000,0.38840000,0.35870000,0.36760000,40818451.00000000,1679702399999,15169585.35490000,72110,19823146.00000000,7365875.72850000,0
