Open Time,Open,High,Low,Close,Volume,Close Time,Quote Asset Volume,Number of trades,Taker Buy Base Asset Volume,Taker Buy Quote Asset volume
1678233600000,0.40060000,0.40560000,0.33890000,0.34770000,71397545.00000000,1678319999999,26444765.36120000,121186,33782489.00000000,12493912.08010000,0
