Open Time,Open,High,Low,Close,Volume,Close Time,Quote Asset Volume,Number of trades,Taker Buy Base Asset Volume,Taker Buy Quote Asset volume
1679961600000,0.34590000,0.35910000,0.33270000,0.35630000,47219888.00000000,1680047999999,16241445.54000000,72149,23841932.00000000,8208272.95120000,0
