Open Time,Open,High,Low,Close,Volume,Close Time,Quote Asset Volume,Number of trades,Taker Buy Base Asset Volume,Taker Buy Quote Asset volume
1684972800000,0.23160000,0.24700000,0.22310000,0.23700000,95327798.00000000,1685059199999,22472445.63720000,83050,47036473.00000000,11091105.50700000,0
