Open Time,Open,High,Low,Close,Volume,Close Time,Quote Asset Volume,Number of trades,Taker Buy Base Asset Volume,Taker Buy Quote Asset volume
1683417600000,0.28810000,0.29840000,0.28680000,0.28970000,26239589.00000000,1683503999999,7672444.90900000,41863,12241571.00000000,3580548.77140000,0
