Open Time,Open,High,Low,Close,Volume,Close Time,Quote Asset Volume,Number of trades,Taker Buy Base Asset Volume,Taker Buy Quote Asset volume
1682985600000,0.31830000,0.32120000,0.31120000,0.31870000,23953321.00000000,1683071999999,7587479.55930000,37161,12216685.00000000,3870808.60490000,0
