Open Time,Open,High,Low,Close,Volume,Close Time,Quote Asset Volume,Number of trades,Taker Buy Base Asset Volume,Taker Buy Quote Asset volume
1694563200000,0.22520000,0.23020000,0.22140000,0.22360000,42582654.00000000,1694649599999,9604614.99240000,45370,21390934.00000000,4828313.08230000,0
