Open Time,Open,High,Low,Close,Volume,Close Time,Quote Asset Volume,Number of trades,Taker Buy Base Asset Volume,Taker Buy Quote Asset volume
1687478400000,0.22870000,0.24920000,0.22860000,0.23810000,74330290.00000000,1687564799999,17803274.46520000,87395,34912532.00000000,8367181.45010000,0
