Open Time,Open,High,Low,Close,Volume,Close Time,Quote Asset Volume,Number of trades,Taker Buy Base Asset Volume,Taker Buy Quote Asset volume
1683849600000,0.24140000,0.24680000,0.22750000,0.24530000,50330447.00000000,1683935999999,11956757.34890000,68380,25138485.00000000,5976145.82790000,0
