Open Time,Open,High,Low,Close,Volume,Close Time,Quote Asset Volume,Number of trades,Taker Buy Base Asset Volume,Taker Buy Quote Asset volume
1674345600000,0.26790000,0.28380000,0.25650000,0.26570000,78107140.00000000,1674431999999,21254088.67330000,84213,38964744.00000000,10591889.59300000,0
