Open Time,Open,High,Low,Close,Volume,Close Time,Quote Asset Volume,Number of trades,Taker Buy Base Asset Volume,Taker Buy Quote Asset volume
1684281600000,0.24470000,0.26060000,0.23650000,0.25690000,44416282.00000000,1684367999999,11023153.10980000,54406,22417671.00000000,5572709.07210000,0
