Open Time,Open,High,Low,Close,Volume,Close Time,Quote Asset Volume,Number of trades,Taker Buy Base Asset Volume,Taker Buy Quote Asset volume
1676764800000,0.43220000,0.44280000,0.40820000,0.41420000,44392792.00000000,1676851199999,19029609.99400000,65676,20496117.00000000,8786342.78770000,0
