Open Time,Open,High,Low,Close,Volume,Close Time,Quote Asset Volume,Number of trades,Taker Buy Base Asset Volume,Taker Buy Quote Asset volume
1694390400000,0.23100000,0.23640000,0.21760000,0.22300000,53035213.00000000,1694476799999,12031694.19670000,67923,26263476.00000000,5967494.33420000,0
