Open Time,Open,High,Low,Close,Volume,Close Time,Quote Asset Volume,Number of trades,Taker Buy Base Asset Volume,Taker Buy Quote Asset volume
1679443200000,0.39560000,0.40360000,0.35990000,0.37940000,80688530.00000000,1679529599999,31249480.35720000,148040,40812077.00000000,15823942.75290000,0
