Open Time,Open,High,Low,Close,Volume,Close Time,Quote Asset Volume,Number of trades,Taker Buy Base Asset Volume,Taker Buy Quote Asset volume
1681776000000,0.42620000,0.44460000,0.41080000,0.42450000,92941512.00000000,1681862399999,39646934.52430000,131226,46677523.00000000,19936342.29590000,0
