Open Time,Open,High,Low,Close,Volume,Close Time,Quote Asset Volume,Number of trades,Taker Buy Base Asset Volume,Taker Buy Quote Asset volume
1682121600000,0.33330000,0.34830000,0.32920000,0.34810000,28417291.00000000,1682207999999,9640834.24070000,44393,14011282.00000000,4755751.82530000,0
