Open Time,Open,High,Low,Close,Volume,Close Time,Quote Asset Volume,Number of trades,Taker Buy Base Asset Volume,Taker Buy Quote Asset volume
1687824000000,0.22010000,0.23780000,0.21880000,0.23400000,71257385.00000000,1687910399999,16479656.81900000,63238,34229093.00000000,7919202.58090000,0
