Open Time,Open,High,Low,Close,Volume,Close Time,Quote Asset Volume,Number of trades,Taker Buy Base Asset Volume,Taker Buy Quote Asset volume
1686009600000,0.24120000,0.25180000,0.23270000,0.24600000,39636526.00000000,1686095999999,9600556.56150000,52507,18232366.00000000,4420557.32940000,0
