Open Time,Open,High,Low,Close,Volume,Close Time,Quote Asset Volume,Number of trades,Taker Buy Base Asset Volume,Taker Buy Quote Asset volume
1673740800000,0.23810000,0.24800000,0.21170000,0.22770000,105466287.00000000,1673827199999,24235469.65920000,90945,53155259.00000000,12214206.82060000,0
