Open Time,Open,High,Low,Close,Volume,Close Time,Quote Asset Volume,Number of trades,Taker Buy Base Asset Volume,Taker Buy Quote Asset volume
1673308800000,0.15300000,0.19850000,0.14620000,0.18900000,228595839.00000000,1673395199999,39445641.90000000,148140,112612865.00000000,19488764.85580000,0
