Open Time,Open,High,Low,Close,Volume,Close Time,Quote Asset Volume,Number of trades,Taker Buy Base Asset Volume,Taker Buy Quote Asset volume
1674604800000,0.26580000,0.27960000,0.25240000,0.27010000,63456338.00000000,1674691199999,16835764.99200000,72795,30333985.00000000,8049158.81930000,0
