Open Time,Open,High,Low,Close,Volume,Close Time,Quote Asset Volume,Number of trades,Taker Buy Base Asset Volume,Taker Buy Quote Asset volume
1676592000000,0.41330000,0.44800000,0.41180000,0.44280000,71479177.00000000,1676678399999,31098477.13450000,105447,35578652.00000000,15484840.51650000,0
