Open Time,Open,High,Low,Close,Volume,Close Time,Quote Asset Volume,Number of trades,Taker Buy Base Asset Volume,Taker Buy Quote Asset volume
1690502400000,0.21470000,0.21740000,0.21250000,0.21590000,17430371.00000000,1690588799999,3750078.33450000,12471,8141752.00000000,1751898.74510000,0
