Open Time,Open,High,Low,Close,Volume,Close Time,Quote Asset Volume,Number of trades,Taker Buy Base Asset Volume,Taker Buy Quote Asset volume
1677110400000,0.43770000,0.47240000,0.42620000,0.43630000,93687832.00000000,1677196799999,42010326.44580000,151125,47011491.00000000,21082918.67710000,0
