Open Time,Open,High,Low,Close,Volume,Close Time,Quote Asset Volume,Number of trades,Taker Buy Base Asset Volume,Taker Buy Quote Asset volume
1677196800000,0.43630000,0.48110000,0.43100000,0.47380000,167569885.00000000,1677283199999,76831473.31480000,280945,87696112.00000000,40228156.35250000,0
