Open Time,Open,High,Low,Close,Volume,Close Time,Quote Asset Volume,Number of trades,Taker Buy Base Asset Volume,Taker Buy Quote Asset volume
1692144000000,0.20290000,0.20560000,0.19170000,0.19620000,48681304.00000000,1692230399999,9710962.11280000,39187,22322281.00000000,4452321.69920000,0
