Open Time,Open,High,Low,Close,Volume,Close Time,Quote Asset Volume,Number of trades,Taker Buy Base Asset Volume,Taker Buy Quote Asset volume
1678320000000,0.34760000,0.37230000,0.31310000,0.31970000,105962302.00000000,1678406399999,36087006.65790000,148316,52788463.00000000,17960758.49470000,0
