Open Time,Open,High,Low,Close,Volume,Close Time,Quote Asset Volume,Number of trades,Taker Buy Base Asset Volume,Taker Buy Quote Asset volume
1676246400000,0.39820000,0.40880000,0.36520000,0.38550000,80095796.00000000,1676332799999,30943076.78190000,121287,39264489.00000000,15176335.81020000,0
