Open Time,Open,High,Low,Close,Volume,Close Time,Quote Asset Volume,Number of trades,Taker Buy Base Asset Volume,Taker Buy Quote Asset volume
1690588800000,0.21590000,0.21810000,0.21390000,0.21490000,14019249.00000000,1690675199999,3024791.35670000,9695,6747592.00000000,1456185.97140000,0
