Open Time,Open,High,Low,Close,Volume,Close Time,Quote Asset Volume,Number of trades,Taker Buy Base Asset Volume,Taker Buy Quote Asset volume
1676678400000,0.44280000,0.45490000,0.42940000,0.43210000,42021565.00000000,1676764799999,18419735.66600000,61772,20256879.00000000,8879347.45610000,0
