Open Time,Open,High,Low,Close,Volume,Close Time,Quote Asset Volume,Number of trades,Taker Buy Base Asset Volume,Taker Buy Quote Asset volume
1673654400000,0.23960000,0.26580000,0.21470000,0.23840000,162856227.00000000,1673740799999,39919278.24260000,127158,78251426.00000000,19177389.77190000,0
