Open Time,Open,High,Low,Close,Volume,Close Time,Quote Asset Volume,Number of trades,Taker Buy Base Asset Volume,Taker Buy Quote Asset volume
1681084800000,0.34370000,0.35760000,0.33620000,0.35540000,51035182.00000000,1681171199999,17619371.24230000,139316,25640292.00000000,8859023.10210000,0
