Open Time,Open,High,Low,Close,Volume,Close Time,Quote Asset Volume,Number of trades,Taker Buy Base Asset Volume,Taker Buy Quote Asset volume
1687737600000,0.22740000,0.23310000,0.21520000,0.22010000,48076452.00000000,1687823999999,10831528.55970000,52834,22034520.00000000,4964868.46590000,0
