Open Time,Open,High,Low,Close,Volume,Close Time,Quote Asset Volume,Number of trades,Taker Buy Base Asset Volume,Taker Buy Quote Asset volume
1693440000000,0.23370000,0.25700000,0.22390000,0.22940000,201710525.00000000,1693526399999,48208664.19530000,181179,100375828.00000000,24027158.66970000,0
