Open Time,Open,High,Low,Close,Volume,Close Time,Quote Asset Volume,Number of trades,Taker Buy Base Asset Volume,Taker Buy Quote Asset volume
1688342400000,0.23590000,0.25100000,0.23590000,0.24530000,56303241.00000000,1688428799999,13775675.54620000,52663,27352140.00000000,6695773.20450000,0
