Open Time,Open,High,Low,Close,Volume,Close Time,Quote Asset Volume,Number of trades,Taker Buy Base Asset Volume,Taker Buy Quote Asset volume
1673481600000,0.18060000,0.21830000,0.17860000,0.20260000,184495572.00000000,1673567999999,36730104.66690000,139604,92586108.00000000,18428723.84070000,0
