Open Time,Open,High,Low,Close,Volume,Close Time,Quote Asset Volume,Number of trades,Taker Buy Base Asset Volume,Taker Buy Quote Asset volume
1680480000000,0.34940000,0.36010000,0.33660000,0.35120000,46136394.00000000,1680566399999,16100797.84560000,76022,23087625.00000000,8063378.38950000,0
