Open Time,Open,High,Low,Close,Volume,Close Time,Quote Asset Volume,Number of trades,Taker Buy Base Asset Volume,Taker Buy Quote Asset volume
1686096000000,0.24590000,0.24770000,0.22560000,0.22880000,48679183.00000000,1686182399999,11480364.32530000,54899,23951785.00000000,5647697.37640000,0
