Open Time,Open,High,Low,Close,Volume,Close Time,Quote Asset Volume,Number of trades,Taker Buy Base Asset Volume,Taker Buy Quote Asset volume
1681948800000,0.37300000,0.38130000,0.35100000,0.36410000,76782915.00000000,1682035199999,28115733.80510000,109235,36952300.00000000,13531502.88850000,0
