Open Time,Open,High,Low,Close,Volume,Close Time,Quote Asset Volume,Number of trades,Taker Buy Base Asset Volume,Taker Buy Quote Asset volume
1675641600000,0.44940000,0.47550000,0.40630000,0.43290000,237198532.00000000,1675727999999,103792463.99740000,347562,119387006.00000000,52275774.43720000,0
