Open Time,Open,High,Low,Close,Volume,Close Time,Quote Asset Volume,Number of trades,Taker Buy Base Asset Volume,Taker Buy Quote Asset volume
1694217600000,0.23860000,0.24070000,0.23350000,0.23510000,23427417.00000000,1694303999999,5541958.90620000,26840,11372419.00000000,2692049.13840000,0
