Open Time,Open,High,Low,Close,Volume,Close Time,Quote Asset Volume,Number of trades,Taker Buy Base Asset Volume,Taker Buy Quote Asset volume
1684368000000,0.25690000,0.25890000,0.24100000,0.24680000,37443993.00000000,1684454399999,9392220.07230000,44363,19197786.00000000,4819181.82170000,0
