Open Time,Open,High,Low,Close,Volume,Close Time,Quote Asset Volume,Number of trades,Taker Buy Base Asset Volume,Taker Buy Quote Asset volume
1678924800000,0.40950000,0.43740000,0.39590000,0.42150000,119134724.00000000,1679011199999,50125676.50300000,209954,58789441.00000000,24742867.44360000,0
