Open Time,Open,High,Low,Close,Volume,Close Time,Quote Asset Volume,Number of trades,Taker Buy Base Asset Volume,Taker Buy Quote Asset volume
1685318400000,0.26810000,0.27080000,0.25600000,0.26070000,43054819.00000000,1685404799999,11290897.30870000,41795,19207595.00000000,5039019.72470000,0
