Open Time,Open,High,Low,Close,Volume,Close Time,Quote Asset Volume,Number of trades,Taker Buy Base Asset Volume,Taker Buy Quote Asset volume
1689292800000,0.23340000,0.25590000,0.22470000,0.23740000,94628183.00000000,1689379199999,22685298.83240000,82853,47857872.00000000,11469839.41770000,0
