Open Time,Open,High,Low,Close,Volume,Close Time,Quote Asset Volume,Number of trades,Taker Buy Base Asset Volume,Taker Buy Quote Asset volume
1685577600000,0.26390000,0.26980000,0.25300000,0.26260000,53480251.00000000,1685663999999,13976879.00420000,59371,25479458.00000000,6658196.31510000,0
