Open Time,Open,High,Low,Close,Volume,Close Time,Quote Asset Volume,Number of trades,Taker Buy Base Asset Volume,Taker Buy Quote Asset volume
1678406400000,0.31980000,0.34140000,0.29560000,0.33400000,117911805.00000000,1678492799999,37655512.09790000,173714,60963113.00000000,19482268.99410000,0
