Open Time,Open,High,Low,Close,Volume,Close Time,Quote Asset Volume,Number of trades,Taker Buy Base Asset Volume,Taker Buy Quote Asset volume
1688256000000,0.23660000,0.23850000,0.22550000,0.23590000,42961838.00000000,1688342399999,10009754.21280000,40682,18864335.00000000,4397547.23960000,0
