Open Time,Open,High,Low,Close,Volume,Close Time,Quote Asset Volume,Number of trades,Taker Buy Base Asset Volume,Taker Buy Quote Asset volume
1689379200000,0.23730000,0.24650000,0.23070000,0.24140000,44789484.00000000,1689465599999,10733208.07440000,38259,21845008.00000000,5242617.55510000,0
