Open Time,Open,High,Low,Close,Volume,Close Time,Quote Asset Volume,Number of trades,Taker Buy Base Asset Volume,Taker Buy Quote Asset volume
1692576000000,0.20490000,0.20880000,0.19600000,0.20150000,40839602.00000000,1692662399999,8250279.93380000,32267,18420194.00000000,3720066.25220000,0
