Open Time,Open,High,Low,Close,Volume,Close Time,Quote Asset Volume,Number of trades,Taker Buy Base Asset Volume,Taker Buy Quote Asset volume
1679702400000,0.36770000,0.37760000,0.35600000,0.36380000,25459602.00000000,1679788799999,9320753.19730000,48607,12253771.00000000,4487184.79840000,0
