Open Time,Open,High,Low,Close,Volume,Close Time,Quote Asset Volume,Number of trades,Taker Buy Base Asset Volume,Taker Buy Quote Asset volume
1687132800000,0.18300000,0.19320000,0.18100000,0.18960000,39361579.00000000,1687219199999,7323911.91690000,41696,20957299.00000000,3892898.42290000,0
