Open Time,Open,High,Low,Close,Volume,Close Time,Quote Asset Volume,Number of trades,Taker Buy Base Asset Volume,Taker Buy Quote Asset volume
1686441600000,0.18810000,0.18980000,0.17910000,0.18300000,42313518.00000000,1686527999999,7787440.47620000,50983,19601659.00000000,3608350.27610000,0
