Open Time,Open,High,Low,Close,Volume,Close Time,Quote Asset Volume,Number of trades,Taker Buy Base Asset Volume,Taker Buy Quote Asset volume
1675728000000,0.43300000,0.59440000,0.43300000,0.54040000,327135033.00000000,1675814399999,173945812.30860000,506802,164191639.00000000,87222081.56370000,0
