Open Time,Open,High,Low,Close,Volume,Close Time,Quote Asset Volume,Number of trades,Taker Buy Base Asset Volume,Taker Buy Quote Asset volume
1693785600000,0.25910000,0.26990000,0.25200000,0.26740000,94657751.00000000,1693871999999,24707058.88860000,94195,46811671.00000000,12229745.54380000,0
