Open Time,Open,High,Low,Close,Volume,Close Time,Quote Asset Volume,Number of trades,Taker Buy Base Asset Volume,Taker Buy Quote Asset volume
1684540800000,0.26500000,0.26670000,0.25400000,0.25880000,70676094.00000000,1684627199999,18364145.26120000,68768,33808628.00000000,8786122.72360000,0
