Open Time,Open,High,Low,Close,Volume,Close Time,Quote Asset Volume,Number of trades,Taker Buy Base Asset Volume,Taker Buy Quote Asset volume
1677974400000,0.42970000,0.44490000,0.42360000,0.43170000,59462344.00000000,1678060799999,25826345.77720000,99651,29668111.00000000,12885448.49590000,0
