Open Time,Open,High,Low,Close,Volume,Close Time,Quote Asset Volume,Number of trades,Taker Buy Base Asset Volume,Taker Buy Quote Asset volume
1689465600000,0.24150000,0.24850000,0.23410000,0.23580000,45567570.00000000,1689551999999,11030261.41740000,37556,21366322.00000000,5176789.24120000,0
