Open Time,Open,High,Low,Close,Volume,Close Time,Quote Asset Volume,Number of trades,Taker Buy Base Asset Volume,Taker Buy Quote Asset volume
1693008000000,0.21710000,0.21770000,0.20580000,0.20760000,25082161.00000000,1693094399999,5266991.54450000,18750,11084475.00000000,2327279.57360000,0
