Open Time,Open,High,Low,Close,Volume,Close Time,Quote Asset Volume,Number of trades,Taker Buy Base Asset Volume,Taker Buy Quote Asset volume
1694476800000,0.22300000,0.23780000,0.22130000,0.22520000,45085077.00000000,1694563199999,10359879.76110000,48889,22526916.00000000,5177211.41170000,0
