Open Time,Open,High,Low,Close,Volume,Close Time,Quote Asset Volume,Number of trades,Taker Buy Base Asset Volume,Taker Buy Quote Asset volume
1688515200000,0.23870000,0.24290000,0.22280000,0.22630000,37567241.00000000,1688601599999,8690834.00850000,35717,18415996.00000000,4257549.37090000,0
