Open Time,Open,High,Low,Close,Volume,Close Time,Quote Asset Volume,Number of trades,Taker Buy Base Asset Volume,Taker Buy Quote Asset volume
1673827200000,0.22780000,0.25000000,0.21760000,0.22950000,84714792.00000000,1673913599999,19771026.08370000,66502,42380346.00000000,9886216.81440000,0
