Open Time,Open,High,Low,Close,Volume,Close Time,Quote Asset Volume,Number of trades,Taker Buy Base Asset Volume,Taker Buy Quote Asset volume
1683763200000,0.26270000,0.26290000,0.23290000,0.24140000,49909320.00000000,1683849599999,12245877.48830000,64577,24228154.00000000,5943616.38200000,0
