Open Time,Open,High,Low,Close,Volume,Close Time,Quote Asset Volume,Number of trades,Taker Buy Base Asset Volume,Taker Buy Quote Asset volume
1690416000000,0.21180000,0.21790000,0.20980000,0.21470000,21202762.00000000,1690502399999,4552349.63370000,15726,10653976.00000000,2288793.88340000,0
