Open Time,Open,High,Low,Close,Volume,Close Time,Quote Asset Volume,Number of trades,Taker Buy Base Asset Volume,Taker Buy Quote Asset volume
1682812800000,0.34100000,0.34110000,0.32640000,0.32720000,28744009.00000000,1682899199999,9592281.37770000,41791,12508836.00000000,4172393.82940000,0
