Open Time,Open,High,Low,Close,Volume,Close Time,Quote Asset Volume,Number of trades,Taker Buy Base Asset Volume,Taker Buy Quote Asset volume
1690761600000,0.21000000,0.21230000,0.20630000,0.20790000,20287635.00000000,1690847999999,4249560.89290000,15602,9779002.00000000,2048425.27690000,0
