Open Time,Open,High,Low,Close,Volume,Close Time,Quote Asset Volume,Number of trades,Taker Buy Base Asset Volume,Taker Buy Quote Asset volume
1683590400000,0.25960000,0.26490000,0.24740000,0.26330000,49100258.00000000,1683676799999,12526358.90190000,58964,21944565.00000000,5603701.84060000,0
