Open Time,Open,High,Low,Close,Volume,Close Time,Quote Asset Volume,Number of trades,Taker Buy Base Asset Volume,Taker Buy Quote Asset volume
1689897600000,0.22250000,0.22650000,0.22020000,0.22500000,18412090.00000000,1689983999999,4124877.33780000,15327,8954434.00000000,2007045.38630000,0
