Open Time,Open,High,Low,Close,Volume,Close Time,Quote Asset Volume,Number of trades,Taker Buy Base Asset Volume,Taker Buy Quote Asset volume
1693353600000,0.21600000,0.23530000,0.21290000,0.23380000,90061369.00000000,1693439999999,20157293.12170000,74555,47066437.00000000,10546631.31180000,0
