Open Time,Open,High,Low,Close,Volume,Close Time,Quote Asset Volume,Number of trades,Taker Buy Base Asset Volume,Taker Buy Quote Asset volume
1680220800000,0.36520000,0.37070000,0.35420000,0.36640000,34554932.00000000,1680307199999,12578354.62940000,53812,17387930.00000000,6330378.54260000,0
