Open Time,Open,High,Low,Close,Volume,Close Time,Quote Asset Volume,Number of trades,Taker Buy Base Asset Volume,Taker Buy Quote Asset volume
1688169600000,0.22710000,0.24130000,0.22210000,0.23660000,63579264.00000000,1688255999999,14866114.84180000,51922,30843020.00000000,7219636.76330000,0
