Open Time,Open,High,Low,Close,Volume,Close Time,Quote Asset Volume,Number of trades,Taker Buy Base Asset Volume,Taker Buy Quote Asset volume
1689120000000,0.21390000,0.22140000,0.21000000,0.21950000,47627396.00000000,1689206399999,10291953.14550000,38667,23862013.00000000,5160339.91180000,0
