Open Time,Open,High,Low,Close,Volume,Close Time,Quote Asset Volume,Number of trades,Taker Buy Base Asset Volume,Taker Buy Quote Asset volume
1676160000000,0.41700000,0.43000000,0.39350000,0.39820000,64536990.00000000,1676246399999,26623167.39120000,95121,30855075.00000000,12738842.49470000,0
