Open Time,Open,High,Low,Close,Volume,Close Time,Quote Asset Volume,Number of trades,Taker Buy Base Asset Volume,Taker Buy Quote Asset volume
1673049600000,0.12420000,0.16980000,0.12370000,0.15780000,199831896.00000000,1673135999999,29139096.61220000,134524,101532086.00000000,14807460.61480000,0
