Open Time,Open,High,Low,Close,Volume,Close Time,Quote Asset Volume,Number of trades,Taker Buy Base Asset Volume,Taker Buy Quote Asset volume
1682294400000,0.33540000,0.34500000,0.32470000,0.33190000,34615425.00000000,1682380799999,11579424.94730000,63875,18060020.00000000,6042099.49720000,0
