Open Time,Open,High,Low,Close,Volume,Close Time,Quote Asset Volume,Number of trades,Taker Buy Base Asset Volume,Taker Buy Quote Asset volume
1680739200000,0.36390000,0.36460000,0.34840000,0.35260000,28482178.00000000,1680825599999,10119318.38750000,45368,13636498.00000000,4846756.08860000,0
