Open Time,Open,High,Low,Close,Volume,Close Time,Quote Asset Volume,Number of trades,Taker Buy Base Asset Volume,Taker Buy Quote Asset volume
1676505600000,0.47340000,0.48390000,0.40850000,0.41330000,124153803.00000000,1676591999999,56632301.02840000,183196,59703004.00000000,27269356.23470000,0
