Open Time,Open,High,Low,Close,Volume,Close Time,Quote Asset Volume,Number of trades,Taker Buy Base Asset Volume,Taker Buy Quote Asset volume
1684800000000,0.23950000,0.24850000,0.23690000,0.24520000,41604930.00000000,1684886399999,10152784.80620000,37787,20212631.00000000,4933411.16360000,0
