Open Time,Open,High,Low,Close,Volume,Close Time,Quote Asset Volume,Number of trades,Taker Buy Base Asset Volume,Taker Buy Quote Asset volume
1694736000000,0.22960000,0.23790000,0.22720000,0.23720000,33266602.00000000,1694822399999,7733736.82870000,34567,15166505.00000000,3528807.36940000,0
