Open Time,Open,High,Low,Close,Volume,Close Time,Quote Asset Volume,Number of trades,Taker Buy Base Asset Volume,Taker Buy Quote Asset volume
1673395200000,0.18910000,0.20830000,0.17230000,0.18060000,204173611.00000000,1673481599999,38556884.45220000,143100,101856191.00000000,19241425.15220000,0
