Open Time,Open,High,Low,Close,Volume,Close Time,Quote Asset Volume,Number of trades,Taker Buy Base Asset Volume,Taker Buy Quote Asset volume
1687996800000,0.21430000,0.22500000,0.21390000,0.21820000,28009285.00000000,1688083199999,6144558.07020000,27472,13187265.00000000,2892993.57020000,0
