Open Time,Open,High,Low,Close,Volume,Close Time,Quote Asset Volume,Number of trades,Taker Buy Base Asset Volume,Taker Buy Quote Asset volume
1689724800000,0.22530000,0.23140000,0.22340000,0.22480000,33053725.00000000,1689811199999,7514668.08590000,27405,15176504.00000000,3452228.48610000,0
