Open Time,Open,High,Low,Close,Volume,Close Time,Quote Asset Volume,Number of trades,Taker Buy Base Asset Volume,Taker Buy Quote Asset volume
1694044800000,0.25650000,0.25770000,0.24080000,0.24910000,39494223.00000000,1694131199999,9763936.31580000,41862,18457682.00000000,4568579.81500000,0
