Open Time,Open,High,Low,Close,Volume,Close Time,Quote Asset Volume,Number of trades,Taker Buy Base Asset Volume,Taker Buy Quote Asset volume
1686787200000,0.17980000,0.18870000,0.17280000,0.18220000,39458717.00000000,1686873599999,7116970.97280000,46214,19095979.00000000,3443899.12290000,0
