Open Time,Open,High,Low,Close,Volume,Close Time,Quote Asset Volume,Number of trades,Taker Buy Base Asset Volume,Taker Buy Quote Asset volume
1680912000000,0.34500000,0.34820000,0.33530000,0.33910000,21310828.00000000,1680998399999,7292973.34080000,32885,10476267.00000000,3587496.74690000,0
