Open Time,Open,High,Low,Close,Volume,Close Time,Quote Asset Volume,Number of trades,Taker Buy Base Asset Volume,Taker Buy Quote Asset volume
1687651200000,0.22990000,0.24000000,0.22530000,0.22750000,34223144.00000000,1687737599999,7932544.33610000,42328,14894874.00000000,3454987.08620000,0
