Open Time,Open,High,Low,Close,Volume,Close Time,Quote Asset Volume,Number of trades,Taker Buy Base Asset Volume,Taker Buy Quote Asset volume
1692316800000,0.18810000,0.20540000,0.18260000,0.19960000,86159417.00000000,1692403199999,16960212.72140000,77088,42575111.00000000,8385609.46780000,0
