Open Time,Open,High,Low,Close,Volume,Close Time,Quote Asset Volume,Number of trades,Taker Buy Base Asset Volume,Taker Buy Quote Asset volume
1687305600000,0.19970000,0.22900000,0.19890000,0.22200000,96692530.00000000,1687391999999,20595569.82560000,116823,44031336.00000000,9378387.90890000,0
