Open Time,Open,High,Low,Close,Volume,Close Time,Quote Asset Volume,Number of trades,Taker Buy Base Asset Volume,Taker Buy Quote Asset volume
1694131200000,0.24910000,0.25550000,0.23550000,0.23860000,53580374.00000000,1694217599999,13151386.40580000,59048,24531818.00000000,6031409.27720000,0
