Open Time,Open,High,Low,Close,Volume,Close Time,Quote Asset Volume,Number of trades,Taker Buy Base Asset Volume,Taker Buy Quote Asset volume
1675209600000,0.27500000,0.30000000,0.25750000,0.28860000,86038813.00000000,1675295999999,23952025.25560000,119760,42997655.00000000,11966374.36710000,0
