Open Time,Open,High,Low,Close,Volume,Close Time,Quote Asset Volume,Number of trades,Taker Buy Base Asset Volume,Taker Buy Quote Asset volume
1692489600000,0.20960000,0.21280000,0.20300000,0.20480000,25637629.00000000,1692575999999,5310804.98240000,21412,12900073.00000000,2673918.87680000,0
