Open Time,Open,High,Low,Close,Volume,Close Time,Quote Asset Volume,Number of trades,Taker Buy Base Asset Volume,Taker Buy Quote Asset volume
1681171200000,0.35540000,0.36440000,0.35050000,0.35210000,58857473.00000000,1681257599999,21046084.05550000,126947,28996475.00000000,10372665.76090000,0
