Open Time,Open,High,Low,Close,Volume,Close Time,Quote Asset Volume,Number of trades,Taker Buy Base Asset Volume,Taker Buy Quote Asset volume
1683158400000,0.32500000,0.32600000,0.30700000,0.31030000,24973819.00000000,1683244799999,7918897.91920000,37447,11635164.00000000,3686816.23900000,0
