Open Time,Open,High,Low,Close,Volume,Close Time,Quote Asset Volume,Number of trades,Taker Buy Base Asset Volume,Taker Buy Quote Asset volume
1684454400000,0.24670000,0.28420000,0.24190000,0.26500000,173819173.00000000,1684540799999,46058578.09130000,179713,84444010.00000000,22373122.46140000,0
