Open Time,Open,High,Low,Close,Volume,Close Time,Quote Asset Volume,Number of trades,Taker Buy Base Asset Volume,Taker Buy Quote Asset volume
1688860800000,0.21930000,0.22100000,0.21610000,0.21710000,15476920.00000000,1688947199999,3380023.36450000,13666,7546666.00000000,1648344.93400000,0
