Open Time,Open,High,Low,Close,Volume,Close Time,Quote Asset Volume,Number of trades,Taker Buy Base Asset Volume,Taker Buy Quote Asset volume
1688688000000,0.21290000,0.22410000,0.21050000,0.22340000,32923187.00000000,1688774399999,7188545.12840000,30209,16558443.00000000,3618114.80310000,0
