Open Time,Open,High,Low,Close,Volume,Close Time,Quote Asset Volume,Number of trades,Taker Buy Base Asset Volume,Taker Buy Quote Asset volume
1673913600000,0.22950000,0.28400000,0.22370000,0.27930000,234311928.00000000,1673999999999,61326802.12140000,236563,122659252.00000000,32114223.59620000,0
