Open Time,Open,High,Low,Close,Volume,Close Time,Quote Asset Volume,Number of trades,Taker Buy Base Asset Volume,Taker Buy Quote Asset volume
1692662400000,0.20150000,0.20440000,0.18550000,0.19620000,45740751.00000000,1692748799999,8927328.76730000,35862,21349765.00000000,4167736.45840000,0
