Open Time,Open,High,Low,Close,Volume,Close Time,Quote Asset Volume,Number of trades,Taker Buy Base Asset Volume,Taker Buy Quote Asset volume
1683331200000,0.31030000,0.31360000,0.27700000,0.28790000,53326902.00000000,1683417599999,15499664.97750000,70006,23576749.00000000,6857047.19330000,0
