Open Time,Open,High,Low,Close,Volume,Close Time,Quote Asset Volume,Number of trades,Taker Buy Base Asset Volume,Taker Buy Quote Asset volume
1684713600000,0.24300000,0.24520000,0.23440000,0.23940000,43763573.00000000,1684799999999,10489162.70430000,45331,21804491.00000000,5225458.75640000,0
