Open Time,Open,High,Low,Close,Volume,Close Time,Quote Asset Volume,Number of trades,Taker Buy Base Asset Volume,Taker Buy Quote Asset volume
1685059200000,0.23700000,0.25000000,0.23050000,0.24530000,77061615.00000000,1685145599999,18576781.75700000,63001,37331293.00000000,8999097.46350000,0
