Open Time,Open,High,Low,Close,Volume,Close Time,Quote Asset Volume,Number of trades,Taker Buy Base Asset Volume,Taker Buy Quote Asset volume
1692835200000,0.20850000,0.21700000,0.20400000,0.20910000,50181132.00000000,1692921599999,10590561.27200000,42384,23501855.00000000,4961850.89480000,0
