Open Time,Open,High,Low,Close,Volume,Close Time,Quote Asset Volume,Number of trades,Taker Buy Base Asset Volume,Taker Buy Quote Asset volume
1686700800000,0.18960000,0.19310000,0.17620000,0.17980000,36410283.00000000,1686787199999,6793735.84560000,44079,16259052.00000000,3034512.73310000,0
