Open Time,Open,High,Low,Close,Volume,Close Time,Quote Asset Volume,Number of trades,Taker Buy Base Asset Volume,Taker Buy Quote Asset volume
1674172800000,0.27210000,0.29420000,0.25870000,0.28280000,102125000.00000000,1674259199999,28157522.31140000,94704,50279434.00000000,13860550.26650000,0
