Open Time,Open,High,Low,Close,Volume,Close Time,Quote Asset Volume,Number of trades,Taker Buy Base Asset Volume,Taker Buy Quote Asset volume
1511136000000,355.15000000,372.50000000,353.90000000,367.42000000,18277.01940000,1511222399999,6600961.95826400,11553,9171.44481000,3318132.25711670,0
