Open Time,Open,High,Low,Close,Volume,Close Time,Quote Asset Volume,Number of trades,Taker Buy Base Asset Volume,Taker Buy Quote Asset volume
1512432000000,466.66000000,468.67000000,445.21000000,452.26000000,25387.11695000,1512518399999,11663673.28648950,19373,12902.22244000,5935255.77723800,0
