Open Time,Open,High,Low,Close,Volume,Close Time,Quote Asset Volume,Number of trades,Taker Buy Base Asset Volume,Taker Buy Quote Asset volume
1512086400000,428.05000000,465.97000000,413.74000000,457.51000000,33072.21995000,1512172799999,14471054.86973500,19944,19043.24922000,8328610.98144120,0
