Open Time,Open,High,Low,Close,Volume,Close Time,Quote Asset Volume,Number of trades,Taker Buy Base Asset Volume,Taker Buy Quote Asset volume
1506038400000,258.00000000,272.97000000,253.01000000,264.00000000,1464.51250000,1506124799999,382962.21794300,2144,612.61937000,160401.28781390,0
