Open Time,Open,High,Low,Close,Volume,Close Time,Quote Asset Volume,Number of trades,Taker Buy Base Asset Volume,Taker Buy Quote Asset volume
1512000000000,421.92000000,460.00000000,387.01000000,427.43000000,45184.22265000,1512086399999,19125706.00076650,22805,24018.42012000,10172953.09608460,0
