Open Time,Open,High,Low,Close,Volume,Close Time,Quote Asset Volume,Number of trades,Taker Buy Base Asset Volume,Taker Buy Quote Asset volume
1508544000000,304.51000000,305.34000000,290.00000000,298.94000000,8591.63121000,1508630399999,2558677.41154280,6343,4286.76965000,1278052.92831190,0
