Open Time,Open,High,Low,Close,Volume,Close Time,Quote Asset Volume,Number of trades,Taker Buy Base Asset Volume,Taker Buy Quote Asset volume
1507161600000,290.00000000,297.44000000,285.53000000,294.81000000,3412.39016000,1507247999999,994768.49540650,6125,1684.82069000,492521.57928530,0
