Open Time,Open,High,Low,Close,Volume,Close Time,Quote Asset Volume,Number of trades,Taker Buy Base Asset Volume,Taker Buy Quote Asset volume
1506124800000,259.99000000,286.23000000,255.11000000,285.93000000,2824.33572000,1506211199999,788810.32442390,3901,841.43467000,233418.25689900,0
