Open Time,Open,High,Low,Close,Volume,Close Time,Quote Asset Volume,Number of trades,Taker Buy Base Asset Volume,Taker Buy Quote Asset volume
1505347200000,275.76000000,283.77000000,215.00000000,215.21000000,12601.95676000,1505433599999,3110767.78056470,8166,4455.23882000,1100931.14542670,0
