Open Time,Open,High,Low,Close,Volume,Close Time,Quote Asset Volume,Number of trades,Taker Buy Base Asset Volume,Taker Buy Quote Asset volume
1504656000000,313.29000000,336.34000000,312.09000000,335.00000000,5486.30988000,1504742399999,1793962.85849940,7089,2183.65363000,713126.10171990,0
