Open Time,Open,High,Low,Close,Volume,Close Time,Quote Asset Volume,Number of trades,Taker Buy Base Asset Volume,Taker Buy Quote Asset volume
1513468800000,681.80000000,728.00000000,680.33000000,707.64000000,31398.44760000,1513555199999,22242667.21533620,36094,16831.51917000,11929457.90222880,0
