Open Time,Open,High,Low,Close,Volume,Close Time,Quote Asset Volume,Number of trades,Taker Buy Base Asset Volume,Taker Buy Quote Asset volume
1511740800000,462.84000000,486.94000000,453.00000000,472.31000000,23761.11416000,1511827199999,11199192.40160950,15797,10794.57638000,5093374.57829720,0
