Open Time,Open,High,Low,Close,Volume,Close Time,Quote Asset Volume,Number of trades,Taker Buy Base Asset Volume,Taker Buy Quote Asset volume
1506297600000,282.00000000,299.00000000,281.34000000,294.42000000,5870.48035000,1506383999999,1705551.99210180,9165,1950.58866000,567363.44908810,0
