Open Time,Open,High,Low,Close,Volume,Close Time,Quote Asset Volume,Number of trades,Taker Buy Base Asset Volume,Taker Buy Quote Asset volume
1503187200000,289.41000000,300.53000000,282.85000000,299.10000000,2510.13871000,1503273599999,742847.89455990,2038,2186.68739000,647506.06202050,0
