Open Time,Open,High,Low,Close,Volume,Close Time,Quote Asset Volume,Number of trades,Taker Buy Base Asset Volume,Taker Buy Quote Asset volume
1512259200000,457.31000000,485.90000000,440.11000000,460.30000000,24490.05997000,1512345599999,11436416.92419770,21404,12239.10293000,5721801.05345790,0
