Open Time,Open,High,Low,Close,Volume,Close Time,Quote Asset Volume,Number of trades,Taker Buy Base Asset Volume,Taker Buy Quote Asset volume
1510531200000,304.00000000,318.88000000,303.70000000,312.99000000,15551.67434000,1510617599999,4852265.39556490,9066,7170.70938000,2242103.28455420,0
