Open Time,Open,High,Low,Close,Volume,Close Time,Quote Asset Volume,Number of trades,Taker Buy Base Asset Volume,Taker Buy Quote Asset volume
1505865600000,284.01000000,294.00000000,275.91000000,282.00000000,1060.56734000,1505951999999,302739.73375310,1431,566.64637000,162290.41858720,0
