Open Time,Open,High,Low,Close,Volume,Close Time,Quote Asset Volume,Number of trades,Taker Buy Base Asset Volume,Taker Buy Quote Asset volume
1507248000000,294.78000000,310.80000000,293.78000000,310.80000000,3541.02359000,1507334399999,1063779.35392510,6064,1965.17959000,590729.76186070,0
