Open Time,Open,High,Low,Close,Volume,Close Time,Quote Asset Volume,Number of trades,Taker Buy Base Asset Volume,Taker Buy Quote Asset volume
1508803200000,282.27000000,310.00000000,275.50000000,297.38000000,14066.67924000,1508889599999,4253110.31958060,8026,8185.36518000,2480346.53838040,0
