Open Time,Open,High,Low,Close,Volume,Close Time,Quote Asset Volume,Number of trades,Taker Buy Base Asset Volume,Taker Buy Quote Asset volume
1509321600000,305.00000000,316.00000000,302.10000000,307.25000000,8946.12026000,1509407999999,2751568.63653630,6421,4751.89487000,1464093.31403040,0
