Open Time,Open,High,Low,Close,Volume,Close Time,Quote Asset Volume,Number of trades,Taker Buy Base Asset Volume,Taker Buy Quote Asset volume
1503446400000,312.25000000,324.99000000,309.41000000,315.74000000,8665.72569000,1503532799999,2753464.94504080,8540,2282.23633000,728206.91761490,0
