Open Time,Open,High,Low,Close,Volume,Close Time,Quote Asset Volume,Number of trades,Taker Buy Base Asset Volume,Taker Buy Quote Asset volume
1504915200000,300.01000000,307.00000000,281.66000000,296.74000000,2740.58822000,1505001599999,813750.35893590,1956,1755.91508000,520754.91457350,0
