Open Time,Open,High,Low,Close,Volume,Close Time,Quote Asset Volume,Number of trades,Taker Buy Base Asset Volume,Taker Buy Quote Asset volume
1504310400000,388.58000000,394.32000000,320.08000000,343.14000000,8240.32724000,1504396799999,2904008.46138610,8217,2460.66776000,868487.28339190,0
