Open Time,Open,High,Low,Close,Volume,Close Time,Quote Asset Volume,Number of trades,Taker Buy Base Asset Volume,Taker Buy Quote Asset volume
1512691200000,406.52000000,456.78000000,390.00000000,442.56000000,41064.60305000,1512777599999,17430991.95905210,42348,17149.63290000,7318210.62440880,0
