Open Time,Open,High,Low,Close,Volume,Close Time,Quote Asset Volume,Number of trades,Taker Buy Base Asset Volume,Taker Buy Quote Asset volume
1512950400000,427.35000000,512.00000000,427.35000000,508.70000000,29763.16644000,1513036799999,13776239.58265010,28773,14163.91481000,6587249.84110790,0
