Open Time,Open,High,Low,Close,Volume,Close Time,Quote Asset Volume,Number of trades,Taker Buy Base Asset Volume,Taker Buy Quote Asset volume
1503014400000,302.00000000,311.79000000,283.94000000,293.96000000,9537.84646000,1503100799999,2858946.50935390,5658,7452.43542000,2240813.26122640,0
