Open Time,Open,High,Low,Close,Volume,Close Time,Quote Asset Volume,Number of trades,Taker Buy Base Asset Volume,Taker Buy Quote Asset volume
1504483200000,339.29000000,344.55000000,267.94000000,283.77000000,6737.81061000,1504569599999,2002446.18180200,7403,2954.16805000,877011.10666470,0
