Open Time,Open,High,Low,Close,Volume,Close Time,Quote Asset Volume,Number of trades,Taker Buy Base Asset Volume,Taker Buy Quote Asset volume
1514678400000,680.01000000,740.00000000,672.86000000,733.98000000,62628.24458000,1514764799999,44570894.79906170,92610,32109.79685000,22872625.29434590,0
