Open Time,Open,High,Low,Close,Volume,Close Time,Quote Asset Volume,Number of trades,Taker Buy Base Asset Volume,Taker Buy Quote Asset volume
1505174400000,297.78000000,316.46000000,286.01000000,293.96000000,5176.31402000,1505260799999,1573452.41245190,5279,2207.60465000,671349.25426970,0
