Open Time,Open,High,Low,Close,Volume,Close Time,Quote Asset Volume,Number of trades,Taker Buy Base Asset Volume,Taker Buy Quote Asset volume
1505606400000,249.32000000,264.39000000,239.02000000,257.55000000,4614.53337000,1505692799999,1149704.29492940,5277,1442.00382000,360268.47386080,0
