Open Time,Open,High,Low,Close,Volume,Close Time,Quote Asset Volume,Number of trades,Taker Buy Base Asset Volume,Taker Buy Quote Asset volume
1513123200000,622.00000000,705.69000000,539.93000000,683.99000000,57694.18773000,1513209599999,36344921.46479940,55759,28508.57887000,18035820.05084940,0
