Open Time,Open,High,Low,Close,Volume,Close Time,Quote Asset Volume,Number of trades,Taker Buy Base Asset Volume,Taker Buy Quote Asset volume
1503532800000,315.74000000,328.04000000,314.01000000,323.42000000,6753.27192000,1503619199999,2159417.11415370,6495,1901.90029000,610929.14716790,0
