Open Time,Open,High,Low,Close,Volume,Close Time,Quote Asset Volume,Number of trades,Taker Buy Base Asset Volume,Taker Buy Quote Asset volume
1506902400000,303.94000000,305.00000000,295.00000000,296.50000000,3710.83747000,1506988799999,1116501.22481220,7454,1398.52021000,421273.02438230,0
