Open Time,Open,High,Low,Close,Volume,Close Time,Quote Asset Volume,Number of trades,Taker Buy Base Asset Volume,Taker Buy Quote Asset volume
1510617600000,313.00000000,337.54000000,312.94000000,335.61000000,17709.22270000,1510703999999,5756893.45279360,11711,8919.59659000,2901086.07391940,0
