Open Time,Open,High,Low,Close,Volume,Close Time,Quote Asset Volume,Number of trades,Taker Buy Base Asset Volume,Taker Buy Quote Asset volume
1514160000000,659.40000000,744.00000000,599.99000000,714.95000000,78544.84102000,1514246399999,55108579.68400840,86060,43032.95930000,30201608.57709150,0
