Open Time,Open,High,Low,Close,Volume,Close Time,Quote Asset Volume,Number of trades,Taker Buy Base Asset Volume,Taker Buy Quote Asset volume
1514505600000,709.50000000,757.87000000,703.00000000,733.99000000,64028.12647000,1514591999999,46838775.81758080,89024,31777.71602000,23266046.75783670,0
