Open Time,Open,High,Low,Close,Volume,Close Time,Quote Asset Volume,Number of trades,Taker Buy Base Asset Volume,Taker Buy Quote Asset volume
1511481600000,405.03000000,475.00000000,392.80000000,469.00000000,30398.35831000,1511567999999,13089282.21147210,15706,15383.97249000,6660202.96463250,0
