Open Time,Open,High,Low,Close,Volume,Close Time,Quote Asset Volume,Number of trades,Taker Buy Base Asset Volume,Taker Buy Quote Asset volume
1504828800000,334.49000000,335.10000000,272.00000000,302.99000000,4915.75693000,1504915199999,1494309.88661630,3227,2306.94838000,698362.84939540,0
