Open Time,Open,High,Low,Close,Volume,Close Time,Quote Asset Volume,Number of trades,Taker Buy Base Asset Volume,Taker Buy Quote Asset volume
1503273600000,299.10000000,346.52000000,294.60000000,323.29000000,5219.44542000,1503359999999,1689472.34121400,3925,4004.19967000,1297977.42311420,0
