Open Time,Open,High,Low,Close,Volume,Close Time,Quote Asset Volume,Number of trades,Taker Buy Base Asset Volume,Taker Buy Quote Asset volume
1509062400000,294.72000000,298.10000000,292.03000000,296.33000000,6272.14802000,1509148799999,1852704.41610560,5899,2478.34843000,733169.15119110,0
