Open Time,Open,High,Low,Close,Volume,Close Time,Quote Asset Volume,Number of trades,Taker Buy Base Asset Volume,Taker Buy Quote Asset volume
1509667200000,283.12000000,307.00000000,282.00000000,304.08000000,8194.03465000,1509753599999,2400297.63478160,8973,3439.34248000,1009675.17280160,0
