Open Time,Open,High,Low,Close,Volume,Close Time,Quote Asset Volume,Number of trades,Taker Buy Base Asset Volume,Taker Buy Quote Asset volume
1507075200000,292.47000000,297.97000000,288.00000000,291.99000000,4014.88792000,1507161599999,1176260.21718690,7233,2030.79500000,596758.05688080,0
