Open Time,Open,High,Low,Close,Volume,Close Time,Quote Asset Volume,Number of trades,Taker Buy Base Asset Volume,Taker Buy Quote Asset volume
1512172800000,457.53000000,471.91000000,445.00000000,457.63000000,25796.14000000,1512259199999,11883272.79966420,18388,12336.59141000,5685998.30529220,0
