Open Time,Open,High,Low,Close,Volume,Close Time,Quote Asset Volume,Number of trades,Taker Buy Base Asset Volume,Taker Buy Quote Asset volume
1512518400000,452.26000000,455.10000000,400.00000000,411.01000000,38638.76036000,1512604799999,16767914.25660970,24522,16000.21644000,6945785.89973760,0
