Open Time,Open,High,Low,Close,Volume,Close Time,Quote Asset Volume,Number of trades,Taker Buy Base Asset Volume,Taker Buy Quote Asset volume
1503100800000,293.31000000,299.90000000,278.00000000,290.91000000,2146.19773000,1503187199999,620022.58986170,1795,1537.97550000,444713.61220860,0
