Open Time,Open,High,Low,Close,Volume,Close Time,Quote Asset Volume,Number of trades,Taker Buy Base Asset Volume,Taker Buy Quote Asset volume
1502928000000,301.13000000,312.18000000,298.00000000,302.00000000,7030.71034000,1503014399999,2154655.30035660,4522,6224.58999000,1908705.36853020,0
