Open Time,Open,High,Low,Close,Volume,Close Time,Quote Asset Volume,Number of trades,Taker Buy Base Asset Volume,Taker Buy Quote Asset volume
1513987200000,635.15000000,714.99000000,627.97000000,640.34000000,79001.05634000,1514073599999,53738833.88061430,79260,42804.08114000,29157507.58909000,0
