Open Time,Open,High,Low,Close,Volume,Close Time,Quote Asset Volume,Number of trades,Taker Buy Base Asset Volume,Taker Buy Quote Asset volume
1512604800000,413.50000000,427.61000000,375.01000000,406.33000000,41343.73269000,1512691199999,16842079.09190120,30163,17174.99356000,7025122.81211470,0
