Open Time,Open,High,Low,Close,Volume,Close Time,Quote Asset Volume,Number of trades,Taker Buy Base Asset Volume,Taker Buy Quote Asset volume
1506729600000,292.62000000,307.49000000,292.22000000,304.36000000,4020.60795000,1506815999999,1214456.83804620,8168,1645.11941000,497660.50805900,0
