Open Time,Open,High,Low,Close,Volume,Close Time,Quote Asset Volume,Number of trades,Taker Buy Base Asset Volume,Taker Buy Quote Asset volume
1509494400000,304.89000000,305.90000000,286.34000000,287.01000000,9843.16660000,1509580799999,2948801.70630060,12038,3264.61810000,981818.75799190,0
