Open Time,Open,High,Low,Close,Volume,Close Time,Quote Asset Volume,Number of trades,Taker Buy Base Asset Volume,Taker Buy Quote Asset volume
1503705600000,327.24000000,335.44000000,323.41000000,330.79000000,4877.68521000,1503791999999,1601994.37731660,4400,941.99655000,311132.26310030,0
