Open Time,Open,High,Low,Close,Volume,Close Time,Quote Asset Volume,Number of trades,Taker Buy Base Asset Volume,Taker Buy Quote Asset volume
1508630400000,298.99000000,306.99000000,290.00000000,293.79000000,7173.06893000,1508716799999,2120546.54702250,5828,3305.51785000,977321.14309910,0
