Open Time,Open,High,Low,Close,Volume,Close Time,Quote Asset Volume,Number of trades,Taker Buy Base Asset Volume,Taker Buy Quote Asset volume
1510963200000,331.20000000,349.90000000,326.01000000,346.66000000,14361.49730000,1511049599999,4780354.33540800,10690,7672.43904000,2559237.11231930,0
