Open Time,Open,High,Low,Close,Volume,Close Time,Quote Asset Volume,Number of trades,Taker Buy Base Asset Volume,Taker Buy Quote Asset volume
1509408000000,305.95000000,309.99000000,304.01000000,304.90000000,7640.41182000,1509494399999,2347542.86483170,7744,3070.74748000,944596.83436610,0
