Open Time,Open,High,Low,Close,Volume,Close Time,Quote Asset Volume,Number of trades,Taker Buy Base Asset Volume,Taker Buy Quote Asset volume
1504569600000,286.81000000,321.52000000,235.55000000,312.09000000,8344.41924000,1504655999999,2397490.91783860,8999,4312.97282000,1251958.99131160,0
