Open Time,Open,High,Low,Close,Volume,Close Time,Quote Asset Volume,Number of trades,Taker Buy Base Asset Volume,Taker Buy Quote Asset volume
1507420800000,311.08000000,317.07000000,309.00000000,311.07000000,2960.93198000,1507507199999,923989.78755400,6247,1069.23508000,334539.35701200,0
