Open Time,Open,High,Low,Close,Volume,Close Time,Quote Asset Volume,Number of trades,Taker Buy Base Asset Volume,Taker Buy Quote Asset volume
1506470400000,289.91000000,313.00000000,286.13000000,309.74000000,5518.10382000,1506556799999,1641896.87436510,8208,1276.45702000,380606.46578970,0
