Open Time,Open,High,Low,Close,Volume,Close Time,Quote Asset Volume,Number of trades,Taker Buy Base Asset Volume,Taker Buy Quote Asset volume
1511654400000,461.00000000,465.00000000,436.14000000,462.84000000,21691.11759000,1511740799999,9854650.94320160,13955,9455.95178000,4305399.47918360,0
