Open Time,Open,High,Low,Close,Volume,Close Time,Quote Asset Volume,Number of trades,Taker Buy Base Asset Volume,Taker Buy Quote Asset volume
1505779200000,296.00000000,300.00000000,277.41000000,284.00000000,1869.90852000,1505865599999,535773.56520010,1896,789.82937000,226839.70654210,0
