Open Time,Open,High,Low,Close,Volume,Close Time,Quote Asset Volume,Number of trades,Taker Buy Base Asset Volume,Taker Buy Quote Asset volume
1504742400000,335.01000000,342.50000000,320.17000000,334.49000000,3103.89745000,1504828799999,1027135.68695240,2635,1321.09841000,438034.17329640,0
