Open Time,Open,High,Low,Close,Volume,Close Time,Quote Asset Volume,Number of trades,Taker Buy Base Asset Volume,Taker Buy Quote Asset volume
1508198400000,335.18000000,336.58000000,312.65000000,315.19000000,8146.74356000,1508284799999,2638150.88929040,6837,3297.06736000,1069520.41625130,0
