Open Time,Open,High,Low,Close,Volume,Close Time,Quote Asset Volume,Number of trades,Taker Buy Base Asset Volume,Taker Buy Quote Asset volume
1510876800000,331.49000000,334.60000000,323.84000000,331.23000000,18042.02544000,1510963199999,5954175.94002110,11548,9389.65878000,3102187.46822190,0
