Open Time,Open,High,Low,Close,Volume,Close Time,Quote Asset Volume,Number of trades,Taker Buy Base Asset Volume,Taker Buy Quote Asset volume
1504137600000,384.64000000,389.36000000,377.78000000,384.79000000,4435.86855000,1504223999999,1704441.39426660,4574,1432.19381000,550808.61088400,0
