Open Time,Open,High,Low,Close,Volume,Close Time,Quote Asset Volume,Number of trades,Taker Buy Base Asset Volume,Taker Buy Quote Asset volume
1512777600000,442.56000000,488.00000000,426.40000000,460.00000000,41918.34044000,1512863999999,19341744.41303860,35517,20439.87165000,9429536.53392380,0
