Open Time,Open,High,Low,Close,Volume,Close Time,Quote Asset Volume,Number of trades,Taker Buy Base Asset Volume,Taker Buy Quote Asset volume
1505260800000,293.93000000,294.50000000,257.05000000,276.91000000,6451.22836000,1505347199999,1761080.89760690,4527,3264.55673000,890399.36959740,0
