Open Time,Open,High,Low,Close,Volume,Close Time,Quote Asset Volume,Number of trades,Taker Buy Base Asset Volume,Taker Buy Quote Asset volume
1504224000000,386.44000000,394.39000000,383.18000000,388.46000000,4198.68434000,1504310399999,1635227.61376610,4124,1564.05531000,609630.94977130,0
