Open Time,Open,High,Low,Close,Volume,Close Time,Quote Asset Volume,Number of trades,Taker Buy Base Asset Volume,Taker Buy Quote Asset volume
1510099200000,291.31000000,320.00000000,290.02000000,303.02000000,15961.85772000,1510185599999,4839176.80681300,14402,7621.19678000,2314876.90423270,0
