Open Time,Open,High,Low,Close,Volume,Close Time,Quote Asset Volume,Number of trades,Taker Buy Base Asset Volume,Taker Buy Quote Asset volume
1509926400000,295.19000000,305.58000000,290.11000000,297.97000000,7515.50103000,1510012799999,2233482.61226260,7898,2768.12495000,823872.97235370,0
