Open Time,Open,High,Low,Close,Volume,Close Time,Quote Asset Volume,Number of trades,Taker Buy Base Asset Volume,Taker Buy Quote Asset volume
1503360000000,321.04000000,330.41000000,144.21000000,309.80000000,7956.35088000,1503446399999,2454425.80331370,6577,4433.78132000,1364472.48833300,0
