Open Time,Open,High,Low,Close,Volume,Close Time,Quote Asset Volume,Number of trades,Taker Buy Base Asset Volume,Taker Buy Quote Asset volume
1503878400000,348.11000000,351.00000000,331.95000000,346.00000000,4279.18170000,1503964799999,1463758.16910410,4526,1114.26279000,383473.98891030,0
