Open Time,Open,High,Low,Close,Volume,Close Time,Quote Asset Volume,Number of trades,Taker Buy Base Asset Volume,Taker Buy Quote Asset volume
1503964800000,347.00000000,377.60000000,346.00000000,374.70000000,3032.13425000,1504051199999,1102069.62058090,3265,923.16784000,334768.81046930,0
