Open Time,Open,High,Low,Close,Volume,Close Time,Quote Asset Volume,Number of trades,Taker Buy Base Asset Volume,Taker Buy Quote Asset volume
1513900800000,784.00000000,796.00000000,504.99000000,635.97000000,154630.49482000,1513987199999,98661808.48224840,113138,72411.90221000,46364952.49949940,0
