Open Time,Open,High,Low,Close,Volume,Close Time,Quote Asset Volume,Number of trades,Taker Buy Base Asset Volume,Taker Buy Quote Asset volume
1510444800000,310.87000000,316.99000000,281.01000000,305.24000000,21123.15319000,1510531199999,6345603.77067890,13661,9589.62986000,2900669.99649220,0
