Open Time,Open,High,Low,Close,Volume,Close Time,Quote Asset Volume,Number of trades,Taker Buy Base Asset Volume,Taker Buy Quote Asset volume
1510012800000,297.25000000,303.52000000,287.00000000,291.78000000,9418.57881000,1510099199999,2765345.58277720,8788,3541.77071000,1041355.93712190,0
