Open Time,Open,High,Low,Close,Volume,Close Time,Quote Asset Volume,Number of trades,Taker Buy Base Asset Volume,Taker Buy Quote Asset volume
1519430400000,851.59000000,875.00000000,805.00000000,833.94000000,89311.57940000,1519516799999,75082869.27221530,180745,42475.83266000,35742853.26644500,0
