Open Time,Open,High,Low,Close,Volume,Close Time,Quote Asset Volume,Number of trades,Taker Buy Base Asset Volume,Taker Buy Quote Asset volume
1518134400000,781.66000000,882.20000000,781.66000000,877.00000000,95447.67289000,1518220799999,81316368.02043540,196544,48219.20627000,41065080.69212890,0
