Open Time,Open,High,Low,Close,Volume,Close Time,Quote Asset Volume,Number of trades,Taker Buy Base Asset Volume,Taker Buy Quote Asset volume
1537833600000,228.06000000,228.10000000,203.61000000,219.62000000,710650.70970000,1537919999999,151991600.88208400,241874,390268.09596000,83412079.81164120,0
