Open Time,Open,High,Low,Close,Volume,Close Time,Quote Asset Volume,Number of trades,Taker Buy Base Asset Volume,Taker Buy Quote Asset volume
1545609600000,129.03000000,157.67000000,128.80000000,138.03000000,1319609.81650000,1545695999999,190137361.06587730,426763,661539.16353000,95340364.83083320,0
