Open Time,Open,High,Low,Close,Volume,Close Time,Quote Asset Volume,Number of trades,Taker Buy Base Asset Volume,Taker Buy Quote Asset volume
1536105600000,285.18000000,287.62000000,227.00000000,228.53000000,528734.31960000,1536191999999,136620123.95912970,218243,286451.21575000,74193953.75973460,0
