Open Time,Open,High,Low,Close,Volume,Close Time,Quote Asset Volume,Number of trades,Taker Buy Base Asset Volume,Taker Buy Quote Asset volume
1519948800000,870.63000000,876.22000000,850.00000000,856.28000000,39436.26006000,1520035199999,34068626.38325950,77178,18068.41456000,15614620.31652370,0
