Open Time,Open,High,Low,Close,Volume,Close Time,Quote Asset Volume,Number of trades,Taker Buy Base Asset Volume,Taker Buy Quote Asset volume
1523404800000,415.53000000,433.54000000,410.38000000,429.52000000,86706.68627000,1523491199999,36371404.22510470,76885,44672.00021000,18743004.71810890,0
