Open Time,Open,High,Low,Close,Volume,Close Time,Quote Asset Volume,Number of trades,Taker Buy Base Asset Volume,Taker Buy Quote Asset volume
1529798400000,473.40000000,475.81000000,419.53000000,454.41000000,198264.10079000,1529884799999,88505534.65578150,152764,96864.99156000,43192475.36626380,0
