Open Time,Open,High,Low,Close,Volume,Close Time,Quote Asset Volume,Number of trades,Taker Buy Base Asset Volume,Taker Buy Quote Asset volume
1524268800000,616.80000000,624.50000000,570.23000000,604.87000000,159364.95353000,1524355199999,95664939.94081830,159407,78153.60888000,46861099.64117870,0
