Open Time,Open,High,Low,Close,Volume,Close Time,Quote Asset Volume,Number of trades,Taker Buy Base Asset Volume,Taker Buy Quote Asset volume
1536624000000,197.22000000,200.20000000,176.16000000,185.18000000,476745.79216000,1536710399999,89920137.19657440,163958,251458.10305000,47417179.05277070,0
