Open Time,Open,High,Low,Close,Volume,Close Time,Quote Asset Volume,Number of trades,Taker Buy Base Asset Volume,Taker Buy Quote Asset volume
1546214400000,137.81000000,138.66000000,128.70000000,131.45000000,484604.83962000,1546300799999,64763118.11663830,157669,237701.09337000,31797244.17884850,0
