Open Time,Open,High,Low,Close,Volume,Close Time,Quote Asset Volume,Number of trades,Taker Buy Base Asset Volume,Taker Buy Quote Asset volume
1544918400000,83.75000000,87.64000000,83.73000000,84.67000000,241366.76305000,1545004799999,20783723.69307070,78098,122970.75808000,10586916.04499740,0
