Open Time,Open,High,Low,Close,Volume,Close Time,Quote Asset Volume,Number of trades,Taker Buy Base Asset Volume,Taker Buy Quote Asset volume
1524700800000,617.73000000,666.19000000,600.00000000,661.51000000,155754.00815000,1524787199999,98084636.57769930,150017,76481.83444000,48219285.06520120,0
