Open Time,Open,High,Low,Close,Volume,Close Time,Quote Asset Volume,Number of trades,Taker Buy Base Asset Volume,Taker Buy Quote Asset volume
1519171200000,882.99000000,908.88000000,812.87000000,835.89000000,176200.55151000,1519257599999,151739402.98468700,324214,87081.74410000,75003256.84745940,0
