Open Time,Open,High,Low,Close,Volume,Close Time,Quote Asset Volume,Number of trades,Taker Buy Base Asset Volume,Taker Buy Quote Asset volume
1517616000000,923.67000000,998.00000000,851.00000000,971.00000000,160037.88129000,1517702399999,150132852.16983070,277958,81177.46937000,76165426.97083700,0
