Open Time,Open,High,Low,Close,Volume,Close Time,Quote Asset Volume,Number of trades,Taker Buy Base Asset Volume,Taker Buy Quote Asset volume
1542672000000,150.76000000,154.70000000,126.95000000,133.82000000,996552.28721000,1542758399999,139191208.45509280,357568,474492.98015000,66370500.54583920,0
