Open Time,Open,High,Low,Close,Volume,Close Time,Quote Asset Volume,Number of trades,Taker Buy Base Asset Volume,Taker Buy Quote Asset volume
1522022400000,523.95000000,527.67000000,465.56000000,485.00000000,151084.23688000,1522108799999,74104022.13000240,144216,76715.81596000,37587633.55547330,0
