Open Time,Open,High,Low,Close,Volume,Close Time,Quote Asset Volume,Number of trades,Taker Buy Base Asset Volume,Taker Buy Quote Asset volume
1514851200000,754.99000000,899.50000000,749.06000000,855.28000000,113257.78355000,1514937599999,95749946.06046560,142511,59298.38305000,50193115.72717760,0
