Open Time,Open,High,Low,Close,Volume,Close Time,Quote Asset Volume,Number of trades,Taker Buy Base Asset Volume,Taker Buy Quote Asset volume
1516492800000,1150.37000000,1152.69000000,998.00000000,1049.00000000,175031.00789000,1516579199999,186353755.57316150,189013,84495.91903000,90104698.15086040,0
