Open Time,Open,High,Low,Close,Volume,Close Time,Quote Asset Volume,Number of trades,Taker Buy Base Asset Volume,Taker Buy Quote Asset volume
1543363200000,111.38000000,126.80000000,111.37000000,122.90000000,578552.74124000,1543449599999,68485222.44341630,195923,293313.44643000,34730406.64276100,0
