Open Time,Open,High,Low,Close,Volume,Close Time,Quote Asset Volume,Number of trades,Taker Buy Base Asset Volume,Taker Buy Quote Asset volume
1515974400000,1347.99000000,1383.13000000,1258.12000000,1271.00000000,69236.70476000,1516060799999,90732886.24105530,105410,32880.54134000,43133689.39779020,0
