Open Time,Open,High,Low,Close,Volume,Close Time,Quote Asset Volume,Number of trades,Taker Buy Base Asset Volume,Taker Buy Quote Asset volume
1545523200000,115.18000000,131.94000000,114.91000000,129.03000000,936094.10490000,1545609599999,118250392.55509720,302293,471552.23072000,59521574.56058990,0
