Open Time,Open,High,Low,Close,Volume,Close Time,Quote Asset Volume,Number of trades,Taker Buy Base Asset Volume,Taker Buy Quote Asset volume
1535673600000,283.90000000,289.00000000,276.59000000,281.41000000,302663.37038000,1535759999999,84967488.71086210,124162,187469.06740000,52639757.47930670,0
