Open Time,Open,High,Low,Close,Volume,Close Time,Quote Asset Volume,Number of trades,Taker Buy Base Asset Volume,Taker Buy Quote Asset volume
1521244800000,599.03000000,609.26000000,544.00000000,546.95000000,68022.45920000,1521331199999,39167671.24789790,85603,32527.71191000,18706692.77826370,0
