Open Time,Open,High,Low,Close,Volume,Close Time,Quote Asset Volume,Number of trades,Taker Buy Base Asset Volume,Taker Buy Quote Asset volume
1523318400000,399.25000000,418.68000000,391.40000000,416.07000000,81394.29605000,1523404799999,32805764.10197230,73634,39654.82636000,16004029.83185100,0
