Open Time,Open,High,Low,Close,Volume,Close Time,Quote Asset Volume,Number of trades,Taker Buy Base Asset Volume,Taker Buy Quote Asset volume
1522454400000,392.40000000,419.40000000,388.52000000,393.92000000,167833.59399000,1522540799999,67461541.58866280,134396,85749.94972000,34500084.51846050,0
