Open Time,Open,High,Low,Close,Volume,Close Time,Quote Asset Volume,Number of trades,Taker Buy Base Asset Volume,Taker Buy Quote Asset volume
1524096000000,526.49000000,571.61000000,521.03000000,568.14000000,112235.77328000,1524182399999,61044208.31751140,100508,58720.48369000,31889417.11774140,0
