Open Time,Open,High,Low,Close,Volume,Close Time,Quote Asset Volume,Number of trades,Taker Buy Base Asset Volume,Taker Buy Quote Asset volume
1539216000000,226.70000000,226.91000000,189.01000000,191.58000000,497258.82871000,1539302399999,101069066.82726070,189200,230886.01677000,46838920.44663780,0
