Open Time,Open,High,Low,Close,Volume,Close Time,Quote Asset Volume,Number of trades,Taker Buy Base Asset Volume,Taker Buy Quote Asset volume
1543536000000,117.99000000,120.26000000,111.09000000,113.73000000,418593.63529000,1543622399999,48362085.78184220,153866,211057.08821000,24378341.39237240,0
