Open Time,Open,High,Low,Close,Volume,Close Time,Quote Asset Volume,Number of trades,Taker Buy Base Asset Volume,Taker Buy Quote Asset volume
1545004800000,84.68000000,97.00000000,84.40000000,94.02000000,472252.23388000,1545091199999,42965553.41586940,156319,253291.04756000,23061523.29687090,0
