Open Time,Open,High,Low,Close,Volume,Close Time,Quote Asset Volume,Number of trades,Taker Buy Base Asset Volume,Taker Buy Quote Asset volume
1527033600000,640.86000000,669.00000000,560.00000000,577.19000000,257099.77096000,1527119999999,155638543.76086570,203100,120864.87161000,73183522.63475080,0
