Open Time,Open,High,Low,Close,Volume,Close Time,Quote Asset Volume,Number of trades,Taker Buy Base Asset Volume,Taker Buy Quote Asset volume
1531526400000,432.43000000,440.00000000,428.26000000,433.19000000,122253.69397000,1531612799999,53029892.40318110,79509,72906.83361000,31627671.97026280,0
