Open Time,Open,High,Low,Close,Volume,Close Time,Quote Asset Volume,Number of trades,Taker Buy Base Asset Volume,Taker Buy Quote Asset volume
1535760000000,281.46000000,302.00000000,281.34000000,295.71000000,294944.44010000,1535846399999,86146416.36807980,134032,163908.01119000,47889088.94576490,0
