Open Time,Open,High,Low,Close,Volume,Close Time,Quote Asset Volume,Number of trades,Taker Buy Base Asset Volume,Taker Buy Quote Asset volume
1527465600000,570.81000000,576.20000000,506.11000000,511.50000000,153197.83278000,1527551999999,81950608.39014620,136137,72896.65930000,38990869.40202700,0
