Open Time,Open,High,Low,Close,Volume,Close Time,Quote Asset Volume,Number of trades,Taker Buy Base Asset Volume,Taker Buy Quote Asset volume
1530748800000,467.19000000,480.00000000,458.80000000,467.87000000,125806.00830000,1530835199999,59119270.51983000,113667,68023.88405000,31983980.12235000,0
