Open Time,Open,High,Low,Close,Volume,Close Time,Quote Asset Volume,Number of trades,Taker Buy Base Asset Volume,Taker Buy Quote Asset volume
1538784000000,228.36000000,228.86000000,223.15000000,225.40000000,100257.56970000,1538870399999,22656352.81663080,35875,48633.62556000,10989400.98779490,0
