Open Time,Open,High,Low,Close,Volume,Close Time,Quote Asset Volume,Number of trades,Taker Buy Base Asset Volume,Taker Buy Quote Asset volume
1526083200000,676.96000000,690.20000000,633.20000000,684.11000000,166801.07487000,1526169599999,111101666.32392630,159177,78843.94356000,52499825.00380480,0
