Open Time,Open,High,Low,Close,Volume,Close Time,Quote Asset Volume,Number of trades,Taker Buy Base Asset Volume,Taker Buy Quote Asset volume
1517356800000,1084.63000000,1135.00000000,1029.00000000,1124.81000000,100372.03783000,1517443199999,109226169.40308700,191394,50640.76647000,55078099.41515020,0
