Open Time,Open,High,Low,Close,Volume,Close Time,Quote Asset Volume,Number of trades,Taker Buy Base Asset Volume,Taker Buy Quote Asset volume
1521504000000,556.88000000,567.87000000,515.00000000,557.00000000,135426.91549000,1521590399999,73696454.55947950,141920,67726.94222000,36860017.18479350,0
