Open Time,Open,High,Low,Close,Volume,Close Time,Quote Asset Volume,Number of trades,Taker Buy Base Asset Volume,Taker Buy Quote Asset volume
1529280000000,497.15000000,524.48000000,487.27000000,517.95000000,143826.68272000,1529366399999,72402471.35087380,119818,82746.72120000,41657563.35967150,0
