Open Time,Open,High,Low,Close,Volume,Close Time,Quote Asset Volume,Number of trades,Taker Buy Base Asset Volume,Taker Buy Quote Asset volume
1543104000000,114.83000000,122.35000000,102.95000000,118.67000000,836233.31252000,1543190399999,93723314.12344660,264902,431382.20248000,48359160.07911460,0
