Open Time,Open,High,Low,Close,Volume,Close Time,Quote Asset Volume,Number of trades,Taker Buy Base Asset Volume,Taker Buy Quote Asset volume
1522540800000,393.93000000,399.91000000,356.90000000,378.58000000,150493.99422000,1522627199999,56620178.35434070,119329,71969.44590000,27073234.65485070,0
