Open Time,Open,High,Low,Close,Volume,Close Time,Quote Asset Volume,Number of trades,Taker Buy Base Asset Volume,Taker Buy Quote Asset volume
1528070400000,619.66000000,625.47000000,580.15000000,591.02000000,96339.44507000,1528156799999,57791317.72689690,86009,49160.85834000,29506398.83430720,0
