Open Time,Open,High,Low,Close,Volume,Close Time,Quote Asset Volume,Number of trades,Taker Buy Base Asset Volume,Taker Buy Quote Asset volume
1517875200000,697.93000000,798.00000000,570.10000000,779.25000000,648944.42040000,1517961599999,435291131.04547760,685832,322992.49713000,216518421.16199930,0
