Open Time,Open,High,Low,Close,Volume,Close Time,Quote Asset Volume,Number of trades,Taker Buy Base Asset Volume,Taker Buy Quote Asset volume
1529020800000,519.30000000,521.00000000,481.62000000,487.48000000,160532.53607000,1529107199999,80145974.85163280,122246,84537.20797000,42225020.20671690,0
