Open Time,Open,High,Low,Close,Volume,Close Time,Quote Asset Volume,Number of trades,Taker Buy Base Asset Volume,Taker Buy Quote Asset volume
1534032000000,317.49000000,327.13000000,313.42000000,317.89000000,135524.79994000,1534118399999,43466733.74595540,77747,72044.60895000,23107632.44890000,0
