Open Time,Open,High,Low,Close,Volume,Close Time,Quote Asset Volume,Number of trades,Taker Buy Base Asset Volume,Taker Buy Quote Asset volume
1518480000000,866.39000000,871.00000000,820.00000000,841.57000000,110305.93537000,1518566399999,92966057.37655680,234604,52069.10892000,43902195.12344390,0
