Open Time,Open,High,Low,Close,Volume,Close Time,Quote Asset Volume,Number of trades,Taker Buy Base Asset Volume,Taker Buy Quote Asset volume
1545955200000,113.75000000,136.66000000,111.87000000,135.30000000,894454.19051000,1546041599999,111865576.49775780,248671,451231.25265000,56341444.48081190,0
