Open Time,Open,High,Low,Close,Volume,Close Time,Quote Asset Volume,Number of trades,Taker Buy Base Asset Volume,Taker Buy Quote Asset volume
1530316800000,434.77000000,463.15000000,434.51000000,454.09000000,157169.20242000,1530403199999,70748384.85444280,105384,84447.23839000,38033789.76646680,0
