Open Time,Open,High,Low,Close,Volume,Close Time,Quote Asset Volume,Number of trades,Taker Buy Base Asset Volume,Taker Buy Quote Asset volume
1542931200000,126.58000000,128.90000000,118.56000000,125.02000000,504352.24386000,1543017599999,62657024.04869370,166040,251961.06141000,31321124.88731250,0
