Open Time,Open,High,Low,Close,Volume,Close Time,Quote Asset Volume,Number of trades,Taker Buy Base Asset Volume,Taker Buy Quote Asset volume
1537920000000,219.50000000,223.60000000,207.50000000,214.42000000,613754.27743000,1538006399999,132187818.90105360,200388,339911.10483000,73246259.53953830,0
