Open Time,Open,High,Low,Close,Volume,Close Time,Quote Asset Volume,Number of trades,Taker Buy Base Asset Volume,Taker Buy Quote Asset volume
1541289600000,200.27000000,218.76000000,199.00000000,212.11000000,182534.62160000,1541375999999,37959621.56827300,112393,88110.04676000,18285802.32024480,0
