Open Time,Open,High,Low,Close,Volume,Close Time,Quote Asset Volume,Number of trades,Taker Buy Base Asset Volume,Taker Buy Quote Asset volume
1516838400000,1060.34000000,1115.00000000,1030.26000000,1056.52000000,119415.93495000,1516924799999,127855243.16991910,140455,51616.93186000,55173677.07046420,0
