Open Time,Open,High,Low,Close,Volume,Close Time,Quote Asset Volume,Number of trades,Taker Buy Base Asset Volume,Taker Buy Quote Asset volume
1532131200000,449.04000000,468.97000000,441.18000000,460.23000000,74259.64067000,1532217599999,34051603.36042300,66636,37303.33186000,17121844.75641110,0
