Open Time,Open,High,Low,Close,Volume,Close Time,Quote Asset Volume,Number of trades,Taker Buy Base Asset Volume,Taker Buy Quote Asset volume
1524614400000,701.16000000,703.30000000,593.83000000,618.00000000,341439.50428000,1524700799999,218497368.19349800,309129,168602.81904000,107875026.52506130,0
