Open Time,Open,High,Low,Close,Volume,Close Time,Quote Asset Volume,Number of trades,Taker Buy Base Asset Volume,Taker Buy Quote Asset volume
1537574400000,247.67000000,255.13000000,232.70000000,241.01000000,423740.74030000,1537660799999,102510891.93455690,127522,211238.15259000,51125089.99511710,0
