Open Time,Open,High,Low,Close,Volume,Close Time,Quote Asset Volume,Number of trades,Taker Buy Base Asset Volume,Taker Buy Quote Asset volume
1531958400000,479.40000000,484.15000000,462.57000000,468.57000000,171308.06705000,1532044799999,81153216.49101450,121771,97244.90030000,46084638.39383530,0
