Open Time,Open,High,Low,Close,Volume,Close Time,Quote Asset Volume,Number of trades,Taker Buy Base Asset Volume,Taker Buy Quote Asset volume
1540944000000,197.24000000,201.45000000,193.01000000,198.73000000,114739.70424000,1541030399999,22632315.26025980,68261,58800.95652000,11598482.10531360,0
