Open Time,Open,High,Low,Close,Volume,Close Time,Quote Asset Volume,Number of trades,Taker Buy Base Asset Volume,Taker Buy Quote Asset volume
1527379200000,586.03000000,592.00000000,557.43000000,570.40000000,97097.26713000,1527465599999,55737244.51910230,90855,49860.49139000,28594913.18096400,0
