Open Time,Open,High,Low,Close,Volume,Close Time,Quote Asset Volume,Number of trades,Taker Buy Base Asset Volume,Taker Buy Quote Asset volume
1520294400000,849.81000000,853.18000000,803.01000000,813.11000000,48658.06883000,1520380799999,40340972.83291270,90220,22191.73389000,18401910.62372530,0
