Open Time,Open,High,Low,Close,Volume,Close Time,Quote Asset Volume,Number of trades,Taker Buy Base Asset Volume,Taker Buy Quote Asset volume
1535500800000,295.44000000,297.00000000,283.55000000,288.40000000,324275.47324000,1535587199999,94515756.41588040,141609,182459.57660000,53177630.47089970,0
