Open Time,Open,High,Low,Close,Volume,Close Time,Quote Asset Volume,Number of trades,Taker Buy Base Asset Volume,Taker Buy Quote Asset volume
1533427200000,407.21000000,413.24000000,400.16000000,408.79000000,158913.77206000,1533513599999,64593904.83629980,78475,91537.60835000,37214420.73518310,0
