Open Time,Open,High,Low,Close,Volume,Close Time,Quote Asset Volume,Number of trades,Taker Buy Base Asset Volume,Taker Buy Quote Asset volume
1516320000000,993.30000000,1079.00000000,941.00000000,1032.50000000,167954.11253000,1516406399999,171217738.31622490,171662,87251.78210000,89102808.30262310,0
