Open Time,Open,High,Low,Close,Volume,Close Time,Quote Asset Volume,Number of trades,Taker Buy Base Asset Volume,Taker Buy Quote Asset volume
1515110400000,940.00000000,1045.00000000,930.00000000,959.30000000,97374.01630000,1515196799999,95739901.47601940,124438,46202.53716000,45538935.01379350,0
