Open Time,Open,High,Low,Close,Volume,Close Time,Quote Asset Volume,Number of trades,Taker Buy Base Asset Volume,Taker Buy Quote Asset volume
1518307200000,851.15000000,857.00000000,768.28000000,808.99000000,189323.40800000,1518393599999,154647315.01899800,318895,93816.64268000,76606662.62607830,0
