Open Time,Open,High,Low,Close,Volume,Close Time,Quote Asset Volume,Number of trades,Taker Buy Base Asset Volume,Taker Buy Quote Asset volume
1534550400000,317.51000000,321.33000000,281.79000000,294.11000000,384021.38829000,1534636799999,115559326.57019960,170896,220483.98287000,66361105.46472390,0
