Open Time,Open,High,Low,Close,Volume,Close Time,Quote Asset Volume,Number of trades,Taker Buy Base Asset Volume,Taker Buy Quote Asset volume
1520467200000,749.02000000,772.07000000,684.00000000,695.46000000,76312.77819000,1520553599999,55751521.78456150,124325,36044.50510000,26338275.29885890,0
