Open Time,Open,High,Low,Close,Volume,Close Time,Quote Asset Volume,Number of trades,Taker Buy Base Asset Volume,Taker Buy Quote Asset volume
1541548800000,220.77000000,224.80000000,217.01000000,219.07000000,204931.03420000,1541635199999,45252424.08522850,105883,105369.57327000,23268295.24452770,0
