Open Time,Open,High,Low,Close,Volume,Close Time,Quote Asset Volume,Number of trades,Taker Buy Base Asset Volume,Taker Buy Quote Asset volume
1520812800000,721.00000000,740.50000000,676.31000000,697.11000000,67732.85988000,1520899199999,48042091.34638400,107566,31034.85323000,22068909.99726320,0
