Open Time,Open,High,Low,Close,Volume,Close Time,Quote Asset Volume,Number of trades,Taker Buy Base Asset Volume,Taker Buy Quote Asset volume
1534118400000,317.96000000,321.99000000,280.68000000,283.81000000,307713.22214000,1534204799999,94158006.48894560,141534,170319.23908000,52333358.83218000,0
