Open Time,Open,High,Low,Close,Volume,Close Time,Quote Asset Volume,Number of trades,Taker Buy Base Asset Volume,Taker Buy Quote Asset volume
1540425600000,205.35000000,205.94000000,202.88000000,203.93000000,77411.57217000,1540511999999,15820355.20480380,37923,38493.07311000,7868721.03717570,0
