Open Time,Open,High,Low,Close,Volume,Close Time,Quote Asset Volume,Number of trades,Taker Buy Base Asset Volume,Taker Buy Quote Asset volume
1528156800000,591.02000000,614.00000000,570.36000000,609.05000000,89053.74351000,1528243199999,52918830.20922890,86957,44401.66940000,26411381.78945780,0
