Open Time,Open,High,Low,Close,Volume,Close Time,Quote Asset Volume,Number of trades,Taker Buy Base Asset Volume,Taker Buy Quote Asset volume
1526342400000,727.49000000,740.00000000,695.00000000,704.91000000,127191.21863000,1526428799999,91869541.84247220,115906,65194.99165000,47126392.06289730,0
