Open Time,Open,High,Low,Close,Volume,Close Time,Quote Asset Volume,Number of trades,Taker Buy Base Asset Volume,Taker Buy Quote Asset volume
1535068800000,276.06000000,283.10000000,270.22000000,281.19000000,271850.21373000,1535155199999,75029435.42828710,124399,158416.07588000,43723431.17381480,0
