Open Time,Open,High,Low,Close,Volume,Close Time,Quote Asset Volume,Number of trades,Taker Buy Base Asset Volume,Taker Buy Quote Asset volume
1539907200000,206.25000000,208.00000000,204.21000000,205.00000000,254660.48637000,1539993599999,52458006.51466880,84457,151057.44570000,31110941.14044030,0
