Open Time,Open,High,Low,Close,Volume,Close Time,Quote Asset Volume,Number of trades,Taker Buy Base Asset Volume,Taker Buy Quote Asset volume
1526169600000,684.56000000,742.00000000,666.31000000,729.08000000,136022.39207000,1526255999999,96516164.98418590,116733,70003.23059000,49661581.19954880,0
