Open Time,Open,High,Low,Close,Volume,Close Time,Quote Asset Volume,Number of trades,Taker Buy Base Asset Volume,Taker Buy Quote Asset volume
1540684800000,204.45000000,205.94000000,203.62000000,204.99000000,44394.83357000,1540771199999,9084565.91575480,37134,22645.86435000,4634716.07430840,0
