Open Time,Open,High,Low,Close,Volume,Close Time,Quote Asset Volume,Number of trades,Taker Buy Base Asset Volume,Taker Buy Quote Asset volume
1536969600000,208.55000000,227.42000000,207.64000000,221.29000000,441046.52933000,1537055999999,96594593.56033220,125321,227148.73590000,49673640.96818580,0
