Open Time,Open,High,Low,Close,Volume,Close Time,Quote Asset Volume,Number of trades,Taker Buy Base Asset Volume,Taker Buy Quote Asset volume
1525910400000,752.40000000,769.88000000,720.00000000,722.52000000,102019.29933000,1525996799999,76658823.46303080,99850,51561.01377000,38797465.57447480,0
