Open Time,Open,High,Low,Close,Volume,Close Time,Quote Asset Volume,Number of trades,Taker Buy Base Asset Volume,Taker Buy Quote Asset volume
1540080000000,207.91000000,211.99000000,206.74000000,207.49000000,83277.36128000,1540166399999,17462109.68999690,40862,41453.18493000,8696868.90764970,0
