Open Time,Open,High,Low,Close,Volume,Close Time,Quote Asset Volume,Number of trades,Taker Buy Base Asset Volume,Taker Buy Quote Asset volume
1536019200000,289.09000000,292.64000000,283.00000000,285.30000000,330102.19000000,1536105599999,94920949.99211530,128936,193173.09686000,55562351.75121160,0
