Open Time,Open,High,Low,Close,Volume,Close Time,Quote Asset Volume,Number of trades,Taker Buy Base Asset Volume,Taker Buy Quote Asset volume
1531440000000,431.14000000,442.47000000,424.62000000,432.46000000,150320.32532000,1531526399999,65466673.80491960,99117,81371.87673000,35442637.90631020,0
