Open Time,Open,High,Low,Close,Volume,Close Time,Quote Asset Volume,Number of trades,Taker Buy Base Asset Volume,Taker Buy Quote Asset volume
1528502400000,599.29000000,608.97000000,591.00000000,592.87000000,38908.06530000,1528588799999,23425391.98000990,40208,19934.76281000,12016285.17760160,0
