Open Time,Open,High,Low,Close,Volume,Close Time,Quote Asset Volume,Number of trades,Taker Buy Base Asset Volume,Taker Buy Quote Asset volume
1517961600000,779.99000000,849.00000000,714.18000000,754.00000000,356403.44410000,1518047999999,282259408.68782730,394597,175794.37713000,139230064.66501170,0
