Open Time,Open,High,Low,Close,Volume,Close Time,Quote Asset Volume,Number of trades,Taker Buy Base Asset Volume,Taker Buy Quote Asset volume
1541376000000,212.13000000,213.39000000,207.62000000,210.66000000,141432.14060000,1541462399999,29714567.41063420,81531,68965.02718000,14490421.23884390,0
