Open Time,Open,High,Low,Close,Volume,Close Time,Quote Asset Volume,Number of trades,Taker Buy Base Asset Volume,Taker Buy Quote Asset volume
1536451200000,196.87000000,208.60000000,185.02000000,195.81000000,429255.02592000,1536537599999,84861381.28329790,144803,222485.70012000,44017260.94132890,0
