Open Time,Open,High,Low,Close,Volume,Close Time,Quote Asset Volume,Number of trades,Taker Buy Base Asset Volume,Taker Buy Quote Asset volume
1531267200000,432.55000000,452.69000000,424.20000000,444.99000000,159022.59726000,1531353599999,69570597.66509430,112252,85990.23185000,37626468.19220380,0
