Open Time,Open,High,Low,Close,Volume,Close Time,Quote Asset Volume,Number of trades,Taker Buy Base Asset Volume,Taker Buy Quote Asset volume
1545782400000,127.61000000,135.32000000,122.51000000,129.35000000,794834.05601000,1545868799999,102196717.39505570,258222,404012.07869000,51948808.10703720,0
