Open Time,Open,High,Low,Close,Volume,Close Time,Quote Asset Volume,Number of trades,Taker Buy Base Asset Volume,Taker Buy Quote Asset volume
1530489600000,452.14000000,481.83000000,444.16000000,476.25000000,182585.11018000,1530575999999,84408714.71167760,135295,103107.08134000,47585181.31463040,0
