Open Time,Open,High,Low,Close,Volume,Close Time,Quote Asset Volume,Number of trades,Taker Buy Base Asset Volume,Taker Buy Quote Asset volume
1533081600000,432.20000000,434.99000000,406.55000000,420.41000000,209570.08440000,1533167999999,88066594.00855250,122508,115837.44289000,48707330.00433190,0
