Open Time,Open,High,Low,Close,Volume,Close Time,Quote Asset Volume,Number of trades,Taker Buy Base Asset Volume,Taker Buy Quote Asset volume
1522800000000,415.00000000,416.50000000,370.00000000,378.16000000,140598.39668000,1522886399999,54594624.75694240,132792,69080.32064000,26802920.54293460,0
