Open Time,Open,High,Low,Close,Volume,Close Time,Quote Asset Volume,Number of trades,Taker Buy Base Asset Volume,Taker Buy Quote Asset volume
1539043200000,230.01000000,231.02000000,226.56000000,228.40000000,100246.18430000,1539129599999,22933859.79064380,42266,52442.48288000,11998665.98409110,0
