Open Time,Open,High,Low,Close,Volume,Close Time,Quote Asset Volume,Number of trades,Taker Buy Base Asset Volume,Taker Buy Quote Asset volume
1545696000000,138.01000000,139.26000000,119.68000000,127.60000000,1076164.12809000,1545782399999,136600862.04267630,328349,533800.53410000,67748386.42543390,0
