Open Time,Open,High,Low,Close,Volume,Close Time,Quote Asset Volume,Number of trades,Taker Buy Base Asset Volume,Taker Buy Quote Asset volume
1528329600000,606.68000000,618.00000000,598.24000000,605.16000000,60174.18880000,1528415999999,36622061.39579840,61247,26952.13447000,16412936.16756690,0
