Open Time,Open,High,Low,Close,Volume,Close Time,Quote Asset Volume,Number of trades,Taker Buy Base Asset Volume,Taker Buy Quote Asset volume
1517097600000,1118.99000000,1277.00000000,1112.00000000,1251.96000000,143510.73586000,1517183999999,173283524.87516750,191653,75218.37986000,90855763.28965220,0
