Open Time,Open,High,Low,Close,Volume,Close Time,Quote Asset Volume,Number of trades,Taker Buy Base Asset Volume,Taker Buy Quote Asset volume
1526256000000,729.08000000,743.90000000,686.00000000,727.49000000,183466.92240000,1526342399999,131397089.11491410,152787,89358.81076000,64060315.62225620,0
