Open Time,Open,High,Low,Close,Volume,Close Time,Quote Asset Volume,Number of trades,Taker Buy Base Asset Volume,Taker Buy Quote Asset volume
1544054400000,102.73000000,104.68000000,90.20000000,91.00000000,586138.59043000,1544140799999,58114721.75106340,188007,276836.87889000,27453203.27947790,0
