Open Time,Open,High,Low,Close,Volume,Close Time,Quote Asset Volume,Number of trades,Taker Buy Base Asset Volume,Taker Buy Quote Asset volume
1529712000000,462.40000000,481.00000000,455.00000000,473.41000000,94465.26834000,1529798399999,44316379.46527180,85397,46591.24954000,21868421.36498030,0
