Open Time,Open,High,Low,Close,Volume,Close Time,Quote Asset Volume,Number of trades,Taker Buy Base Asset Volume,Taker Buy Quote Asset volume
1546041600000,135.30000000,145.42000000,128.50000000,132.89000000,1006654.49844000,1546127999999,136479145.94234730,291165,504750.91747000,68468604.55882280,0
