Open Time,Open,High,Low,Close,Volume,Close Time,Quote Asset Volume,Number of trades,Taker Buy Base Asset Volume,Taker Buy Quote Asset volume
1530835200000,467.79000000,476.00000000,451.29000000,470.47000000,100428.64802000,1530921599999,46633547.16907950,94081,50022.13364000,23236164.83678210,0
