Open Time,Open,High,Low,Close,Volume,Close Time,Quote Asset Volume,Number of trades,Taker Buy Base Asset Volume,Taker Buy Quote Asset volume
1525651200000,794.30000000,799.14000000,701.00000000,752.49000000,284237.06328000,1525737599999,210066185.28612950,232411,128638.27791000,95026417.28709860,0
