Open Time,Open,High,Low,Close,Volume,Close Time,Quote Asset Volume,Number of trades,Taker Buy Base Asset Volume,Taker Buy Quote Asset volume
1525219200000,671.99000000,691.99000000,663.00000000,688.56000000,86185.50330000,1525305599999,58547697.50570350,97534,47460.17330000,32261968.39361990,0
