Open Time,Open,High,Low,Close,Volume,Close Time,Quote Asset Volume,Number of trades,Taker Buy Base Asset Volume,Taker Buy Quote Asset volume
1533600000000,405.19000000,412.76000000,369.19000000,378.21000000,207706.11078000,1533686399999,83083795.04582170,123346,113801.12912000,45652241.94511330,0
