Open Time,Open,High,Low,Close,Volume,Close Time,Quote Asset Volume,Number of trades,Taker Buy Base Asset Volume,Taker Buy Quote Asset volume
1530230400000,420.48000000,442.00000000,404.48000000,434.77000000,159495.30942000,1530316799999,66573394.28228510,114615,83281.89126000,34768163.98523170,0
