Open Time,Open,High,Low,Close,Volume,Close Time,Quote Asset Volume,Number of trades,Taker Buy Base Asset Volume,Taker Buy Quote Asset volume
1524182400000,568.14000000,622.17000000,556.50000000,617.09000000,160209.03951000,1524268799999,93907683.47732830,153184,74320.28896000,43506166.78881280,0
