Open Time,Open,High,Low,Close,Volume,Close Time,Quote Asset Volume,Number of trades,Taker Buy Base Asset Volume,Taker Buy Quote Asset volume
1543449600000,122.88000000,124.00000000,114.78000000,117.98000000,478777.39614000,1543535999999,57140533.57326480,180848,245948.78826000,29354053.08270710,0
