Open Time,Open,High,Low,Close,Volume,Close Time,Quote Asset Volume,Number of trades,Taker Buy Base Asset Volume,Taker Buy Quote Asset volume
1542240000000,187.43000000,190.00000000,170.99000000,184.35000000,452416.10784000,1542326399999,81674273.88577710,212442,223248.21322000,40339789.07470610,0
