Open Time,Open,High,Low,Close,Volume,Close Time,Quote Asset Volume,Number of trades,Taker Buy Base Asset Volume,Taker Buy Quote Asset volume
1531008000000,485.57000000,495.98000000,482.05000000,486.77000000,144703.13626000,1531094399999,70523945.98891190,104195,72900.66177000,35521670.84292980,0
