Open Time,Open,High,Low,Close,Volume,Close Time,Quote Asset Volume,Number of trades,Taker Buy Base Asset Volume,Taker Buy Quote Asset volume
1539993600000,205.10000000,209.69000000,203.57000000,207.91000000,62376.69680000,1540079999999,12936322.34319640,34666,31465.35969000,6527701.49962000,0
