Open Time,Open,High,Low,Close,Volume,Close Time,Quote Asset Volume,Number of trades,Taker Buy Base Asset Volume,Taker Buy Quote Asset volume
1537488000000,224.00000000,252.11000000,220.66000000,247.73000000,841029.12948000,1537574399999,195225669.82388660,257566,430108.24564000,99869857.85256860,0
