Open Time,Open,High,Low,Close,Volume,Close Time,Quote Asset Volume,Number of trades,Taker Buy Base Asset Volume,Taker Buy Quote Asset volume
1540857600000,196.95000000,198.60000000,195.91000000,197.27000000,83633.81463000,1540943999999,16501372.86331760,56433,45584.27013000,8993924.18017700,0
