Open Time,Open,High,Low,Close,Volume,Close Time,Quote Asset Volume,Number of trades,Taker Buy Base Asset Volume,Taker Buy Quote Asset volume
1537228800000,196.25000000,215.47000000,193.47000000,208.17000000,584366.15014000,1537315199999,118777847.57446470,167048,324327.01972000,65775718.59477810,0
