Open Time,Open,High,Low,Close,Volume,Close Time,Quote Asset Volume,Number of trades,Taker Buy Base Asset Volume,Taker Buy Quote Asset volume
1543708800000,118.09000000,120.73000000,116.00000000,116.57000000,273657.62150000,1543795199999,32184013.76013480,102151,145750.16201000,17149582.83845340,0
