Open Time,Open,High,Low,Close,Volume,Close Time,Quote Asset Volume,Number of trades,Taker Buy Base Asset Volume,Taker Buy Quote Asset volume
1519257600000,836.35000000,871.96000000,786.60000000,801.49000000,137561.85113000,1519343999999,112939926.71690960,265430,66047.98885000,54235297.72227190,0
