Open Time,Open,High,Low,Close,Volume,Close Time,Quote Asset Volume,Number of trades,Taker Buy Base Asset Volume,Taker Buy Quote Asset volume
1538006400000,214.38000000,234.00000000,205.01000000,229.13000000,582274.44087000,1538092799999,128104933.39323390,185910,317608.07827000,69905489.05421960,0
