Open Time,Open,High,Low,Close,Volume,Close Time,Quote Asset Volume,Number of trades,Taker Buy Base Asset Volume,Taker Buy Quote Asset volume
1522713600000,385.00000000,419.08000000,380.13000000,415.01000000,137897.55565000,1522799999999,55385110.15483810,118778,72741.86375000,29203166.49757170,0
