Open Time,Open,High,Low,Close,Volume,Close Time,Quote Asset Volume,Number of trades,Taker Buy Base Asset Volume,Taker Buy Quote Asset volume
1524355200000,604.87000000,643.49000000,589.00000000,620.92000000,120127.37280000,1524441599999,74788729.84931920,122258,61246.48956000,38184257.04330510,0
