Open Time,Open,High,Low,Close,Volume,Close Time,Quote Asset Volume,Number of trades,Taker Buy Base Asset Volume,Taker Buy Quote Asset volume
1542067200000,212.91000000,213.80000000,209.20000000,209.84000000,114466.36708000,1542153599999,24176049.60623050,65826,58200.67321000,12297089.22937620,0
