Open Time,Open,High,Low,Close,Volume,Close Time,Quote Asset Volume,Number of trades,Taker Buy Base Asset Volume,Taker Buy Quote Asset volume
1528761600000,531.08000000,538.88000000,482.00000000,493.00000000,158223.14812000,1528847999999,81341580.82326960,121424,81506.65862000,41980494.28144510,0
