Open Time,Open,High,Low,Close,Volume,Close Time,Quote Asset Volume,Number of trades,Taker Buy Base Asset Volume,Taker Buy Quote Asset volume
1515196800000,958.00000000,1017.56000000,950.00000000,1004.11000000,71954.27895000,1515283199999,71196052.34066790,91685,37424.43173000,37089109.96309390,0
