Open Time,Open,High,Low,Close,Volume,Close Time,Quote Asset Volume,Number of trades,Taker Buy Base Asset Volume,Taker Buy Quote Asset volume
1533168000000,420.37000000,425.52000000,407.43000000,410.62000000,178421.10672000,1533254399999,74102793.62542670,103504,105752.67959000,43924828.97270880,0
