Open Time,Open,High,Low,Close,Volume,Close Time,Quote Asset Volume,Number of trades,Taker Buy Base Asset Volume,Taker Buy Quote Asset volume
1541721600000,212.79000000,215.51000000,209.10000000,210.77000000,152215.94686000,1541807999999,32309082.19758870,72814,77629.77249000,16481981.72638100,0
