Open Time,Open,High,Low,Close,Volume,Close Time,Quote Asset Volume,Number of trades,Taker Buy Base Asset Volume,Taker Buy Quote Asset volume
1541030400000,198.70000000,200.95000000,197.88000000,199.96000000,86097.98629000,1541116799999,17116621.53518450,53873,43875.99353000,8723326.29268980,0
