Open Time,Open,High,Low,Close,Volume,Close Time,Quote Asset Volume,Number of trades,Taker Buy Base Asset Volume,Taker Buy Quote Asset volume
1520380800000,813.31000000,826.20000000,718.40000000,749.90000000,109013.28380000,1520467199999,83030975.90436890,157657,48470.06648000,36781464.41114630,0
