Open Time,Open,High,Low,Close,Volume,Close Time,Quote Asset Volume,Number of trades,Taker Buy Base Asset Volume,Taker Buy Quote Asset volume
1544227200000,93.06000000,98.00000000,84.55000000,90.38000000,698217.12529000,1544313599999,63224518.54738930,228982,357487.07890000,32388503.04913500,0
