Open Time,Open,High,Low,Close,Volume,Close Time,Quote Asset Volume,Number of trades,Taker Buy Base Asset Volume,Taker Buy Quote Asset volume
1525824000000,748.99000000,760.74000000,710.26000000,751.75000000,112353.37758000,1525910399999,82933836.45451400,104593,56905.42297000,42032849.91733500,0
