Open Time,Open,High,Low,Close,Volume,Close Time,Quote Asset Volume,Number of trades,Taker Buy Base Asset Volume,Taker Buy Quote Asset volume
1537056000000,221.62000000,223.50000000,208.10000000,220.17000000,425538.57709000,1537142399999,92372399.95532080,130886,219213.18560000,47631554.25553750,0
