Open Time,Open,High,Low,Close,Volume,Close Time,Quote Asset Volume,Number of trades,Taker Buy Base Asset Volume,Taker Buy Quote Asset volume
1515283200000,1003.71000000,1125.00000000,999.90000000,1123.09000000,65278.81957000,1515369599999,70126945.17356540,89192,34849.04095000,37476141.63947700,0
