Open Time,Open,High,Low,Close,Volume,Close Time,Quote Asset Volume,Number of trades,Taker Buy Base Asset Volume,Taker Buy Quote Asset volume
1525564800000,819.50000000,839.99000000,752.49000000,794.30000000,166871.16002000,1525651199999,132187629.45068900,154829,83663.13801000,66427974.42341990,0
