Open Time,Open,High,Low,Close,Volume,Close Time,Quote Asset Volume,Number of trades,Taker Buy Base Asset Volume,Taker Buy Quote Asset volume
1517788800000,821.60000000,862.47000000,634.94000000,697.92000000,365516.52899000,1517875199999,270801309.65419200,430516,172545.91147000,127791783.26703600,0
