Open Time,Open,High,Low,Close,Volume,Close Time,Quote Asset Volume,Number of trades,Taker Buy Base Asset Volume,Taker Buy Quote Asset volume
1523750400000,502.68000000,535.00000000,502.51000000,533.88000000,108739.15395000,1523836799999,56506254.97253160,93171,57139.99073000,29710349.75776470,0
