Open Time,Open,High,Low,Close,Volume,Close Time,Quote Asset Volume,Number of trades,Taker Buy Base Asset Volume,Taker Buy Quote Asset volume
1541116800000,199.93000000,203.74000000,199.34000000,202.35000000,97123.22813000,1541203199999,19559214.41922490,61401,51072.05675000,10286643.96388760,0
