Open Time,Open,High,Low,Close,Volume,Close Time,Quote Asset Volume,Number of trades,Taker Buy Base Asset Volume,Taker Buy Quote Asset volume
1521331200000,547.98000000,560.00000000,450.00000000,537.00000000,248817.22600000,1521417599999,125170992.06325350,273110,114393.25553000,57727396.53869080,0
