Open Time,Open,High,Low,Close,Volume,Close Time,Quote Asset Volume,Number of trades,Taker Buy Base Asset Volume,Taker Buy Quote Asset volume
1544140800000,91.18000000,96.90000000,82.07000000,93.05000000,1030073.58467000,1544227199999,90499447.33784200,307599,512506.96835000,45045165.33900280,0
