Open Time,Open,High,Low,Close,Volume,Close Time,Quote Asset Volume,Number of trades,Taker Buy Base Asset Volume,Taker Buy Quote Asset volume
1524787200000,661.51000000,686.82000000,635.73000000,643.46000000,134803.48389000,1524873599999,89621495.41790060,132051,65494.83214000,43584183.33973510,0
