Open Time,Open,High,Low,Close,Volume,Close Time,Quote Asset Volume,Number of trades,Taker Buy Base Asset Volume,Taker Buy Quote Asset volume
1522886400000,378.15000000,387.03000000,365.61000000,381.22000000,120314.05875000,1522972799999,45411126.89561740,103370,60702.08220000,22942001.54386410,0
