Open Time,Open,High,Low,Close,Volume,Close Time,Quote Asset Volume,Number of trades,Taker Buy Base Asset Volume,Taker Buy Quote Asset volume
1520726400000,680.58000000,735.00000000,659.15000000,720.85000000,73967.35869000,1520812799999,51773437.86712320,108011,38421.73903000,26903570.28100540,0
