Open Time,Open,High,Low,Close,Volume,Close Time,Quote Asset Volume,Number of trades,Taker Buy Base Asset Volume,Taker Buy Quote Asset volume
1542153600000,209.84000000,210.30000000,176.16000000,187.43000000,434676.16832000,1542239999999,82531353.97666220,187653,201248.23817000,38153679.63308410,0
