Open Time,Open,High,Low,Close,Volume,Close Time,Quote Asset Volume,Number of trades,Taker Buy Base Asset Volume,Taker Buy Quote Asset volume
1515024000000,934.03000000,1009.72000000,890.01000000,940.00000000,102894.47384000,1515110399999,97740086.59030570,132633,56497.66029000,53871687.77288470,0
