Open Time,Open,High,Low,Close,Volume,Close Time,Quote Asset Volume,Number of trades,Taker Buy Base Asset Volume,Taker Buy Quote Asset volume
1529971200000,459.04000000,460.81000000,429.00000000,429.34000000,84003.09976000,1530057599999,37307967.11219800,64251,45306.56025000,20120626.75684870,0
