Open Time,Open,High,Low,Close,Volume,Close Time,Quote Asset Volume,Number of trades,Taker Buy Base Asset Volume,Taker Buy Quote Asset volume
1537401600000,209.79000000,226.68000000,205.56000000,224.00000000,573632.24236000,1537487999999,121706784.81740970,172813,315415.04964000,66968377.48168580,0
