Open Time,Open,High,Low,Close,Volume,Close Time,Quote Asset Volume,Number of trades,Taker Buy Base Asset Volume,Taker Buy Quote Asset volume
1540339200000,205.85000000,207.95000000,204.73000000,205.35000000,97128.82698000,1540425599999,20049428.20462690,47453,50652.00247000,10458929.82398560,0
