Open Time,Open,High,Low,Close,Volume,Close Time,Quote Asset Volume,Number of trades,Taker Buy Base Asset Volume,Taker Buy Quote Asset volume
1523664000000,494.69000000,515.00000000,485.58000000,502.68000000,121283.33380000,1523750399999,60727364.27405790,98631,60998.98842000,30544457.20975630,0
