Open Time,Open,High,Low,Close,Volume,Close Time,Quote Asset Volume,Number of trades,Taker Buy Base Asset Volume,Taker Buy Quote Asset volume
1531094400000,486.55000000,488.98000000,468.20000000,471.71000000,89532.14109000,1531180799999,42954426.83830440,75974,42046.28842000,20161141.60239640,0
