Open Time,Open,High,Low,Close,Volume,Close Time,Quote Asset Volume,Number of trades,Taker Buy Base Asset Volume,Taker Buy Quote Asset volume
1533859200000,363.21000000,365.87000000,325.95000000,331.81000000,264274.13378000,1533945599999,93178451.14029400,165093,153430.86397000,54052552.89872920,0
