Open Time,Open,High,Low,Close,Volume,Close Time,Quote Asset Volume,Number of trades,Taker Buy Base Asset Volume,Taker Buy Quote Asset volume
1544832000000,83.82000000,85.00000000,81.79000000,83.76000000,217360.65775000,1544918399999,18169124.00023020,83696,112417.15502000,9399655.75292960,0
