Open Time,Open,High,Low,Close,Volume,Close Time,Quote Asset Volume,Number of trades,Taker Buy Base Asset Volume,Taker Buy Quote Asset volume
1528416000000,605.20000000,608.45000000,593.33000000,598.68000000,49228.00755000,1528502399999,29570758.38314740,49881,23316.17774000,14007954.69500650,0
