Open Time,Open,High,Low,Close,Volume,Close Time,Quote Asset Volume,Number of trades,Taker Buy Base Asset Volume,Taker Buy Quote Asset volume
1538524800000,225.70000000,226.43000000,216.51000000,220.77000000,275609.26221000,1538611199999,60784387.69608890,112473,141132.70437000,31150810.80888480,0
