Open Time,Open,High,Low,Close,Volume,Close Time,Quote Asset Volume,Number of trades,Taker Buy Base Asset Volume,Taker Buy Quote Asset volume
1519516800000,833.92000000,849.50000000,813.18000000,841.19000000,59431.26474000,1519603199999,49520472.19407260,134040,30059.73273000,25066747.78495790,0
