Open Time,Open,High,Low,Close,Volume,Close Time,Quote Asset Volume,Number of trades,Taker Buy Base Asset Volume,Taker Buy Quote Asset volume
1540512000000,203.84000000,209.00000000,203.00000000,204.92000000,91143.83291000,1540598399999,18707018.78400620,49864,48380.29105000,9927951.16727730,0
