Open Time,Open,High,Low,Close,Volume,Close Time,Quote Asset Volume,Number of trades,Taker Buy Base Asset Volume,Taker Buy Quote Asset volume
1518393600000,808.58000000,877.56000000,807.46000000,866.66000000,143586.93121000,1518479999999,122610007.85699210,300970,71318.44048000,60931441.31271000,0
