Open Time,Open,High,Low,Close,Volume,Close Time,Quote Asset Volume,Number of trades,Taker Buy Base Asset Volume,Taker Buy Quote Asset volume
1535846400000,295.80000000,299.33000000,288.87000000,295.41000000,153300.06112000,1535932799999,45141040.56271570,76484,71133.02958000,20958375.73255140,0
