Open Time,Open,High,Low,Close,Volume,Close Time,Quote Asset Volume,Number of trades,Taker Buy Base Asset Volume,Taker Buy Quote Asset volume
1517270400000,1177.01000000,1186.85000000,1051.00000000,1085.50000000,155278.55404000,1517356799999,173857602.76472660,257484,69602.77847000,78061183.25828350,0
