Open Time,Open,High,Low,Close,Volume,Close Time,Quote Asset Volume,Number of trades,Taker Buy Base Asset Volume,Taker Buy Quote Asset volume
1542412800000,176.93000000,177.91000000,173.94000000,176.20000000,144804.70986000,1542499199999,25452515.63649880,77570,76336.23170000,13420116.02964570,0
