Open Time,Open,High,Low,Close,Volume,Close Time,Quote Asset Volume,Number of trades,Taker Buy Base Asset Volume,Taker Buy Quote Asset volume
1520640000000,723.65000000,745.00000000,673.06000000,680.58000000,63012.67972000,1520726399999,45345997.50423290,98429,31800.29863000,22911200.99151190,0
