Open Time,Open,High,Low,Close,Volume,Close Time,Quote Asset Volume,Number of trades,Taker Buy Base Asset Volume,Taker Buy Quote Asset volume
1521763200000,539.78000000,544.72000000,506.71000000,543.03000000,106416.06746000,1521849599999,55542669.04309830,122067,53573.84272000,27978541.85792030,0
