Open Time,Open,High,Low,Close,Volume,Close Time,Quote Asset Volume,Number of trades,Taker Buy Base Asset Volume,Taker Buy Quote Asset volume
1539129600000,228.40000000,228.78000000,224.05000000,226.74000000,122748.21412000,1539215999999,27773272.15744840,54578,58207.63913000,13172368.83296020,0
