Open Time,Open,High,Low,Close,Volume,Close Time,Quote Asset Volume,Number of trades,Taker Buy Base Asset Volume,Taker Buy Quote Asset volume
1518048000000,753.19000000,786.93000000,751.00000000,781.66000000,10516.26190000,1518049694799,8110366.54793310,8507,5608.73717000,4322984.75567100,0
