Open Time,Open,High,Low,Close,Volume,Close Time,Quote Asset Volume,Number of trades,Taker Buy Base Asset Volume,Taker Buy Quote Asset volume
1516665600000,993.00000000,1030.00000000,909.00000000,980.00000000,160159.63958000,1516751999999,156053774.30993190,188114,77990.78030000,76164110.43130360,0
