Open Time,Open,High,Low,Close,Volume,Close Time,Quote Asset Volume,Number of trades,Taker Buy Base Asset Volume,Taker Buy Quote Asset volume
1515888000000,1388.10000000,1391.89000000,1220.89000000,1347.00000000,98391.19585000,1515974399999,128517479.71604510,124920,49243.39136000,64308202.77234540,0
