Open Time,Open,High,Low,Close,Volume,Close Time,Quote Asset Volume,Number of trades,Taker Buy Base Asset Volume,Taker Buy Quote Asset volume
1522108800000,485.00000000,491.55000000,446.00000000,448.50000000,138188.76042000,1522195199999,63816245.42740860,139179,61442.73325000,28392464.63633370,0
