Open Time,Open,High,Low,Close,Volume,Close Time,Quote Asset Volume,Number of trades,Taker Buy Base Asset Volume,Taker Buy Quote Asset volume
1543622400000,113.71000000,120.80000000,111.35000000,118.10000000,330159.06742000,1543708799999,38614493.62645990,122161,171713.25495000,20091644.94406920,0
