Open Time,Open,High,Low,Close,Volume,Close Time,Quote Asset Volume,Number of trades,Taker Buy Base Asset Volume,Taker Buy Quote Asset volume
1536883200000,210.91000000,224.20000000,202.60000000,208.82000000,833945.82573000,1536969599999,177613712.10354910,249947,431817.33588000,91986680.23695270,0
