Open Time,Open,High,Low,Close,Volume,Close Time,Quote Asset Volume,Number of trades,Taker Buy Base Asset Volume,Taker Buy Quote Asset volume
1529193600000,496.45000000,507.60000000,492.70000000,497.14000000,117316.93221000,1529279999999,58745118.71440180,92111,67766.32893000,33934667.22328460,0
