Open Time,Open,High,Low,Close,Volume,Close Time,Quote Asset Volume,Number of trades,Taker Buy Base Asset Volume,Taker Buy Quote Asset volume
1523145600000,384.51000000,404.05000000,384.00000000,400.40000000,57395.52936000,1523231999999,22720923.54700050,61290,31269.11717000,12384767.57747670,0
