Open Time,Open,High,Low,Close,Volume,Close Time,Quote Asset Volume,Number of trades,Taker Buy Base Asset Volume,Taker Buy Quote Asset volume
1544313600000,90.39000000,98.70000000,88.63000000,93.26000000,520519.36023000,1544399999999,48533111.85201080,158700,269537.22219000,25120190.99500730,0
