Open Time,Open,High,Low,Close,Volume,Close Time,Quote Asset Volume,Number of trades,Taker Buy Base Asset Volume,Taker Buy Quote Asset volume
1522281600000,446.07000000,449.43000000,380.00000000,384.00000000,225341.94316000,1522367999999,91719449.93042180,176576,105223.74466000,42823913.34205660,0
