Open Time,Open,High,Low,Close,Volume,Close Time,Quote Asset Volume,Number of trades,Taker Buy Base Asset Volume,Taker Buy Quote Asset volume
1532563200000,472.11000000,485.00000000,460.00000000,462.64000000,173976.21920000,1532649599999,82819272.57300700,107846,95773.24069000,45626553.01159210,0
