Open Time,Open,High,Low,Close,Volume,Close Time,Quote Asset Volume,Number of trades,Taker Buy Base Asset Volume,Taker Buy Quote Asset volume
1516752000000,981.20000000,1074.00000000,953.09000000,1061.00000000,134257.79470000,1516838399999,135793371.30359060,164024,65704.16239000,66618089.35354220,0
