Open Time,Open,High,Low,Close,Volume,Close Time,Quote Asset Volume,Number of trades,Taker Buy Base Asset Volume,Taker Buy Quote Asset volume
1542326400000,184.35000000,185.00000000,173.00000000,176.89000000,241710.34763000,1542412799999,43450649.94837800,120635,125640.29040000,22598994.40447790,0
