Open Time,Open,High,Low,Close,Volume,Close Time,Quote Asset Volume,Number of trades,Taker Buy Base Asset Volume,Taker Buy Quote Asset volume
1545436800000,107.67000000,115.50000000,105.38000000,115.20000000,405672.83117000,1545523199999,44814571.60969250,159158,205365.41855000,22693637.86211100,0
