Open Time,Open,High,Low,Close,Volume,Close Time,Quote Asset Volume,Number of trades,Taker Buy Base Asset Volume,Taker Buy Quote Asset volume
1524528000000,644.58000000,712.99000000,643.76000000,701.58000000,171437.66972000,1524614399999,118180314.71657870,159888,91426.36964000,62994280.59660920,0
