Open Time,Open,High,Low,Close,Volume,Close Time,Quote Asset Volume,Number of trades,Taker Buy Base Asset Volume,Taker Buy Quote Asset volume
1538697600000,222.66000000,231.75000000,219.35000000,228.37000000,137730.35786000,1538783999999,30900558.88443500,54454,74414.80402000,16710304.53931000,0
