Open Time,Open,High,Low,Close,Volume,Close Time,Quote Asset Volume,Number of trades,Taker Buy Base Asset Volume,Taker Buy Quote Asset volume
1521936000000,521.17000000,536.00000000,512.00000000,523.74000000,71903.17130000,1522022399999,37482165.18208220,90242,33854.54926000,17655912.67093830,0
