Open Time,Open,High,Low,Close,Volume,Close Time,Quote Asset Volume,Number of trades,Taker Buy Base Asset Volume,Taker Buy Quote Asset volume
1543795200000,116.63000000,116.96000000,106.70000000,108.76000000,324446.03324000,1543881599999,36185196.19488890,115448,162115.32188000,18070730.29205670,0
