Open Time,Open,High,Low,Close,Volume,Close Time,Quote Asset Volume,Number of trades,Taker Buy Base Asset Volume,Taker Buy Quote Asset volume
1515628800000,1249.03000000,1332.49000000,1021.00000000,1138.93000000,194546.29387000,1515715199999,230792205.87537420,210914,90313.17614000,107408785.96097980,0
