Open Time,Open,High,Low,Close,Volume,Close Time,Quote Asset Volume,Number of trades,Taker Buy Base Asset Volume,Taker Buy Quote Asset volume
1546128000000,133.00000000,139.00000000,127.03000000,137.77000000,704259.41614000,1546214399999,94804050.49336160,232606,357472.20343000,48147201.06632660,0
