Open Time,Open,High,Low,Close,Volume,Close Time,Quote Asset Volume,Number of trades,Taker Buy Base Asset Volume,Taker Buy Quote Asset volume
1539820800000,212.90000000,215.30000000,203.53000000,206.24000000,150229.60097000,1539907199999,31567845.71809020,85942,69532.65452000,14630283.78096430,0
