Open Time,Open,High,Low,Close,Volume,Close Time,Quote Asset Volume,Number of trades,Taker Buy Base Asset Volume,Taker Buy Quote Asset volume
1516147200000,999.99000000,1075.51000000,755.00000000,1000.00000000,436333.67326000,1516233599999,398063123.66295320,391331,215412.88029000,196978642.43245640,0
