Open Time,Open,High,Low,Close,Volume,Close Time,Quote Asset Volume,Number of trades,Taker Buy Base Asset Volume,Taker Buy Quote Asset volume
1540252800000,206.67000000,207.80000000,202.14000000,205.85000000,112753.04140000,1540339199999,23146110.00400410,50937,59084.69973000,12132187.62626190,0
