Open Time,Open,High,Low,Close,Volume,Close Time,Quote Asset Volume,Number of trades,Taker Buy Base Asset Volume,Taker Buy Quote Asset volume
1538870400000,225.39000000,227.75000000,221.48000000,226.14000000,74733.67253000,1538956799999,16774573.68800580,29693,40087.21912000,9003359.20953720,0
