Open Time,Open,High,Low,Close,Volume,Close Time,Quote Asset Volume,Number of trades,Taker Buy Base Asset Volume,Taker Buy Quote Asset volume
1539734400000,215.20000000,216.99000000,210.00000000,212.85000000,153768.85024000,1539820799999,32834161.51601670,75663,78491.75799000,16760539.16908680,0
