Open Time,Open,High,Low,Close,Volume,Close Time,Quote Asset Volume,Number of trades,Taker Buy Base Asset Volume,Taker Buy Quote Asset volume
1541894400000,213.27000000,213.99000000,209.00000000,212.54000000,136268.81156000,1541980799999,28875079.88494740,66072,75709.01023000,16042851.24214990,0
