Open Time,Open,High,Low,Close,Volume,Close Time,Quote Asset Volume,Number of trades,Taker Buy Base Asset Volume,Taker Buy Quote Asset volume
1525996800000,722.52000000,737.23000000,663.00000000,676.96000000,216953.54991000,1526083199999,150336847.82806850,192008,101003.74344000,69952774.71207490,0
