Open Time,Open,High,Low,Close,Volume,Close Time,Quote Asset Volume,Number of trades,Taker Buy Base Asset Volume,Taker Buy Quote Asset volume
1535932800000,295.51000000,296.62000000,285.99000000,289.09000000,274753.70062000,1536019199999,79640131.70631100,115284,152262.97792000,44128911.76269150,0
