Open Time,Open,High,Low,Close,Volume,Close Time,Quote Asset Volume,Number of trades,Taker Buy Base Asset Volume,Taker Buy Quote Asset volume
1515456000000,1133.18000000,1326.50000000,1104.85000000,1291.00000000,118702.88684000,1515542399999,143246762.08456970,152628,63819.94883000,77223073.25931130,0
