Open Time,Open,High,Low,Close,Volume,Close Time,Quote Asset Volume,Number of trades,Taker Buy Base Asset Volume,Taker Buy Quote Asset volume
1519344000000,801.47000000,885.00000000,785.99000000,851.60000000,154507.41338000,1519430399999,130147658.00644790,283445,78138.49259000,65812197.02366920,0
