Open Time,Open,High,Low,Close,Volume,Close Time,Quote Asset Volume,Number of trades,Taker Buy Base Asset Volume,Taker Buy Quote Asset volume
1522627200000,378.58000000,394.87000000,375.00000000,385.05000000,113242.14191000,1522713599999,43596858.50247120,95810,60918.09989000,23456311.31964970,0
