Open Time,Open,High,Low,Close,Volume,Close Time,Quote Asset Volume,Number of trades,Taker Buy Base Asset Volume,Taker Buy Quote Asset volume
1538352000000,233.04000000,235.88000000,224.46000000,231.61000000,322900.46128000,1538438399999,74363466.52099590,120621,176182.83061000,40588418.39909030,0
