Open Time,Open,High,Low,Close,Volume,Close Time,Quote Asset Volume,Number of trades,Taker Buy Base Asset Volume,Taker Buy Quote Asset volume
1523577600000,494.30000000,530.00000000,480.22000000,495.11000000,251752.08782000,1523663999999,127274585.04245970,206506,123872.45036000,62548394.17205760,0
