Open Time,Open,High,Low,Close,Volume,Close Time,Quote Asset Volume,Number of trades,Taker Buy Base Asset Volume,Taker Buy Quote Asset volume
1519084800000,939.17000000,961.00000000,873.00000000,882.99000000,120056.67502000,1519171199999,111258169.98269990,225795,51589.65011000,47882656.04060700,0
