Open Time,Open,High,Low,Close,Volume,Close Time,Quote Asset Volume,Number of trades,Taker Buy Base Asset Volume,Taker Buy Quote Asset volume
1514937600000,855.13000000,950.01000000,810.00000000,934.03000000,89041.45688000,1515023999999,78173093.71219920,118866,46899.16696000,41196862.55158440,0
