Open Time,Open,High,Low,Close,Volume,Close Time,Quote Asset Volume,Number of trades,Taker Buy Base Asset Volume,Taker Buy Quote Asset volume
1536364800000,215.19000000,220.20000000,190.01000000,196.71000000,318859.84904000,1536451199999,65385376.78938820,111890,151369.34224000,31021414.44579680,0
