Open Time,Open,High,Low,Close,Volume,Close Time,Quote Asset Volume,Number of trades,Taker Buy Base Asset Volume,Taker Buy Quote Asset volume
1515369600000,1123.09000000,1239.18000000,910.00000000,1133.18000000,158831.54798000,1515455999999,176599793.21126880,171664,80909.60102000,90225877.05144800,0
