Open Time,Open,High,Low,Close,Volume,Close Time,Quote Asset Volume,Number of trades,Taker Buy Base Asset Volume,Taker Buy Quote Asset volume
1530403200000,454.20000000,457.77000000,443.73000000,452.10000000,111226.62846000,1530489599999,50173671.42015970,78500,58019.06401000,26169646.60723400,0
