Open Time,Open,High,Low,Close,Volume,Close Time,Quote Asset Volume,Number of trades,Taker Buy Base Asset Volume,Taker Buy Quote Asset volume
1525132800000,670.78000000,675.60000000,627.58000000,672.00000000,133123.66675000,1525219199999,87065924.85114830,120421,60363.54848000,39426790.59210050,0
