Open Time,Open,High,Low,Close,Volume,Close Time,Quote Asset Volume,Number of trades,Taker Buy Base Asset Volume,Taker Buy Quote Asset volume
1517184000000,1251.96000000,1258.89000000,1161.65000000,1177.01000000,105292.76808000,1517270399999,126282956.23860490,172601,48840.57937000,58534935.19062220,0
