Open Time,Open,High,Low,Close,Volume,Close Time,Quote Asset Volume,Number of trades,Taker Buy Base Asset Volume,Taker Buy Quote Asset volume
1527120000000,577.19000000,612.10000000,550.00000000,602.18000000,195854.62497000,1527206399999,114324332.26096410,159755,97510.70429000,56938498.13464700,0
