Open Time,Open,High,Low,Close,Volume,Close Time,Quote Asset Volume,Number of trades,Taker Buy Base Asset Volume,Taker Buy Quote Asset volume
1534464000000,286.84000000,318.00000000,285.00000000,317.51000000,342556.46068000,1534550399999,103050444.61959690,169216,198067.38404000,59602541.76952850,0
