Open Time,Open,High,Low,Close,Volume,Close Time,Quote Asset Volume,Number of trades,Taker Buy Base Asset Volume,Taker Buy Quote Asset volume
1531612800000,433.20000000,455.00000000,430.52000000,449.78000000,140415.27048000,1531699199999,62248916.05994890,78257,83636.14838000,37050781.76523650,0
