Open Time,Open,High,Low,Close,Volume,Close Time,Quote Asset Volume,Number of trades,Taker Buy Base Asset Volume,Taker Buy Quote Asset volume
1526601600000,667.62000000,694.90000000,656.00000000,692.60000000,106541.66307000,1526687999999,72118376.52380140,114419,54699.90084000,37057267.62121270,0
