Open Time,Open,High,Low,Close,Volume,Close Time,Quote Asset Volume,Number of trades,Taker Buy Base Asset Volume,Taker Buy Quote Asset volume
1539561600000,196.84000000,239.00000000,194.60000000,214.39000000,973857.74770000,1539647999999,212166629.59507260,298845,523552.38281000,113908636.25042370,0
