Open Time,Open,High,Low,Close,Volume,Close Time,Quote Asset Volume,Number of trades,Taker Buy Base Asset Volume,Taker Buy Quote Asset volume
1538611200000,220.67000000,227.16000000,219.49000000,222.66000000,158137.42967000,1538697599999,35468959.25835700,64786,77296.74943000,17346309.40179260,0
