Open Time,Open,High,Low,Close,Volume,Close Time,Quote Asset Volume,Number of trades,Taker Buy Base Asset Volume,Taker Buy Quote Asset volume
1531872000000,498.89000000,515.47000000,468.01000000,479.41000000,236137.80710000,1531958399999,116671540.51528840,173309,122445.16627000,60554380.19839700,0
