Open Time,Open,High,Low,Close,Volume,Close Time,Quote Asset Volume,Number of trades,Taker Buy Base Asset Volume,Taker Buy Quote Asset volume
1543017600000,125.00000000,130.81000000,112.32000000,114.89000000,471321.56764000,1543103999999,57264800.06658080,153585,234287.59828000,28530546.44903660,0
