Open Time,Open,High,Low,Close,Volume,Close Time,Quote Asset Volume,Number of trades,Taker Buy Base Asset Volume,Taker Buy Quote Asset volume
1519776000000,871.84000000,891.00000000,850.30000000,853.50000000,53620.45209000,1519862399999,46744924.41977600,102553,27052.02562000,23576664.62001030,0
