Open Time,Open,High,Low,Close,Volume,Close Time,Quote Asset Volume,Number of trades,Taker Buy Base Asset Volume,Taker Buy Quote Asset volume
1534204800000,283.81000000,283.81000000,250.00000000,278.41000000,485174.37541000,1534291199999,127753385.00917960,221194,256386.28026000,67516169.19203640,0
