Open Time,Open,High,Low,Close,Volume,Close Time,Quote Asset Volume,Number of trades,Taker Buy Base Asset Volume,Taker Buy Quote Asset volume
1516924800000,1055.29000000,1082.00000000,986.00000000,1051.03000000,145113.63800000,1517011199999,150237011.30051970,168271,65457.65737000,67827452.97853400,0
