Open Time,Open,High,Low,Close,Volume,Close Time,Quote Asset Volume,Number of trades,Taker Buy Base Asset Volume,Taker Buy Quote Asset volume
1521849600000,543.20000000,545.99000000,518.63000000,520.22000000,87710.78945000,1521935999999,46963103.45073160,104841,41522.36464000,22242100.38139730,0
