Open Time,Open,High,Low,Close,Volume,Close Time,Quote Asset Volume,Number of trades,Taker Buy Base Asset Volume,Taker Buy Quote Asset volume
1538956800000,226.26000000,232.70000000,224.21000000,230.01000000,210989.42202000,1539043199999,48017160.06308450,77786,106890.41908000,24317004.14568940,0
