Open Time,Open,High,Low,Close,Volume,Close Time,Quote Asset Volume,Number of trades,Taker Buy Base Asset Volume,Taker Buy Quote Asset volume
1521590400000,557.00000000,590.52000000,545.11000000,559.17000000,117019.17321000,1521676799999,66572210.67095110,139151,57668.25343000,32774544.67269290,0
