Open Time,Open,High,Low,Close,Volume,Close Time,Quote Asset Volume,Number of trades,Taker Buy Base Asset Volume,Taker Buy Quote Asset volume
1538179200000,221.89000000,237.77000000,214.18000000,231.62000000,604000.95586000,1538265599999,137238908.37637110,193800,337563.48201000,76754299.34783340,0
