Open Time,Open,High,Low,Close,Volume,Close Time,Quote Asset Volume,Number of trades,Taker Buy Base Asset Volume,Taker Buy Quote Asset volume
1529366400000,517.77000000,548.20000000,510.01000000,537.97000000,148148.38064000,1529452799999,78382588.53598990,130777,81412.28126000,43070607.63199130,0
