Open Time,Open,High,Low,Close,Volume,Close Time,Quote Asset Volume,Number of trades,Taker Buy Base Asset Volume,Taker Buy Quote Asset volume
1530662400000,461.78000000,482.70000000,458.02000000,467.38000000,101886.20199000,1530748799999,48042056.08160800,81396,56616.48256000,26709736.96281030,0
