Open Time,Open,High,Low,Close,Volume,Close Time,Quote Asset Volume,Number of trades,Taker Buy Base Asset Volume,Taker Buy Quote Asset volume
1534377600000,281.46000000,298.60000000,277.55000000,287.17000000,235665.25510000,1534463999999,67837020.50663960,116200,128676.26081000,37029577.04272600,0
