Open Time,Open,High,Low,Close,Volume,Close Time,Quote Asset Volume,Number of trades,Taker Buy Base Asset Volume,Taker Buy Quote Asset volume
1527811200000,577.81000000,590.26000000,564.93000000,579.00000000,83840.84162000,1527897599999,48334174.76458640,85475,43154.52060000,24878100.16348540,0
