Open Time,Open,High,Low,Close,Volume,Close Time,Quote Asset Volume,Number of trades,Taker Buy Base Asset Volume,Taker Buy Quote Asset volume
1534982400000,270.68000000,280.30000000,267.55000000,275.99000000,277304.60909000,1535068799999,75819913.19992670,127845,158898.27378000,43439514.33562730,0
