Open Time,Open,High,Low,Close,Volume,Close Time,Quote Asset Volume,Number of trades,Taker Buy Base Asset Volume,Taker Buy Quote Asset volume
1529539200000,536.34000000,544.98000000,521.11000000,526.18000000,79862.90544000,1529625599999,42586318.49971900,77470,37743.66385000,20155119.41846380,0
