Open Time,Open,High,Low,Close,Volume,Close Time,Quote Asset Volume,Number of trades,Taker Buy Base Asset Volume,Taker Buy Quote Asset volume
1560470400000,254.67000000,264.26000000,251.75000000,262.47000000,327383.28236000,1560556799999,84045849.54257990,175229,173197.96874000,44485225.25706230,0
