Open Time,Open,High,Low,Close,Volume,Close Time,Quote Asset Volume,Number of trades,Taker Buy Base Asset Volume,Taker Buy Quote Asset volume
1577491200000,126.28000000,129.68000000,125.84000000,128.11000000,196893.52277000,1577577599999,25177121.14706410,82441,95994.94508000,12279856.69726050,0
