Open Time,Open,High,Low,Close,Volume,Close Time,Quote Asset Volume,Number of trades,Taker Buy Base Asset Volume,Taker Buy Quote Asset volume
1576022400000,145.53000000,146.34000000,142.12000000,143.39000000,157843.10484000,1576108799999,22772651.16812890,69834,82484.40373000,11897456.58801180,0
