Open Time,Open,High,Low,Close,Volume,Close Time,Quote Asset Volume,Number of trades,Taker Buy Base Asset Volume,Taker Buy Quote Asset volume
1555632000000,173.34000000,173.55000000,168.59000000,172.64000000,320541.72166000,1555718399999,54991300.10972070,104551,164821.29068000,28289262.99657850,0
