Open Time,Open,High,Low,Close,Volume,Close Time,Quote Asset Volume,Number of trades,Taker Buy Base Asset Volume,Taker Buy Quote Asset volume
1554595200000,165.56000000,175.43000000,164.06000000,174.21000000,465507.52497000,1554681599999,78876773.29671770,161529,242883.45203000,41159550.07587610,0
