Open Time,Open,High,Low,Close,Volume,Close Time,Quote Asset Volume,Number of trades,Taker Buy Base Asset Volume,Taker Buy Quote Asset volume
1574899200000,152.61000000,154.63000000,149.09000000,150.72000000,317714.56326000,1574985599999,48324220.62056190,124573,158837.00332000,24159931.80938630,0
