Open Time,Open,High,Low,Close,Volume,Close Time,Quote Asset Volume,Number of trades,Taker Buy Base Asset Volume,Taker Buy Quote Asset volume
1569196800000,211.20000000,211.68000000,198.65000000,201.29000000,392437.07084000,1569283199999,80922890.46088590,121866,195784.51789000,40407536.33290920,0
