Open Time,Open,High,Low,Close,Volume,Close Time,Quote Asset Volume,Number of trades,Taker Buy Base Asset Volume,Taker Buy Quote Asset volume
1555459200000,165.41000000,167.28000000,163.78000000,165.75000000,227841.54981000,1555545599999,37678036.59646730,85475,108219.24290000,17898625.68796760,0
