Open Time,Open,High,Low,Close,Volume,Close Time,Quote Asset Volume,Number of trades,Taker Buy Base Asset Volume,Taker Buy Quote Asset volume
1568851200000,210.27000000,223.94000000,202.30000000,220.24000000,844358.82155000,1568937599999,179595728.81383750,230867,419271.71181000,89171155.21117210,0
