Open Time,Open,High,Low,Close,Volume,Close Time,Quote Asset Volume,Number of trades,Taker Buy Base Asset Volume,Taker Buy Quote Asset volume
1549670400000,119.32000000,121.99000000,117.64000000,119.19000000,328067.95740000,1549756799999,39061582.39148260,118457,169285.11511000,20160805.16218450,0
