Open Time,Open,High,Low,Close,Volume,Close Time,Quote Asset Volume,Number of trades,Taker Buy Base Asset Volume,Taker Buy Quote Asset volume
1552003200000,136.82000000,139.34000000,130.62000000,133.52000000,330283.58233000,1552089599999,44879637.38703540,113160,164375.46413000,22347697.95005610,0
