Open Time,Open,High,Low,Close,Volume,Close Time,Quote Asset Volume,Number of trades,Taker Buy Base Asset Volume,Taker Buy Quote Asset volume
1554249600000,163.26000000,177.81000000,149.23000000,159.96000000,1345344.53845000,1554335999999,225523896.20146560,423036,689694.17267000,115677526.53015950,0
