Open Time,Open,High,Low,Close,Volume,Close Time,Quote Asset Volume,Number of trades,Taker Buy Base Asset Volume,Taker Buy Quote Asset volume
1561507200000,318.29000000,366.80000000,315.57000000,339.39000000,1008551.28721000,1561593599999,341534154.53287090,477973,519610.70974000,175965673.03564230,0
