Open Time,Open,High,Low,Close,Volume,Close Time,Quote Asset Volume,Number of trades,Taker Buy Base Asset Volume,Taker Buy Quote Asset volume
1576540800000,132.72000000,132.98000000,119.11000000,121.88000000,563257.36001000,1576627199999,71709329.26891930,178977,272414.29784000,34693963.88197660,0
