Open Time,Open,High,Low,Close,Volume,Close Time,Quote Asset Volume,Number of trades,Taker Buy Base Asset Volume,Taker Buy Quote Asset volume
1548028800000,117.56000000,118.50000000,113.61000000,115.63000000,303632.93463000,1548115199999,35258073.42826490,119538,151719.15903000,17621439.74315460,0
