Open Time,Open,High,Low,Close,Volume,Close Time,Quote Asset Volume,Number of trades,Taker Buy Base Asset Volume,Taker Buy Quote Asset volume
1548633600000,112.04000000,112.87000000,100.91000000,105.50000000,566205.78288000,1548719999999,60050129.38635790,177547,280135.35398000,29726784.98094350,0
