Open Time,Open,High,Low,Close,Volume,Close Time,Quote Asset Volume,Number of trades,Taker Buy Base Asset Volume,Taker Buy Quote Asset volume
1546300800000,131.45000000,140.67000000,130.00000000,139.10000000,401776.88797000,1546387199999,54280385.59812700,125799,204877.27101000,27658986.54878910,0
