Open Time,Open,High,Low,Close,Volume,Close Time,Quote Asset Volume,Number of trades,Taker Buy Base Asset Volume,Taker Buy Quote Asset volume
1575590400000,148.11000000,149.77000000,145.74000000,148.45000000,220674.68581000,1575676799999,32549526.39959790,90076,118938.06254000,17547902.32235480,0
