Open Time,Open,High,Low,Close,Volume,Close Time,Quote Asset Volume,Number of trades,Taker Buy Base Asset Volume,Taker Buy Quote Asset volume
1577059200000,132.12000000,135.10000000,126.00000000,127.80000000,421600.75655000,1577145599999,55501305.92012300,145867,194731.21180000,25638865.78568890,0
