Open Time,Open,High,Low,Close,Volume,Close Time,Quote Asset Volume,Number of trades,Taker Buy Base Asset Volume,Taker Buy Quote Asset volume
1571616000000,175.18000000,177.90000000,171.59000000,173.98000000,270608.51385000,1571702399999,47204344.24062680,128045,140196.68285000,24473074.18746330,0
