Open Time,Open,High,Low,Close,Volume,Close Time,Quote Asset Volume,Number of trades,Taker Buy Base Asset Volume,Taker Buy Quote Asset volume
1558051200000,264.35000000,268.74000000,223.43000000,244.30000000,1529892.56898000,1558137599999,366429299.20280290,517016,766433.52488000,183703911.74781870,0
