Open Time,Open,High,Low,Close,Volume,Close Time,Quote Asset Volume,Number of trades,Taker Buy Base Asset Volume,Taker Buy Quote Asset volume
1577577600000,128.11000000,138.07000000,127.52000000,134.36000000,316347.26666000,1577663999999,41893078.36221210,115498,154769.98070000,20495780.18127650,0
