Open Time,Open,High,Low,Close,Volume,Close Time,Quote Asset Volume,Number of trades,Taker Buy Base Asset Volume,Taker Buy Quote Asset volume
1554336000000,159.96000000,164.00000000,152.80000000,157.36000000,686080.95248000,1554422399999,109082183.58773480,242989,356683.70225000,56656754.55285080,0
