Open Time,Open,High,Low,Close,Volume,Close Time,Quote Asset Volume,Number of trades,Taker Buy Base Asset Volume,Taker Buy Quote Asset volume
1568246400000,178.30000000,182.38000000,176.62000000,180.72000000,203543.13663000,1568332799999,36419973.22973720,102872,112207.26467000,20089959.54029260,0
