Open Time,Open,High,Low,Close,Volume,Close Time,Quote Asset Volume,Number of trades,Taker Buy Base Asset Volume,Taker Buy Quote Asset volume
1564012800000,216.31000000,225.12000000,215.23000000,219.14000000,280370.29627000,1564099199999,62017449.35733580,167223,143500.50787000,31739139.44013240,0
