Open Time,Open,High,Low,Close,Volume,Close Time,Quote Asset Volume,Number of trades,Taker Buy Base Asset Volume,Taker Buy Quote Asset volume
1571875200000,162.35000000,163.72000000,158.72000000,160.38000000,387310.83766000,1571961599999,62419095.10681710,159778,201844.94482000,32531887.33599170,0
