Open Time,Open,High,Low,Close,Volume,Close Time,Quote Asset Volume,Number of trades,Taker Buy Base Asset Volume,Taker Buy Quote Asset volume
1566950400000,187.30000000,188.25000000,166.48000000,173.03000000,334480.61761000,1567036799999,59498959.96652150,146334,157842.22951000,28080878.66219570,0
