Open Time,Open,High,Low,Close,Volume,Close Time,Quote Asset Volume,Number of trades,Taker Buy Base Asset Volume,Taker Buy Quote Asset volume
1557705600000,188.07000000,206.87000000,185.32000000,195.84000000,669265.46524000,1557791999999,131102303.13856970,190439,345029.21196000,67607153.36016660,0
