Open Time,Open,High,Low,Close,Volume,Close Time,Quote Asset Volume,Number of trades,Taker Buy Base Asset Volume,Taker Buy Quote Asset volume
1561248000000,310.70000000,321.70000000,305.58000000,308.52000000,418812.02747000,1561334399999,131252843.52936410,241819,213747.97180000,67011837.50649190,0
