Open Time,Open,High,Low,Close,Volume,Close Time,Quote Asset Volume,Number of trades,Taker Buy Base Asset Volume,Taker Buy Quote Asset volume
1549324800000,107.65000000,108.18000000,106.47000000,107.27000000,159730.18860000,1549411199999,17137008.24783950,68422,82850.20631000,8888920.04602780,0
