Open Time,Open,High,Low,Close,Volume,Close Time,Quote Asset Volume,Number of trades,Taker Buy Base Asset Volume,Taker Buy Quote Asset volume
1562630400000,311.96000000,318.19000000,302.69000000,307.46000000,309447.34927000,1562716799999,96199378.54032650,183056,158621.20585000,49313438.46802390,0
