Open Time,Open,High,Low,Close,Volume,Close Time,Quote Asset Volume,Number of trades,Taker Buy Base Asset Volume,Taker Buy Quote Asset volume
1549065600000,106.71000000,111.15000000,106.07000000,110.42000000,186908.75730000,1549151999999,20153872.30291900,67351,100348.93660000,10827638.07130800,0
