Open Time,Open,High,Low,Close,Volume,Close Time,Quote Asset Volume,Number of trades,Taker Buy Base Asset Volume,Taker Buy Quote Asset volume
1547337600000,123.35000000,124.25000000,111.87000000,114.16000000,422561.96777000,1547423999999,49521201.27646620,137005,228755.00345000,26767549.31999140,0
