Open Time,Open,High,Low,Close,Volume,Close Time,Quote Asset Volume,Number of trades,Taker Buy Base Asset Volume,Taker Buy Quote Asset volume
1573171200000,186.67000000,188.26000000,181.41000000,183.74000000,365029.75027000,1573257599999,67305417.40505750,167904,175732.31788000,32419070.55804890,0
