Open Time,Open,High,Low,Close,Volume,Close Time,Quote Asset Volume,Number of trades,Taker Buy Base Asset Volume,Taker Buy Quote Asset volume
1570752000000,191.18000000,196.65000000,179.41000000,180.72000000,621693.63125000,1570838399999,115872479.76612730,181427,300995.29890000,56109324.69191310,0
