Open Time,Open,High,Low,Close,Volume,Close Time,Quote Asset Volume,Number of trades,Taker Buy Base Asset Volume,Taker Buy Quote Asset volume
1559520000000,268.87000000,270.00000000,248.00000000,249.91000000,397360.65275000,1559606399999,103602836.68374210,193998,200720.66553000,52390021.78715460,0
