Open Time,Open,High,Low,Close,Volume,Close Time,Quote Asset Volume,Number of trades,Taker Buy Base Asset Volume,Taker Buy Quote Asset volume
1551484800000,135.32000000,136.12000000,130.03000000,132.56000000,297005.28093000,1551571199999,39467507.68572960,113241,155921.86934000,20724567.87649050,0
