Open Time,Open,High,Low,Close,Volume,Close Time,Quote Asset Volume,Number of trades,Taker Buy Base Asset Volume,Taker Buy Quote Asset volume
1566604800000,194.02000000,194.09000000,185.63000000,190.60000000,167806.34294000,1566691199999,31786227.86266330,104191,87395.56483000,16560915.41719370,0
