Open Time,Open,High,Low,Close,Volume,Close Time,Quote Asset Volume,Number of trades,Taker Buy Base Asset Volume,Taker Buy Quote Asset volume
1563235200000,228.20000000,234.50000000,192.25000000,198.88000000,715604.83198000,1563321599999,151473621.64515110,315783,350245.42111000,74235131.62196680,0
