Open Time,Open,High,Low,Close,Volume,Close Time,Quote Asset Volume,Number of trades,Taker Buy Base Asset Volume,Taker Buy Quote Asset volume
1558137600000,244.31000000,248.00000000,230.62000000,233.60000000,673218.09982000,1558223999999,160450040.80691930,236314,350733.36784000,83590128.49646950,0
