Open Time,Open,High,Low,Close,Volume,Close Time,Quote Asset Volume,Number of trades,Taker Buy Base Asset Volume,Taker Buy Quote Asset volume
1548979200000,106.47000000,108.35000000,103.77000000,106.73000000,243149.88435000,1549065599999,25791535.14602380,86314,120649.43802000,12804365.58085350,0
