Open Time,Open,High,Low,Close,Volume,Close Time,Quote Asset Volume,Number of trades,Taker Buy Base Asset Volume,Taker Buy Quote Asset volume
1558569600000,243.68000000,247.34000000,231.10000000,244.56000000,600193.89368000,1558655999999,144051488.87739300,198869,309885.62434000,74420906.58624260,0
