Open Time,Open,High,Low,Close,Volume,Close Time,Quote Asset Volume,Number of trades,Taker Buy Base Asset Volume,Taker Buy Quote Asset volume
1572739200000,182.90000000,184.70000000,178.95000000,181.54000000,232621.52147000,1572825599999,42260620.37702860,109861,117372.86999000,21322878.29060180,0
