Open Time,Open,High,Low,Close,Volume,Close Time,Quote Asset Volume,Number of trades,Taker Buy Base Asset Volume,Taker Buy Quote Asset volume
1571961600000,160.39000000,187.78000000,160.25000000,181.50000000,904832.86059000,1572047999999,157496890.72260220,267143,477807.72341000,83125683.11840570,0
