Open Time,Open,High,Low,Close,Volume,Close Time,Quote Asset Volume,Number of trades,Taker Buy Base Asset Volume,Taker Buy Quote Asset volume
1553558400000,133.97000000,134.74000000,132.27000000,134.18000000,183139.11426000,1553644799999,24490323.06073970,86841,97876.42094000,13089415.40787600,0
