Open Time,Open,High,Low,Close,Volume,Close Time,Quote Asset Volume,Number of trades,Taker Buy Base Asset Volume,Taker Buy Quote Asset volume
1547424000000,114.17000000,130.05000000,113.94000000,126.95000000,546420.40854000,1547510399999,66801543.30503660,181074,283172.06565000,34555073.94814970,0
