Open Time,Open,High,Low,Close,Volume,Close Time,Quote Asset Volume,Number of trades,Taker Buy Base Asset Volume,Taker Buy Quote Asset volume
1577664000000,134.36000000,136.24000000,130.30000000,131.59000000,320347.21956000,1577750399999,42636559.38241520,101293,153829.18058000,20482964.26516290,0
