Open Time,Open,High,Low,Close,Volume,Close Time,Quote Asset Volume,Number of trades,Taker Buy Base Asset Volume,Taker Buy Quote Asset volume
1576800000000,128.10000000,129.39000000,125.84000000,128.19000000,213897.46730000,1576886399999,27266605.48486420,90922,109755.28767000,13990539.68398590,0
