Open Time,Open,High,Low,Close,Volume,Close Time,Quote Asset Volume,Number of trades,Taker Buy Base Asset Volume,Taker Buy Quote Asset volume
1556323200000,157.93000000,166.24000000,156.35000000,159.31000000,215918.63842000,1556409599999,34294277.99544650,89809,107892.49091000,17154456.89726020,0
