Open Time,Open,High,Low,Close,Volume,Close Time,Quote Asset Volume,Number of trades,Taker Buy Base Asset Volume,Taker Buy Quote Asset volume
1563580800000,220.84000000,235.09000000,219.78000000,228.20000000,325393.97225000,1563667199999,74182517.23962530,158590,169537.41035000,38635155.01752730,0
