Open Time,Open,High,Low,Close,Volume,Close Time,Quote Asset Volume,Number of trades,Taker Buy Base Asset Volume,Taker Buy Quote Asset volume
1574985600000,150.69000000,157.60000000,150.23000000,154.57000000,328712.25558000,1575071999999,50649319.12094730,129774,171812.20099000,26479251.48421680,0
