Open Time,Open,High,Low,Close,Volume,Close Time,Quote Asset Volume,Number of trades,Taker Buy Base Asset Volume,Taker Buy Quote Asset volume
1562976000000,274.53000000,275.04000000,262.20000000,268.79000000,205959.26849000,1563062399999,55323572.09371000,132115,103948.50825000,27932555.74278870,0
