Open Time,Open,High,Low,Close,Volume,Close Time,Quote Asset Volume,Number of trades,Taker Buy Base Asset Volume,Taker Buy Quote Asset volume
1570060800000,180.24000000,180.72000000,169.55000000,174.69000000,354756.78478000,1570147199999,62001237.48178290,101114,170712.79827000,29848620.56541130,0
