Open Time,Open,High,Low,Close,Volume,Close Time,Quote Asset Volume,Number of trades,Taker Buy Base Asset Volume,Taker Buy Quote Asset volume
1573862400000,179.99000000,183.46000000,179.30000000,182.37000000,172801.52576000,1573948799999,31378510.01538970,89596,86531.48564000,15713912.23090380,0
