Open Time,Open,High,Low,Close,Volume,Close Time,Quote Asset Volume,Number of trades,Taker Buy Base Asset Volume,Taker Buy Quote Asset volume
1573516800000,184.98000000,187.65000000,182.41000000,187.09000000,256782.63119000,1573603199999,47636043.35288470,124488,130189.09727000,24161522.42526670,0
