Open Time,Open,High,Low,Close,Volume,Close Time,Quote Asset Volume,Number of trades,Taker Buy Base Asset Volume,Taker Buy Quote Asset volume
1554508800000,164.84000000,172.77000000,159.20000000,165.50000000,528168.33297000,1554595199999,87657058.11498170,163384,246862.26683000,40956422.16867850,0
