Open Time,Open,High,Low,Close,Volume,Close Time,Quote Asset Volume,Number of trades,Taker Buy Base Asset Volume,Taker Buy Quote Asset volume
1572825600000,181.53000000,188.64000000,180.36000000,185.71000000,321175.29134000,1572911999999,59357371.31413380,147624,174839.08251000,32310789.00236290,0
