Open Time,Open,High,Low,Close,Volume,Close Time,Quote Asset Volume,Number of trades,Taker Buy Base Asset Volume,Taker Buy Quote Asset volume
1561334400000,308.42000000,314.41000000,298.00000000,311.64000000,352791.26964000,1561420799999,108439071.64452210,185588,182026.16675000,56000322.43162790,0
