Open Time,Open,High,Low,Close,Volume,Close Time,Quote Asset Volume,Number of trades,Taker Buy Base Asset Volume,Taker Buy Quote Asset volume
1556841600000,161.82000000,170.86000000,160.99000000,168.06000000,416357.52123000,1556927999999,69185162.59716770,136042,207707.51957000,34533057.35576520,0
