Open Time,Open,High,Low,Close,Volume,Close Time,Quote Asset Volume,Number of trades,Taker Buy Base Asset Volume,Taker Buy Quote Asset volume
1556668800000,161.85000000,163.88000000,158.36000000,160.19000000,192517.62763000,1556755199999,30965351.69684630,88509,94853.75564000,15258332.57833260,0
