Open Time,Open,High,Low,Close,Volume,Close Time,Quote Asset Volume,Number of trades,Taker Buy Base Asset Volume,Taker Buy Quote Asset volume
1576281600000,144.80000000,145.07000000,141.18000000,141.79000000,126232.59201000,1576367999999,18027581.35954590,76951,59729.52052000,8537450.10787950,0
