Open Time,Open,High,Low,Close,Volume,Close Time,Quote Asset Volume,Number of trades,Taker Buy Base Asset Volume,Taker Buy Quote Asset volume
1568505600000,188.14000000,190.45000000,185.76000000,189.03000000,288928.60827000,1568591999999,54373471.38522450,106052,153265.22338000,28851541.56175460,0
