Open Time,Open,High,Low,Close,Volume,Close Time,Quote Asset Volume,Number of trades,Taker Buy Base Asset Volume,Taker Buy Quote Asset volume
1552953600000,137.62000000,139.38000000,136.97000000,138.55000000,218577.45208000,1553039999999,30175322.07849890,82348,109609.32108000,15133834.08545860,0
