Open Time,Open,High,Low,Close,Volume,Close Time,Quote Asset Volume,Number of trades,Taker Buy Base Asset Volume,Taker Buy Quote Asset volume
1575158400000,151.43000000,152.49000000,145.79000000,150.73000000,344178.14088000,1575244799999,51148792.08299820,125550,172849.45417000,25693814.94443980,0
