Open Time,Open,High,Low,Close,Volume,Close Time,Quote Asset Volume,Number of trades,Taker Buy Base Asset Volume,Taker Buy Quote Asset volume
1560902400000,264.68000000,270.00000000,263.59000000,268.14000000,208375.68381000,1560988799999,55665919.15439590,111358,107462.88795000,28711402.96394140,0
