Open Time,Open,High,Low,Close,Volume,Close Time,Quote Asset Volume,Number of trades,Taker Buy Base Asset Volume,Taker Buy Quote Asset volume
1566172800000,194.32000000,203.59000000,192.70000000,202.28000000,239541.59780000,1566259199999,47675347.06282200,116606,122389.69465000,24373123.09691180,0
