Open Time,Open,High,Low,Close,Volume,Close Time,Quote Asset Volume,Number of trades,Taker Buy Base Asset Volume,Taker Buy Quote Asset volume
1565913600000,187.98000000,188.39000000,178.04000000,184.88000000,282177.01584000,1565999999999,51945182.47086070,150695,140331.02072000,25845940.51620680,0
