Open Time,Open,High,Low,Close,Volume,Close Time,Quote Asset Volume,Number of trades,Taker Buy Base Asset Volume,Taker Buy Quote Asset volume
1559433600000,264.33000000,273.20000000,263.20000000,268.88000000,301536.15062000,1559519999999,80960737.40546720,138349,154397.78666000,41448599.01593120,0
