Open Time,Open,High,Low,Close,Volume,Close Time,Quote Asset Volume,Number of trades,Taker Buy Base Asset Volume,Taker Buy Quote Asset volume
1567123200000,169.03000000,170.77000000,165.55000000,168.50000000,238616.68868000,1567209599999,40216956.59949060,114316,122176.99960000,20594004.06372590,0
