Open Time,Open,High,Low,Close,Volume,Close Time,Quote Asset Volume,Number of trades,Taker Buy Base Asset Volume,Taker Buy Quote Asset volume
1559260800000,254.59000000,268.72000000,245.21000000,267.90000000,602153.87244000,1559347199999,154783065.77077390,253604,313715.51397000,80669442.71598880,0
