Open Time,Open,High,Low,Close,Volume,Close Time,Quote Asset Volume,Number of trades,Taker Buy Base Asset Volume,Taker Buy Quote Asset volume
1570233600000,175.55000000,176.71000000,172.02000000,176.25000000,278488.61771000,1570319999999,48647162.43898200,90341,148677.37760000,25974848.89356780,0
