Open Time,Open,High,Low,Close,Volume,Close Time,Quote Asset Volume,Number of trades,Taker Buy Base Asset Volume,Taker Buy Quote Asset volume
1564358400000,211.58000000,215.83000000,206.59000000,210.89000000,226941.28000000,1564444799999,47853275.12724640,133256,117589.62070000,24797810.02602710,0
