Open Time,Open,High,Low,Close,Volume,Close Time,Quote Asset Volume,Number of trades,Taker Buy Base Asset Volume,Taker Buy Quote Asset volume
1553385600000,137.28000000,137.37000000,134.75000000,136.09000000,198490.45124000,1553471999999,27042322.69520090,82361,104851.44764000,14288924.60661310,0
