Open Time,Open,High,Low,Close,Volume,Close Time,Quote Asset Volume,Number of trades,Taker Buy Base Asset Volume,Taker Buy Quote Asset volume
1549497600000,104.49000000,106.18000000,103.82000000,104.48000000,147942.07683000,1549583999999,15530160.64710660,68959,74195.91673000,7790406.45878510,0
