Open Time,Open,High,Low,Close,Volume,Close Time,Quote Asset Volume,Number of trades,Taker Buy Base Asset Volume,Taker Buy Quote Asset volume
1567555200000,178.79000000,180.14000000,173.00000000,174.72000000,286226.25171000,1567641599999,50629395.49188310,140298,150944.76267000,26708432.48879960,0
