Open Time,Open,High,Low,Close,Volume,Close Time,Quote Asset Volume,Number of trades,Taker Buy Base Asset Volume,Taker Buy Quote Asset volume
1571443200000,172.78000000,174.98000000,169.44000000,171.79000000,296918.73026000,1571529599999,51269466.04253870,127763,153698.71472000,26548317.23304430,0
