Open Time,Open,High,Low,Close,Volume,Close Time,Quote Asset Volume,Number of trades,Taker Buy Base Asset Volume,Taker Buy Quote Asset volume
1553817600000,137.85000000,143.60000000,137.62000000,143.25000000,235853.04540000,1553903999999,33098245.95561350,94717,131841.45562000,18506823.91480350,0
