Open Time,Open,High,Low,Close,Volume,Close Time,Quote Asset Volume,Number of trades,Taker Buy Base Asset Volume,Taker Buy Quote Asset volume
1567209600000,168.48000000,174.98000000,165.63000000,171.57000000,194999.19583000,1567295999999,32983642.84325880,101425,103927.92170000,17578505.14130910,0
