Open Time,Open,High,Low,Close,Volume,Close Time,Quote Asset Volume,Number of trades,Taker Buy Base Asset Volume,Taker Buy Quote Asset volume
1550793600000,145.68000000,148.85000000,143.85000000,147.36000000,366251.18542000,1550879999999,53771600.80256650,129247,190056.54144000,27900776.69668980,0
