Open Time,Open,High,Low,Close,Volume,Close Time,Quote Asset Volume,Number of trades,Taker Buy Base Asset Volume,Taker Buy Quote Asset volume
1551139200000,137.88000000,138.41000000,133.72000000,136.22000000,432944.17033000,1551225599999,58979934.71600160,145787,228006.72087000,31058407.07986230,0
