Open Time,Open,High,Low,Close,Volume,Close Time,Quote Asset Volume,Number of trades,Taker Buy Base Asset Volume,Taker Buy Quote Asset volume
1573603200000,187.09000000,189.66000000,185.30000000,188.11000000,197273.84001000,1573689599999,36936429.93594350,89631,101255.98817000,18965818.25351880,0
