Open Time,Open,High,Low,Close,Volume,Close Time,Quote Asset Volume,Number of trades,Taker Buy Base Asset Volume,Taker Buy Quote Asset volume
1546732800000,152.83000000,157.40000000,147.51000000,153.86000000,627908.47366000,1546819199999,95681339.46006480,204337,318359.86940000,48525641.33377210,0
