Open Time,Open,High,Low,Close,Volume,Close Time,Quote Asset Volume,Number of trades,Taker Buy Base Asset Volume,Taker Buy Quote Asset volume
1551312000000,135.03000000,139.00000000,132.10000000,135.34000000,579327.31749000,1551398399999,78861797.55939210,183737,299413.85729000,40768867.78520360,0
