Open Time,Open,High,Low,Close,Volume,Close Time,Quote Asset Volume,Number of trades,Taker Buy Base Asset Volume,Taker Buy Quote Asset volume
1576972800000,127.00000000,133.07000000,126.82000000,132.09000000,253140.72413000,1577059199999,32938501.02175700,91028,130908.05583000,17045189.40243960,0
