Open Time,Open,High,Low,Close,Volume,Close Time,Quote Asset Volume,Number of trades,Taker Buy Base Asset Volume,Taker Buy Quote Asset volume
1553731200000,139.46000000,139.57000000,137.30000000,137.86000000,163185.69910000,1553817599999,22543474.61229130,73225,84450.31652000,11668218.28082960,0
