Open Time,Open,High,Low,Close,Volume,Close Time,Quote Asset Volume,Number of trades,Taker Buy Base Asset Volume,Taker Buy Quote Asset volume
1559692800000,241.46000000,250.41000000,237.37000000,245.63000000,335953.37927000,1559779199999,81839286.61658410,173428,178579.70212000,43520932.10462890,0
