Open Time,Open,High,Low,Close,Volume,Close Time,Quote Asset Volume,Number of trades,Taker Buy Base Asset Volume,Taker Buy Quote Asset volume
1548288000000,116.40000000,117.15000000,113.61000000,116.39000000,216242.29829000,1548374399999,25044265.75420410,90622,109084.23085000,12638375.44066350,0
