Open Time,Open,High,Low,Close,Volume,Close Time,Quote Asset Volume,Number of trades,Taker Buy Base Asset Volume,Taker Buy Quote Asset volume
1564099200000,219.14000000,220.00000000,212.71000000,218.81000000,197781.98653000,1564185599999,42839496.53553070,133271,98990.46002000,21451386.71412190,0
