Open Time,Open,High,Low,Close,Volume,Close Time,Quote Asset Volume,Number of trades,Taker Buy Base Asset Volume,Taker Buy Quote Asset volume
1546387200000,139.10000000,155.37000000,137.76000000,152.01000000,941486.31524000,1546473599999,138801471.11865180,253070,452778.41302000,66826091.41549060,0
