Open Time,Open,High,Low,Close,Volume,Close Time,Quote Asset Volume,Number of trades,Taker Buy Base Asset Volume,Taker Buy Quote Asset volume
1569456000000,169.96000000,171.01000000,152.11000000,165.92000000,779942.17148000,1569542399999,127948136.27089050,202020,391258.95488000,64200383.80096550,0
