Open Time,Open,High,Low,Close,Volume,Close Time,Quote Asset Volume,Number of trades,Taker Buy Base Asset Volume,Taker Buy Quote Asset volume
1549756800000,119.19000000,126.49000000,115.81000000,125.12000000,385819.09619000,1549843199999,45929459.12901310,146060,202272.64362000,24082781.02284420,0
