Open Time,Open,High,Low,Close,Volume,Close Time,Quote Asset Volume,Number of trades,Taker Buy Base Asset Volume,Taker Buy Quote Asset volume
1572393600000,190.45000000,191.71000000,179.28000000,183.13000000,537770.43056000,1572479999999,99508269.89031900,194946,264989.49925000,48993402.73324990,0
