Open Time,Open,High,Low,Close,Volume,Close Time,Quote Asset Volume,Number of trades,Taker Buy Base Asset Volume,Taker Buy Quote Asset volume
1567900800000,177.58000000,184.18000000,176.13000000,181.19000000,290083.47501000,1567987199999,52424648.71846640,143793,141391.15011000,25550952.64970480,0
