Open Time,Open,High,Low,Close,Volume,Close Time,Quote Asset Volume,Number of trades,Taker Buy Base Asset Volume,Taker Buy Quote Asset volume
1560384000000,261.13000000,262.98000000,253.69000000,254.67000000,291757.21635000,1560470399999,75447391.03734030,159838,142504.25920000,36847759.06835270,0
