Open Time,Open,High,Low,Close,Volume,Close Time,Quote Asset Volume,Number of trades,Taker Buy Base Asset Volume,Taker Buy Quote Asset volume
1567296000000,171.52000000,173.42000000,167.61000000,170.74000000,191140.52368000,1567382399999,32627380.93181310,93036,105365.55830000,17994754.95878780,0
