Open Time,Open,High,Low,Close,Volume,Close Time,Quote Asset Volume,Number of trades,Taker Buy Base Asset Volume,Taker Buy Quote Asset volume
1566259200000,202.24000000,202.75000000,194.45000000,196.60000000,189297.75494000,1566345599999,37412398.97566200,109559,94655.34043000,18715872.17201540,0
