Open Time,Open,High,Low,Close,Volume,Close Time,Quote Asset Volume,Number of trades,Taker Buy Base Asset Volume,Taker Buy Quote Asset volume
1547510400000,126.95000000,129.40000000,116.00000000,118.95000000,649020.52970000,1547596799999,79985529.55877080,200989,323384.20597000,39784995.57368180,0
