Open Time,Open,High,Low,Close,Volume,Close Time,Quote Asset Volume,Number of trades,Taker Buy Base Asset Volume,Taker Buy Quote Asset volume
1552694400000,136.60000000,144.47000000,136.51000000,140.92000000,474664.10197000,1552780799999,66878173.45181860,149612,241316.08941000,33988833.98348000,0
