Open Time,Open,High,Low,Close,Volume,Close Time,Quote Asset Volume,Number of trades,Taker Buy Base Asset Volume,Taker Buy Quote Asset volume
1565827200000,187.08000000,189.95000000,181.23000000,188.03000000,237953.09426000,1565913599999,44183760.70610550,119008,110230.51548000,20470122.31891540,0
