Open Time,Open,High,Low,Close,Volume,Close Time,Quote Asset Volume,Number of trades,Taker Buy Base Asset Volume,Taker Buy Quote Asset volume
1571011200000,180.98000000,187.54000000,180.43000000,186.72000000,279732.84612000,1571097599999,51494870.27736360,123915,145915.38133000,26856962.91796090,0
