Open Time,Open,High,Low,Close,Volume,Close Time,Quote Asset Volume,Number of trades,Taker Buy Base Asset Volume,Taker Buy Quote Asset volume
1566864000000,188.61000000,189.49000000,184.75000000,187.24000000,157898.56300000,1566950399999,29513243.50055000,96138,82742.89368000,15472438.95182100,0
