Open Time,Open,High,Low,Close,Volume,Close Time,Quote Asset Volume,Number of trades,Taker Buy Base Asset Volume,Taker Buy Quote Asset volume
1569024000000,218.01000000,221.50000000,213.20000000,215.05000000,417891.52420000,1569110399999,90638548.23529240,105391,207179.70785000,44946677.53380250,0
