Open Time,Open,High,Low,Close,Volume,Close Time,Quote Asset Volume,Number of trades,Taker Buy Base Asset Volume,Taker Buy Quote Asset volume
1573344000000,184.86000000,191.58000000,183.30000000,188.96000000,274940.53448000,1573430399999,51648623.28633990,133008,139412.49207000,26196034.43765130,0
