Open Time,Open,High,Low,Close,Volume,Close Time,Quote Asset Volume,Number of trades,Taker Buy Base Asset Volume,Taker Buy Quote Asset volume
1555545600000,165.75000000,175.20000000,165.04000000,173.33000000,396118.94407000,1555631999999,68031293.23257790,114728,187459.43239000,32180911.95154910,0
