Open Time,Open,High,Low,Close,Volume,Close Time,Quote Asset Volume,Number of trades,Taker Buy Base Asset Volume,Taker Buy Quote Asset volume
1569369600000,165.72000000,174.85000000,161.88000000,169.96000000,879001.46213000,1569455999999,147619414.13589660,251456,447020.54762000,75075150.31655010,0
