Open Time,Open,High,Low,Close,Volume,Close Time,Quote Asset Volume,Number of trades,Taker Buy Base Asset Volume,Taker Buy Quote Asset volume
1562544000000,304.72000000,313.74000000,300.78000000,311.97000000,289607.34177000,1562630399999,88890021.74605840,156865,155290.87882000,47663542.05482440,0
