Open Time,Open,High,Low,Close,Volume,Close Time,Quote Asset Volume,Number of trades,Taker Buy Base Asset Volume,Taker Buy Quote Asset volume
1550448000000,133.77000000,148.30000000,132.42000000,145.69000000,1079830.15020000,1550534399999,152756654.64547750,299772,549759.99454000,77775317.69332150,0
