Open Time,Open,High,Low,Close,Volume,Close Time,Quote Asset Volume,Number of trades,Taker Buy Base Asset Volume,Taker Buy Quote Asset volume
1567036800000,173.03000000,173.50000000,163.61000000,169.01000000,295241.21600000,1567123199999,49838097.16618850,142645,148944.84350000,25147070.11288610,0
