Open Time,Open,High,Low,Close,Volume,Close Time,Quote Asset Volume,Number of trades,Taker Buy Base Asset Volume,Taker Buy Quote Asset volume
1547596800000,118.93000000,126.88000000,118.52000000,121.48000000,513486.65472000,1547683199999,62314225.99604320,192912,260457.57444000,31607466.00933590,0
