Open Time,Open,High,Low,Close,Volume,Close Time,Quote Asset Volume,Number of trades,Taker Buy Base Asset Volume,Taker Buy Quote Asset volume
1546473600000,152.01000000,153.64000000,143.11000000,146.30000000,708091.31714000,1546559999999,104953535.14851260,206600,345065.32126000,51146898.61903880,0
