Open Time,Open,High,Low,Close,Volume,Close Time,Quote Asset Volume,Number of trades,Taker Buy Base Asset Volume,Taker Buy Quote Asset volume
1561161600000,294.25000000,314.39000000,289.69000000,310.79000000,726254.67061000,1561247999999,222036096.33526110,336414,374894.48528000,114659501.42645640,0
