Open Time,Open,High,Low,Close,Volume,Close Time,Quote Asset Volume,Number of trades,Taker Buy Base Asset Volume,Taker Buy Quote Asset volume
1573689600000,188.07000000,188.72000000,183.34000000,184.92000000,245505.29971000,1573775999999,45523714.09855510,114266,117241.99539000,21743851.27655660,0
