Open Time,Open,High,Low,Close,Volume,Close Time,Quote Asset Volume,Number of trades,Taker Buy Base Asset Volume,Taker Buy Quote Asset volume
1559606400000,250.02000000,251.67000000,234.39000000,241.39000000,633822.71246000,1559692799999,154709331.29418740,270568,339927.90333000,82990901.39578750,0
