Open Time,Open,High,Low,Close,Volume,Close Time,Quote Asset Volume,Number of trades,Taker Buy Base Asset Volume,Taker Buy Quote Asset volume
1561680000000,298.35000000,313.58000000,295.22000000,311.05000000,529174.47722000,1561766399999,161838706.78723340,260039,279799.14011000,85559731.81055340,0
