Open Time,Open,High,Low,Close,Volume,Close Time,Quote Asset Volume,Number of trades,Taker Buy Base Asset Volume,Taker Buy Quote Asset volume
1569110400000,215.04000000,215.61000000,206.10000000,211.20000000,445388.94787000,1569196799999,93662351.50453330,108397,223157.30567000,46925558.43181570,0
