Open Time,Open,High,Low,Close,Volume,Close Time,Quote Asset Volume,Number of trades,Taker Buy Base Asset Volume,Taker Buy Quote Asset volume
1548720000000,105.49000000,106.61000000,102.22000000,104.45000000,319768.91348000,1548806399999,33427469.34506180,129221,161610.46234000,16896798.30635950,0
