Open Time,Open,High,Low,Close,Volume,Close Time,Quote Asset Volume,Number of trades,Taker Buy Base Asset Volume,Taker Buy Quote Asset volume
1563926400000,212.55000000,218.28000000,202.00000000,216.31000000,331162.64840000,1564012799999,69281797.01651710,188919,171125.24668000,35806472.77283220,0
