Open Time,Open,High,Low,Close,Volume,Close Time,Quote Asset Volume,Number of trades,Taker Buy Base Asset Volume,Taker Buy Quote Asset volume
1553040000000,138.56000000,139.66000000,136.01000000,139.01000000,222883.51754000,1553126399999,30757997.81155180,83814,111862.81746000,15442583.43025020,0
