Open Time,Open,High,Low,Close,Volume,Close Time,Quote Asset Volume,Number of trades,Taker Buy Base Asset Volume,Taker Buy Quote Asset volume
1550361600000,122.67000000,135.61000000,122.43000000,133.75000000,614788.60078000,1550447999999,78958054.95898050,162769,293673.43938000,37707750.00251470,0
