Open Time,Open,High,Low,Close,Volume,Close Time,Quote Asset Volume,Number of trades,Taker Buy Base Asset Volume,Taker Buy Quote Asset volume
1549584000000,104.48000000,123.00000000,103.41000000,119.25000000,589950.64925000,1549670399999,67027886.93986390,177364,304660.09924000,34611554.24201510,0
