Open Time,Open,High,Low,Close,Volume,Close Time,Quote Asset Volume,Number of trades,Taker Buy Base Asset Volume,Taker Buy Quote Asset volume
1548460800000,115.13000000,118.00000000,115.00000000,115.34000000,146216.82819000,1548547199999,16978386.19723770,68368,75224.68609000,8737349.04319970,0
