Open Time,Open,High,Low,Close,Volume,Close Time,Quote Asset Volume,Number of trades,Taker Buy Base Asset Volume,Taker Buy Quote Asset volume
1551830400000,136.71000000,140.29000000,133.33000000,137.40000000,428826.87415000,1551916799999,58701328.64943100,136000,218466.67905000,29915836.73393930,0
