Open Time,Open,High,Low,Close,Volume,Close Time,Quote Asset Volume,Number of trades,Taker Buy Base Asset Volume,Taker Buy Quote Asset volume
1575936000000,147.40000000,148.57000000,143.81000000,145.56000000,203215.84937000,1576022399999,29746845.43242870,85725,96914.54456000,14189982.05386240,0
