Open Time,Open,High,Low,Close,Volume,Close Time,Quote Asset Volume,Number of trades,Taker Buy Base Asset Volume,Taker Buy Quote Asset volume
1565654400000,211.58000000,214.30000000,204.00000000,209.30000000,166922.48201000,1565740799999,34861802.39651680,102967,77187.83946000,16124639.86760430,0
