Open Time,Open,High,Low,Close,Volume,Close Time,Quote Asset Volume,Number of trades,Taker Buy Base Asset Volume,Taker Buy Quote Asset volume
1571356800000,177.17000000,177.44000000,168.66000000,172.74000000,319602.48508000,1571443199999,55285684.61343000,139612,152605.77187000,26410422.94712610,0
