Open Time,Open,High,Low,Close,Volume,Close Time,Quote Asset Volume,Number of trades,Taker Buy Base Asset Volume,Taker Buy Quote Asset volume
1571097600000,186.70000000,188.37000000,175.96000000,180.49000000,405466.38109000,1571183999999,73998014.44721510,155734,200056.73570000,36519397.83157390,0
