Open Time,Open,High,Low,Close,Volume,Close Time,Quote Asset Volume,Number of trades,Taker Buy Base Asset Volume,Taker Buy Quote Asset volume
1555200000000,162.99000000,168.11000000,161.20000000,167.23000000,186977.66211000,1555286399999,30640985.06094990,72468,94730.83063000,15525685.95866870,0
