Open Time,Open,High,Low,Close,Volume,Close Time,Quote Asset Volume,Number of trades,Taker Buy Base Asset Volume,Taker Buy Quote Asset volume
1551571200000,132.54000000,134.60000000,128.01000000,130.60000000,222453.28590000,1551657599999,29447917.23825880,86648,114067.58966000,15112492.06673550,0
