Open Time,Open,High,Low,Close,Volume,Close Time,Quote Asset Volume,Number of trades,Taker Buy Base Asset Volume,Taker Buy Quote Asset volume
1569974400000,175.65000000,181.29000000,173.65000000,180.24000000,348268.11620000,1570060799999,61530973.80423170,96660,176207.85499000,31146275.94205260,0
