Open Time,Open,High,Low,Close,Volume,Close Time,Quote Asset Volume,Number of trades,Taker Buy Base Asset Volume,Taker Buy Quote Asset volume
1557792000000,195.83000000,219.81000000,194.19000000,216.40000000,864211.00603000,1557878399999,179717430.31072680,248577,451375.98025000,93947890.71133800,0
