Open Time,Open,High,Low,Close,Volume,Close Time,Quote Asset Volume,Number of trades,Taker Buy Base Asset Volume,Taker Buy Quote Asset volume
1566691200000,190.60000000,192.40000000,182.80000000,186.54000000,169862.91522000,1566777599999,31935951.29036400,103115,85922.30698000,16166046.50746820,0
