Open Time,Open,High,Low,Close,Volume,Close Time,Quote Asset Volume,Number of trades,Taker Buy Base Asset Volume,Taker Buy Quote Asset volume
1570147200000,174.71000000,178.98000000,170.74000000,175.55000000,333897.63876000,1570233599999,58470302.14454340,89655,178481.72947000,31249755.45762510,0
