Open Time,Open,High,Low,Close,Volume,Close Time,Quote Asset Volume,Number of trades,Taker Buy Base Asset Volume,Taker Buy Quote Asset volume
1570838400000,180.65000000,184.64000000,177.59000000,179.68000000,290415.22038000,1570924799999,52895345.38262570,118775,147805.76792000,26936589.74044530,0
