Open Time,Open,High,Low,Close,Volume,Close Time,Quote Asset Volume,Number of trades,Taker Buy Base Asset Volume,Taker Buy Quote Asset volume
1571270400000,174.52000000,178.96000000,172.61000000,177.16000000,298795.81980000,1571356799999,52578052.94403270,133295,157556.94002000,27723058.42127190,0
