Open Time,Open,High,Low,Close,Volume,Close Time,Quote Asset Volume,Number of trades,Taker Buy Base Asset Volume,Taker Buy Quote Asset volume
1569542400000,165.92000000,176.72000000,161.03000000,173.79000000,634932.96707000,1569628799999,106461443.89972100,183611,329233.87612000,55179324.53961100,0
