Open Time,Open,High,Low,Close,Volume,Close Time,Quote Asset Volume,Number of trades,Taker Buy Base Asset Volume,Taker Buy Quote Asset volume
1577318400000,125.09000000,132.26000000,124.32000000,125.58000000,274986.52097000,1577404799999,34943780.90920390,103034,128410.01213000,16332907.92974440,0
