Open Time,Open,High,Low,Close,Volume,Close Time,Quote Asset Volume,Number of trades,Taker Buy Base Asset Volume,Taker Buy Quote Asset volume
1563494400000,225.75000000,226.23000000,212.52000000,220.73000000,371622.21865000,1563580799999,81600507.57264800,178357,190528.38687000,41844302.34620340,0
