Open Time,Open,High,Low,Close,Volume,Close Time,Quote Asset Volume,Number of trades,Taker Buy Base Asset Volume,Taker Buy Quote Asset volume
1558396800000,250.48000000,262.00000000,246.06000000,253.43000000,580249.69753000,1558483199999,146749988.27373740,229662,296180.05712000,74931122.16417110,0
