Open Time,Open,High,Low,Close,Volume,Close Time,Quote Asset Volume,Number of trades,Taker Buy Base Asset Volume,Taker Buy Quote Asset volume
1571529600000,171.84000000,176.88000000,169.21000000,175.22000000,299141.07152000,1571615999999,51654250.06525480,125469,161874.58359000,27947258.53062270,0
