Open Time,Open,High,Low,Close,Volume,Close Time,Quote Asset Volume,Number of trades,Taker Buy Base Asset Volume,Taker Buy Quote Asset volume
1550188800000,120.47000000,124.25000000,120.19000000,121.67000000,255296.08140000,1550275199999,31111280.20930570,100464,132203.05707000,16114091.27653240,0
