Open Time,Open,High,Low,Close,Volume,Close Time,Quote Asset Volume,Number of trades,Taker Buy Base Asset Volume,Taker Buy Quote Asset volume
1569801600000,169.26000000,181.24000000,165.01000000,180.85000000,580295.39970000,1569887999999,100443187.77168620,175354,305126.83015000,52861123.04577490,0
