Open Time,Open,High,Low,Close,Volume,Close Time,Quote Asset Volume,Number of trades,Taker Buy Base Asset Volume,Taker Buy Quote Asset volume
1552780800000,140.94000000,141.07000000,137.20000000,138.67000000,252697.08148000,1552867199999,35051209.93033950,88617,127490.10880000,17685080.58081430,0
