Open Time,Open,High,Low,Close,Volume,Close Time,Quote Asset Volume,Number of trades,Taker Buy Base Asset Volume,Taker Buy Quote Asset volume
1556928000000,168.10000000,171.30000000,159.76000000,163.70000000,312928.58349000,1557014399999,51596174.40089550,115264,154550.58103000,25484130.13772690,0
