Open Time,Open,High,Low,Close,Volume,Close Time,Quote Asset Volume,Number of trades,Taker Buy Base Asset Volume,Taker Buy Quote Asset volume
1550534400000,145.69000000,150.00000000,142.36000000,143.44000000,747968.90445000,1550620799999,109645050.46609720,232384,402160.07677000,58949819.48809890,0
