Open Time,Open,High,Low,Close,Volume,Close Time,Quote Asset Volume,Number of trades,Taker Buy Base Asset Volume,Taker Buy Quote Asset volume
1557100800000,163.05000000,178.05000000,157.55000000,173.00000000,506528.14278000,1557187199999,86112232.47586300,151543,279631.33418000,47643694.02364830,0
