Open Time,Open,High,Low,Close,Volume,Close Time,Quote Asset Volume,Number of trades,Taker Buy Base Asset Volume,Taker Buy Quote Asset volume
1562112000000,291.47000000,302.89000000,285.00000000,301.14000000,370521.96637000,1562198399999,109262202.22523740,203286,191658.42315000,56521193.28285600,0
