Open Time,Open,High,Low,Close,Volume,Close Time,Quote Asset Volume,Number of trades,Taker Buy Base Asset Volume,Taker Buy Quote Asset volume
1564617600000,218.42000000,219.39000000,210.54000000,216.84000000,186806.18844000,1564703999999,40054998.68240460,116919,91849.72101000,19701902.80800380,0
