Open Time,Open,High,Low,Close,Volume,Close Time,Quote Asset Volume,Number of trades,Taker Buy Base Asset Volume,Taker Buy Quote Asset volume
1577232000000,127.70000000,127.84000000,123.07000000,125.09000000,225004.49090000,1577318399999,28144469.16072900,93397,98563.14610000,12331982.19518460,0
