Open Time,Open,High,Low,Close,Volume,Close Time,Quote Asset Volume,Number of trades,Taker Buy Base Asset Volume,Taker Buy Quote Asset volume
1572998400000,188.65000000,195.09000000,187.72000000,191.16000000,343219.92240000,1573084799999,65471595.20700740,160110,173260.42539000,33061667.06580340,0
