Open Time,Open,High,Low,Close,Volume,Close Time,Quote Asset Volume,Number of trades,Taker Buy Base Asset Volume,Taker Buy Quote Asset volume
1549152000000,110.41000000,111.11000000,105.82000000,107.36000000,227211.54064000,1549238399999,24605892.28872830,78309,104902.65217000,11357020.01986990,0
