Open Time,Open,High,Low,Close,Volume,Close Time,Quote Asset Volume,Number of trades,Taker Buy Base Asset Volume,Taker Buy Quote Asset volume
1560643200000,267.78000000,277.06000000,263.31000000,267.73000000,458176.54236000,1560729599999,123848161.46895180,206212,238873.01948000,64581167.09349850,0
