Open Time,Open,High,Low,Close,Volume,Close Time,Quote Asset Volume,Number of trades,Taker Buy Base Asset Volume,Taker Buy Quote Asset volume
1559347200000,267.90000000,275.50000000,260.68000000,264.33000000,455676.98613000,1559433599999,121851235.75918430,182844,244439.94900000,65355188.67786990,0
