Open Time,Open,High,Low,Close,Volume,Close Time,Quote Asset Volume,Number of trades,Taker Buy Base Asset Volume,Taker Buy Quote Asset volume
1570579200000,180.61000000,195.53000000,178.96000000,192.62000000,562506.82189000,1570665599999,105551736.48440960,182290,296581.72445000,55656345.70328330,0
