Open Time,Open,High,Low,Close,Volume,Close Time,Quote Asset Volume,Number of trades,Taker Buy Base Asset Volume,Taker Buy Quote Asset volume
1561593600000,339.53000000,347.00000000,280.01000000,298.35000000,1016826.44900000,1561679999999,315174509.70848310,449424,511748.69656000,158858383.32239910,0
