Open Time,Open,High,Low,Close,Volume,Close Time,Quote Asset Volume,Number of trades,Taker Buy Base Asset Volume,Taker Buy Quote Asset volume
1567641600000,174.70000000,176.19000000,168.10000000,173.75000000,232753.83596000,1567727999999,40247496.56290390,123424,119903.03976000,20744424.50910440,0
