Open Time,Open,High,Low,Close,Volume,Close Time,Quote Asset Volume,Number of trades,Taker Buy Base Asset Volume,Taker Buy Quote Asset volume
1551744000000,125.68000000,137.84000000,125.19000000,136.72000000,512631.23178000,1551830399999,67740644.33114170,155818,272171.77962000,35984586.20476150,0
