Open Time,Open,High,Low,Close,Volume,Close Time,Quote Asset Volume,Number of trades,Taker Buy Base Asset Volume,Taker Buy Quote Asset volume
1555804800000,172.89000000,173.48000000,164.82000000,168.59000000,283450.43943000,1555891199999,47781349.40209580,108394,143539.87051000,24194584.25416820,0
