Open Time,Open,High,Low,Close,Volume,Close Time,Quote Asset Volume,Number of trades,Taker Buy Base Asset Volume,Taker Buy Quote Asset volume
1554422400000,157.33000000,167.83000000,155.94000000,164.77000000,516070.34553000,1554508799999,84123101.32690400,175261,271221.49370000,44191135.16520730,0
