Open Time,Open,High,Low,Close,Volume,Close Time,Quote Asset Volume,Number of trades,Taker Buy Base Asset Volume,Taker Buy Quote Asset volume
1553299200000,135.92000000,138.21000000,135.60000000,137.28000000,174710.43059000,1553385599999,23922572.35889340,73884,89401.14291000,12241766.49107050,0
