Open Time,Open,High,Low,Close,Volume,Close Time,Quote Asset Volume,Number of trades,Taker Buy Base Asset Volume,Taker Buy Quote Asset volume
1553126400000,139.04000000,139.55000000,131.21000000,134.85000000,312531.39368000,1553212799999,42635937.48917120,113797,152957.11763000,20873314.59166730,0
