Open Time,Open,High,Low,Close,Volume,Close Time,Quote Asset Volume,Number of trades,Taker Buy Base Asset Volume,Taker Buy Quote Asset volume
1575504000000,145.45000000,149.02000000,143.64000000,148.10000000,299073.53972000,1575590399999,43777241.59082360,111694,159810.68936000,23382484.67691740,0
