Open Time,Open,High,Low,Close,Volume,Close Time,Quote Asset Volume,Number of trades,Taker Buy Base Asset Volume,Taker Buy Quote Asset volume
1569628800000,173.83000000,175.49000000,168.00000000,173.49000000,521775.46593000,1569715199999,90120971.16691360,159337,270120.29369000,46660616.64463000,0
