Open Time,Open,High,Low,Close,Volume,Close Time,Quote Asset Volume,Number of trades,Taker Buy Base Asset Volume,Taker Buy Quote Asset volume
1565568000000,216.41000000,216.81000000,209.75000000,211.41000000,122760.94619000,1565654399999,26091487.95900400,85543,64061.87617000,13616765.07878790,0
