Open Time,Open,High,Low,Close,Volume,Close Time,Quote Asset Volume,Number of trades,Taker Buy Base Asset Volume,Taker Buy Quote Asset volume
1549843200000,125.12000000,125.28000000,119.24000000,120.89000000,389405.30404000,1549929599999,47197595.84519100,129000,194142.33374000,23522764.79487780,0
