Open Time,Open,High,Low,Close,Volume,Close Time,Quote Asset Volume,Number of trades,Taker Buy Base Asset Volume,Taker Buy Quote Asset volume
1576713600000,132.80000000,134.00000000,125.69000000,128.10000000,420674.81720000,1576799999999,53766864.18518990,154222,204489.68391000,26131287.04042130,0
