Open Time,Open,High,Low,Close,Volume,Close Time,Quote Asset Volume,Number of trades,Taker Buy Base Asset Volume,Taker Buy Quote Asset volume
1572134400000,179.42000000,188.70000000,176.22000000,183.75000000,724423.40525000,1572220799999,132329593.39361980,262415,385013.11426000,70337311.66175260,0
