Open Time,Open,High,Low,Close,Volume,Close Time,Quote Asset Volume,Number of trades,Taker Buy Base Asset Volume,Taker Buy Quote Asset volume
1563408000000,210.80000000,229.65000000,205.71000000,225.73000000,609081.49094000,1563494399999,132637638.79015530,264573,315755.33217000,68768554.54426810,0
