Open Time,Open,High,Low,Close,Volume,Close Time,Quote Asset Volume,Number of trades,Taker Buy Base Asset Volume,Taker Buy Quote Asset volume
1555027200000,164.06000000,166.50000000,158.11000000,163.19000000,316337.87823000,1555113599999,51556919.14613670,124732,150876.36061000,24590803.15625700,0
