Open Time,Open,High,Low,Close,Volume,Close Time,Quote Asset Volume,Number of trades,Taker Buy Base Asset Volume,Taker Buy Quote Asset volume
1562457600000,288.29000000,309.69000000,284.25000000,304.72000000,246111.36595000,1562543999999,73170809.76295140,146592,128914.23303000,38323739.23892530,0
