Open Time,Open,High,Low,Close,Volume,Close Time,Quote Asset Volume,Number of trades,Taker Buy Base Asset Volume,Taker Buy Quote Asset volume
1555113600000,163.20000000,165.37000000,160.74000000,162.99000000,179237.74574000,1555199999999,29247030.15263730,75202,86353.32588000,14092848.80131650,0
