Open Time,Open,High,Low,Close,Volume,Close Time,Quote Asset Volume,Number of trades,Taker Buy Base Asset Volume,Taker Buy Quote Asset volume
1561939200000,292.89000000,303.49000000,280.13000000,295.07000000,489769.27421000,1562025599999,142871936.75878870,247035,262574.76029000,76683112.02415400,0
