Open Time,Open,High,Low,Close,Volume,Close Time,Quote Asset Volume,Number of trades,Taker Buy Base Asset Volume,Taker Buy Quote Asset volume
1553472000000,136.12000000,136.83000000,131.60000000,133.98000000,230880.28500000,1553558399999,31082445.59324490,98246,113167.35254000,15241833.92879750,0
