Open Time,Open,High,Low,Close,Volume,Close Time,Quote Asset Volume,Number of trades,Taker Buy Base Asset Volume,Taker Buy Quote Asset volume
1551916800000,137.37000000,140.20000000,135.20000000,136.81000000,307336.49310000,1552003199999,42271691.24286170,114687,152452.19592000,20973151.20639810,0
