Open Time,Open,High,Low,Close,Volume,Close Time,Quote Asset Volume,Number of trades,Taker Buy Base Asset Volume,Taker Buy Quote Asset volume
1556409600000,159.32000000,160.24000000,156.92000000,157.85000000,152976.30181000,1556495999999,24304182.14108250,72048,75258.19531000,11957085.71193240,0
