Open Time,Open,High,Low,Close,Volume,Close Time,Quote Asset Volume,Number of trades,Taker Buy Base Asset Volume,Taker Buy Quote Asset volume
1564704000000,216.80000000,222.18000000,214.31000000,217.61000000,206867.03039000,1564790399999,45116694.85927590,123571,107794.76515000,23519748.75641510,0
