Open Time,Open,High,Low,Close,Volume,Close Time,Quote Asset Volume,Number of trades,Taker Buy Base Asset Volume,Taker Buy Quote Asset volume
1556582400000,155.14000000,162.89000000,155.11000000,161.83000000,305056.24653000,1556668799999,48352308.34711090,109233,151942.02827000,24090968.44466590,0
