Open Time,Open,High,Low,Close,Volume,Close Time,Quote Asset Volume,Number of trades,Taker Buy Base Asset Volume,Taker Buy Quote Asset volume
1565481600000,206.48000000,216.94000000,206.14000000,216.42000000,188474.09048000,1565567999999,39875149.54802820,112904,98456.65063000,20830756.93367010,0
