Open Time,Open,High,Low,Close,Volume,Close Time,Quote Asset Volume,Number of trades,Taker Buy Base Asset Volume,Taker Buy Quote Asset volume
1574294400000,174.75000000,175.85000000,157.26000000,161.01000000,473895.92992000,1574380799999,78641896.23038060,178521,234632.37028000,38906646.50159150,0
