Open Time,Open,High,Low,Close,Volume,Close Time,Quote Asset Volume,Number of trades,Taker Buy Base Asset Volume,Taker Buy Quote Asset volume
1554854400000,174.58000000,183.77000000,168.00000000,177.12000000,523943.20498000,1554940799999,93283836.58711400,171960,259905.55155000,46278256.16948190,0
