Open Time,Open,High,Low,Close,Volume,Close Time,Quote Asset Volume,Number of trades,Taker Buy Base Asset Volume,Taker Buy Quote Asset volume
1576108800000,143.41000000,145.85000000,139.24000000,144.87000000,261615.30437000,1576195199999,37425277.03812350,99231,127845.69433000,18297930.21017830,0
