Open Time,Open,High,Low,Close,Volume,Close Time,Quote Asset Volume,Number of trades,Taker Buy Base Asset Volume,Taker Buy Quote Asset volume
1547769600000,121.56000000,121.98000000,117.66000000,119.17000000,235646.68400000,1547855999999,28305971.66888540,112833,118574.39197000,14246528.48255570,0
