Open Time,Open,High,Low,Close,Volume,Close Time,Quote Asset Volume,Number of trades,Taker Buy Base Asset Volume,Taker Buy Quote Asset volume
1562025600000,295.03000000,297.57000000,272.65000000,291.48000000,493772.96579000,1562111999999,140020251.92775110,255019,249236.40932000,70690548.14998800,0
