Open Time,Open,High,Low,Close,Volume,Close Time,Quote Asset Volume,Number of trades,Taker Buy Base Asset Volume,Taker Buy Quote Asset volume
1575676800000,148.46000000,149.49000000,146.85000000,147.14000000,140471.68588000,1575763199999,20799551.34569560,70677,73739.81386000,10919841.57771310,0
