Open Time,Open,High,Low,Close,Volume,Close Time,Quote Asset Volume,Number of trades,Taker Buy Base Asset Volume,Taker Buy Quote Asset volume
1557532800000,172.92000000,205.23000000,172.92000000,190.20000000,885292.38389000,1557619199999,167180496.76232970,246217,460145.37432000,86846859.53151820,0
