Open Time,Open,High,Low,Close,Volume,Close Time,Quote Asset Volume,Number of trades,Taker Buy Base Asset Volume,Taker Buy Quote Asset volume
1552348800000,132.67000000,135.30000000,130.77000000,133.57000000,194905.96843000,1552435199999,25981446.10334660,74222,99412.59836000,13253182.63371060,0
