Open Time,Open,High,Low,Close,Volume,Close Time,Quote Asset Volume,Number of trades,Taker Buy Base Asset Volume,Taker Buy Quote Asset volume
1562889600000,268.67000000,278.99000000,266.21000000,274.62000000,266734.54213000,1562975999999,72743548.04145270,150653,133477.16896000,36403353.67427830,0
