Open Time,Open,High,Low,Close,Volume,Close Time,Quote Asset Volume,Number of trades,Taker Buy Base Asset Volume,Taker Buy Quote Asset volume
1554163200000,141.24000000,165.60000000,141.00000000,163.31000000,906868.85860000,1554249599999,138094679.30204320,289637,482112.08002000,73443507.92001220,0
