Open Time,Open,High,Low,Close,Volume,Close Time,Quote Asset Volume,Number of trades,Taker Buy Base Asset Volume,Taker Buy Quote Asset volume
1550620800000,143.45000000,149.52000000,139.60000000,148.44000000,614303.61007000,1550707199999,89136482.37165190,191505,315381.09329000,45774901.21738340,0
