Open Time,Open,High,Low,Close,Volume,Close Time,Quote Asset Volume,Number of trades,Taker Buy Base Asset Volume,Taker Buy Quote Asset volume
1568678400000,197.23000000,215.13000000,195.74000000,207.84000000,715863.22620000,1568764799999,145945114.86958180,214041,364269.05990000,74305060.66538790,0
