Open Time,Open,High,Low,Close,Volume,Close Time,Quote Asset Volume,Number of trades,Taker Buy Base Asset Volume,Taker Buy Quote Asset volume
1568073600000,180.52000000,184.36000000,177.00000000,179.81000000,238387.50999000,1568159999999,43067898.90512140,116866,120273.59160000,21739616.73880690,0
