Open Time,Open,High,Low,Close,Volume,Close Time,Quote Asset Volume,Number of trades,Taker Buy Base Asset Volume,Taker Buy Quote Asset volume
1570665600000,192.61000000,194.20000000,186.88000000,191.14000000,436588.58452000,1570751999999,83367952.39334860,150166,226305.55384000,43218136.09303180,0
