Open Time,Open,High,Low,Close,Volume,Close Time,Quote Asset Volume,Number of trades,Taker Buy Base Asset Volume,Taker Buy Quote Asset volume
1573430400000,188.96000000,190.19000000,184.06000000,184.98000000,255579.93429000,1573516799999,47746876.45656240,128079,125060.86932000,23366849.50463640,0
