Open Time,Open,High,Low,Close,Volume,Close Time,Quote Asset Volume,Number of trades,Taker Buy Base Asset Volume,Taker Buy Quote Asset volume
1556150400000,164.78000000,165.49000000,150.35000000,154.72000000,422657.03239000,1556236799999,67326464.64847040,139927,207493.18153000,33080029.97383670,0
