Open Time,Open,High,Low,Close,Volume,Close Time,Quote Asset Volume,Number of trades,Taker Buy Base Asset Volume,Taker Buy Quote Asset volume
1573776000000,184.93000000,186.70000000,177.67000000,180.00000000,407466.78964000,1573862399999,74217250.17271870,156868,196587.25275000,35827558.08033390,0
