Open Time,Open,High,Low,Close,Volume,Close Time,Quote Asset Volume,Number of trades,Taker Buy Base Asset Volume,Taker Buy Quote Asset volume
1552435200000,133.62000000,133.65000000,130.58000000,131.65000000,209456.09848000,1552521599999,27670734.43092270,87617,105332.16365000,13915012.80600360,0
