Open Time,Open,High,Low,Close,Volume,Close Time,Quote Asset Volume,Number of trades,Taker Buy Base Asset Volume,Taker Buy Quote Asset volume
1558224000000,233.57000000,264.00000000,231.77000000,259.51000000,823859.06342000,1558310399999,207383027.82648370,285496,427121.32949000,107527272.36286440,0
