Open Time,Open,High,Low,Close,Volume,Close Time,Quote Asset Volume,Number of trades,Taker Buy Base Asset Volume,Taker Buy Quote Asset volume
1557619200000,190.20000000,204.32000000,181.00000000,188.11000000,823372.28148000,1557705599999,157611011.72525080,228585,414771.23650000,79418296.11443720,0
