Open Time,Open,High,Low,Close,Volume,Close Time,Quote Asset Volume,Number of trades,Taker Buy Base Asset Volume,Taker Buy Quote Asset volume
1561852800000,317.64000000,323.50000000,290.12000000,292.70000000,489028.56835000,1561939199999,149527443.57982940,265958,236869.51519000,72463463.52024640,0
