Open Time,Open,High,Low,Close,Volume,Close Time,Quote Asset Volume,Number of trades,Taker Buy Base Asset Volume,Taker Buy Quote Asset volume
1548115200000,115.62000000,119.49000000,111.39000000,117.81000000,359542.63873000,1548201599999,41777737.47047050,134797,191477.42643000,22269617.06857210,0
