Open Time,Open,High,Low,Close,Volume,Close Time,Quote Asset Volume,Number of trades,Taker Buy Base Asset Volume,Taker Buy Quote Asset volume
1547856000000,119.16000000,125.29000000,119.14000000,122.60000000,323303.79296000,1547942399999,39715159.16496060,117187,159926.95718000,19624976.27846360,0
