Open Time,Open,High,Low,Close,Volume,Close Time,Quote Asset Volume,Number of trades,Taker Buy Base Asset Volume,Taker Buy Quote Asset volume
1564272000000,207.30000000,213.52000000,198.24000000,211.62000000,218801.16693000,1564358399999,45414505.79001880,132599,112178.92834000,23306098.17945360,0
