Open Time,Open,High,Low,Close,Volume,Close Time,Quote Asset Volume,Number of trades,Taker Buy Base Asset Volume,Taker Buy Quote Asset volume
1547164800000,124.96000000,127.36000000,120.08000000,124.65000000,545293.98369000,1547251199999,67782816.33759870,197047,286390.42731000,35610799.28045170,0
