Open Time,Open,High,Low,Close,Volume,Close Time,Quote Asset Volume,Number of trades,Taker Buy Base Asset Volume,Taker Buy Quote Asset volume
1553212800000,134.85000000,137.20000000,134.29000000,135.98000000,186119.74745000,1553299199999,25309122.72644980,79782,86857.86292000,11807827.63999080,0
