Open Time,Open,High,Low,Close,Volume,Close Time,Quote Asset Volume,Number of trades,Taker Buy Base Asset Volume,Taker Buy Quote Asset volume
1555286400000,167.21000000,168.81000000,155.70000000,159.95000000,351548.90790000,1555372799999,57215098.11170430,113590,172067.32017000,27988295.61232120,0
