Open Time,Open,High,Low,Close,Volume,Close Time,Quote Asset Volume,Number of trades,Taker Buy Base Asset Volume,Taker Buy Quote Asset volume
1557964800000,248.06000000,279.76000000,241.76000000,264.25000000,1733360.89360000,1558051199999,452410350.05173800,553635,896705.83686000,234005191.94874480,0
