Open Time,Open,High,Low,Close,Volume,Close Time,Quote Asset Volume,Number of trades,Taker Buy Base Asset Volume,Taker Buy Quote Asset volume
1565740800000,209.31000000,209.90000000,183.49000000,187.10000000,325228.98931000,1565827199999,63597043.18857920,171181,152334.65364000,29840308.63718740,0
