Open Time,Open,High,Low,Close,Volume,Close Time,Quote Asset Volume,Number of trades,Taker Buy Base Asset Volume,Taker Buy Quote Asset volume
1553904000000,143.25000000,145.89000000,140.06000000,142.46000000,254798.70067000,1553990399999,36382647.22689520,97751,129968.43382000,18560580.29600510,0
