Open Time,Open,High,Low,Close,Volume,Close Time,Quote Asset Volume,Number of trades,Taker Buy Base Asset Volume,Taker Buy Quote Asset volume
1565222400000,226.11000000,228.50000000,215.51000000,221.39000000,236886.35423000,1565308799999,52730777.06928490,132568,114109.47371000,25416104.60777950,0
