Open Time,Open,High,Low,Close,Volume,Close Time,Quote Asset Volume,Number of trades,Taker Buy Base Asset Volume,Taker Buy Quote Asset volume
1577750400000,131.61000000,133.68000000,128.17000000,129.16000000,264933.98418000,1577836799999,34678632.17959370,95085,131010.02709000,17146486.49368810,0
