Open Time,Open,High,Low,Close,Volume,Close Time,Quote Asset Volume,Number of trades,Taker Buy Base Asset Volume,Taker Buy Quote Asset volume
1546560000000,146.30000000,154.80000000,143.54000000,151.97000000,805248.93821000,1546646399999,120827141.54422790,224385,398803.89556000,59878325.52782510,0
