Open Time,Open,High,Low,Close,Volume,Close Time,Quote Asset Volume,Number of trades,Taker Buy Base Asset Volume,Taker Buy Quote Asset volume
1554076800000,141.41000000,143.08000000,139.57000000,141.24000000,234310.19161000,1554163199999,33234998.64387330,90705,113803.35890000,16144688.87610520,0
