Open Time,Open,High,Low,Close,Volume,Close Time,Quote Asset Volume,Number of trades,Taker Buy Base Asset Volume,Taker Buy Quote Asset volume
1575331200000,148.66000000,149.93000000,145.77000000,147.17000000,196329.22503000,1575417599999,29061161.10177570,87660,100293.62450000,14844721.32424090,0
