Open Time,Open,High,Low,Close,Volume,Close Time,Quote Asset Volume,Number of trades,Taker Buy Base Asset Volume,Taker Buy Quote Asset volume
1576454400000,142.46000000,142.72000000,127.93000000,132.73000000,471018.85942000,1576540799999,63632055.58494070,153717,215716.73176000,29112565.69520390,0
