Open Time,Open,High,Low,Close,Volume,Close Time,Quote Asset Volume,Number of trades,Taker Buy Base Asset Volume,Taker Buy Quote Asset volume
1558310400000,259.37000000,259.49000000,238.00000000,250.37000000,666889.82241000,1558396799999,165783106.07703020,246484,341913.40218000,85002307.42125140,0
