Open Time,Open,High,Low,Close,Volume,Close Time,Quote Asset Volume,Number of trades,Taker Buy Base Asset Volume,Taker Buy Quote Asset volume
1581206400000,223.01000000,230.65000000,222.86000000,228.49000000,350336.24399000,1581292799999,79674647.00019990,183735,172523.02255000,39249445.39954730,0
