Open Time,Open,High,Low,Close,Volume,Close Time,Quote Asset Volume,Number of trades,Taker Buy Base Asset Volume,Taker Buy Quote Asset volume
1588032000000,196.33000000,198.50000000,192.36000000,196.24000000,636829.89397000,1588118399999,124476041.88938340,183819,324710.24289000,63499045.65033740,0
