Open Time,Open,High,Low,Close,Volume,Close Time,Quote Asset Volume,Number of trades,Taker Buy Base Asset Volume,Taker Buy Quote Asset volume
1608681600000,636.41000000,638.44000000,551.28000000,585.56000000,1208807.36518000,1608767999999,733443630.36561180,733896,564050.80567000,342705478.21036510,0
