Open Time,Open,High,Low,Close,Volume,Close Time,Quote Asset Volume,Number of trades,Taker Buy Base Asset Volume,Taker Buy Quote Asset volume
1607644800000,558.99000000,560.80000000,535.50000000,544.43000000,768921.78317000,1607731199999,419607430.44734580,400545,369206.67071000,201527071.67009370,0
