Open Time,Open,High,Low,Close,Volume,Close Time,Quote Asset Volume,Number of trades,Taker Buy Base Asset Volume,Taker Buy Quote Asset volume
1602115200000,341.58000000,353.32000000,334.21000000,350.95000000,631794.87560000,1602201599999,217322066.97802380,220053,332296.23857000,114406629.96863650,0
