Open Time,Open,High,Low,Close,Volume,Close Time,Quote Asset Volume,Number of trades,Taker Buy Base Asset Volume,Taker Buy Quote Asset volume
1607904000000,590.81000000,591.48000000,575.60000000,586.29000000,493012.02706000,1607990399999,288110223.95248790,272746,245044.70577000,143226160.02563270,0
