Open Time,Open,High,Low,Close,Volume,Close Time,Quote Asset Volume,Number of trades,Taker Buy Base Asset Volume,Taker Buy Quote Asset volume
1590624000000,208.29000000,220.50000000,204.67000000,220.21000000,643945.97769000,1590710399999,136361627.34641550,219160,352366.88360000,74663823.75714590,0
