Open Time,Open,High,Low,Close,Volume,Close Time,Quote Asset Volume,Number of trades,Taker Buy Base Asset Volume,Taker Buy Quote Asset volume
1590278400000,206.60000000,210.55000000,199.50000000,199.90000000,673535.05784000,1590364799999,138917619.23362070,204534,324023.32350000,66890503.37754660,0
