Open Time,Open,High,Low,Close,Volume,Close Time,Quote Asset Volume,Number of trades,Taker Buy Base Asset Volume,Taker Buy Quote Asset volume
1597536000000,432.30000000,436.99000000,412.47000000,433.62000000,716666.25258000,1597622399999,305445885.81667000,371807,345142.26171000,147116639.26333250,0
