Open Time,Open,High,Low,Close,Volume,Close Time,Quote Asset Volume,Number of trades,Taker Buy Base Asset Volume,Taker Buy Quote Asset volume
1604880000000,454.29000000,459.10000000,433.09000000,444.32000000,1099213.24641000,1604966399999,491928164.98124340,469947,523180.45111000,234223108.98942740,0
