Open Time,Open,High,Low,Close,Volume,Close Time,Quote Asset Volume,Number of trades,Taker Buy Base Asset Volume,Taker Buy Quote Asset volume
1581811200000,264.91000000,274.00000000,237.41000000,258.85000000,1110118.46395000,1581897599999,286269166.28143690,416082,526993.06165000,135974874.77418050,0
