Open Time,Open,High,Low,Close,Volume,Close Time,Quote Asset Volume,Number of trades,Taker Buy Base Asset Volume,Taker Buy Quote Asset volume
1601424000000,359.78000000,361.50000000,351.56000000,359.83000000,498943.23226000,1601510399999,177784824.51781920,173910,258138.87585000,92021033.11709650,0
