Open Time,Open,High,Low,Close,Volume,Close Time,Quote Asset Volume,Number of trades,Taker Buy Base Asset Volume,Taker Buy Quote Asset volume
1578960000000,143.58000000,171.70000000,143.51000000,165.64000000,1108476.31186000,1579046399999,173492006.24820750,321408,569410.84447000,89171070.39954080,0
