Open Time,Open,High,Low,Close,Volume,Close Time,Quote Asset Volume,Number of trades,Taker Buy Base Asset Volume,Taker Buy Quote Asset volume
1604534400000,402.50000000,420.40000000,396.14000000,416.69000000,1475139.77342000,1604620799999,601591250.40124900,513574,733696.12776000,299466668.01144860,0
