Open Time,Open,High,Low,Close,Volume,Close Time,Quote Asset Volume,Number of trades,Taker Buy Base Asset Volume,Taker Buy Quote Asset volume
1592870400000,243.11000000,244.87000000,240.75000000,243.14000000,442296.31477000,1592956799999,107457002.52462460,172649,224811.21947000,54630829.05815690,0
