Open Time,Open,High,Low,Close,Volume,Close Time,Quote Asset Volume,Number of trades,Taker Buy Base Asset Volume,Taker Buy Quote Asset volume
1593820800000,224.86000000,230.71000000,224.43000000,229.17000000,307726.46593000,1593907199999,69899468.27991880,134338,156161.48084000,35487540.26136240,0
