Open Time,Open,High,Low,Close,Volume,Close Time,Quote Asset Volume,Number of trades,Taker Buy Base Asset Volume,Taker Buy Quote Asset volume
1606262400000,604.98000000,606.00000000,553.83000000,569.50000000,1219440.02727000,1606348799999,716972340.67452020,657386,576127.36549000,339032707.42864070,0
