Open Time,Open,High,Low,Close,Volume,Close Time,Quote Asset Volume,Number of trades,Taker Buy Base Asset Volume,Taker Buy Quote Asset volume
1602547200000,386.51000000,387.75000000,374.51000000,381.04000000,645141.91394000,1602633599999,246276552.00902270,239460,315226.91813000,120349073.75065890,0
