Open Time,Open,High,Low,Close,Volume,Close Time,Quote Asset Volume,Number of trades,Taker Buy Base Asset Volume,Taker Buy Quote Asset volume
1594857600000,238.59000000,239.39000000,230.02000000,233.57000000,587161.73894000,1594943999999,137208323.20157330,222138,284514.03969000,66475192.08183000,0
