Open Time,Open,High,Low,Close,Volume,Close Time,Quote Asset Volume,Number of trades,Taker Buy Base Asset Volume,Taker Buy Quote Asset volume
1584835200000,132.63000000,137.13000000,121.10000000,122.32000000,1055699.86532000,1584921599999,135927941.07951970,337273,533153.20327000,68650481.21682690,0
