Open Time,Open,High,Low,Close,Volume,Close Time,Quote Asset Volume,Number of trades,Taker Buy Base Asset Volume,Taker Buy Quote Asset volume
1595721600000,305.31000000,318.75000000,299.00000000,311.00000000,1270368.75300000,1595807999999,392346895.32267080,486058,629296.22696000,194398665.55302020,0
