Open Time,Open,High,Low,Close,Volume,Close Time,Quote Asset Volume,Number of trades,Taker Buy Base Asset Volume,Taker Buy Quote Asset volume
1601856000000,352.34000000,356.10000000,348.54000000,353.62000000,376740.30692000,1601942399999,132656713.04409390,145787,185554.40142000,65347144.97328110,0
