Open Time,Open,High,Low,Close,Volume,Close Time,Quote Asset Volume,Number of trades,Taker Buy Base Asset Volume,Taker Buy Quote Asset volume
1594598400000,242.76000000,245.33000000,237.33000000,239.50000000,604093.04245000,1594684799999,146193291.91067610,240032,304677.24908000,73761164.95613980,0
