Open Time,Open,High,Low,Close,Volume,Close Time,Quote Asset Volume,Number of trades,Taker Buy Base Asset Volume,Taker Buy Quote Asset volume
1602201600000,350.94000000,368.33000000,347.32000000,365.02000000,650478.19338000,1602287999999,232878561.88521360,241168,347090.04670000,124302113.23120810,0
