Open Time,Open,High,Low,Close,Volume,Close Time,Quote Asset Volume,Number of trades,Taker Buy Base Asset Volume,Taker Buy Quote Asset volume
1585440000000,130.94000000,131.84000000,123.81000000,124.50000000,543997.00000000,1585526399999,69434202.20547170,182914,248597.98141000,31762471.02345850,0
