Open Time,Open,High,Low,Close,Volume,Close Time,Quote Asset Volume,Number of trades,Taker Buy Base Asset Volume,Taker Buy Quote Asset volume
1597190400000,378.99000000,389.23000000,365.85000000,387.18000000,751848.79830000,1597276799999,285872467.64409370,349082,378876.83493000,144127095.73059770,0
