Open Time,Open,High,Low,Close,Volume,Close Time,Quote Asset Volume,Number of trades,Taker Buy Base Asset Volume,Taker Buy Quote Asset volume
1579392000000,174.10000000,178.05000000,161.66000000,166.79000000,624681.28604000,1579478399999,105691368.81966230,203953,307350.63954000,51957534.85309240,0
