Open Time,Open,High,Low,Close,Volume,Close Time,Quote Asset Volume,Number of trades,Taker Buy Base Asset Volume,Taker Buy Quote Asset volume
1598659200000,395.10000000,405.69000000,391.88000000,398.65000000,659802.63344000,1598745599999,263787683.02808370,300090,335970.72742000,134324057.77429140,0
