Open Time,Open,High,Low,Close,Volume,Close Time,Quote Asset Volume,Number of trades,Taker Buy Base Asset Volume,Taker Buy Quote Asset volume
1586217600000,171.32000000,176.22000000,162.22000000,164.63000000,1717962.82538000,1586303999999,292710722.58224840,446557,854069.17522000,145531653.92763160,0
