Open Time,Open,High,Low,Close,Volume,Close Time,Quote Asset Volume,Number of trades,Taker Buy Base Asset Volume,Taker Buy Quote Asset volume
1586908800000,158.46000000,161.29000000,152.00000000,152.73000000,729119.66505000,1586995199999,114640840.11551650,186226,347034.48291000,54594699.03576640,0
