Open Time,Open,High,Low,Close,Volume,Close Time,Quote Asset Volume,Number of trades,Taker Buy Base Asset Volume,Taker Buy Quote Asset volume
1598140800000,395.23000000,396.95000000,383.15000000,390.71000000,445317.81989000,1598227199999,173799978.03511140,222729,218347.50764000,85211118.00730040,0
