Open Time,Open,High,Low,Close,Volume,Close Time,Quote Asset Volume,Number of trades,Taker Buy Base Asset Volume,Taker Buy Quote Asset volume
1592438400000,233.82000000,234.65000000,227.93000000,231.27000000,334347.79917000,1592524799999,77542070.33327090,145815,157912.89857000,36639257.02317530,0
