Open Time,Open,High,Low,Close,Volume,Close Time,Quote Asset Volume,Number of trades,Taker Buy Base Asset Volume,Taker Buy Quote Asset volume
1587340800000,180.02000000,186.46000000,166.70000000,170.20000000,1547821.52737000,1587427199999,273854539.80380100,365589,745586.67414000,131918687.66076710,0
