Open Time,Open,High,Low,Close,Volume,Close Time,Quote Asset Volume,Number of trades,Taker Buy Base Asset Volume,Taker Buy Quote Asset volume
1580947200000,203.78000000,216.33000000,201.02000000,213.19000000,608240.22330000,1581033599999,127874220.81468680,276196,302771.02677000,63669109.12426110,0
