Open Time,Open,High,Low,Close,Volume,Close Time,Quote Asset Volume,Number of trades,Taker Buy Base Asset Volume,Taker Buy Quote Asset volume
1606089600000,560.03000000,610.85000000,550.12000000,608.58000000,2076008.84846000,1606175999999,1218150934.31147740,896026,1056711.75846000,620234259.82056650,0
