Open Time,Open,High,Low,Close,Volume,Close Time,Quote Asset Volume,Number of trades,Taker Buy Base Asset Volume,Taker Buy Quote Asset volume
1579219200000,164.24000000,174.81000000,162.14000000,169.85000000,767180.67853000,1579305599999,129909265.25615680,273867,375143.01514000,63553850.73453580,0
