Open Time,Open,High,Low,Close,Volume,Close Time,Quote Asset Volume,Number of trades,Taker Buy Base Asset Volume,Taker Buy Quote Asset volume
1603065600000,378.12000000,384.32000000,372.50000000,379.30000000,577252.90265000,1603151999999,218372639.95702320,224887,281217.97666000,106363380.19858650,0
