Open Time,Open,High,Low,Close,Volume,Close Time,Quote Asset Volume,Number of trades,Taker Buy Base Asset Volume,Taker Buy Quote Asset volume
1591574400000,244.57000000,247.70000000,240.59000000,246.40000000,383116.54719000,1591660799999,93355224.96830870,159981,193451.07601000,47159340.96864370,0
