Open Time,Open,High,Low,Close,Volume,Close Time,Quote Asset Volume,Number of trades,Taker Buy Base Asset Volume,Taker Buy Quote Asset volume
1585958400000,141.30000000,146.28000000,138.88000000,144.10000000,573508.14086000,1586044799999,81640622.82843230,178768,292547.08055000,41667692.34584250,0
