Open Time,Open,High,Low,Close,Volume,Close Time,Quote Asset Volume,Number of trades,Taker Buy Base Asset Volume,Taker Buy Quote Asset volume
1594166400000,239.39000000,248.88000000,237.78000000,246.95000000,958185.83708000,1594252799999,233460700.75518140,309582,472779.31973000,115197139.73159900,0
