Open Time,Open,High,Low,Close,Volume,Close Time,Quote Asset Volume,Number of trades,Taker Buy Base Asset Volume,Taker Buy Quote Asset volume
1583107200000,217.81000000,234.40000000,216.07000000,231.97000000,810051.48330000,1583193599999,182948651.67645310,258680,402597.52232000,90992396.71547610,0
