Open Time,Open,High,Low,Close,Volume,Close Time,Quote Asset Volume,Number of trades,Taker Buy Base Asset Volume,Taker Buy Quote Asset volume
1608076800000,588.78000000,640.00000000,580.71000000,637.18000000,1185588.05078000,1608163199999,725009244.40773530,589563,615898.25662000,376680848.04210240,0
