Open Time,Open,High,Low,Close,Volume,Close Time,Quote Asset Volume,Number of trades,Taker Buy Base Asset Volume,Taker Buy Quote Asset volume
1582502400000,274.50000000,277.20000000,257.09000000,265.52000000,696591.72983000,1582588799999,185949182.70858070,263161,330793.92829000,88287487.18652770,0
