Open Time,Open,High,Low,Close,Volume,Close Time,Quote Asset Volume,Number of trades,Taker Buy Base Asset Volume,Taker Buy Quote Asset volume
1593302400000,220.94000000,227.96000000,218.32000000,224.93000000,444766.56881000,1593388799999,99423540.13931940,144728,236280.14760000,52806921.84877780,0
