Open Time,Open,High,Low,Close,Volume,Close Time,Quote Asset Volume,Number of trades,Taker Buy Base Asset Volume,Taker Buy Quote Asset volume
1590451200000,204.22000000,205.00000000,196.90000000,200.89000000,477176.73530000,1590537599999,96116808.85809130,167702,233833.77929000,47132325.29336320,0
