Open Time,Open,High,Low,Close,Volume,Close Time,Quote Asset Volume,Number of trades,Taker Buy Base Asset Volume,Taker Buy Quote Asset volume
1583366400000,224.26000000,234.09000000,224.23000000,228.38000000,601479.87587000,1583452799999,138081898.28666810,227242,297495.35318000,68301116.79467770,0
