Open Time,Open,High,Low,Close,Volume,Close Time,Quote Asset Volume,Number of trades,Taker Buy Base Asset Volume,Taker Buy Quote Asset volume
1600646400000,371.04000000,376.80000000,331.00000000,340.36000000,1283946.03098000,1600732799999,452134893.63405810,472560,614255.13337000,216255854.30576970,0
