Open Time,Open,High,Low,Close,Volume,Close Time,Quote Asset Volume,Number of trades,Taker Buy Base Asset Volume,Taker Buy Quote Asset volume
1604620800000,416.73000000,458.27000000,414.76000000,455.91000000,1682440.96026000,1604707199999,736015135.62721030,666505,883105.68936000,386541087.43089730,0
