Open Time,Open,High,Low,Close,Volume,Close Time,Quote Asset Volume,Number of trades,Taker Buy Base Asset Volume,Taker Buy Quote Asset volume
1604448000000,387.88000000,408.39000000,376.47000000,402.49000000,1157064.35076000,1604534399999,454481208.40200980,392310,600951.59602000,236190448.28833480,0
