Open Time,Open,High,Low,Close,Volume,Close Time,Quote Asset Volume,Number of trades,Taker Buy Base Asset Volume,Taker Buy Quote Asset volume
1595289600000,236.00000000,246.66000000,235.57000000,245.59000000,637462.08074000,1595375999999,154502240.94119890,240019,335588.62905000,81336675.10271110,0
