Open Time,Open,High,Low,Close,Volume,Close Time,Quote Asset Volume,Number of trades,Taker Buy Base Asset Volume,Taker Buy Quote Asset volume
1594425600000,241.27000000,241.67000000,237.54000000,239.19000000,294476.00626000,1594511999999,70548557.67783910,140265,144264.75794000,34563855.77462440,0
