Open Time,Open,High,Low,Close,Volume,Close Time,Quote Asset Volume,Number of trades,Taker Buy Base Asset Volume,Taker Buy Quote Asset volume
1608940800000,626.78000000,652.91000000,615.26000000,637.44000000,958585.50647000,1609027199999,607664782.01089470,541191,484016.30919000,307006622.69878590,0
