Open Time,Open,High,Low,Close,Volume,Close Time,Quote Asset Volume,Number of trades,Taker Buy Base Asset Volume,Taker Buy Quote Asset volume
1592265600000,230.86000000,236.00000000,228.70000000,235.30000000,499194.66758000,1592351999999,116456364.23126830,188136,252188.71079000,58831595.30783300,0
