Open Time,Open,High,Low,Close,Volume,Close Time,Quote Asset Volume,Number of trades,Taker Buy Base Asset Volume,Taker Buy Quote Asset volume
1580688000000,188.48000000,195.19000000,186.62000000,189.69000000,417175.95781000,1580774399999,79336312.52469230,181726,213868.71408000,40681548.24643290,0
