Open Time,Open,High,Low,Close,Volume,Close Time,Quote Asset Volume,Number of trades,Taker Buy Base Asset Volume,Taker Buy Quote Asset volume
1602979200000,368.31000000,378.64000000,367.10000000,378.11000000,323468.47095000,1603065599999,120818450.62118030,133043,166936.80184000,62359187.49284320,0
