Open Time,Open,High,Low,Close,Volume,Close Time,Quote Asset Volume,Number of trades,Taker Buy Base Asset Volume,Taker Buy Quote Asset volume
1578268800000,135.37000000,144.41000000,134.86000000,144.15000000,408020.27375000,1578355199999,57400544.48725700,159866,199544.89847000,28085835.71855720,0
