Open Time,Open,High,Low,Close,Volume,Close Time,Quote Asset Volume,Number of trades,Taker Buy Base Asset Volume,Taker Buy Quote Asset volume
1584489600000,115.67000000,118.50000000,109.86000000,118.11000000,1201850.31275000,1584575999999,137550912.08551710,346312,604214.46019000,69185743.99493410,0
