Open Time,Open,High,Low,Close,Volume,Close Time,Quote Asset Volume,Number of trades,Taker Buy Base Asset Volume,Taker Buy Quote Asset volume
1601683200000,345.60000000,351.00000000,343.70000000,345.95000000,303595.71901000,1601769599999,105401893.35734360,136755,157899.99434000,54819449.94469700,0
