Open Time,Open,High,Low,Close,Volume,Close Time,Quote Asset Volume,Number of trades,Taker Buy Base Asset Volume,Taker Buy Quote Asset volume
1605916800000,510.12000000,553.32000000,502.82000000,552.35000000,1548851.29067000,1606003199999,815402228.52281210,649077,789354.14815000,415699828.62327800,0
