Open Time,Open,High,Low,Close,Volume,Close Time,Quote Asset Volume,Number of trades,Taker Buy Base Asset Volume,Taker Buy Quote Asset volume
1588982400000,211.32000000,214.60000000,208.40000000,210.07000000,587871.98073000,1589068799999,124626471.42703530,194059,292187.26718000,61966403.94492970,0
