Open Time,Open,High,Low,Close,Volume,Close Time,Quote Asset Volume,Number of trades,Taker Buy Base Asset Volume,Taker Buy Quote Asset volume
1592611200000,229.00000000,230.85000000,225.62000000,228.89000000,303704.98826000,1592697599999,69343699.90954830,129778,146807.30372000,33536648.02595340,0
