Open Time,Open,High,Low,Close,Volume,Close Time,Quote Asset Volume,Number of trades,Taker Buy Base Asset Volume,Taker Buy Quote Asset volume
1584662400000,136.30000000,152.55000000,116.74000000,133.48000000,2504057.63799000,1584748799999,345856006.74779890,707216,1240999.35166000,171579646.80308030,0
