Open Time,Open,High,Low,Close,Volume,Close Time,Quote Asset Volume,Number of trades,Taker Buy Base Asset Volume,Taker Buy Quote Asset volume
1577836800000,129.16000000,133.05000000,128.68000000,130.77000000,144770.52197000,1577923199999,18952318.53206430,75888,71847.93883000,9407940.16106830,0
