Open Time,Open,High,Low,Close,Volume,Close Time,Quote Asset Volume,Number of trades,Taker Buy Base Asset Volume,Taker Buy Quote Asset volume
1609027200000,637.44000000,717.13000000,625.00000000,685.11000000,1859968.15029000,1609113599999,1247547956.82394360,1047001,934904.83600000,627557199.45998840,0
