Open Time,Open,High,Low,Close,Volume,Close Time,Quote Asset Volume,Number of trades,Taker Buy Base Asset Volume,Taker Buy Quote Asset volume
1606780800000,616.65000000,635.70000000,560.00000000,585.26000000,2163875.81376000,1606867199999,1300668283.31968030,1018862,1053325.00335000,633883748.89797740,0
