Open Time,Open,High,Low,Close,Volume,Close Time,Quote Asset Volume,Number of trades,Taker Buy Base Asset Volume,Taker Buy Quote Asset volume
1607212800000,596.82000000,607.50000000,583.00000000,601.54000000,602496.96339000,1607299199999,359236400.29499330,363661,311000.01314000,185485506.35937250,0
