Open Time,Open,High,Low,Close,Volume,Close Time,Quote Asset Volume,Number of trades,Taker Buy Base Asset Volume,Taker Buy Quote Asset volume
1595030400000,232.66000000,236.80000000,232.32000000,235.67000000,341356.61820000,1595116799999,80046747.83223330,136494,168653.68252000,39557475.70548810,0
