Open Time,Open,High,Low,Close,Volume,Close Time,Quote Asset Volume,Number of trades,Taker Buy Base Asset Volume,Taker Buy Quote Asset volume
1608163200000,637.18000000,676.25000000,625.76000000,642.70000000,2006130.01975000,1608249599999,1307445033.12182490,974504,975946.21679000,636041218.08299910,0
