Open Time,Open,High,Low,Close,Volume,Close Time,Quote Asset Volume,Number of trades,Taker Buy Base Asset Volume,Taker Buy Quote Asset volume
1606694400000,576.32000000,616.85000000,570.07000000,616.66000000,1501989.45408000,1606780799999,895373784.83004420,717837,762000.09958000,454509095.97326810,0
