Open Time,Open,High,Low,Close,Volume,Close Time,Quote Asset Volume,Number of trades,Taker Buy Base Asset Volume,Taker Buy Quote Asset volume
1606521600000,518.59000000,547.94000000,506.59000000,537.52000000,900508.61431000,1606607999999,475169074.69038870,456028,466164.69930000,245997234.13831860,0
