Open Time,Open,High,Low,Close,Volume,Close Time,Quote Asset Volume,Number of trades,Taker Buy Base Asset Volume,Taker Buy Quote Asset volume
1602633600000,381.05000000,387.41000000,373.13000000,378.69000000,569557.82936000,1602719999999,216288026.95920860,214375,278390.33609000,105736024.77958970,0
