Open Time,Open,High,Low,Close,Volume,Close Time,Quote Asset Volume,Number of trades,Taker Buy Base Asset Volume,Taker Buy Quote Asset volume
1587081600000,172.31000000,174.96000000,168.31000000,170.69000000,723537.75591000,1587167999999,123553456.31967860,191289,352005.34180000,60121889.86467380,0
