Open Time,Open,High,Low,Close,Volume,Close Time,Quote Asset Volume,Number of trades,Taker Buy Base Asset Volume,Taker Buy Quote Asset volume
1602028800000,340.80000000,342.85000000,332.18000000,341.58000000,541928.86376000,1602115199999,183873686.39043150,195112,267972.41424000,90930067.04391160,0
