Open Time,Open,High,Low,Close,Volume,Close Time,Quote Asset Volume,Number of trades,Taker Buy Base Asset Volume,Taker Buy Quote Asset volume
1581724800000,285.11000000,288.41000000,261.86000000,264.88000000,860813.14274000,1581811199999,236287101.09867710,348934,419793.21130000,115254803.51058330,0
