Open Time,Open,High,Low,Close,Volume,Close Time,Quote Asset Volume,Number of trades,Taker Buy Base Asset Volume,Taker Buy Quote Asset volume
1584403200000,111.02000000,120.80000000,109.38000000,115.67000000,1295108.48480000,1584489599999,150800664.07195460,378258,654284.35784000,76179202.04303240,0
