Open Time,Open,High,Low,Close,Volume,Close Time,Quote Asset Volume,Number of trades,Taker Buy Base Asset Volume,Taker Buy Quote Asset volume
1593475200000,227.98000000,228.70000000,222.91000000,225.60000000,415036.02977000,1593561599999,93802207.27357360,143612,202532.74647000,45764408.12825810,0
