Open Time,Open,High,Low,Close,Volume,Close Time,Quote Asset Volume,Number of trades,Taker Buy Base Asset Volume,Taker Buy Quote Asset volume
1604707200000,455.91000000,468.28000000,424.14000000,435.21000000,1653416.59610000,1604793599999,743871175.78212340,674858,831369.37192000,374507765.44837650,0
