Open Time,Open,High,Low,Close,Volume,Close Time,Quote Asset Volume,Number of trades,Taker Buy Base Asset Volume,Taker Buy Quote Asset volume
1596326400000,387.01000000,415.85000000,325.00000000,372.42000000,2324909.09616000,1596412799999,878397036.29751910,960835,1147802.64923000,434515635.48955820,0
