Open Time,Open,High,Low,Close,Volume,Close Time,Quote Asset Volume,Number of trades,Taker Buy Base Asset Volume,Taker Buy Quote Asset volume
1589846400000,214.92000000,215.95000000,209.45000000,214.58000000,643702.98849000,1589932799999,136846948.55680560,186027,319009.59630000,67835348.16258670,0
