Open Time,Open,High,Low,Close,Volume,Close Time,Quote Asset Volume,Number of trades,Taker Buy Base Asset Volume,Taker Buy Quote Asset volume
1598486400000,385.81000000,397.10000000,371.48000000,383.27000000,877763.73658000,1598572799999,336647752.29422450,392116,441967.74994000,169506712.89737500,0
