Open Time,Open,High,Low,Close,Volume,Close Time,Quote Asset Volume,Number of trades,Taker Buy Base Asset Volume,Taker Buy Quote Asset volume
1591488000000,241.94000000,245.37000000,234.60000000,244.56000000,571102.55515000,1591574399999,137165732.64761660,226478,285159.65388000,68517428.42271850,0
