Open Time,Open,High,Low,Close,Volume,Close Time,Quote Asset Volume,Number of trades,Taker Buy Base Asset Volume,Taker Buy Quote Asset volume
1594771200000,240.45000000,241.45000000,236.83000000,238.61000000,368350.66518000,1594857599999,88059682.48343640,154984,178198.01400000,42606335.48394350,0
