Open Time,Open,High,Low,Close,Volume,Close Time,Quote Asset Volume,Number of trades,Taker Buy Base Asset Volume,Taker Buy Quote Asset volume
1590105600000,198.72000000,209.19000000,196.24000000,207.36000000,787672.36081000,1590191999999,159972608.53416610,217659,399523.04157000,81120762.57728450,0
