Open Time,Open,High,Low,Close,Volume,Close Time,Quote Asset Volume,Number of trades,Taker Buy Base Asset Volume,Taker Buy Quote Asset volume
1598918400000,433.80000000,488.84000000,429.03000000,475.40000000,1751354.57719000,1599004799999,813662129.65048800,763508,869375.35063000,403711776.22557970,0
