Open Time,Open,High,Low,Close,Volume,Close Time,Quote Asset Volume,Number of trades,Taker Buy Base Asset Volume,Taker Buy Quote Asset volume
1584748800000,133.49000000,137.49000000,125.69000000,132.66000000,1231842.11121000,1584835199999,162468451.77231490,401288,607735.22807000,80144362.79303360,0
