Open Time,Open,High,Low,Close,Volume,Close Time,Quote Asset Volume,Number of trades,Taker Buy Base Asset Volume,Taker Buy Quote Asset volume
1578182400000,134.20000000,138.19000000,134.19000000,135.37000000,254120.45343000,1578268799999,34593687.60327480,115106,126786.52057000,17260443.97042190,0
