Open Time,Open,High,Low,Close,Volume,Close Time,Quote Asset Volume,Number of trades,Taker Buy Base Asset Volume,Taker Buy Quote Asset volume
1584144000000,134.06000000,134.68000000,120.00000000,122.54000000,1237674.88642000,1584230399999,159192895.55261970,398146,628481.86635000,80877487.98928390,0
