Open Time,Open,High,Low,Close,Volume,Close Time,Quote Asset Volume,Number of trades,Taker Buy Base Asset Volume,Taker Buy Quote Asset volume
1581552000000,265.74000000,277.69000000,256.08000000,268.32000000,1089679.15370000,1581638399999,291533156.09169540,422008,539389.59743000,144330540.73887080,0
