Open Time,Open,High,Low,Close,Volume,Close Time,Quote Asset Volume,Number of trades,Taker Buy Base Asset Volume,Taker Buy Quote Asset volume
1604966400000,444.32000000,455.00000000,438.70000000,450.34000000,866872.41108000,1605052799999,388190148.20789510,384228,437244.02871000,195856348.18969540,0
