Open Time,Open,High,Low,Close,Volume,Close Time,Quote Asset Volume,Number of trades,Taker Buy Base Asset Volume,Taker Buy Quote Asset volume
1599177600000,381.35000000,400.21000000,357.00000000,385.26000000,1806488.22474000,1599263999999,696658932.11542750,744610,898001.98862000,346399148.75434910,0
