Open Time,Open,High,Low,Close,Volume,Close Time,Quote Asset Volume,Number of trades,Taker Buy Base Asset Volume,Taker Buy Quote Asset volume
1600819200000,344.18000000,344.65000000,313.29000000,320.72000000,940904.49756000,1600905599999,313808761.09043880,323226,451952.70895000,150859607.76494990,0
