Open Time,Open,High,Low,Close,Volume,Close Time,Quote Asset Volume,Number of trades,Taker Buy Base Asset Volume,Taker Buy Quote Asset volume
1590537600000,200.92000000,208.44000000,200.76000000,208.29000000,494816.72727000,1590623999999,101445351.02566320,167619,252824.22653000,51832733.59846020,0
