Open Time,Open,High,Low,Close,Volume,Close Time,Quote Asset Volume,Number of trades,Taker Buy Base Asset Volume,Taker Buy Quote Asset volume
1590796800000,220.63000000,247.00000000,218.80000000,243.66000000,1019550.75146000,1590883199999,238678839.80930440,341862,511425.44765000,119730479.77167950,0
