Open Time,Open,High,Low,Close,Volume,Close Time,Quote Asset Volume,Number of trades,Taker Buy Base Asset Volume,Taker Buy Quote Asset volume
1578096000000,134.37000000,135.85000000,132.50000000,134.20000000,184276.17102000,1578182399999,24641135.56895300,95488,85809.67556000,11476955.59469460,0
