Open Time,Open,High,Low,Close,Volume,Close Time,Quote Asset Volume,Number of trades,Taker Buy Base Asset Volume,Taker Buy Quote Asset volume
1589068800000,210.09000000,210.18000000,179.59000000,187.54000000,1473226.05475000,1589155199999,278394290.75973460,426358,694788.42914000,131143494.26749300,0
