Open Time,Open,High,Low,Close,Volume,Close Time,Quote Asset Volume,Number of trades,Taker Buy Base Asset Volume,Taker Buy Quote Asset volume
1599350400000,335.04000000,360.00000000,316.10000000,352.80000000,2017811.14721000,1599436799999,691925087.39681090,852597,1001126.65908000,343097243.97381230,0
