Open Time,Open,High,Low,Close,Volume,Close Time,Quote Asset Volume,Number of trades,Taker Buy Base Asset Volume,Taker Buy Quote Asset volume
1605139200000,463.09000000,470.00000000,451.20000000,462.39000000,990776.62912000,1605225599999,455971309.21685460,411840,471577.98126000,217115755.31874190,0
