Open Time,Open,High,Low,Close,Volume,Close Time,Quote Asset Volume,Number of trades,Taker Buy Base Asset Volume,Taker Buy Quote Asset volume
1599782400000,367.93000000,375.27000000,355.49000000,373.63000000,844017.59966000,1599868799999,308822715.13365630,367615,423159.48329000,154876994.89740980,0
