Open Time,Open,High,Low,Close,Volume,Close Time,Quote Asset Volume,Number of trades,Taker Buy Base Asset Volume,Taker Buy Quote Asset volume
1604275200000,396.68000000,404.50000000,377.92000000,383.02000000,779968.57957000,1604361599999,304223545.89203440,290370,382924.26079000,149479791.08400600,0
