Open Time,Open,High,Low,Close,Volume,Close Time,Quote Asset Volume,Number of trades,Taker Buy Base Asset Volume,Taker Buy Quote Asset volume
1600214400000,364.05000000,373.45000000,355.00000000,365.11000000,841709.98939000,1600300799999,306622238.07155210,371665,401737.07122000,146390592.33280320,0
