Open Time,Open,High,Low,Close,Volume,Close Time,Quote Asset Volume,Number of trades,Taker Buy Base Asset Volume,Taker Buy Quote Asset volume
1591833600000,247.78000000,250.09000000,226.20000000,230.51000000,816456.89161000,1591919999999,195063781.27644910,312655,373492.34304000,89279896.48515260,0
