Open Time,Open,High,Low,Close,Volume,Close Time,Quote Asset Volume,Number of trades,Taker Buy Base Asset Volume,Taker Buy Quote Asset volume
1579564800000,166.86000000,170.32000000,164.80000000,169.49000000,308007.63530000,1579651199999,51615232.56698970,125609,154669.56313000,25916761.62117410,0
