Open Time,Open,High,Low,Close,Volume,Close Time,Quote Asset Volume,Number of trades,Taker Buy Base Asset Volume,Taker Buy Quote Asset volume
1588896000000,212.01000000,216.61000000,206.90000000,211.31000000,917908.19440000,1588982399999,194579529.42776330,262122,445600.39696000,94465691.13477140,0
