Open Time,Open,High,Low,Close,Volume,Close Time,Quote Asset Volume,Number of trades,Taker Buy Base Asset Volume,Taker Buy Quote Asset volume
1578787200000,142.40000000,146.60000000,141.76000000,146.54000000,229541.86137000,1578873599999,33112850.82223460,110842,112369.46853000,16214587.12917720,0
