Open Time,Open,High,Low,Close,Volume,Close Time,Quote Asset Volume,Number of trades,Taker Buy Base Asset Volume,Taker Buy Quote Asset volume
1585094400000,138.42000000,142.33000000,132.54000000,136.10000000,1034248.74369000,1585180799999,141795323.02687100,317580,512056.56415000,70208229.99513950,0
