Open Time,Open,High,Low,Close,Volume,Close Time,Quote Asset Volume,Number of trades,Taker Buy Base Asset Volume,Taker Buy Quote Asset volume
1586044800000,144.10000000,145.58000000,140.68000000,142.68000000,414987.45246000,1586131199999,59383946.12744140,134223,205853.93595000,29454884.73752670,0
