Open Time,Open,High,Low,Close,Volume,Close Time,Quote Asset Volume,Number of trades,Taker Buy Base Asset Volume,Taker Buy Quote Asset volume
1581984000000,267.90000000,285.88000000,258.00000000,282.61000000,1115523.43992000,1582070399999,304162263.30613900,431799,550241.02070000,150109585.65248150,0
