Open Time,Open,High,Low,Close,Volume,Close Time,Quote Asset Volume,Number of trades,Taker Buy Base Asset Volume,Taker Buy Quote Asset volume
1602720000000,378.69000000,381.79000000,369.85000000,377.64000000,634038.09453000,1602806399999,238396852.78392820,228454,308053.83962000,115864353.66265170,0
