Open Time,Open,High,Low,Close,Volume,Close Time,Quote Asset Volume,Number of trades,Taker Buy Base Asset Volume,Taker Buy Quote Asset volume
1591920000000,230.46000000,239.38000000,228.19000000,237.55000000,446515.34124000,1592006399999,105069425.09010670,181977,224589.29616000,52877894.61382670,0
