Open Time,Open,High,Low,Close,Volume,Close Time,Quote Asset Volume,Number of trades,Taker Buy Base Asset Volume,Taker Buy Quote Asset volume
1588204800000,215.40000000,227.30000000,202.00000000,206.08000000,1749691.00151000,1588291199999,374893029.77430840,557268,840566.78901000,180276410.99706310,0
