Open Time,Open,High,Low,Close,Volume,Close Time,Quote Asset Volume,Number of trades,Taker Buy Base Asset Volume,Taker Buy Quote Asset volume
1607731200000,544.46000000,574.00000000,543.10000000,568.04000000,573913.95311000,1607817599999,320867352.46155610,321104,303037.86143000,169441251.72908650,0
