Open Time,Open,High,Low,Close,Volume,Close Time,Quote Asset Volume,Number of trades,Taker Buy Base Asset Volume,Taker Buy Quote Asset volume
1583625600000,237.23000000,237.23000000,195.50000000,199.43000000,1278973.53741000,1583711999999,277970187.86826010,412787,591086.61596000,128602756.90604900,0
