Open Time,Open,High,Low,Close,Volume,Close Time,Quote Asset Volume,Number of trades,Taker Buy Base Asset Volume,Taker Buy Quote Asset volume
1602374400000,370.51000000,377.60000000,368.87000000,374.16000000,373318.23779000,1602460799999,139329772.54031670,164475,187969.33051000,70162446.92701300,0
