Open Time,Open,High,Low,Close,Volume,Close Time,Quote Asset Volume,Number of trades,Taker Buy Base Asset Volume,Taker Buy Quote Asset volume
1595203200000,239.12000000,239.72000000,234.05000000,236.01000000,396657.91938000,1595289599999,94314378.93819910,164435,193222.00995000,45941871.96180980,0
