Open Time,Open,High,Low,Close,Volume,Close Time,Quote Asset Volume,Number of trades,Taker Buy Base Asset Volume,Taker Buy Quote Asset volume
1608249600000,642.71000000,664.61000000,629.40000000,653.85000000,1000012.98018000,1608335999999,646217791.22968610,554335,496068.24065000,320579472.24291110,0
