Open Time,Open,High,Low,Close,Volume,Close Time,Quote Asset Volume,Number of trades,Taker Buy Base Asset Volume,Taker Buy Quote Asset volume
1603238400000,368.53000000,401.49000000,367.74000000,390.38000000,1221663.63784000,1603324799999,472488832.71627450,450963,632070.29962000,244519977.28209820,0
