Open Time,Open,High,Low,Close,Volume,Close Time,Quote Asset Volume,Number of trades,Taker Buy Base Asset Volume,Taker Buy Quote Asset volume
1600387200000,389.35000000,392.58000000,375.33000000,384.39000000,804194.47219000,1600473599999,308748579.81603240,323159,390631.14787000,150003338.33482060,0
