Open Time,Open,High,Low,Close,Volume,Close Time,Quote Asset Volume,Number of trades,Taker Buy Base Asset Volume,Taker Buy Quote Asset volume
1602892800000,365.50000000,370.46000000,363.36000000,368.32000000,285578.24537000,1602979199999,104838880.45610340,126045,139908.84552000,51365997.42640250,0
