Open Time,Open,High,Low,Close,Volume,Close Time,Quote Asset Volume,Number of trades,Taker Buy Base Asset Volume,Taker Buy Quote Asset volume
1608854400000,612.31000000,634.24000000,604.28000000,626.82000000,798009.62915000,1608940799999,494089140.85723270,468979,410025.85332000,253924482.47283610,0
