Open Time,Open,High,Low,Close,Volume,Close Time,Quote Asset Volume,Number of trades,Taker Buy Base Asset Volume,Taker Buy Quote Asset volume
1593734400000,226.46000000,228.13000000,223.97000000,224.87000000,314578.50040000,1593820799999,71286978.50356750,139167,153734.92210000,34844388.69190400,0
