Open Time,Open,High,Low,Close,Volume,Close Time,Quote Asset Volume,Number of trades,Taker Buy Base Asset Volume,Taker Buy Quote Asset volume
1579651200000,169.48000000,171.47000000,166.03000000,168.07000000,272240.90286000,1579737599999,45903134.16291320,111017,131183.80623000,22137225.77374620,0
