Open Time,Open,High,Low,Close,Volume,Close Time,Quote Asset Volume,Number of trades,Taker Buy Base Asset Volume,Taker Buy Quote Asset volume
1586649600000,158.33000000,164.78000000,155.00000000,158.59000000,809100.24594000,1586735999999,129919934.44376530,223429,396232.44593000,63624893.23050370,0
