Open Time,Open,High,Low,Close,Volume,Close Time,Quote Asset Volume,Number of trades,Taker Buy Base Asset Volume,Taker Buy Quote Asset volume
1603756800000,392.52000000,410.25000000,389.90000000,403.45000000,754261.74114000,1603843199999,302529716.87604170,286241,373015.83846000,149646030.09525350,0
