Open Time,Open,High,Low,Close,Volume,Close Time,Quote Asset Volume,Number of trades,Taker Buy Base Asset Volume,Taker Buy Quote Asset volume
1599696000000,350.85000000,377.25000000,349.91000000,367.93000000,1134287.61137000,1599782399999,416598205.66604800,512819,564874.99855000,207485762.51111200,0
