Open Time,Open,High,Low,Close,Volume,Close Time,Quote Asset Volume,Number of trades,Taker Buy Base Asset Volume,Taker Buy Quote Asset volume
1607126400000,567.24000000,597.11000000,560.88000000,596.80000000,701567.95564000,1607212799999,410382624.74253480,389600,362873.30755000,212540315.03846360,0
