Open Time,Open,High,Low,Close,Volume,Close Time,Quote Asset Volume,Number of trades,Taker Buy Base Asset Volume,Taker Buy Quote Asset volume
1606176000000,608.58000000,623.00000000,585.00000000,604.97000000,1606450.49193000,1606262399999,976376501.31147490,838352,801041.86277000,487114657.46570510,0
