Open Time,Open,High,Low,Close,Volume,Close Time,Quote Asset Volume,Number of trades,Taker Buy Base Asset Volume,Taker Buy Quote Asset volume
1582848000000,227.73000000,234.67000000,214.01000000,226.76000000,1054994.92397000,1582934399999,236064804.33459430,347125,510185.33752000,114271376.01220230,0
