Open Time,Open,High,Low,Close,Volume,Close Time,Quote Asset Volume,Number of trades,Taker Buy Base Asset Volume,Taker Buy Quote Asset volume
1600992000000,348.97000000,358.00000000,337.58000000,351.92000000,860643.77924000,1601078399999,298266918.80064850,310536,428498.41778000,148520979.71553270,0
