Open Time,Open,High,Low,Close,Volume,Close Time,Quote Asset Volume,Number of trades,Taker Buy Base Asset Volume,Taker Buy Quote Asset volume
1598832000000,428.94000000,439.00000000,418.04000000,433.79000000,1040748.68881000,1598918399999,447866996.18511480,456201,521857.12047000,224568024.60673360,0
