Open Time,Open,High,Low,Close,Volume,Close Time,Quote Asset Volume,Number of trades,Taker Buy Base Asset Volume,Taker Buy Quote Asset volume
1586736000000,158.56000000,158.97000000,150.00000000,156.29000000,1042091.03622000,1586822399999,160423270.30371500,255965,519763.88357000,80051376.52875040,0
