Open Time,Open,High,Low,Close,Volume,Close Time,Quote Asset Volume,Number of trades,Taker Buy Base Asset Volume,Taker Buy Quote Asset volume
1586304000000,164.62000000,174.48000000,163.59000000,173.11000000,1023575.92076000,1586390399999,173916484.78615510,287799,511443.62149000,86963287.60141520,0
