Open Time,Open,High,Low,Close,Volume,Close Time,Quote Asset Volume,Number of trades,Taker Buy Base Asset Volume,Taker Buy Quote Asset volume
1597449600000,438.12000000,442.94000000,427.02000000,432.32000000,681698.59710000,1597535999999,296652970.48231940,351377,332354.72985000,144668622.34551780,0
