Open Time,Open,High,Low,Close,Volume,Close Time,Quote Asset Volume,Number of trades,Taker Buy Base Asset Volume,Taker Buy Quote Asset volume
1588118400000,196.24000000,218.77000000,196.22000000,215.36000000,1620422.72431000,1588204799999,338324593.63729170,445147,817195.35504000,170664754.30895850,0
