Open Time,Open,High,Low,Close,Volume,Close Time,Quote Asset Volume,Number of trades,Taker Buy Base Asset Volume,Taker Buy Quote Asset volume
1581033600000,213.16000000,225.00000000,213.14000000,223.33000000,629361.15466000,1581119999999,138524804.21757590,268274,313125.90630000,68898379.27826870,0
