Open Time,Open,High,Low,Close,Volume,Close Time,Quote Asset Volume,Number of trades,Taker Buy Base Asset Volume,Taker Buy Quote Asset volume
1605744000000,478.43000000,480.75000000,464.86000000,471.25000000,817418.52685000,1605830399999,387199111.37944740,404737,389266.26994000,184475868.34601870,0
