Open Time,Open,High,Low,Close,Volume,Close Time,Quote Asset Volume,Number of trades,Taker Buy Base Asset Volume,Taker Buy Quote Asset volume
1591228800000,244.54000000,246.60000000,236.00000000,243.21000000,669369.33920000,1591315199999,162460397.62767410,253226,332175.55769000,80659519.34918510,0
