Open Time,Open,High,Low,Close,Volume,Close Time,Quote Asset Volume,Number of trades,Taker Buy Base Asset Volume,Taker Buy Quote Asset volume
1607990400000,586.29000000,597.20000000,578.58000000,588.64000000,569270.52011000,1608076799999,334543178.36939210,329161,290602.59003000,170832376.24944630,0
