Open Time,Open,High,Low,Close,Volume,Close Time,Quote Asset Volume,Number of trades,Taker Buy Base Asset Volume,Taker Buy Quote Asset volume
1592006400000,237.55000000,238.73000000,234.66000000,238.11000000,253797.78090000,1592092799999,60087772.65246530,134555,126898.09775000,30052109.58823630,0
