Open Time,Open,High,Low,Close,Volume,Close Time,Quote Asset Volume,Number of trades,Taker Buy Base Asset Volume,Taker Buy Quote Asset volume
1581638400000,268.34000000,287.15000000,260.28000000,285.15000000,734944.32266000,1581724799999,201120424.58322010,309022,380703.78554000,104184138.43923920,0
