Open Time,Open,High,Low,Close,Volume,Close Time,Quote Asset Volume,Number of trades,Taker Buy Base Asset Volume,Taker Buy Quote Asset volume
1606867200000,585.26000000,604.93000000,575.00000000,596.89000000,1069538.65619000,1606953599999,632858653.20502320,604591,532480.45583000,315241714.26318180,0
