Open Time,Open,High,Low,Close,Volume,Close Time,Quote Asset Volume,Number of trades,Taker Buy Base Asset Volume,Taker Buy Quote Asset volume
1592697600000,228.88000000,231.49000000,227.11000000,228.04000000,256305.23734000,1592783999999,58868166.50610440,109238,133367.32601000,30640576.93127720,0
