Open Time,Open,High,Low,Close,Volume,Close Time,Quote Asset Volume,Number of trades,Taker Buy Base Asset Volume,Taker Buy Quote Asset volume
1579996800000,160.36000000,168.08000000,159.41000000,167.86000000,251582.55758000,1580083199999,41239031.33790620,116628,135644.62680000,22253874.87122680,0
