Open Time,Open,High,Low,Close,Volume,Close Time,Quote Asset Volume,Number of trades,Taker Buy Base Asset Volume,Taker Buy Quote Asset volume
1608422400000,658.05000000,661.39000000,621.01000000,638.18000000,823958.22843000,1608508799999,533109285.65194770,505181,394908.57533000,255626307.21206790,0
