Open Time,Open,High,Low,Close,Volume,Close Time,Quote Asset Volume,Number of trades,Taker Buy Base Asset Volume,Taker Buy Quote Asset volume
1600041600000,366.43000000,384.64000000,355.73000000,377.12000000,1042059.62265000,1600127999999,387238794.68097150,476828,520997.62714000,193631762.56564660,0
