Open Time,Open,High,Low,Close,Volume,Close Time,Quote Asset Volume,Number of trades,Taker Buy Base Asset Volume,Taker Buy Quote Asset volume
1593648000000,230.99000000,232.01000000,222.87000000,226.46000000,592485.91115000,1593734399999,134976975.12319700,210294,282313.90134000,64320519.48114850,0
