Open Time,Open,High,Low,Close,Volume,Close Time,Quote Asset Volume,Number of trades,Taker Buy Base Asset Volume,Taker Buy Quote Asset volume
1591315200000,243.22000000,247.87000000,239.14000000,240.03000000,502547.41103000,1591401599999,122084004.51697550,205337,242309.99059000,58916816.25847680,0
