Open Time,Open,High,Low,Close,Volume,Close Time,Quote Asset Volume,Number of trades,Taker Buy Base Asset Volume,Taker Buy Quote Asset volume
1584230400000,122.54000000,133.50000000,120.16000000,123.78000000,1312950.90137000,1584316799999,163436235.26909020,346579,669525.68240000,83359166.35016240,0
