Open Time,Open,High,Low,Close,Volume,Close Time,Quote Asset Volume,Number of trades,Taker Buy Base Asset Volume,Taker Buy Quote Asset volume
1607385600000,591.27000000,595.00000000,549.22000000,554.94000000,804443.00717000,1607471999999,461781203.16172090,422868,371889.68919000,213672984.76221560,0
