Open Time,Open,High,Low,Close,Volume,Close Time,Quote Asset Volume,Number of trades,Taker Buy Base Asset Volume,Taker Buy Quote Asset volume
1609113600000,685.10000000,748.09000000,681.04000000,730.41000000,1627154.39266000,1609199999999,1180438285.48840650,961277,832490.11082000,603982596.85125660,0
