Open Time,Open,High,Low,Close,Volume,Close Time,Quote Asset Volume,Number of trades,Taker Buy Base Asset Volume,Taker Buy Quote Asset volume
1587859200000,194.21000000,200.00000000,192.30000000,197.38000000,758525.81533000,1587945599999,148433709.77718670,228826,383155.46184000,74997367.32236560,0
