Open Time,Open,High,Low,Close,Volume,Close Time,Quote Asset Volume,Number of trades,Taker Buy Base Asset Volume,Taker Buy Quote Asset volume
1584057600000,107.67000000,139.68000000,86.00000000,134.06000000,4663239.92861000,1584143999999,560710331.84217540,1199923,2314458.37004000,278488985.95526650,0
