Open Time,Open,High,Low,Close,Volume,Close Time,Quote Asset Volume,Number of trades,Taker Buy Base Asset Volume,Taker Buy Quote Asset volume
1581897600000,258.89000000,268.77000000,242.00000000,267.85000000,1110371.39094000,1581983999999,280371301.75499170,417529,542125.21208000,136867563.53063770,0
