Open Time,Open,High,Low,Close,Volume,Close Time,Quote Asset Volume,Number of trades,Taker Buy Base Asset Volume,Taker Buy Quote Asset volume
1595462400000,263.75000000,279.98000000,259.70000000,275.30000000,1068774.57879000,1595548799999,287217202.72012160,378573,548027.77647000,147366131.52617590,0
