Open Time,Open,High,Low,Close,Volume,Close Time,Quote Asset Volume,Number of trades,Taker Buy Base Asset Volume,Taker Buy Quote Asset volume
1606348800000,569.38000000,577.14000000,481.00000000,519.83000000,2683460.74171000,1606435199999,1386030255.16807190,1259051,1291907.71331000,667402458.34550710,0
