Open Time,Open,High,Low,Close,Volume,Close Time,Quote Asset Volume,Number of trades,Taker Buy Base Asset Volume,Taker Buy Quote Asset volume
1590710400000,220.24000000,224.79000000,217.57000000,220.67000000,603058.07590000,1590796799999,133220045.49547060,217959,301826.51829000,66680504.40036720,0
