Open Time,Open,High,Low,Close,Volume,Close Time,Quote Asset Volume,Number of trades,Taker Buy Base Asset Volume,Taker Buy Quote Asset volume
1594339200000,241.97000000,242.16000000,235.72000000,241.26000000,455025.12385000,1594425599999,108806462.46509650,181124,234086.96963000,55969388.91838720,0
