Open Time,Open,High,Low,Close,Volume,Close Time,Quote Asset Volume,Number of trades,Taker Buy Base Asset Volume,Taker Buy Quote Asset volume
1589932800000,214.60000000,215.75000000,204.27000000,209.98000000,679532.61037000,1590019199999,143704806.17524080,195172,330890.78825000,70009379.65600590,0
