Open Time,Open,High,Low,Close,Volume,Close Time,Quote Asset Volume,Number of trades,Taker Buy Base Asset Volume,Taker Buy Quote Asset volume
1601337600000,353.91000000,360.63000000,350.45000000,359.79000000,585143.16892000,1601423999999,208028826.48711650,214988,296028.84893000,105268925.80294570,0
