Open Time,Open,High,Low,Close,Volume,Close Time,Quote Asset Volume,Number of trades,Taker Buy Base Asset Volume,Taker Buy Quote Asset volume
1580342400000,173.68000000,187.00000000,170.93000000,184.69000000,477721.66090000,1580428799999,85164074.08231600,189458,241401.15381000,43057387.75118880,0
