Open Time,Open,High,Low,Close,Volume,Close Time,Quote Asset Volume,Number of trades,Taker Buy Base Asset Volume,Taker Buy Quote Asset volume
1595376000000,245.53000000,269.61000000,241.51000000,263.74000000,718417.68296000,1595462399999,180692677.21395630,273546,382255.45060000,96136746.64578400,0
