Open Time,Open,High,Low,Close,Volume,Close Time,Quote Asset Volume,Number of trades,Taker Buy Base Asset Volume,Taker Buy Quote Asset volume
1596412800000,372.45000000,398.00000000,366.50000000,385.94000000,1191565.09389000,1596499199999,462170587.47850270,534803,594188.68302000,230529343.39225330,0
