Open Time,Open,High,Low,Close,Volume,Close Time,Quote Asset Volume,Number of trades,Taker Buy Base Asset Volume,Taker Buy Quote Asset volume
1580169600000,170.04000000,176.20000000,170.03000000,175.64000000,473433.89609000,1580255999999,81649497.49294890,178990,249252.61532000,42996095.55943560,0
