Open Time,Open,High,Low,Close,Volume,Close Time,Quote Asset Volume,Number of trades,Taker Buy Base Asset Volume,Taker Buy Quote Asset volume
1599004800000,475.40000000,481.39000000,420.00000000,439.50000000,1880642.46853000,1599091199999,844475154.71608050,825133,930825.55373000,418025683.68122710,0
