Open Time,Open,High,Low,Close,Volume,Close Time,Quote Asset Volume,Number of trades,Taker Buy Base Asset Volume,Taker Buy Quote Asset volume
1596844800000,379.34000000,397.05000000,375.79000000,397.03000000,623029.78053000,1596931199999,240999198.02428520,300577,325760.87681000,126105849.09518240,0
