Open Time,Open,High,Low,Close,Volume,Close Time,Quote Asset Volume,Number of trades,Taker Buy Base Asset Volume,Taker Buy Quote Asset volume
1580083200000,167.91000000,172.56000000,165.22000000,170.08000000,365894.81917000,1580169599999,61846624.61453890,157072,183012.19780000,30945679.51868380,0
