Open Time,Open,High,Low,Close,Volume,Close Time,Quote Asset Volume,Number of trades,Taker Buy Base Asset Volume,Taker Buy Quote Asset volume
1603497600000,409.19000000,416.66000000,407.00000000,412.14000000,419236.87106000,1603583999999,172799824.64868200,182680,207090.61075000,85377261.16253270,0
