Open Time,Open,High,Low,Close,Volume,Close Time,Quote Asset Volume,Number of trades,Taker Buy Base Asset Volume,Taker Buy Quote Asset volume
1599523200000,353.59000000,356.58000000,325.38000000,337.39000000,1400246.82962000,1599609599999,476444912.54463500,554846,683844.91475000,232727441.34534670,0
