Open Time,Open,High,Low,Close,Volume,Close Time,Quote Asset Volume,Number of trades,Taker Buy Base Asset Volume,Taker Buy Quote Asset volume
1588377600000,212.01000000,215.37000000,210.36000000,213.90000000,443494.67248000,1588463999999,94389501.51781640,185802,225155.58197000,47928012.23135540,0
