Open Time,Open,High,Low,Close,Volume,Close Time,Quote Asset Volume,Number of trades,Taker Buy Base Asset Volume,Taker Buy Quote Asset volume
1588464000000,213.89000000,219.30000000,203.92000000,209.86000000,748383.91311000,1588550399999,158874887.07834110,268841,354161.96792000,75207830.89534740,0
