Open Time,Open,High,Low,Close,Volume,Close Time,Quote Asset Volume,Number of trades,Taker Buy Base Asset Volume,Taker Buy Quote Asset volume
1580428800000,184.71000000,185.82000000,175.22000000,179.99000000,385596.53365000,1580515199999,69633052.28263920,157597,182789.87905000,33021337.95611110,0
