Open Time,Open,High,Low,Close,Volume,Close Time,Quote Asset Volume,Number of trades,Taker Buy Base Asset Volume,Taker Buy Quote Asset volume
1582761600000,223.98000000,238.30000000,210.00000000,227.79000000,1273793.11658000,1582847999999,287322727.29672570,415969,627806.95842000,141632481.67214530,0
