Open Time,Open,High,Low,Close,Volume,Close Time,Quote Asset Volume,Number of trades,Taker Buy Base Asset Volume,Taker Buy Quote Asset volume
1594684800000,239.50000000,242.09000000,237.00000000,240.44000000,426320.89188000,1594771199999,102105027.13193080,172704,212486.68184000,50895173.69127610,0
