Open Time,Open,High,Low,Close,Volume,Close Time,Quote Asset Volume,Number of trades,Taker Buy Base Asset Volume,Taker Buy Quote Asset volume
1583452800000,228.38000000,245.16000000,227.33000000,244.88000000,628147.32570000,1583539199999,148563741.83299240,234091,328731.56561000,77799831.59926970,0
