Open Time,Open,High,Low,Close,Volume,Close Time,Quote Asset Volume,Number of trades,Taker Buy Base Asset Volume,Taker Buy Quote Asset volume
1579824000000,162.85000000,164.45000000,155.55000000,162.54000000,430013.19902000,1579910399999,68980724.06049470,145668,201937.83641000,32428806.00500690,0
