Open Time,Open,High,Low,Close,Volume,Close Time,Quote Asset Volume,Number of trades,Taker Buy Base Asset Volume,Taker Buy Quote Asset volume
1608768000000,585.48000000,615.02000000,565.43000000,612.31000000,886335.86333000,1608854399999,519843556.98166310,571510,452224.32838000,265331357.89847340,0
