Open Time,Open,High,Low,Close,Volume,Close Time,Quote Asset Volume,Number of trades,Taker Buy Base Asset Volume,Taker Buy Quote Asset volume
1578528000000,140.76000000,141.50000000,135.30000000,137.74000000,366076.06569000,1578614399999,50611452.58464480,152241,185916.38689000,25716637.96851200,0
