Open Time,Open,High,Low,Close,Volume,Close Time,Quote Asset Volume,Number of trades,Taker Buy Base Asset Volume,Taker Buy Quote Asset volume
1594080000000,241.60000000,243.77000000,234.40000000,239.39000000,600424.97209000,1594166399999,143122828.37511880,213589,293523.48727000,69992123.93622460,0
