Open Time,Open,High,Low,Close,Volume,Close Time,Quote Asset Volume,Number of trades,Taker Buy Base Asset Volume,Taker Buy Quote Asset volume
1580860800000,188.91000000,207.61000000,188.19000000,203.78000000,550942.11417000,1580947199999,108659358.53591860,241415,291264.24776000,57410798.32462930,0
