Open Time,Open,High,Low,Close,Volume,Close Time,Quote Asset Volume,Number of trades,Taker Buy Base Asset Volume,Taker Buy Quote Asset volume
1591401600000,240.04000000,244.70000000,237.83000000,241.94000000,389423.07798000,1591487999999,93979350.81263390,161709,198723.53956000,47973780.54283710,0
