Open Time,Open,High,Low,Close,Volume,Close Time,Quote Asset Volume,Number of trades,Taker Buy Base Asset Volume,Taker Buy Quote Asset volume
1591142400000,237.71000000,245.00000000,232.71000000,244.52000000,502928.13371000,1591228799999,120179301.17898640,213792,259904.04578000,62129185.47385130,0
