Open Time,Open,High,Low,Close,Volume,Close Time,Quote Asset Volume,Number of trades,Taker Buy Base Asset Volume,Taker Buy Quote Asset volume
1592524800000,231.26000000,231.95000000,226.74000000,229.00000000,397284.59808000,1592611199999,91117706.15513940,160682,196717.52384000,45127258.00693490,0
