Open Time,Open,High,Low,Close,Volume,Close Time,Quote Asset Volume,Number of trades,Taker Buy Base Asset Volume,Taker Buy Quote Asset volume
1585353600000,131.33000000,132.97000000,124.88000000,130.98000000,896032.10594000,1585439999999,115166651.97007420,274768,441256.50002000,56744425.26570820,0
