Open Time,Open,High,Low,Close,Volume,Close Time,Quote Asset Volume,Number of trades,Taker Buy Base Asset Volume,Taker Buy Quote Asset volume
1586563200000,157.81000000,161.37000000,153.91000000,158.33000000,621599.61289000,1586649599999,98275533.06263670,168046,313112.58332000,49512383.08581670,0
