Open Time,Open,High,Low,Close,Volume,Close Time,Quote Asset Volume,Number of trades,Taker Buy Base Asset Volume,Taker Buy Quote Asset volume
1595635200000,279.15000000,308.94000000,279.09000000,305.26000000,1058927.30554000,1595721599999,308799629.36114330,424683,546337.36919000,159353784.49878770,0
