Open Time,Open,High,Low,Close,Volume,Close Time,Quote Asset Volume,Number of trades,Taker Buy Base Asset Volume,Taker Buy Quote Asset volume
1597881600000,407.46000000,418.98000000,402.07000000,415.94000000,663555.73445000,1597967999999,273292342.19034480,322537,336116.41655000,138426936.64111550,0
