Open Time,Open,High,Low,Close,Volume,Close Time,Quote Asset Volume,Number of trades,Taker Buy Base Asset Volume,Taker Buy Quote Asset volume
1583539200000,244.93000000,251.93000000,236.00000000,237.23000000,633748.89662000,1583625599999,154037325.61130680,238113,311459.94084000,75736818.09643840,0
