Open Time,Open,High,Low,Close,Volume,Close Time,Quote Asset Volume,Number of trades,Taker Buy Base Asset Volume,Taker Buy Quote Asset volume
1592784000000,228.03000000,246.89000000,227.51000000,243.13000000,749030.11114000,1592870399999,178707156.18931390,256688,381685.54634000,91072958.54464900,0
