Open Time,Open,High,Low,Close,Volume,Close Time,Quote Asset Volume,Number of trades,Taker Buy Base Asset Volume,Taker Buy Quote Asset volume
1595980800000,316.77000000,325.00000000,312.38000000,317.71000000,792802.32148000,1596067199999,254201662.13340940,347597,403407.16614000,129383921.49019800,0
