Open Time,Open,High,Low,Close,Volume,Close Time,Quote Asset Volume,Number of trades,Taker Buy Base Asset Volume,Taker Buy Quote Asset volume
1580774400000,189.74000000,191.60000000,184.69000000,188.91000000,366389.69686000,1580860799999,68720832.61529370,173353,174776.24193000,32795529.65348510,0
