Open Time,Open,High,Low,Close,Volume,Close Time,Quote Asset Volume,Number of trades,Taker Buy Base Asset Volume,Taker Buy Quote Asset volume
1593216000000,229.66000000,231.42000000,216.00000000,220.94000000,645950.61438000,1593302399999,145264632.26381920,207051,299265.01724000,67274910.29012350,0
