Open Time,Open,High,Low,Close,Volume,Close Time,Quote Asset Volume,Number of trades,Taker Buy Base Asset Volume,Taker Buy Quote Asset volume
1605052800000,450.34000000,476.25000000,449.28000000,463.09000000,1205782.84262000,1605139199999,559228791.89035090,560360,626267.49881000,290487786.95615110,0
