Open Time,Open,High,Low,Close,Volume,Close Time,Quote Asset Volume,Number of trades,Taker Buy Base Asset Volume,Taker Buy Quote Asset volume
1579478400000,166.79000000,169.33000000,161.24000000,166.87000000,358092.88410000,1579564799999,59292534.71746490,130615,181828.19520000,30119285.65625970,0
