Open Time,Open,High,Low,Close,Volume,Close Time,Quote Asset Volume,Number of trades,Taker Buy Base Asset Volume,Taker Buy Quote Asset volume
1608508800000,638.10000000,648.00000000,595.90000000,607.58000000,843251.16565000,1608595199999,524208673.90862380,521589,408550.63200000,254158056.05938060,0
