Open Time,Open,High,Low,Close,Volume,Close Time,Quote Asset Volume,Number of trades,Taker Buy Base Asset Volume,Taker Buy Quote Asset volume
1595116800000,235.67000000,239.92000000,233.28000000,239.11000000,348803.52073000,1595203199999,82120072.99362800,144896,177800.65726000,41857576.44971610,0
