Open Time,Open,High,Low,Close,Volume,Close Time,Quote Asset Volume,Number of trades,Taker Buy Base Asset Volume,Taker Buy Quote Asset volume
1596067200000,317.76000000,342.00000000,314.05000000,334.87000000,1008827.56698000,1596153599999,328286452.51829110,410721,548703.63674000,178728061.85059630,0
