Open Time,Open,High,Low,Close,Volume,Close Time,Quote Asset Volume,Number of trades,Taker Buy Base Asset Volume,Taker Buy Quote Asset volume
1589328000000,189.77000000,201.00000000,188.35000000,199.58000000,806143.00704000,1589414399999,156637596.36492460,212710,410843.35618000,79791107.72434880,0
