Open Time,Open,High,Low,Close,Volume,Close Time,Quote Asset Volume,Number of trades,Taker Buy Base Asset Volume,Taker Buy Quote Asset volume
1590883200000,243.71000000,245.39000000,229.58000000,231.57000000,821608.68884000,1590969599999,194867426.29418620,320066,381831.06077000,90551397.67858910,0
