Open Time,Open,High,Low,Close,Volume,Close Time,Quote Asset Volume,Number of trades,Taker Buy Base Asset Volume,Taker Buy Quote Asset volume
1585785600000,135.65000000,149.76000000,135.01000000,141.28000000,1138977.66114000,1585871999999,159989506.60494540,314519,578693.19522000,81265956.91314490,0
