Open Time,Open,High,Low,Close,Volume,Close Time,Quote Asset Volume,Number of trades,Taker Buy Base Asset Volume,Taker Buy Quote Asset volume
1589500800000,203.29000000,204.08000000,191.66000000,194.86000000,904749.63570000,1589587199999,179634085.62276920,230721,437768.77270000,86944450.76006710,0
