Open Time,Open,High,Low,Close,Volume,Close Time,Quote Asset Volume,Number of trades,Taker Buy Base Asset Volume,Taker Buy Quote Asset volume
1599436800000,352.85000000,358.51000000,323.00000000,353.59000000,1740618.42462000,1599523199999,596754172.70084040,708066,875520.99803000,300098826.31230790,0
