Open Time,Open,High,Low,Close,Volume,Close Time,Quote Asset Volume,Number of trades,Taker Buy Base Asset Volume,Taker Buy Quote Asset volume
1600560000000,385.25000000,385.45000000,365.00000000,371.04000000,693164.40144000,1600646399999,259700927.47821030,275295,339273.53425000,127111732.99106700,0
