Open Time,Open,High,Low,Close,Volume,Close Time,Quote Asset Volume,Number of trades,Taker Buy Base Asset Volume,Taker Buy Quote Asset volume
1604102400000,382.59000000,394.88000000,379.90000000,386.46000000,467453.81050000,1604188799999,181136851.45374130,218528,238043.31120000,92253593.43786280,0
