Open Time,Open,High,Low,Close,Volume,Close Time,Quote Asset Volume,Number of trades,Taker Buy Base Asset Volume,Taker Buy Quote Asset volume
1599955200000,387.78000000,390.43000000,350.00000000,366.42000000,989195.69047000,1600041599999,367969518.51348870,430236,471379.94130000,175392358.37933570,0
