Open Time,Open,High,Low,Close,Volume,Close Time,Quote Asset Volume,Number of trades,Taker Buy Base Asset Volume,Taker Buy Quote Asset volume
1578700800000,144.83000000,148.05000000,142.09000000,142.38000000,368350.57939000,1578787199999,53149360.56174780,156488,189781.12128000,27384707.92905200,0
