Open Time,Open,High,Low,Close,Volume,Close Time,Quote Asset Volume,Number of trades,Taker Buy Base Asset Volume,Taker Buy Quote Asset volume
1598745600000,398.65000000,429.89000000,398.30000000,428.94000000,894979.71788000,1598831999999,370467271.09903470,395838,454113.30749000,188019162.80121010,0
