Open Time,Open,High,Low,Close,Volume,Close Time,Quote Asset Volume,Number of trades,Taker Buy Base Asset Volume,Taker Buy Quote Asset volume
1586476800000,169.56000000,170.10000000,152.11000000,157.81000000,1314841.36200000,1586563199999,209535613.32367140,323430,623128.08335000,99285405.30938550,0
