Open Time,Open,High,Low,Close,Volume,Close Time,Quote Asset Volume,Number of trades,Taker Buy Base Asset Volume,Taker Buy Quote Asset volume
1598313600000,407.68000000,409.06000000,370.00000000,382.93000000,970445.38395000,1598399999999,375681480.18694300,411636,463076.75010000,179300083.72858850,0
