Open Time,Open,High,Low,Close,Volume,Close Time,Quote Asset Volume,Number of trades,Taker Buy Base Asset Volume,Taker Buy Quote Asset volume
1585872000000,141.27000000,146.72000000,137.26000000,141.31000000,797546.11446000,1585958399999,113731706.71499980,239800,377394.13095000,53851773.63059670,0
