Open Time,Open,High,Low,Close,Volume,Close Time,Quote Asset Volume,Number of trades,Taker Buy Base Asset Volume,Taker Buy Quote Asset volume
1600473600000,384.40000000,388.72000000,377.00000000,385.25000000,570908.33553000,1600559999999,218785730.14017850,230924,275383.50997000,105557594.25420930,0
