Open Time,Open,High,Low,Close,Volume,Close Time,Quote Asset Volume,Number of trades,Taker Buy Base Asset Volume,Taker Buy Quote Asset volume
1604361600000,383.01000000,390.00000000,370.23000000,387.88000000,752954.37114000,1604447999999,286291773.96848450,280412,366506.41600000,139475874.91715260,0
