Open Time,Open,High,Low,Close,Volume,Close Time,Quote Asset Volume,Number of trades,Taker Buy Base Asset Volume,Taker Buy Quote Asset volume
1605312000000,476.42000000,477.47000000,452.00000000,460.89000000,735252.78540000,1605398399999,340142257.19369760,350772,347000.03929000,160634962.00481430,0
