Open Time,Open,High,Low,Close,Volume,Close Time,Quote Asset Volume,Number of trades,Taker Buy Base Asset Volume,Taker Buy Quote Asset volume
1589241600000,185.80000000,192.24000000,185.48000000,189.76000000,669755.79567000,1589327999999,126810812.16817080,193978,336075.30552000,63647040.81413890,0
