Open Time,Open,High,Low,Close,Volume,Close Time,Quote Asset Volume,Number of trades,Taker Buy Base Asset Volume,Taker Buy Quote Asset volume
1594944000000,233.58000000,234.84000000,231.65000000,232.67000000,325600.21444000,1595030399999,75931058.42265300,149088,159858.08306000,37286020.32295110,0
