Open Time,Open,High,Low,Close,Volume,Close Time,Quote Asset Volume,Number of trades,Taker Buy Base Asset Volume,Taker Buy Quote Asset volume
1581379200000,222.89000000,239.15000000,218.17000000,236.69000000,595576.90276000,1581465599999,135863928.62430580,250241,309901.30870000,70710866.22847840,0
