Open Time,Open,High,Low,Close,Volume,Close Time,Quote Asset Volume,Number of trades,Taker Buy Base Asset Volume,Taker Buy Quote Asset volume
1588809600000,198.92000000,215.10000000,196.43000000,212.00000000,1305778.73764000,1588895999999,271197927.66502780,380313,660789.67892000,137272634.80833200,0
