Open Time,Open,High,Low,Close,Volume,Close Time,Quote Asset Volume,Number of trades,Taker Buy Base Asset Volume,Taker Buy Quote Asset volume
1587686400000,185.57000000,189.80000000,184.72000000,187.59000000,780904.21257000,1587772799999,146419748.08164820,222074,368634.10604000,69133236.24006010,0
