Open Time,Open,High,Low,Close,Volume,Close Time,Quote Asset Volume,Number of trades,Taker Buy Base Asset Volume,Taker Buy Quote Asset volume
1603152000000,379.30000000,380.73000000,365.27000000,368.52000000,617309.81677000,1603238399999,229928443.79691000,251051,288156.13039000,107315894.51408450,0
