Open Time,Open,High,Low,Close,Volume,Close Time,Quote Asset Volume,Number of trades,Taker Buy Base Asset Volume,Taker Buy Quote Asset volume
1599264000000,385.30000000,395.00000000,308.42000000,335.01000000,2777166.51389000,1599350399999,967730464.90551640,1074986,1359142.30847000,474118503.45672320,0
