Open Time,Open,High,Low,Close,Volume,Close Time,Quote Asset Volume,Number of trades,Taker Buy Base Asset Volume,Taker Buy Quote Asset volume
1600905600000,320.72000000,353.10000000,316.67000000,348.97000000,1071705.09721000,1600991999999,360708689.40437970,371450,541195.93188000,182260574.83696910,0
