Open Time,Open,High,Low,Close,Volume,Close Time,Quote Asset Volume,Number of trades,Taker Buy Base Asset Volume,Taker Buy Quote Asset volume
1596758400000,394.77000000,398.26000000,362.85000000,379.34000000,1041207.35946000,1596844799999,398625567.06391200,466548,499790.82669000,191569557.52234410,0
