Open Time,Open,High,Low,Close,Volume,Close Time,Quote Asset Volume,Number of trades,Taker Buy Base Asset Volume,Taker Buy Quote Asset volume
1617840000000,1963.46000000,2084.61000000,1947.35000000,2080.46000000,501355.99800000,1617926399999,1015796231.01188220,911403,250910.57734000,508200399.27288040,0
