Open Time,Open,High,Low,Close,Volume,Close Time,Quote Asset Volume,Number of trades,Taker Buy Base Asset Volume,Taker Buy Quote Asset volume
1609891200000,1100.16000000,1213.00000000,1057.26000000,1208.42000000,2390136.59334000,1609977599999,2725262121.28851310,1600888,1227955.88850000,1401239480.53057930,0
