Open Time,Open,High,Low,Close,Volume,Close Time,Quote Asset Volume,Number of trades,Taker Buy Base Asset Volume,Taker Buy Quote Asset volume
1632787200000,2924.76000000,2970.82000000,2789.00000000,2804.91000000,511325.46430000,1632873599999,1477983245.66970200,928494,250476.15270000,724263328.00296900,0
