Open Time,Open,High,Low,Close,Volume,Close Time,Quote Asset Volume,Number of trades,Taker Buy Base Asset Volume,Taker Buy Quote Asset volume
1633305600000,3417.73000000,3437.19000000,3270.00000000,3386.31000000,485204.64200000,1633391999999,1631562261.55497600,1090407,234726.45740000,789540744.90345900,0
