Open Time,Open,High,Low,Close,Volume,Close Time,Quote Asset Volume,Number of trades,Taker Buy Base Asset Volume,Taker Buy Quote Asset volume
1614729600000,1486.79000000,1656.94000000,1475.47000000,1567.69000000,1054846.31471000,1614815999999,1676300215.04583230,1237215,534919.19161000,850213871.68664110,0
