Open Time,Open,High,Low,Close,Volume,Close Time,Quote Asset Volume,Number of trades,Taker Buy Base Asset Volume,Taker Buy Quote Asset volume
1610841600000,1227.83000000,1269.02000000,1165.00000000,1232.45000000,1317285.00579000,1610927999999,1606424364.49704180,1121278,665250.50449000,811881943.45552540,0
