Open Time,Open,High,Low,Close,Volume,Close Time,Quote Asset Volume,Number of trades,Taker Buy Base Asset Volume,Taker Buy Quote Asset volume
1640131200000,4014.41000000,4074.87000000,3933.40000000,3979.51000000,303191.80760000,1640217599999,1215914916.52593700,675826,145269.31360000,582537202.28892700,0
