Open Time,Open,High,Low,Close,Volume,Close Time,Quote Asset Volume,Number of trades,Taker Buy Base Asset Volume,Taker Buy Quote Asset volume
1630627200000,3785.82000000,4027.88000000,3705.05000000,3938.11000000,655903.75739000,1630713599999,2557662974.33001620,1678132,334965.95109000,1306320160.64938360,0
