Open Time,Open,High,Low,Close,Volume,Close Time,Quote Asset Volume,Number of trades,Taker Buy Base Asset Volume,Taker Buy Quote Asset volume
1614470400000,1458.27000000,1468.75000000,1293.18000000,1419.18000000,1410207.56284000,1614556799999,1929140046.64625870,1190546,704060.34406000,963537938.07734470,0
