Open Time,Open,High,Low,Close,Volume,Close Time,Quote Asset Volume,Number of trades,Taker Buy Base Asset Volume,Taker Buy Quote Asset volume
1614902400000,1539.22000000,1548.96000000,1441.66000000,1528.31000000,910786.28976000,1614988799999,1355798089.27269910,1000913,451258.01245000,672042056.24061980,0
