Open Time,Open,High,Low,Close,Volume,Close Time,Quote Asset Volume,Number of trades,Taker Buy Base Asset Volume,Taker Buy Quote Asset volume
1612569600000,1718.95000000,1743.67000000,1642.94000000,1676.35000000,1149808.33101000,1612655999999,1940057857.94389820,1152167,565703.52545000,954941828.40177990,0
