Open Time,Open,High,Low,Close,Volume,Close Time,Quote Asset Volume,Number of trades,Taker Buy Base Asset Volume,Taker Buy Quote Asset volume
1635984000000,4603.35000000,4606.65000000,4420.08000000,4532.32000000,368218.25695000,1636070399999,1663942873.79303600,1019675,180789.48190000,817221755.71732800,0
