Open Time,Open,High,Low,Close,Volume,Close Time,Quote Asset Volume,Number of trades,Taker Buy Base Asset Volume,Taker Buy Quote Asset volume
1635811200000,4319.43000000,4599.60000000,4284.43000000,4589.89000000,468184.79301000,1635897599999,2083371519.80682720,1657233,245450.71120000,1092310373.43047380,0
