Open Time,Open,High,Low,Close,Volume,Close Time,Quote Asset Volume,Number of trades,Taker Buy Base Asset Volume,Taker Buy Quote Asset volume
1619308800000,2214.08000000,2356.64000000,2168.00000000,2320.49000000,857517.38218000,1619395199999,1948978895.46515520,1307545,431554.84567000,981153774.03556340,0
