Open Time,Open,High,Low,Close,Volume,Close Time,Quote Asset Volume,Number of trades,Taker Buy Base Asset Volume,Taker Buy Quote Asset volume
1628208000000,2827.01000000,2946.75000000,2720.06000000,2891.58000000,825399.48637000,1628294399999,2334160884.12592920,1873337,414224.32756000,1171841746.72537970,0
