Open Time,Open,High,Low,Close,Volume,Close Time,Quote Asset Volume,Number of trades,Taker Buy Base Asset Volume,Taker Buy Quote Asset volume
1618012800000,2067.19000000,2200.00000000,2058.00000000,2133.49000000,655458.20894000,1618099199999,1405364881.85831330,1175161,330628.54391000,708994754.48527730,0
