Open Time,Open,High,Low,Close,Volume,Close Time,Quote Asset Volume,Number of trades,Taker Buy Base Asset Volume,Taker Buy Quote Asset volume
1610323200000,1254.24000000,1260.00000000,915.00000000,1087.01000000,4099450.90046000,1610409599999,4323564508.69963730,2577496,1981122.01834000,2089606728.71270800,0
