Open Time,Open,High,Low,Close,Volume,Close Time,Quote Asset Volume,Number of trades,Taker Buy Base Asset Volume,Taker Buy Quote Asset volume
1628899200000,3322.33000000,3330.98000000,3200.00000000,3263.16000000,486102.53787000,1628985599999,1587713825.68617880,1014420,237085.55544000,774933248.71536270,0
