Open Time,Open,High,Low,Close,Volume,Close Time,Quote Asset Volume,Number of trades,Taker Buy Base Asset Volume,Taker Buy Quote Asset volume
1615507200000,1825.78000000,1841.88000000,1719.72000000,1766.10000000,869564.63610000,1615593599999,1542873062.42010170,1126153,426161.77880000,756268155.25952690,0
