Open Time,Open,High,Low,Close,Volume,Close Time,Quote Asset Volume,Number of trades,Taker Buy Base Asset Volume,Taker Buy Quote Asset volume
1629849600000,3170.63000000,3248.00000000,3080.00000000,3226.87000000,483697.69444000,1629935999999,1534476278.25319960,1031704,237587.76403000,754272690.45619020,0
