Open Time,Open,High,Low,Close,Volume,Close Time,Quote Asset Volume,Number of trades,Taker Buy Base Asset Volume,Taker Buy Quote Asset volume
1613001600000,1740.76000000,1819.00000000,1703.44000000,1785.62000000,735079.82699000,1613087999999,1301681871.56326880,935602,367056.14118000,650153645.44318730,0
