Open Time,Open,High,Low,Close,Volume,Close Time,Quote Asset Volume,Number of trades,Taker Buy Base Asset Volume,Taker Buy Quote Asset volume
1614297600000,1482.08000000,1562.25000000,1400.00000000,1444.59000000,1355973.29378000,1614383999999,2004016547.11119290,1298739,662906.93964000,979857228.42828460,0
