Open Time,Open,High,Low,Close,Volume,Close Time,Quote Asset Volume,Number of trades,Taker Buy Base Asset Volume,Taker Buy Quote Asset volume
1637884800000,4524.48000000,4551.00000000,3913.00000000,4041.20000000,720245.16120000,1637971199999,2994490664.02184400,1654553,348872.86610000,1449711434.44761700,0
