Open Time,Open,High,Low,Close,Volume,Close Time,Quote Asset Volume,Number of trades,Taker Buy Base Asset Volume,Taker Buy Quote Asset volume
1638403200000,4582.95000000,4634.83000000,4433.00000000,4511.21000000,451861.95450000,1638489599999,2047468326.80265700,1062149,226209.18630000,1025021244.45682800,0
