Open Time,Open,High,Low,Close,Volume,Close Time,Quote Asset Volume,Number of trades,Taker Buy Base Asset Volume,Taker Buy Quote Asset volume
1633478400000,3515.48000000,3632.11000000,3342.00000000,3574.89000000,618265.54020000,1633564799999,2172519696.56298500,1444856,309931.14560000,1089939304.81141600,0
