Open Time,Open,High,Low,Close,Volume,Close Time,Quote Asset Volume,Number of trades,Taker Buy Base Asset Volume,Taker Buy Quote Asset volume
1620777600000,4173.46000000,4372.72000000,3701.58000000,3823.21000000,1601842.74017000,1620863999999,6673102683.97424080,3188941,781569.68782000,3259590092.47307750,0
