Open Time,Open,High,Low,Close,Volume,Close Time,Quote Asset Volume,Number of trades,Taker Buy Base Asset Volume,Taker Buy Quote Asset volume
1614038400000,1777.42000000,1782.39000000,1355.00000000,1577.89000000,2547837.82068000,1614124799999,3931407907.53427650,2396626,1231889.46331000,1903489088.14390600,0
