Open Time,Open,High,Low,Close,Volume,Close Time,Quote Asset Volume,Number of trades,Taker Buy Base Asset Volume,Taker Buy Quote Asset volume
1634515200000,3847.00000000,3893.14000000,3676.00000000,3744.96000000,401819.97340000,1634601599999,1520728621.31032800,994548,195898.47270000,741595496.94121500,0
