Open Time,Open,High,Low,Close,Volume,Close Time,Quote Asset Volume,Number of trades,Taker Buy Base Asset Volume,Taker Buy Quote Asset volume
1628035200000,2508.51000000,2772.71000000,2457.68000000,2724.78000000,954590.75360000,1628121599999,2498364633.89465500,1839302,487804.51345000,1277999531.48759380,0
