Open Time,Open,High,Low,Close,Volume,Close Time,Quote Asset Volume,Number of trades,Taker Buy Base Asset Volume,Taker Buy Quote Asset volume
1619136000000,2397.94000000,2442.89000000,2107.00000000,2367.39000000,2532242.44185000,1619222399999,5719925451.74555810,2790382,1244539.89520000,2812376010.14417070,0
