Open Time,Open,High,Low,Close,Volume,Close Time,Quote Asset Volume,Number of trades,Taker Buy Base Asset Volume,Taker Buy Quote Asset volume
1610928000000,1232.50000000,1260.75000000,1182.58000000,1258.45000000,998050.11073000,1611014399999,1223628040.73726070,940604,499759.24002000,613148505.56560630,0
