Open Time,Open,High,Low,Close,Volume,Close Time,Quote Asset Volume,Number of trades,Taker Buy Base Asset Volume,Taker Buy Quote Asset volume
1615161600000,1726.46000000,1843.59000000,1664.96000000,1833.18000000,1149711.39987000,1615247999999,1995142128.64813450,1407402,602217.91071000,1046045706.90183630,0
