Open Time,Open,High,Low,Close,Volume,Close Time,Quote Asset Volume,Number of trades,Taker Buy Base Asset Volume,Taker Buy Quote Asset volume
1609804800000,1041.45000000,1134.60000000,974.45000000,1099.56000000,2706995.67525000,1609891199999,2857050280.00814230,1960503,1337641.02794000,1412551452.85355810,0
