Open Time,Open,High,Low,Close,Volume,Close Time,Quote Asset Volume,Number of trades,Taker Buy Base Asset Volume,Taker Buy Quote Asset volume
1611532800000,1392.19000000,1475.00000000,1293.69000000,1317.88000000,1885441.31289000,1611619199999,2644267236.89718770,1661512,943347.25829000,1324815913.98590850,0
