Open Time,Open,High,Low,Close,Volume,Close Time,Quote Asset Volume,Number of trades,Taker Buy Base Asset Volume,Taker Buy Quote Asset volume
1624320000000,1885.27000000,1998.00000000,1700.48000000,1879.28000000,1695338.08052000,1624406399999,3158928001.13114460,1856357,836934.44825000,1561415491.33612570,0
