Open Time,Open,High,Low,Close,Volume,Close Time,Quote Asset Volume,Number of trades,Taker Buy Base Asset Volume,Taker Buy Quote Asset volume
1636761600000,4665.47000000,4707.60000000,4584.08000000,4644.28000000,220720.66110000,1636847999999,1026142451.54625200,731125,118424.28400000,550635027.19302000,0
