Open Time,Open,High,Low,Close,Volume,Close Time,Quote Asset Volume,Number of trades,Taker Buy Base Asset Volume,Taker Buy Quote Asset volume
1623888000000,2368.02000000,2460.50000000,2306.00000000,2373.28000000,560667.58566000,1623974399999,1338389545.00148260,961448,270180.83506000,645226707.83642750,0
