Open Time,Open,High,Low,Close,Volume,Close Time,Quote Asset Volume,Number of trades,Taker Buy Base Asset Volume,Taker Buy Quote Asset volume
1632528000000,2928.22000000,2967.52000000,2801.57000000,2921.73000000,491974.02260000,1632614399999,1428143403.47811100,934301,245314.60920000,712408056.64592600,0
