Open Time,Open,High,Low,Close,Volume,Close Time,Quote Asset Volume,Number of trades,Taker Buy Base Asset Volume,Taker Buy Quote Asset volume
1610496000000,1050.36000000,1137.65000000,987.48000000,1129.89000000,1564202.39081000,1610582399999,1664178969.07380440,1123983,792814.80569000,844656818.22553690,0
