Open Time,Open,High,Low,Close,Volume,Close Time,Quote Asset Volume,Number of trades,Taker Buy Base Asset Volume,Taker Buy Quote Asset volume
1623801600000,2543.55000000,2556.19000000,2351.18000000,2367.89000000,624741.78358000,1623887999999,1533734359.41300690,896073,284039.92262000,698017754.35405180,0
