Open Time,Open,High,Low,Close,Volume,Close Time,Quote Asset Volume,Number of trades,Taker Buy Base Asset Volume,Taker Buy Quote Asset volume
1613174400000,1840.24000000,1871.72000000,1765.00000000,1814.96000000,767589.07285000,1613260799999,1395594093.28399760,853189,372008.25141000,676531918.54325300,0
