Open Time,Open,High,Low,Close,Volume,Close Time,Quote Asset Volume,Number of trades,Taker Buy Base Asset Volume,Taker Buy Quote Asset volume
1632614400000,2921.84000000,3115.51000000,2738.17000000,3059.37000000,703594.47800000,1632700799999,2062409598.89487600,1347301,346152.90530000,1015957876.59530500,0
