Open Time,Open,High,Low,Close,Volume,Close Time,Quote Asset Volume,Number of trades,Taker Buy Base Asset Volume,Taker Buy Quote Asset volume
1610582400000,1129.79000000,1247.55000000,1086.70000000,1231.62000000,1555737.38556000,1610668799999,1825860914.17379550,1255769,794405.96443000,932454704.10136900,0
