Open Time,Open,High,Low,Close,Volume,Close Time,Quote Asset Volume,Number of trades,Taker Buy Base Asset Volume,Taker Buy Quote Asset volume
1612742400000,1611.46000000,1775.57000000,1563.89000000,1750.15000000,1339777.09536000,1612828799999,2255426926.01997780,1372788,677614.29512000,1141288384.54742980,0
