Open Time,Open,High,Low,Close,Volume,Close Time,Quote Asset Volume,Number of trades,Taker Buy Base Asset Volume,Taker Buy Quote Asset volume
1627084800000,2124.26000000,2199.50000000,2105.58000000,2184.75000000,633075.18592000,1627171199999,1360667031.98300710,1056670,325598.83875000,699891567.75717780,0
