Open Time,Open,High,Low,Close,Volume,Close Time,Quote Asset Volume,Number of trades,Taker Buy Base Asset Volume,Taker Buy Quote Asset volume
1632268800000,2766.72000000,3088.88000000,2737.54000000,3076.92000000,677457.64825000,1632355199999,1993084668.61438400,1200519,356419.52515000,1049114512.68168000,0
