Open Time,Open,High,Low,Close,Volume,Close Time,Quote Asset Volume,Number of trades,Taker Buy Base Asset Volume,Taker Buy Quote Asset volume
1626739200000,1818.73000000,1841.34000000,1706.00000000,1786.03000000,786257.27200000,1626825599999,1386498470.34016670,943640,361612.01276000,638066651.10509070,0
