Open Time,Open,High,Low,Close,Volume,Close Time,Quote Asset Volume,Number of trades,Taker Buy Base Asset Volume,Taker Buy Quote Asset volume
1613865600000,1912.90000000,1976.31000000,1883.01000000,1933.53000000,756568.19743000,1613951999999,1467970937.28507250,895138,386132.26661000,749271580.57468510,0
