Open Time,Open,High,Low,Close,Volume,Close Time,Quote Asset Volume,Number of trades,Taker Buy Base Asset Volume,Taker Buy Quote Asset volume
1612915200000,1769.14000000,1837.86000000,1680.00000000,1740.78000000,1219932.25474000,1613001599999,2149076144.40765770,1279140,605462.91818000,1067949000.52371340,0
