Open Time,Open,High,Low,Close,Volume,Close Time,Quote Asset Volume,Number of trades,Taker Buy Base Asset Volume,Taker Buy Quote Asset volume
1611964800000,1379.56000000,1406.00000000,1326.41000000,1378.05000000,1040042.23630000,1612051199999,1414231402.54388340,1013174,508185.46266000,691043000.99942650,0
