Open Time,Open,High,Low,Close,Volume,Close Time,Quote Asset Volume,Number of trades,Taker Buy Base Asset Volume,Taker Buy Quote Asset volume
1612828800000,1749.68000000,1821.88000000,1708.49000000,1769.13000000,1185071.89593000,1612915199999,2080818891.69890500,1173421,593423.36868000,1042666171.18075090,0
