Open Time,Open,High,Low,Close,Volume,Close Time,Quote Asset Volume,Number of trades,Taker Buy Base Asset Volume,Taker Buy Quote Asset volume
1609977600000,1208.75000000,1289.00000000,1131.00000000,1224.87000000,1972922.82059000,1610063999999,2406219891.36853430,1402699,974726.97516000,1189746026.15138440,0
