Open Time,Open,High,Low,Close,Volume,Close Time,Quote Asset Volume,Number of trades,Taker Buy Base Asset Volume,Taker Buy Quote Asset volume
1610668800000,1231.89000000,1256.98000000,1069.42000000,1168.53000000,1944038.83738000,1610755199999,2302781118.95873940,1519266,966118.73281000,1145518024.49123220,0
