Open Time,Open,High,Low,Close,Volume,Close Time,Quote Asset Volume,Number of trades,Taker Buy Base Asset Volume,Taker Buy Quote Asset volume
1612483200000,1595.53000000,1760.49000000,1591.00000000,1719.19000000,1194123.29946000,1612569599999,2011685911.16688670,1326415,600948.63761000,1012301493.08615330,0
