Open Time,Open,High,Low,Close,Volume,Close Time,Quote Asset Volume,Number of trades,Taker Buy Base Asset Volume,Taker Buy Quote Asset volume
1620432000000,3479.79000000,3958.33000000,3449.27000000,3910.26000000,1130467.54852000,1620518399999,4170897763.92239390,2146967,576465.81586000,2128434949.10360530,0
