Open Time,Open,High,Low,Close,Volume,Close Time,Quote Asset Volume,Number of trades,Taker Buy Base Asset Volume,Taker Buy Quote Asset volume
1614384000000,1444.56000000,1529.00000000,1425.00000000,1458.13000000,927423.04750000,1614470399999,1375946816.33254320,954919,452205.99129000,671100313.80011610,0
