Open Time,Open,High,Low,Close,Volume,Close Time,Quote Asset Volume,Number of trades,Taker Buy Base Asset Volume,Taker Buy Quote Asset volume
1639958400000,3924.14000000,3983.37000000,3753.00000000,3944.73000000,366916.47710000,1640044799999,1416566980.69100100,844070,174604.91080000,674073059.62183100,0
