Open Time,Open,High,Low,Close,Volume,Close Time,Quote Asset Volume,Number of trades,Taker Buy Base Asset Volume,Taker Buy Quote Asset volume
1636502400000,4732.33000000,4868.00000000,4461.93000000,4628.78000000,553596.99163000,1636588799999,2600175501.16048870,1492374,270065.18221000,1268630239.57158410,0
