Open Time,Open,High,Low,Close,Volume,Close Time,Quote Asset Volume,Number of trades,Taker Buy Base Asset Volume,Taker Buy Quote Asset volume
1625616000000,2322.51000000,2409.00000000,2291.90000000,2316.57000000,666501.35572000,1625702399999,1570553094.63757130,1113578,341514.34243000,804702677.27470940,0
