Open Time,Open,High,Low,Close,Volume,Close Time,Quote Asset Volume,Number of trades,Taker Buy Base Asset Volume,Taker Buy Quote Asset volume
1621987200000,2705.10000000,2910.00000000,2643.00000000,2884.94000000,1583799.59251000,1622073599999,4416389128.58148030,2726537,786524.11588000,2193352742.23433530,0
