Open Time,Open,High,Low,Close,Volume,Close Time,Quote Asset Volume,Number of trades,Taker Buy Base Asset Volume,Taker Buy Quote Asset volume
1611014400000,1258.52000000,1438.30000000,1251.49000000,1365.36000000,2278852.55758000,1611100799999,3120980923.93030880,1840481,1158029.40293000,1585793803.66076070,0
