Open Time,Open,High,Low,Close,Volume,Close Time,Quote Asset Volume,Number of trades,Taker Buy Base Asset Volume,Taker Buy Quote Asset volume
1616976000000,1687.16000000,1841.00000000,1677.85000000,1816.74000000,647724.46387000,1617062399999,1148231088.81158730,846836,342048.84150000,606329959.12347100,0
