Open Time,Open,High,Low,Close,Volume,Close Time,Quote Asset Volume,Number of trades,Taker Buy Base Asset Volume,Taker Buy Quote Asset volume
1627603200000,2382.93000000,2471.70000000,2315.92000000,2461.81000000,762577.28797000,1627689599999,1824191451.55863100,1428312,392130.06114000,938693364.85985250,0
