Open Time,Open,High,Low,Close,Volume,Close Time,Quote Asset Volume,Number of trades,Taker Buy Base Asset Volume,Taker Buy Quote Asset volume
1612656000000,1676.35000000,1693.00000000,1490.46000000,1611.62000000,1281734.86814000,1612742399999,2044371589.02327640,1263737,618789.69751000,987284129.73539090,0
