Open Time,Open,High,Low,Close,Volume,Close Time,Quote Asset Volume,Number of trades,Taker Buy Base Asset Volume,Taker Buy Quote Asset volume
1639526400000,3858.99000000,4092.22000000,3643.73000000,4019.08000000,542068.05730000,1639612799999,2102151850.11458500,1238234,279106.54900000,1083422761.69731000,0
