Open Time,Open,High,Low,Close,Volume,Close Time,Quote Asset Volume,Number of trades,Taker Buy Base Asset Volume,Taker Buy Quote Asset volume
1635206400000,4220.36000000,4297.00000000,4090.21000000,4131.52000000,414498.15990000,1635292799999,1739912498.46991500,1285913,205853.06890000,864564656.68614400,0
