Open Time,Open,High,Low,Close,Volume,Close Time,Quote Asset Volume,Number of trades,Taker Buy Base Asset Volume,Taker Buy Quote Asset volume
1633046400000,3000.62000000,3330.00000000,2969.07000000,3309.91000000,648714.61510000,1633132799999,2063112280.66779100,1446386,336578.17690000,1070284895.05662900,0
