Open Time,Open,High,Low,Close,Volume,Close Time,Quote Asset Volume,Number of trades,Taker Buy Base Asset Volume,Taker Buy Quote Asset volume
1627516800000,2300.90000000,2400.00000000,2266.12000000,2382.92000000,499364.83496000,1627603199999,1157988358.94629320,1036449,256551.90722000,595101393.80372220,0
