Open Time,Open,High,Low,Close,Volume,Close Time,Quote Asset Volume,Number of trades,Taker Buy Base Asset Volume,Taker Buy Quote Asset volume
1612310400000,1511.93000000,1669.35000000,1508.39000000,1664.49000000,1535869.88801000,1612396799999,2418887041.58756150,1384979,793334.97198000,1249029451.14196070,0
