Open Time,Open,High,Low,Close,Volume,Close Time,Quote Asset Volume,Number of trades,Taker Buy Base Asset Volume,Taker Buy Quote Asset volume
1610755200000,1168.48000000,1298.00000000,1151.77000000,1227.83000000,1575384.43797000,1610841599999,1927453174.61179310,1252473,804431.16803000,984555467.09145990,0
