Open Time,Open,High,Low,Close,Volume,Close Time,Quote Asset Volume,Number of trades,Taker Buy Base Asset Volume,Taker Buy Quote Asset volume
1622332800000,2278.74000000,2476.42000000,2180.53000000,2385.98000000,1151113.19883000,1622419199999,2726606138.63171710,1519005,577190.77662000,1368058965.08403240,0
