Open Time,Open,High,Low,Close,Volume,Close Time,Quote Asset Volume,Number of trades,Taker Buy Base Asset Volume,Taker Buy Quote Asset volume
1619481600000,2532.06000000,2680.00000000,2480.29000000,2666.13000000,771728.46451000,1619567999999,1995139023.61483670,1255607,404885.92295000,1047010126.52780100,0
