Open Time,Open,High,Low,Close,Volume,Close Time,Quote Asset Volume,Number of trades,Taker Buy Base Asset Volume,Taker Buy Quote Asset volume
1622505600000,2706.15000000,2740.00000000,2523.74000000,2634.57000000,1179577.10806000,1622591999999,3081355010.95345160,1790186,575201.66943000,1503196035.62328500,0
