Open Time,Open,High,Low,Close,Volume,Close Time,Quote Asset Volume,Number of trades,Taker Buy Base Asset Volume,Taker Buy Quote Asset volume
1612224000000,1374.09000000,1547.90000000,1360.28000000,1511.87000000,1944227.99878000,1612310399999,2821617332.39978510,1614541,986022.09176000,1431300798.43024110,0
