Open Time,Open,High,Low,Close,Volume,Close Time,Quote Asset Volume,Number of trades,Taker Buy Base Asset Volume,Taker Buy Quote Asset volume
1629417600000,3184.11000000,3300.00000000,3177.16000000,3284.82000000,558127.45540000,1629503999999,1809283029.21790640,1137843,279786.28754000,907257350.55308140,0
