Open Time,Open,High,Low,Close,Volume,Close Time,Quote Asset Volume,Number of trades,Taker Buy Base Asset Volume,Taker Buy Quote Asset volume
1620259200000,3524.33000000,3605.40000000,3376.47000000,3489.73000000,920592.57706000,1620345599999,3213427394.77726540,1703109,457348.26339000,1596792938.75437370,0
