Open Time,Open,High,Low,Close,Volume,Close Time,Quote Asset Volume,Number of trades,Taker Buy Base Asset Volume,Taker Buy Quote Asset volume
1625875200000,2146.99000000,2194.82000000,2074.16000000,2110.69000000,499071.85904000,1625961599999,1058023794.51142400,646476,244207.37542000,517802339.24897590,0
