Open Time,Open,High,Low,Close,Volume,Close Time,Quote Asset Volume,Number of trades,Taker Buy Base Asset Volume,Taker Buy Quote Asset volume
1613779200000,1955.46000000,2042.34000000,1803.14000000,1913.00000000,1261315.81279000,1613865599999,2493836246.48714560,1329067,624716.42408000,1236782122.34460490,0
