Open Time,Open,High,Low,Close,Volume,Close Time,Quote Asset Volume,Number of trades,Taker Buy Base Asset Volume,Taker Buy Quote Asset volume
1610409600000,1087.00000000,1150.02000000,1006.33000000,1050.16000000,2302645.34052000,1610495999999,2491067092.51012720,1516625,1149858.00491000,1244662146.28528080,0
