Open Time,Open,High,Low,Close,Volume,Close Time,Quote Asset Volume,Number of trades,Taker Buy Base Asset Volume,Taker Buy Quote Asset volume
1627948800000,2606.92000000,2632.44000000,2442.32000000,2509.04000000,792960.84375000,1628035199999,1986976146.00415050,1701919,379722.87711000,951417932.12994000,0
