Open Time,Open,High,Low,Close,Volume,Close Time,Quote Asset Volume,Number of trades,Taker Buy Base Asset Volume,Taker Buy Quote Asset volume
1621209600000,3581.81000000,3587.06000000,3102.00000000,3282.51000000,1904012.43998000,1621295999999,6401071580.73482600,2885352,933732.36068000,3143594982.02332910,0
