Open Time,Open,High,Low,Close,Volume,Close Time,Quote Asset Volume,Number of trades,Taker Buy Base Asset Volume,Taker Buy Quote Asset volume
1616025600000,1823.58000000,1850.00000000,1759.04000000,1776.08000000,603721.61056000,1616111999999,1092346826.55369030,783517,284617.82364000,514992961.42729320,0
