Open Time,Open,High,Low,Close,Volume,Close Time,Quote Asset Volume,Number of trades,Taker Buy Base Asset Volume,Taker Buy Quote Asset volume
1610150400000,1216.72000000,1304.37000000,1171.36000000,1276.00000000,1448871.11514000,1610236799999,1780137376.41646950,1131871,746369.69680000,918333130.76833010,0
