Open Time,Open,High,Low,Close,Volume,Close Time,Quote Asset Volume,Number of trades,Taker Buy Base Asset Volume,Taker Buy Quote Asset volume
1619827200000,2772.42000000,2954.28000000,2743.41000000,2944.77000000,690260.07741000,1619913599999,1979833188.06520470,1437394,363427.72753000,1042474172.81408930,0
