Open Time,Open,High,Low,Close,Volume,Close Time,Quote Asset Volume,Number of trades,Taker Buy Base Asset Volume,Taker Buy Quote Asset volume
1626912000000,1995.50000000,2046.00000000,1947.62000000,2024.56000000,768854.36590000,1626998399999,1536669128.52045190,1074800,380631.63083000,760682754.97891000,0
