Open Time,Open,High,Low,Close,Volume,Close Time,Quote Asset Volume,Number of trades,Taker Buy Base Asset Volume,Taker Buy Quote Asset volume
1633132800000,3309.91000000,3469.00000000,3257.00000000,3387.76000000,422551.18110000,1633219199999,1417055615.81663700,1046194,215469.09750000,722876150.36715000,0
