Open Time,Open,High,Low,Close,Volume,Close Time,Quote Asset Volume,Number of trades,Taker Buy Base Asset Volume,Taker Buy Quote Asset volume
1616198400000,1809.01000000,1868.83000000,1800.86000000,1806.10000000,451556.10639000,1616284799999,828404987.65277420,743672,230001.04734000,421947140.57311450,0
