Open Time,Open,High,Low,Close,Volume,Close Time,Quote Asset Volume,Number of trades,Taker Buy Base Asset Volume,Taker Buy Quote Asset volume
1635379200000,3921.99000000,4295.00000000,3890.17000000,4286.02000000,626378.50550000,1635465599999,2587268364.26143900,1711575,331721.67970000,1370287598.12503800,0
