Open Time,Open,High,Low,Close,Volume,Close Time,Quote Asset Volume,Number of trades,Taker Buy Base Asset Volume,Taker Buy Quote Asset volume
1617926400000,2080.39000000,2100.00000000,2047.57000000,2066.87000000,426387.43790000,1618012799999,885134116.02290660,645172,205375.78451000,426445139.87481370,0
