Open Time,Open,High,Low,Close,Volume,Close Time,Quote Asset Volume,Number of trades,Taker Buy Base Asset Volume,Taker Buy Quote Asset volume
1613692800000,1938.91000000,1972.82000000,1891.00000000,1955.00000000,793404.41150000,1613779199999,1533991632.12954610,988320,388954.85277000,752267904.16996680,0
