Open Time,Open,High,Low,Close,Volume,Close Time,Quote Asset Volume,Number of trades,Taker Buy Base Asset Volume,Taker Buy Quote Asset volume
1634428800000,3829.96000000,3919.19000000,3640.00000000,3846.85000000,368898.98310000,1634515199999,1406207658.84076800,1025324,178427.94210000,680830276.47711300,0
