Open Time,Open,High,Low,Close,Volume,Close Time,Quote Asset Volume,Number of trades,Taker Buy Base Asset Volume,Taker Buy Quote Asset volume
1623110400000,2592.05000000,2620.99000000,2304.91000000,2507.23000000,1693747.42759000,1623196799999,4201646662.88173420,2128256,825822.24736000,2049450576.80712030,0
