Open Time,Open,High,Low,Close,Volume,Close Time,Quote Asset Volume,Number of trades,Taker Buy Base Asset Volume,Taker Buy Quote Asset volume
1631491200000,3404.30000000,3430.30000000,3108.49000000,3285.35000000,647855.71990000,1631577599999,2103663103.06774800,1363198,311994.07200000,1013528553.21259900,0
