Open Time,Open,High,Low,Close,Volume,Close Time,Quote Asset Volume,Number of trades,Taker Buy Base Asset Volume,Taker Buy Quote Asset volume
1624492800000,1967.95000000,2036.61000000,1884.79000000,1989.52000000,701231.67478000,1624579199999,1377799766.49945500,833337,344155.41659000,676304789.18465590,0
