Open Time,Open,High,Low,Close,Volume,Close Time,Quote Asset Volume,Number of trades,Taker Buy Base Asset Volume,Taker Buy Quote Asset volume
1633910400000,3414.22000000,3623.80000000,3371.00000000,3542.12000000,493521.88200000,1633996799999,1743391083.65880800,1110340,241854.81720000,853789828.78754500,0
