Open Time,Open,High,Low,Close,Volume,Close Time,Quote Asset Volume,Number of trades,Taker Buy Base Asset Volume,Taker Buy Quote Asset volume
1634083200000,3491.43000000,3613.00000000,3412.70000000,3607.42000000,393463.12220000,1634169599999,1376610269.51640800,902525,201681.71820000,706082588.65943100,0
