Open Time,Open,High,Low,Close,Volume,Close Time,Quote Asset Volume,Number of trades,Taker Buy Base Asset Volume,Taker Buy Quote Asset volume
1613347200000,1800.03000000,1835.72000000,1655.67000000,1779.25000000,1053474.57879000,1613433599999,1860338371.89740780,1086589,511771.37271000,904087834.75423730,0
