Open Time,Open,High,Low,Close,Volume,Close Time,Quote Asset Volume,Number of trades,Taker Buy Base Asset Volume,Taker Buy Quote Asset volume
1627257600000,2189.82000000,2433.65000000,2171.57000000,2228.08000000,1393738.16300000,1627343999999,3222622416.25672450,2252910,700749.72547000,1620304810.08242410,0
