Open Time,Open,High,Low,Close,Volume,Close Time,Quote Asset Volume,Number of trades,Taker Buy Base Asset Volume,Taker Buy Quote Asset volume
1626652800000,1891.65000000,1919.00000000,1805.00000000,1818.73000000,547419.93771000,1626739199999,1011627398.92388260,641063,251885.98865000,465870373.91848700,0
