Open Time,Open,High,Low,Close,Volume,Close Time,Quote Asset Volume,Number of trades,Taker Buy Base Asset Volume,Taker Buy Quote Asset volume
1609718400000,978.33000000,1162.97000000,890.00000000,1041.43000000,4245010.94004000,1609804799999,4303634203.21959870,2477862,2126337.67210000,2157639019.32919130,0
