Open Time,Open,High,Low,Close,Volume,Close Time,Quote Asset Volume,Number of trades,Taker Buy Base Asset Volume,Taker Buy Quote Asset volume
1633219200000,3387.77000000,3488.00000000,3342.51000000,3417.73000000,360586.89050000,1633305599999,1231536168.31536300,816339,183173.92820000,625701691.95187700,0
