Open Time,Open,High,Low,Close,Volume,Close Time,Quote Asset Volume,Number of trades,Taker Buy Base Asset Volume,Taker Buy Quote Asset volume
1619740800000,2757.04000000,2798.30000000,2723.09000000,2772.42000000,695339.20482000,1619827199999,1917297701.09952250,1382521,348038.76271000,959914846.73766510,0
