Open Time,Open,High,Low,Close,Volume,Close Time,Quote Asset Volume,Number of trades,Taker Buy Base Asset Volume,Taker Buy Quote Asset volume
1610236800000,1276.00000000,1348.33000000,1170.00000000,1254.25000000,1951179.35003000,1610323199999,2517791852.40776210,1437486,979792.30536000,1266203575.09528690,0
