Open Time,Open,High,Low,Close,Volume,Close Time,Quote Asset Volume,Number of trades,Taker Buy Base Asset Volume,Taker Buy Quote Asset volume
1622073600000,2884.82000000,2889.74000000,2633.68000000,2742.23000000,1099029.91206000,1622159999999,3033719144.34021290,1732113,540641.23243000,1493018236.97161750,0
