Open Time,Open,High,Low,Close,Volume,Close Time,Quote Asset Volume,Number of trades,Taker Buy Base Asset Volume,Taker Buy Quote Asset volume
1611446400000,1233.46000000,1398.83000000,1220.00000000,1392.51000000,1510879.53817000,1611532799999,1996765627.54051920,1313986,790374.50924000,1045052388.63841560,0
