Open Time,Open,High,Low,Close,Volume,Close Time,Quote Asset Volume,Number of trades,Taker Buy Base Asset Volume,Taker Buy Quote Asset volume
1615420800000,1795.28000000,1846.70000000,1725.00000000,1825.78000000,909011.49610000,1615507199999,1627027458.08879630,1023958,443744.99114000,794476087.91730540,0
