Open Time,Open,High,Low,Close,Volume,Close Time,Quote Asset Volume,Number of trades,Taker Buy Base Asset Volume,Taker Buy Quote Asset volume
1623628800000,2509.33000000,2609.17000000,2461.00000000,2580.77000000,684183.55622000,1623715199999,1730260219.13381020,1118498,344642.00777000,871859785.37770810,0
