Open Time,Open,High,Low,Close,Volume,Close Time,Quote Asset Volume,Number of trades,Taker Buy Base Asset Volume,Taker Buy Quote Asset volume
1630368000000,3229.14000000,3476.00000000,3188.77000000,3429.20000000,863071.13092000,1630454399999,2895209449.70776520,1772849,431197.75023000,1446458670.56606680,0
