Open Time,Open,High,Low,Close,Volume,Close Time,Quote Asset Volume,Number of trades,Taker Buy Base Asset Volume,Taker Buy Quote Asset volume
1656720000000,1059.73000000,1078.88000000,1028.29000000,1067.01000000,714812.08040000,1656806399999,752813687.02771000,608900,360116.71870000,379291428.47776400,0
