Open Time,Open,High,Low,Close,Volume,Close Time,Quote Asset Volume,Number of trades,Taker Buy Base Asset Volume,Taker Buy Quote Asset volume
1659916800000,1700.20000000,1818.00000000,1693.87000000,1777.05000000,781620.54430000,1660003199999,1379905145.70302100,987727,403146.57800000,711839570.83093400,0
