Open Time,Open,High,Low,Close,Volume,Close Time,Quote Asset Volume,Number of trades,Taker Buy Base Asset Volume,Taker Buy Quote Asset volume
1666915200000,1514.04000000,1574.90000000,1479.82000000,1554.41000000,858954.44250000,1667001599999,1309517416.24114100,999855,446580.48910000,680822022.30675900,0
