Open Time,Open,High,Low,Close,Volume,Close Time,Quote Asset Volume,Number of trades,Taker Buy Base Asset Volume,Taker Buy Quote Asset volume
1643414400000,2544.99000000,2636.66000000,2520.01000000,2601.43000000,376666.82460000,1643500799999,966725225.78299500,656017,196742.39660000,504979471.31049200,0
