Open Time,Open,High,Low,Close,Volume,Close Time,Quote Asset Volume,Number of trades,Taker Buy Base Asset Volume,Taker Buy Quote Asset volume
1663718400000,1322.94000000,1408.90000000,1220.00000000,1245.78000000,1192266.73790000,1663804799999,1582450799.93747100,1445950,590492.76280000,785040538.00796300,0
