Open Time,Open,High,Low,Close,Volume,Close Time,Quote Asset Volume,Number of trades,Taker Buy Base Asset Volume,Taker Buy Quote Asset volume
1649116800000,3519.50000000,3555.00000000,3400.00000000,3406.99000000,397782.74370000,1649203199999,1383264215.87424500,674184,191093.89070000,665052981.21613200,0
