Open Time,Open,High,Low,Close,Volume,Close Time,Quote Asset Volume,Number of trades,Taker Buy Base Asset Volume,Taker Buy Quote Asset volume
1661904000000,1524.59000000,1619.78000000,1524.59000000,1554.10000000,949227.67750000,1661990399999,1497596316.30099300,1471691,472367.89000000,745430154.40216300,0
