Open Time,Open,High,Low,Close,Volume,Close Time,Quote Asset Volume,Number of trades,Taker Buy Base Asset Volume,Taker Buy Quote Asset volume
1657324800000,1214.03000000,1235.40000000,1204.67000000,1217.02000000,576337.18090000,1657411199999,702039918.54690500,716361,285933.88440000,348309048.79504600,0
