Open Time,Open,High,Low,Close,Volume,Close Time,Quote Asset Volume,Number of trades,Taker Buy Base Asset Volume,Taker Buy Quote Asset volume
1643328000000,2424.02000000,2558.98000000,2357.88000000,2544.99000000,485149.80650000,1643414399999,1183543182.40824400,884305,243890.02150000,595442818.15709400,0
