Open Time,Open,High,Low,Close,Volume,Close Time,Quote Asset Volume,Number of trades,Taker Buy Base Asset Volume,Taker Buy Quote Asset volume
1652400000000,1960.22000000,2147.54000000,1940.23000000,2009.69000000,1134042.33870000,1652486399999,2355144482.31406800,1380079,571173.28610000,1185879372.00475000,0
