Open Time,Open,High,Low,Close,Volume,Close Time,Quote Asset Volume,Number of trades,Taker Buy Base Asset Volume,Taker Buy Quote Asset volume
1656115200000,1225.02000000,1256.77000000,1180.00000000,1242.36000000,861986.61770000,1656201599999,1048516642.21945900,824872,437886.33500000,532658837.55574500,0
