Open Time,Open,High,Low,Close,Volume,Close Time,Quote Asset Volume,Number of trades,Taker Buy Base Asset Volume,Taker Buy Quote Asset volume
1668038400000,1102.73000000,1350.00000000,1085.93000000,1299.28000000,1975955.67670000,1668124799999,2443394252.53036600,2800795,981919.00470000,1215403138.07268200,0
