Open Time,Open,High,Low,Close,Volume,Close Time,Quote Asset Volume,Number of trades,Taker Buy Base Asset Volume,Taker Buy Quote Asset volume
1651190400000,2936.92000000,2946.46000000,2776.63000000,2817.13000000,525978.14700000,1651276799999,1503869186.33302400,678273,255390.64620000,730762583.36202400,0
