Open Time,Open,High,Low,Close,Volume,Close Time,Quote Asset Volume,Number of trades,Taker Buy Base Asset Volume,Taker Buy Quote Asset volume
1656892800000,1074.26000000,1160.90000000,1045.37000000,1151.00000000,1150108.98610000,1656979199999,1266934953.32642400,842895,572056.10280000,630242868.39746700,0
