Open Time,Open,High,Low,Close,Volume,Close Time,Quote Asset Volume,Number of trades,Taker Buy Base Asset Volume,Taker Buy Quote Asset volume
1648339200000,3145.01000000,3299.37000000,3126.02000000,3295.65000000,335467.41450000,1648425599999,1072163952.32208400,645675,181361.85620000,579807710.28581200,0
