Open Time,Open,High,Low,Close,Volume,Close Time,Quote Asset Volume,Number of trades,Taker Buy Base Asset Volume,Taker Buy Quote Asset volume
1653782400000,1792.21000000,1827.40000000,1759.96000000,1813.64000000,432430.61100000,1653868799999,776046677.05792900,447003,220130.26830000,394977604.09088200,0
