Open Time,Open,High,Low,Close,Volume,Close Time,Quote Asset Volume,Number of trades,Taker Buy Base Asset Volume,Taker Buy Quote Asset volume
1655164800000,1209.35000000,1268.45000000,1075.80000000,1208.90000000,2716493.80131000,1655251199999,3217818700.12419390,2225812,1348790.33831000,1598488294.15623550,0
