Open Time,Open,High,Low,Close,Volume,Close Time,Quote Asset Volume,Number of trades,Taker Buy Base Asset Volume,Taker Buy Quote Asset volume
1666656000000,1343.61000000,1525.16000000,1334.94000000,1459.74000000,1127932.90120000,1666742399999,1612140846.30515700,1205998,576939.59230000,824866579.46419200,0
