Open Time,Open,High,Low,Close,Volume,Close Time,Quote Asset Volume,Number of trades,Taker Buy Base Asset Volume,Taker Buy Quote Asset volume
1653436800000,1979.40000000,2022.34000000,1934.61000000,1942.63000000,524786.30910000,1653523199999,1034922798.42268500,600224,262403.82460000,517508625.29000500,0
