Open Time,Open,High,Low,Close,Volume,Close Time,Quote Asset Volume,Number of trades,Taker Buy Base Asset Volume,Taker Buy Quote Asset volume
1658448000000,1575.45000000,1650.05000000,1516.11000000,1535.27000000,1170723.08730000,1658534399999,1865036182.28467000,1295899,590259.75730000,941037922.80644000,0
