Open Time,Open,High,Low,Close,Volume,Close Time,Quote Asset Volume,Number of trades,Taker Buy Base Asset Volume,Taker Buy Quote Asset volume
1662768000000,1718.24000000,1789.00000000,1706.03000000,1774.12000000,411046.24660000,1662854399999,713890164.18250100,687951,212635.62140000,369484697.57283000,0
