Open Time,Open,High,Low,Close,Volume,Close Time,Quote Asset Volume,Number of trades,Taker Buy Base Asset Volume,Taker Buy Quote Asset volume
1665187200000,1331.10000000,1337.35000000,1303.51000000,1315.48000000,203391.66120000,1665273599999,269448439.33934800,383251,98609.88930000,130665491.90867100,0
