Open Time,Open,High,Low,Close,Volume,Close Time,Quote Asset Volume,Number of trades,Taker Buy Base Asset Volume,Taker Buy Quote Asset volume
1649808000000,3027.65000000,3128.97000000,2996.86000000,3118.28000000,419101.49400000,1649894399999,1285303924.97881300,623328,215591.54890000,661284289.12581200,0
