Open Time,Open,High,Low,Close,Volume,Close Time,Quote Asset Volume,Number of trades,Taker Buy Base Asset Volume,Taker Buy Quote Asset volume
1661385600000,1656.56000000,1722.00000000,1653.68000000,1695.11000000,603090.71300000,1661471999999,1023691864.19043900,869479,309268.84510000,524945702.12819200,0
