Open Time,Open,High,Low,Close,Volume,Close Time,Quote Asset Volume,Number of trades,Taker Buy Base Asset Volume,Taker Buy Quote Asset volume
1644019200000,2994.99000000,3060.47000000,2958.01000000,3012.65000000,356803.30710000,1644105599999,1073972573.34867300,730502,184328.56850000,554943551.86347100,0
