Open Time,Open,High,Low,Close,Volume,Close Time,Quote Asset Volume,Number of trades,Taker Buy Base Asset Volume,Taker Buy Quote Asset volume
1670112000000,1240.50000000,1287.19000000,1240.10000000,1279.41000000,324129.54660000,1670198399999,409404653.04847500,498321,160510.72050000,202806342.47493300,0
