Open Time,Open,High,Low,Close,Volume,Close Time,Quote Asset Volume,Number of trades,Taker Buy Base Asset Volume,Taker Buy Quote Asset volume
1651795200000,2747.96000000,2758.18000000,2632.95000000,2692.85000000,711449.32340000,1651881599999,1918267933.16530200,813458,349985.06580000,943463874.26934000,0
