Open Time,Open,High,Low,Close,Volume,Close Time,Quote Asset Volume,Number of trades,Taker Buy Base Asset Volume,Taker Buy Quote Asset volume
1670630400000,1263.11000000,1283.61000000,1259.60000000,1266.35000000,182278.63960000,1670716799999,231301933.59019100,322453,92997.35720000,118041863.78333400,0
