Open Time,Open,High,Low,Close,Volume,Close Time,Quote Asset Volume,Number of trades,Taker Buy Base Asset Volume,Taker Buy Quote Asset volume
1646611200000,2551.30000000,2649.00000000,2445.00000000,2491.12000000,620171.67870000,1646697599999,1575658962.13564200,870430,311464.49960000,791626717.89508300,0
