Open Time,Open,High,Low,Close,Volume,Close Time,Quote Asset Volume,Number of trades,Taker Buy Base Asset Volume,Taker Buy Quote Asset volume
1657670400000,1038.58000000,1119.18000000,1006.32000000,1115.00000000,2035605.82990000,1657756799999,2158672347.75807800,1423956,1030606.45230000,1093421247.31383200,0
