Open Time,Open,High,Low,Close,Volume,Close Time,Quote Asset Volume,Number of trades,Taker Buy Base Asset Volume,Taker Buy Quote Asset volume
1667174400000,1590.45000000,1635.80000000,1545.43000000,1572.69000000,810334.24140000,1667260799999,1283098004.76573700,1024808,404153.87750000,640094838.12187600,0
