Open Time,Open,High,Low,Close,Volume,Close Time,Quote Asset Volume,Number of trades,Taker Buy Base Asset Volume,Taker Buy Quote Asset volume
1642809600000,2567.47000000,2626.00000000,2300.00000000,2412.18000000,1081357.54893000,1642895999999,2652383041.99918560,1994513,527287.46361000,1293783666.72144000,0
