Open Time,Open,High,Low,Close,Volume,Close Time,Quote Asset Volume,Number of trades,Taker Buy Base Asset Volume,Taker Buy Quote Asset volume
1654041600000,1941.90000000,1972.58000000,1763.75000000,1817.95000000,1037841.27060000,1654127999999,1954005475.23042100,973159,502588.51500000,947207203.23910800,0
