Open Time,Open,High,Low,Close,Volume,Close Time,Quote Asset Volume,Number of trades,Taker Buy Base Asset Volume,Taker Buy Quote Asset volume
1655510400000,1086.93000000,1097.58000000,881.56000000,995.13000000,2308983.51870000,1655596799999,2263399396.75372080,1911260,1101942.26213000,1080171003.60525850,0
