Open Time,Open,High,Low,Close,Volume,Close Time,Quote Asset Volume,Number of trades,Taker Buy Base Asset Volume,Taker Buy Quote Asset volume
1652572800000,2056.47000000,2167.00000000,2000.68000000,2145.29000000,514398.25870000,1652659199999,1067795595.55243200,677163,262025.17550000,544140622.26138300,0
