Open Time,Open,High,Low,Close,Volume,Close Time,Quote Asset Volume,Number of trades,Taker Buy Base Asset Volume,Taker Buy Quote Asset volume
1659657600000,1607.97000000,1742.07000000,1605.64000000,1736.81000000,1005846.47120000,1659743999999,1688798692.30733100,1404516,512103.18260000,860464588.37445400,0
