Open Time,Open,High,Low,Close,Volume,Close Time,Quote Asset Volume,Number of trades,Taker Buy Base Asset Volume,Taker Buy Quote Asset volume
1667001600000,1554.40000000,1663.06000000,1547.66000000,1619.55000000,914161.08460000,1667087999999,1477815830.63917300,1094332,466874.54720000,754548207.57711100,0
