Open Time,Open,High,Low,Close,Volume,Close Time,Quote Asset Volume,Number of trades,Taker Buy Base Asset Volume,Taker Buy Quote Asset volume
1655337600000,1237.53000000,1257.85000000,1051.55000000,1068.50000000,1447386.83040000,1655423999999,1649596819.73423900,1443117,712044.85730000,812156334.52252500,0
