Open Time,Open,High,Low,Close,Volume,Close Time,Quote Asset Volume,Number of trades,Taker Buy Base Asset Volume,Taker Buy Quote Asset volume
1666742400000,1459.74000000,1594.99000000,1457.44000000,1566.10000000,1236044.70230000,1666828799999,1896388070.24978500,1357864,638243.45630000,979231645.53733300,0
