Open Time,Open,High,Low,Close,Volume,Close Time,Quote Asset Volume,Number of trades,Taker Buy Base Asset Volume,Taker Buy Quote Asset volume
1644278400000,3139.77000000,3232.87000000,3025.21000000,3116.69000000,514773.58370000,1644364799999,1602652876.88149500,910882,258325.72810000,804657758.05028700,0
