Open Time,Open,High,Low,Close,Volume,Close Time,Quote Asset Volume,Number of trades,Taker Buy Base Asset Volume,Taker Buy Quote Asset volume
1669507200000,1205.61000000,1223.33000000,1188.65000000,1193.88000000,286386.79860000,1669593599999,347218857.86797600,458378,141119.93160000,171104378.52927700,0
