Open Time,Open,High,Low,Close,Volume,Close Time,Quote Asset Volume,Number of trades,Taker Buy Base Asset Volume,Taker Buy Quote Asset volume
1659398400000,1630.28000000,1678.00000000,1559.28000000,1630.91000000,1081964.51040000,1659484799999,1745550410.99894500,1458878,533311.86440000,859848287.88463400,0
