Open Time,Open,High,Low,Close,Volume,Close Time,Quote Asset Volume,Number of trades,Taker Buy Base Asset Volume,Taker Buy Quote Asset volume
1660003200000,1777.05000000,1790.83000000,1667.93000000,1702.76000000,818171.10190000,1660089599999,1406671817.08567300,1062267,398475.05390000,684898876.00059700,0
