Open Time,Open,High,Low,Close,Volume,Close Time,Quote Asset Volume,Number of trades,Taker Buy Base Asset Volume,Taker Buy Quote Asset volume
1644537600000,3072.36000000,3138.62000000,2879.00000000,2927.54000000,462025.87510000,1644623999999,1404238408.51784200,912879,225347.51910000,685621003.99661200,0
