Open Time,Open,High,Low,Close,Volume,Close Time,Quote Asset Volume,Number of trades,Taker Buy Base Asset Volume,Taker Buy Quote Asset volume
1669593600000,1193.88000000,1199.25000000,1151.02000000,1167.77000000,478795.60930000,1669679999999,560568777.56025100,708380,230574.25190000,269886004.46599700,0
