Open Time,Open,High,Low,Close,Volume,Close Time,Quote Asset Volume,Number of trades,Taker Buy Base Asset Volume,Taker Buy Quote Asset volume
1646438400000,2622.11000000,2685.12000000,2589.38000000,2665.15000000,268730.30360000,1646524799999,709708518.86246400,531829,132344.54470000,349622255.23209900,0
