Open Time,Open,High,Low,Close,Volume,Close Time,Quote Asset Volume,Number of trades,Taker Buy Base Asset Volume,Taker Buy Quote Asset volume
1660953600000,1609.00000000,1657.08000000,1523.67000000,1576.04000000,914615.92260000,1661039999999,1468671141.09012200,1130991,454267.11050000,729678631.79778400,0
