Open Time,Open,High,Low,Close,Volume,Close Time,Quote Asset Volume,Number of trades,Taker Buy Base Asset Volume,Taker Buy Quote Asset volume
1645401600000,2621.99000000,2759.51000000,2558.00000000,2568.02000000,761838.98580000,1645487999999,2030019705.14723700,1116485,375450.93580000,1001341576.75808700,0
