Open Time,Open,High,Low,Close,Volume,Close Time,Quote Asset Volume,Number of trades,Taker Buy Base Asset Volume,Taker Buy Quote Asset volume
1650153600000,3059.30000000,3083.00000000,2981.70000000,2988.06000000,243772.07400000,1650239999999,742151590.62193300,389959,117250.93100000,357193639.07514600,0
