Open Time,Open,High,Low,Close,Volume,Close Time,Quote Asset Volume,Number of trades,Taker Buy Base Asset Volume,Taker Buy Quote Asset volume
1648771200000,3281.51000000,3481.29000000,3210.68000000,3455.21000000,532169.23920000,1648857599999,1780259682.53293600,883079,268660.50140000,899094037.96239300,0
