Open Time,Open,High,Low,Close,Volume,Close Time,Quote Asset Volume,Number of trades,Taker Buy Base Asset Volume,Taker Buy Quote Asset volume
1649980800000,3021.98000000,3060.92000000,2993.13000000,3040.56000000,249626.29810000,1650067199999,755644733.73426600,388136,127112.38080000,384893733.16373100,0
