Open Time,Open,High,Low,Close,Volume,Close Time,Quote Asset Volume,Number of trades,Taker Buy Base Asset Volume,Taker Buy Quote Asset volume
1654905600000,1662.91000000,1682.21000000,1496.74000000,1532.89000000,1220325.25420000,1654991999999,1914818053.83375830,1030360,584721.52941000,917977346.68339640,0
