Open Time,Open,High,Low,Close,Volume,Close Time,Quote Asset Volume,Number of trades,Taker Buy Base Asset Volume,Taker Buy Quote Asset volume
1658534400000,1535.27000000,1596.51000000,1488.00000000,1548.67000000,851284.73390000,1658620799999,1310964570.18947800,950665,423093.99080000,651712229.25243900,0
