Open Time,Open,High,Low,Close,Volume,Close Time,Quote Asset Volume,Number of trades,Taker Buy Base Asset Volume,Taker Buy Quote Asset volume
1669939200000,1276.40000000,1297.18000000,1265.24000000,1295.59000000,371559.58500000,1670025599999,475691291.45506300,547512,185493.87190000,237530991.33100200,0
