Open Time,Open,High,Low,Close,Volume,Close Time,Quote Asset Volume,Number of trades,Taker Buy Base Asset Volume,Taker Buy Quote Asset volume
1643932800000,2695.21000000,2995.00000000,2671.40000000,2994.99000000,664002.93280000,1644019199999,1889746043.71504900,1235215,338287.35350000,962701411.48376900,0
