Open Time,Open,High,Low,Close,Volume,Close Time,Quote Asset Volume,Number of trades,Taker Buy Base Asset Volume,Taker Buy Quote Asset volume
1661644800000,1491.06000000,1511.00000000,1424.00000000,1426.76000000,544846.44860000,1661731199999,805616000.73922600,756843,264538.03770000,391369191.90600000,0
