Open Time,Open,High,Low,Close,Volume,Close Time,Quote Asset Volume,Number of trades,Taker Buy Base Asset Volume,Taker Buy Quote Asset volume
1657584000000,1096.37000000,1098.26000000,1033.46000000,1038.58000000,1261349.63210000,1657670399999,1347752238.27462100,1142194,614931.85250000,657086240.91913500,0
