Open Time,Open,High,Low,Close,Volume,Close Time,Quote Asset Volume,Number of trades,Taker Buy Base Asset Volume,Taker Buy Quote Asset volume
1671148800000,1266.53000000,1280.06000000,1155.32000000,1166.83000000,751422.27790000,1671235199999,907833696.28801300,883071,363283.56300000,438474640.41697300,0
