Open Time,Open,High,Low,Close,Volume,Close Time,Quote Asset Volume,Number of trades,Taker Buy Base Asset Volume,Taker Buy Quote Asset volume
1646524800000,2665.16000000,2676.29000000,2535.00000000,2551.29000000,336487.90990000,1646611199999,881200532.28550900,528787,158089.67630000,414180880.67566700,0
