Open Time,Open,High,Low,Close,Volume,Close Time,Quote Asset Volume,Number of trades,Taker Buy Base Asset Volume,Taker Buy Quote Asset volume
1665705600000,1287.08000000,1343.12000000,1283.39000000,1296.27000000,669742.80930000,1665791999999,883059208.71446400,788710,329632.53400000,434825344.15272900,0
