Open Time,Open,High,Low,Close,Volume,Close Time,Quote Asset Volume,Number of trades,Taker Buy Base Asset Volume,Taker Buy Quote Asset volume
1648080000000,3035.99000000,3129.11000000,2999.11000000,3110.76000000,577171.52390000,1648166399999,1768485489.44613600,853822,298092.17100000,913674092.59510200,0
