Open Time,Open,High,Low,Close,Volume,Close Time,Quote Asset Volume,Number of trades,Taker Buy Base Asset Volume,Taker Buy Quote Asset volume
1670025600000,1295.58000000,1309.00000000,1236.26000000,1240.51000000,347148.25880000,1670111999999,441457418.33191900,594082,156776.87260000,199497713.81143500,0
