Open Time,Open,High,Low,Close,Volume,Close Time,Quote Asset Volume,Number of trades,Taker Buy Base Asset Volume,Taker Buy Quote Asset volume
1658102400000,1338.65000000,1597.47000000,1336.07000000,1581.04000000,2029918.76521000,1658188799999,2980357374.79268500,1750043,1068091.40221000,1567562752.76841900,0
