Open Time,Open,High,Low,Close,Volume,Close Time,Quote Asset Volume,Number of trades,Taker Buy Base Asset Volume,Taker Buy Quote Asset volume
1664755200000,1276.72000000,1329.90000000,1263.04000000,1323.09000000,483775.24350000,1664841599999,631178676.53561100,598748,243945.53770000,318341465.18777200,0
