Open Time,Open,High,Low,Close,Volume,Close Time,Quote Asset Volume,Number of trades,Taker Buy Base Asset Volume,Taker Buy Quote Asset volume
1658966400000,1635.74000000,1784.79000000,1593.27000000,1724.52000000,1578145.07555000,1659052799999,2644280824.31078100,1719118,801669.85615000,1343890731.51436100,0
