Open Time,Open,High,Low,Close,Volume,Close Time,Quote Asset Volume,Number of trades,Taker Buy Base Asset Volume,Taker Buy Quote Asset volume
1641254400000,3765.89000000,3900.73000000,3713.11000000,3785.11000000,288258.55490000,1641340799999,1098182607.92572600,676651,147451.42850000,561958201.76209900,0
