Open Time,Open,High,Low,Close,Volume,Close Time,Quote Asset Volume,Number of trades,Taker Buy Base Asset Volume,Taker Buy Quote Asset volume
1646956800000,2606.69000000,2676.78000000,2522.57000000,2556.86000000,494583.65680000,1647043199999,1281060913.83551800,684407,248108.10420000,642646386.10719800,0
