Open Time,Open,High,Low,Close,Volume,Close Time,Quote Asset Volume,Number of trades,Taker Buy Base Asset Volume,Taker Buy Quote Asset volume
1664582400000,1328.71000000,1333.69000000,1302.68000000,1311.79000000,252081.90560000,1664668799999,332930112.02541200,347396,124307.81840000,164175871.43778200,0
