Open Time,Open,High,Low,Close,Volume,Close Time,Quote Asset Volume,Number of trades,Taker Buy Base Asset Volume,Taker Buy Quote Asset volume
1667520000000,1531.01000000,1680.00000000,1528.40000000,1644.78000000,935531.47810000,1667606399999,1503427052.72076800,1072186,476524.16780000,765537531.05385000,0
