Open Time,Open,High,Low,Close,Volume,Close Time,Quote Asset Volume,Number of trades,Taker Buy Base Asset Volume,Taker Buy Quote Asset volume
1648684800000,3385.80000000,3444.83000000,3261.35000000,3281.51000000,455091.23950000,1648771199999,1526047563.60251500,770564,216602.75050000,726452427.30871800,0
