Open Time,Open,High,Low,Close,Volume,Close Time,Quote Asset Volume,Number of trades,Taker Buy Base Asset Volume,Taker Buy Quote Asset volume
1657152000000,1186.57000000,1254.29000000,1163.18000000,1237.49000000,1001316.07900000,1657238399999,1208160386.33831300,877397,503991.63850000,608408627.11503000,0
