Open Time,Open,High,Low,Close,Volume,Close Time,Quote Asset Volume,Number of trades,Taker Buy Base Asset Volume,Taker Buy Quote Asset volume
1648598400000,3400.51000000,3446.90000000,3331.84000000,3385.79000000,356082.52310000,1648684799999,1206555998.56790400,675015,181916.41480000,616519459.51942800,0
