Open Time,Open,High,Low,Close,Volume,Close Time,Quote Asset Volume,Number of trades,Taker Buy Base Asset Volume,Taker Buy Quote Asset volume
1649203200000,3407.00000000,3407.50000000,3162.39000000,3168.51000000,736273.10470000,1649289599999,2411228209.98698500,1098773,348042.46290000,1140287731.80204400,0
