Open Time,Open,High,Low,Close,Volume,Close Time,Quote Asset Volume,Number of trades,Taker Buy Base Asset Volume,Taker Buy Quote Asset volume
1650326400000,3055.56000000,3131.00000000,3030.34000000,3101.77000000,359375.00380000,1650412799999,1106468538.11709800,521060,187636.84950000,577702948.84160700,0
