Open Time,Open,High,Low,Close,Volume,Close Time,Quote Asset Volume,Number of trades,Taker Buy Base Asset Volume,Taker Buy Quote Asset volume
1662422400000,1617.80000000,1687.40000000,1555.00000000,1559.01000000,1010722.85780000,1662508799999,1650513284.85284800,1294086,496027.97470000,810065371.43627600,0
