Open Time,Open,High,Low,Close,Volume,Close Time,Quote Asset Volume,Number of trades,Taker Buy Base Asset Volume,Taker Buy Quote Asset volume
1668297600000,1257.25000000,1274.23000000,1200.66000000,1221.49000000,547410.53040000,1668383999999,676891239.24415900,896665,265237.61420000,327948706.75412400,0
