Open Time,Open,High,Low,Close,Volume,Close Time,Quote Asset Volume,Number of trades,Taker Buy Base Asset Volume,Taker Buy Quote Asset volume
1657843200000,1193.42000000,1287.82000000,1181.05000000,1231.25000000,1466037.25840000,1657929599999,1794058728.78452100,1170632,730397.20750000,894408671.96577700,0
