Open Time,Open,High,Low,Close,Volume,Close Time,Quote Asset Volume,Number of trades,Taker Buy Base Asset Volume,Taker Buy Quote Asset volume
1656288000000,1197.79000000,1238.93000000,1172.49000000,1192.51000000,868734.20610000,1656374399999,1047407117.87767200,794157,420783.44430000,507473498.50435900,0
