Open Time,Open,High,Low,Close,Volume,Close Time,Quote Asset Volume,Number of trades,Taker Buy Base Asset Volume,Taker Buy Quote Asset volume
1673740800000,1549.91000000,1566.66000000,1516.03000000,1552.52000000,387832.71380000,1673827199999,596626752.29784300,590180,192499.68890000,296178077.15000100,0
