Open Time,Open,High,Low,Close,Volume,Close Time,Quote Asset Volume,Number of trades,Taker Buy Base Asset Volume,Taker Buy Quote Asset volume
1687737600000,1898.80000000,1909.10000000,1837.18000000,1858.97000000,458743.86100000,1687823999999,859537162.35561400,518009,221834.27490000,415653994.57101500,0
