Open Time,Open,High,Low,Close,Volume,Close Time,Quote Asset Volume,Number of trades,Taker Buy Base Asset Volume,Taker Buy Quote Asset volume
1684281600000,1824.21000000,1837.50000000,1783.68000000,1822.12000000,352097.99130000,1684367999999,637776970.83385500,524718,174614.82380000,316362266.89123300,0
