Open Time,Open,High,Low,Close,Volume,Close Time,Quote Asset Volume,Number of trades,Taker Buy Base Asset Volume,Taker Buy Quote Asset volume
1676592000000,1637.83000000,1722.00000000,1630.51000000,1693.87000000,579934.66300000,1676678399999,970891863.05829500,940022,298275.53360000,499403199.62122200,0
