Open Time,Open,High,Low,Close,Volume,Close Time,Quote Asset Volume,Number of trades,Taker Buy Base Asset Volume,Taker Buy Quote Asset volume
1675382400000,1643.12000000,1676.00000000,1625.93000000,1663.52000000,464815.03200000,1675468799999,766949169.43042200,714675,229573.04490000,378846983.90134100,0
