Open Time,Open,High,Low,Close,Volume,Close Time,Quote Asset Volume,Number of trades,Taker Buy Base Asset Volume,Taker Buy Quote Asset volume
1680739200000,1908.68000000,1909.91000000,1853.70000000,1872.41000000,396241.43520000,1680825599999,743618300.02400000,916688,190334.89780000,357167485.35243600,0
