Open Time,Open,High,Low,Close,Volume,Close Time,Quote Asset Volume,Number of trades,Taker Buy Base Asset Volume,Taker Buy Quote Asset volume
1678752000000,1673.44000000,1780.02000000,1655.24000000,1699.40000000,1283321.23550000,1678838399999,2195733827.91012200,1750035,666065.68120000,1139199433.36359000,0
