Open Time,Open,High,Low,Close,Volume,Close Time,Quote Asset Volume,Number of trades,Taker Buy Base Asset Volume,Taker Buy Quote Asset volume
1682035200000,1942.98000000,1957.27000000,1825.00000000,1848.78000000,688876.61860000,1682121599999,1306179482.09194200,868887,339964.18250000,644708261.74439500,0
