Open Time,Open,High,Low,Close,Volume,Close Time,Quote Asset Volume,Number of trades,Taker Buy Base Asset Volume,Taker Buy Quote Asset volume
1686528000000,1752.77000000,1759.33000000,1720.00000000,1742.57000000,302132.48190000,1686614399999,525467514.61960900,467392,154579.04660000,268848228.17760000,0
