Open Time,Open,High,Low,Close,Volume,Close Time,Quote Asset Volume,Number of trades,Taker Buy Base Asset Volume,Taker Buy Quote Asset volume
1679356800000,1732.77000000,1835.00000000,1717.01000000,1801.23000000,742348.49990000,1679443199999,1324018564.21103500,1166036,399394.24600000,712603682.26002500,0
