Open Time,Open,High,Low,Close,Volume,Close Time,Quote Asset Volume,Number of trades,Taker Buy Base Asset Volume,Taker Buy Quote Asset volume
1679875200000,1773.88000000,1780.48000000,1686.13000000,1715.22000000,570563.50230000,1679961599999,987197970.21984000,810253,274628.43020000,475175903.71022400,0
