Open Time,Open,High,Low,Close,Volume,Close Time,Quote Asset Volume,Number of trades,Taker Buy Base Asset Volume,Taker Buy Quote Asset volume
1680652800000,1870.38000000,1942.98000000,1864.58000000,1908.69000000,548595.51550000,1680739199999,1045846831.79156300,1077031,281338.72500000,536320635.93476500,0
