Open Time,Open,High,Low,Close,Volume,Close Time,Quote Asset Volume,Number of trades,Taker Buy Base Asset Volume,Taker Buy Quote Asset volume
1674518400000,1626.28000000,1641.46000000,1535.00000000,1555.97000000,462275.32430000,1674604799999,742483248.77844800,664260,219529.25860000,352794905.89212400,0
