Open Time,Open,High,Low,Close,Volume,Close Time,Quote Asset Volume,Number of trades,Taker Buy Base Asset Volume,Taker Buy Quote Asset volume
1689465600000,1931.41000000,1943.55000000,1914.00000000,1922.11000000,148667.10510000,1689551999999,286787440.45690100,253770,69691.91530000,134478359.19064900,0
