Open Time,Open,High,Low,Close,Volume,Close Time,Quote Asset Volume,Number of trades,Taker Buy Base Asset Volume,Taker Buy Quote Asset volume
1690156800000,1888.74000000,1890.86000000,1833.19000000,1850.00000000,276504.55470000,1690243199999,512402907.45784500,336366,132903.49640000,246198594.77742200,0
