Open Time,Open,High,Low,Close,Volume,Close Time,Quote Asset Volume,Number of trades,Taker Buy Base Asset Volume,Taker Buy Quote Asset volume
1680825600000,1872.41000000,1882.61000000,1841.46000000,1863.72000000,284256.48730000,1680911999999,528718750.37856600,829061,143802.12850000,267474497.28292800,0
