Open Time,Open,High,Low,Close,Volume,Close Time,Quote Asset Volume,Number of trades,Taker Buy Base Asset Volume,Taker Buy Quote Asset volume
1679011200000,1673.73000000,1800.00000000,1662.65000000,1789.27000000,907528.28250000,1679097599999,1569265196.45290500,1293055,476255.49480000,824016896.56973400,0
