Open Time,Open,High,Low,Close,Volume,Close Time,Quote Asset Volume,Number of trades,Taker Buy Base Asset Volume,Taker Buy Quote Asset volume
1675555200000,1666.39000000,1673.81000000,1609.30000000,1629.02000000,413579.67480000,1675641599999,680127291.92674400,680427,198540.87760000,326481458.83642700,0
