Open Time,Open,High,Low,Close,Volume,Close Time,Quote Asset Volume,Number of trades,Taker Buy Base Asset Volume,Taker Buy Quote Asset volume
1678147200000,1565.84000000,1584.49000000,1536.14000000,1561.96000000,437947.90320000,1678233599999,682865640.74441200,601157,222838.17140000,347497907.93612200,0
