Open Time,Open,High,Low,Close,Volume,Close Time,Quote Asset Volume,Number of trades,Taker Buy Base Asset Volume,Taker Buy Quote Asset volume
1676332800000,1505.25000000,1569.00000000,1482.66000000,1555.71000000,668964.37680000,1676419199999,1021642935.31397500,861338,329786.21830000,503918880.17247300,0
