Open Time,Open,High,Low,Close,Volume,Close Time,Quote Asset Volume,Number of trades,Taker Buy Base Asset Volume,Taker Buy Quote Asset volume
1684108800000,1799.20000000,1846.70000000,1785.05000000,1816.20000000,388171.92610000,1684195199999,708011632.17470900,503728,200878.52120000,366433193.42835400,0
