Open Time,Open,High,Low,Close,Volume,Close Time,Quote Asset Volume,Number of trades,Taker Buy Base Asset Volume,Taker Buy Quote Asset volume
1683676800000,1846.53000000,1887.47000000,1790.51000000,1840.84000000,639933.38550000,1683763199999,1182254717.03221500,802140,315762.39530000,583244341.86798100,0
