Open Time,Open,High,Low,Close,Volume,Close Time,Quote Asset Volume,Number of trades,Taker Buy Base Asset Volume,Taker Buy Quote Asset volume
1688860800000,1865.24000000,1879.36000000,1856.15000000,1862.80000000,135046.37430000,1688947199999,252189550.05161000,234925,67977.91700000,126943043.66060800,0
