Open Time,Open,High,Low,Close,Volume,Close Time,Quote Asset Volume,Number of trades,Taker Buy Base Asset Volume,Taker Buy Quote Asset volume
1672876800000,1256.91000000,1259.95000000,1242.81000000,1251.24000000,272805.33000000,1672963199999,341379819.27811000,339445,137396.56290000,171968288.82744000,0
