Open Time,Open,High,Low,Close,Volume,Close Time,Quote Asset Volume,Number of trades,Taker Buy Base Asset Volume,Taker Buy Quote Asset volume
1683158400000,1905.12000000,1918.26000000,1866.71000000,1877.07000000,354528.61440000,1683244799999,670584503.65961900,525802,172127.95090000,325526383.58993200,0
