Open Time,Open,High,Low,Close,Volume,Close Time,Quote Asset Volume,Number of trades,Taker Buy Base Asset Volume,Taker Buy Quote Asset volume
1688601600000,1910.35000000,1958.00000000,1846.00000000,1846.17000000,456362.74100000,1688687999999,868009586.22327000,519031,225559.18200000,429043301.00454300,0
