Open Time,Open,High,Low,Close,Volume,Close Time,Quote Asset Volume,Number of trades,Taker Buy Base Asset Volume,Taker Buy Quote Asset volume
1676505600000,1674.92000000,1742.97000000,1633.72000000,1637.84000000,832723.67310000,1676591999999,1408096156.86621600,1220762,422120.24950000,714045600.34428200,0
