Open Time,Open,High,Low,Close,Volume,Close Time,Quote Asset Volume,Number of trades,Taker Buy Base Asset Volume,Taker Buy Quote Asset volume
1686009600000,1810.49000000,1898.29000000,1797.18000000,1884.64000000,491407.21740000,1686095999999,907660359.42596600,616201,254098.02440000,469823908.55393200,0
