Open Time,Open,High,Low,Close,Volume,Close Time,Quote Asset Volume,Number of trades,Taker Buy Base Asset Volume,Taker Buy Quote Asset volume
1672704000000,1213.99000000,1219.89000000,1204.93000000,1214.55000000,205519.49440000,1672790399999,249325343.25224500,296709,97873.35150000,118760573.01080900,0
