Open Time,Open,High,Low,Close,Volume,Close Time,Quote Asset Volume,Number of trades,Taker Buy Base Asset Volume,Taker Buy Quote Asset volume
1680307200000,1821.52000000,1842.83000000,1807.81000000,1820.79000000,272904.96740000,1680393599999,497460628.07619100,579259,138942.81390000,253278130.99517100,0
