Open Time,Open,High,Low,Close,Volume,Close Time,Quote Asset Volume,Number of trades,Taker Buy Base Asset Volume,Taker Buy Quote Asset volume
1687219200000,1737.10000000,1796.99000000,1714.72000000,1791.99000000,328855.68460000,1687305599999,577529266.78921700,459724,168345.97910000,295848851.47750900,0
