Open Time,Open,High,Low,Close,Volume,Close Time,Quote Asset Volume,Number of trades,Taker Buy Base Asset Volume,Taker Buy Quote Asset volume
1678406400000,1437.32000000,1439.43000000,1368.39000000,1426.44000000,960262.45090000,1678492799999,1353741388.82725900,1155209,462418.62320000,651918990.29194400,0
