Open Time,Open,High,Low,Close,Volume,Close Time,Quote Asset Volume,Number of trades,Taker Buy Base Asset Volume,Taker Buy Quote Asset volume
1678579200000,1471.93000000,1594.19000000,1448.30000000,1580.33000000,1002355.09290000,1678665599999,1506839740.46965400,1253899,507616.32810000,763938923.68304300,0
