Open Time,Open,High,Low,Close,Volume,Close Time,Quote Asset Volume,Number of trades,Taker Buy Base Asset Volume,Taker Buy Quote Asset volume
1689724800000,1897.21000000,1922.04000000,1882.17000000,1888.63000000,218045.00050000,1689811199999,415268112.54340100,266831,108435.73970000,206536797.50756000,0
