Open Time,Open,High,Low,Close,Volume,Close Time,Quote Asset Volume,Number of trades,Taker Buy Base Asset Volume,Taker Buy Quote Asset volume
1674432000000,1627.43000000,1648.09000000,1585.29000000,1626.29000000,407267.11560000,1674518399999,662442276.00664200,602844,203026.46690000,330314516.70695300,0
