Open Time,Open,High,Low,Close,Volume,Close Time,Quote Asset Volume,Number of trades,Taker Buy Base Asset Volume,Taker Buy Quote Asset volume
1672617600000,1200.33000000,1224.29000000,1193.00000000,1214.00000000,252794.14000000,1672703999999,306657437.52747900,330000,123469.94340000,149737175.61059500,0
