Open Time,Open,High,Low,Close,Volume,Close Time,Quote Asset Volume,Number of trades,Taker Buy Base Asset Volume,Taker Buy Quote Asset volume
1676678400000,1693.81000000,1713.13000000,1679.77000000,1691.62000000,267305.78130000,1676764799999,452969773.61025000,457982,131392.36670000,222669375.87025800,0
