Open Time,Open,High,Low,Close,Volume,Close Time,Quote Asset Volume,Number of trades,Taker Buy Base Asset Volume,Taker Buy Quote Asset volume
1675900800000,1650.42000000,1656.17000000,1524.40000000,1545.35000000,658011.69640000,1675987199999,1054014372.58339200,973879,317244.93660000,508466128.35203400,0
