Open Time,Open,High,Low,Close,Volume,Close Time,Quote Asset Volume,Number of trades,Taker Buy Base Asset Volume,Taker Buy Quote Asset volume
1681516800000,2099.99000000,2111.85000000,2071.13000000,2090.60000000,321823.78510000,1681603199999,674260851.49151000,505299,159120.98000000,333402759.03928600,0
