Open Time,Open,High,Low,Close,Volume,Close Time,Quote Asset Volume,Number of trades,Taker Buy Base Asset Volume,Taker Buy Quote Asset volume
1681603200000,2090.61000000,2141.54000000,2072.72000000,2118.67000000,319880.43930000,1681689599999,673034613.41583500,529231,162518.13280000,341954921.31303200,0
