Open Time,Open,High,Low,Close,Volume,Close Time,Quote Asset Volume,Number of trades,Taker Buy Base Asset Volume,Taker Buy Quote Asset volume
1681776000000,2073.99000000,2125.00000000,2051.00000000,2103.50000000,414244.61350000,1681862399999,867291463.56982800,636801,205943.01880000,431182409.02291400,0
