Open Time,Open,High,Low,Close,Volume,Close Time,Quote Asset Volume,Number of trades,Taker Buy Base Asset Volume,Taker Buy Quote Asset volume
1678838400000,1699.41000000,1716.90000000,1611.00000000,1649.96000000,963142.48330000,1678924799999,1602460705.89569500,1388384,463785.20990000,771970600.26940200,0
