Open Time,Open,High,Low,Close,Volume,Close Time,Quote Asset Volume,Number of trades,Taker Buy Base Asset Volume,Taker Buy Quote Asset volume
1685923200000,1890.00000000,1890.63000000,1778.00000000,1810.50000000,555361.26830000,1686009599999,1017689609.36225600,688879,253634.64500000,464638835.75944900,0
