Open Time,Open,High,Low,Close,Volume,Close Time,Quote Asset Volume,Number of trades,Taker Buy Base Asset Volume,Taker Buy Quote Asset volume
1687824000000,1858.97000000,1912.53000000,1855.19000000,1889.58000000,366634.57070000,1687910399999,690855987.04133200,437184,195382.36640000,368354695.94773100,0
