Open Time,Open,High,Low,Close,Volume,Close Time,Quote Asset Volume,Number of trades,Taker Buy Base Asset Volume,Taker Buy Quote Asset volume
1685318400000,1908.64000000,1927.62000000,1873.65000000,1892.60000000,313593.49420000,1685404799999,596236148.90988500,445895,158390.34480000,301175186.43959400,0
