Open Time,Open,High,Low,Close,Volume,Close Time,Quote Asset Volume,Number of trades,Taker Buy Base Asset Volume,Taker Buy Quote Asset volume
1687046400000,1727.75000000,1747.84000000,1712.00000000,1720.95000000,156535.01280000,1687132799999,270948973.41748400,273858,79223.60390000,137159225.73341200,0
