Open Time,Open,High,Low,Close,Volume,Close Time,Quote Asset Volume,Number of trades,Taker Buy Base Asset Volume,Taker Buy Quote Asset volume
1685836800000,1892.05000000,1914.63000000,1884.22000000,1890.01000000,172683.01190000,1685923199999,328166899.06235400,289973,85783.12010000,163026354.23802600,0
