Open Time,Open,High,Low,Close,Volume,Close Time,Quote Asset Volume,Number of trades,Taker Buy Base Asset Volume,Taker Buy Quote Asset volume
1684886400000,1854.06000000,1854.09000000,1777.60000000,1799.89000000,420846.14450000,1684972799999,761360360.59788700,554307,193455.11130000,349797434.17615900,0
