Open Time,Open,High,Low,Close,Volume,Close Time,Quote Asset Volume,Number of trades,Taker Buy Base Asset Volume,Taker Buy Quote Asset volume
1677974400000,1566.74000000,1588.77000000,1553.05000000,1564.58000000,299240.74150000,1678060799999,469729098.46273800,505034,146252.85710000,229586295.58138200,0
