Open Time,Open,High,Low,Close,Volume,Close Time,Quote Asset Volume,Number of trades,Taker Buy Base Asset Volume,Taker Buy Quote Asset volume
1677024000000,1659.77000000,1666.95000000,1595.07000000,1643.14000000,528875.48090000,1677110399999,861982489.01657100,887617,261477.29490000,426091167.73571900,0
