Open Time,Open,High,Low,Close,Volume,Close Time,Quote Asset Volume,Number of trades,Taker Buy Base Asset Volume,Taker Buy Quote Asset volume
1683504000000,1870.41000000,1883.97000000,1810.73000000,1847.56000000,625316.61680000,1683590399999,1157603209.76185400,885693,308193.85070000,570302849.74666500,0
