Open Time,Open,High,Low,Close,Volume,Close Time,Quote Asset Volume,Number of trades,Taker Buy Base Asset Volume,Taker Buy Quote Asset volume
1685664000000,1861.78000000,1910.00000000,1847.51000000,1906.68000000,313004.06580000,1685750399999,591169483.09944700,456788,157874.04030000,298230534.99306600,0
