Open Time,Open,High,Low,Close,Volume,Close Time,Quote Asset Volume,Number of trades,Taker Buy Base Asset Volume,Taker Buy Quote Asset volume
1686873600000,1666.96000000,1729.50000000,1649.86000000,1717.92000000,311734.59040000,1686959999999,525393264.96220100,408176,158600.07400000,267168521.19164600,0
