Open Time,Open,High,Low,Close,Volume,Close Time,Quote Asset Volume,Number of trades,Taker Buy Base Asset Volume,Taker Buy Quote Asset volume
1677283200000,1607.80000000,1608.98000000,1557.33000000,1594.58000000,290188.03910000,1677369599999,462128193.10439300,532834,144096.23470000,229488719.31488000,0
