Open Time,Open,High,Low,Close,Volume,Close Time,Quote Asset Volume,Number of trades,Taker Buy Base Asset Volume,Taker Buy Quote Asset volume
1682812800000,1907.79000000,1939.00000000,1866.16000000,1870.09000000,355336.48880000,1682899199999,677913240.81466200,552933,176787.43370000,337334018.00262500,0
