Open Time,Open,High,Low,Close,Volume,Close Time,Quote Asset Volume,Number of trades,Taker Buy Base Asset Volume,Taker Buy Quote Asset volume
1678665600000,1580.33000000,1693.49000000,1565.00000000,1673.45000000,1228063.60530000,1678751999999,1992277884.79634100,1671283,631386.30580000,1024622574.37087000,0
