Open Time,Open,High,Low,Close,Volume,Close Time,Quote Asset Volume,Number of trades,Taker Buy Base Asset Volume,Taker Buy Quote Asset volume
1677456000000,1641.37000000,1665.22000000,1608.00000000,1633.45000000,431861.41290000,1677542399999,707841123.05760700,679771,215202.89280000,352736478.15414300,0
