Open Time,Open,High,Low,Close,Volume,Close Time,Quote Asset Volume,Number of trades,Taker Buy Base Asset Volume,Taker Buy Quote Asset volume
1679097600000,1789.26000000,1841.00000000,1747.47000000,1758.84000000,711614.73100000,1679183999999,1280189359.42454900,1115890,353131.96710000,635373026.20256500,0
