Open Time,Open,High,Low,Close,Volume,Close Time,Quote Asset Volume,Number of trades,Taker Buy Base Asset Volume,Taker Buy Quote Asset volume
1686960000000,1717.91000000,1770.00000000,1714.26000000,1727.76000000,210914.92160000,1687046399999,366944179.32063700,359758,107260.84850000,186631806.83369700,0
