Open Time,Open,High,Low,Close,Volume,Close Time,Quote Asset Volume,Number of trades,Taker Buy Base Asset Volume,Taker Buy Quote Asset volume
1686700800000,1740.12000000,1750.03000000,1630.43000000,1650.95000000,415847.32700000,1686787199999,705586390.23398100,572996,198035.00600000,335772562.74237700,0
