Open Time,Open,High,Low,Close,Volume,Close Time,Quote Asset Volume,Number of trades,Taker Buy Base Asset Volume,Taker Buy Quote Asset volume
1672531200000,1196.13000000,1204.67000000,1190.57000000,1200.34000000,117762.06850000,1672617599999,141014996.65570800,233151,60055.50070000,71918680.42880500,0
