Open Time,Open,High,Low,Close,Volume,Close Time,Quote Asset Volume,Number of trades,Taker Buy Base Asset Volume,Taker Buy Quote Asset volume
1680048000000,1773.00000000,1827.99000000,1772.48000000,1793.07000000,536865.59720000,1680134399999,967342311.08223400,810500,283946.54590000,511607922.31168300,0
