Open Time,Open,High,Low,Close,Volume,Close Time,Quote Asset Volume,Number of trades,Taker Buy Base Asset Volume,Taker Buy Quote Asset volume
1674864000000,1597.61000000,1606.83000000,1555.99000000,1572.10000000,313675.65740000,1674950399999,496009423.63276900,461988,159807.55300000,252625590.62853900,0
