Open Time,Open,High,Low,Close,Volume,Close Time,Quote Asset Volume,Number of trades,Taker Buy Base Asset Volume,Taker Buy Quote Asset volume
1680480000000,1794.51000000,1839.99000000,1762.77000000,1810.51000000,628503.66190000,1680566399999,1131436800.43707300,1098681,318256.91810000,573104096.04297000,0
