Open Time,Open,High,Low,Close,Volume,Close Time,Quote Asset Volume,Number of trades,Taker Buy Base Asset Volume,Taker Buy Quote Asset volume
1680566400000,1810.51000000,1891.91000000,1802.01000000,1870.37000000,622208.64110000,1680652799999,1151551698.65326800,1087425,324318.04740000,599946499.35902300,0
