Open Time,Open,High,Low,Close,Volume,Close Time,Quote Asset Volume,Number of trades,Taker Buy Base Asset Volume,Taker Buy Quote Asset volume
1675641600000,1629.01000000,1658.56000000,1605.01000000,1614.29000000,384119.41970000,1675727999999,626831152.68758600,636588,191802.79320000,313101318.53959700,0
