Open Time,Open,High,Low,Close,Volume,Close Time,Quote Asset Volume,Number of trades,Taker Buy Base Asset Volume,Taker Buy Quote Asset volume
1690243200000,1850.00000000,1868.71000000,1845.45000000,1857.66000000,152251.21000000,1690329599999,282696600.92125700,248856,74772.69460000,138842172.88567400,0
