Open Time,Open,High,Low,Close,Volume,Close Time,Quote Asset Volume,Number of trades,Taker Buy Base Asset Volume,Taker Buy Quote Asset volume
1687996800000,1828.03000000,1880.00000000,1827.84000000,1851.99000000,241844.82810000,1688083199999,448678322.17682200,350823,123194.61910000,228587452.24364900,0
