Open Time,Open,High,Low,Close,Volume,Close Time,Quote Asset Volume,Number of trades,Taker Buy Base Asset Volume,Taker Buy Quote Asset volume
1681948800000,1933.74000000,1982.99000000,1914.43000000,1942.98000000,625336.24950000,1682035199999,1218184973.29939600,869619,307551.80710000,598986977.59446400,0
