Open Time,Open,High,Low,Close,Volume,Close Time,Quote Asset Volume,Number of trades,Taker Buy Base Asset Volume,Taker Buy Quote Asset volume
1675296000000,1641.67000000,1714.68000000,1626.85000000,1643.12000000,629188.88740000,1675382399999,1052104526.87265700,939545,314689.80730000,526350550.18805000,0
