Open Time,Open,High,Low,Close,Volume,Close Time,Quote Asset Volume,Number of trades,Taker Buy Base Asset Volume,Taker Buy Quote Asset volume
1689120000000,1878.31000000,1902.00000000,1864.37000000,1871.82000000,264406.86730000,1689206399999,498567734.55913300,338468,127657.95260000,240728674.89619800,0
