Open Time,Open,High,Low,Close,Volume,Close Time,Quote Asset Volume,Number of trades,Taker Buy Base Asset Volume,Taker Buy Quote Asset volume
1689379200000,1937.82000000,1946.37000000,1926.23000000,1931.41000000,135181.76630000,1689465599999,261553961.16751500,242818,65759.39380000,127241697.85754400,0
