Open Time,Open,High,Low,Close,Volume,Close Time,Quote Asset Volume,Number of trades,Taker Buy Base Asset Volume,Taker Buy Quote Asset volume
1677369600000,1594.58000000,1651.26000000,1587.76000000,1641.36000000,308607.99410000,1677455999999,499002379.52012900,544008,153077.93880000,247588746.29951300,0
