Open Time,Open,High,Low,Close,Volume,Close Time,Quote Asset Volume,Number of trades,Taker Buy Base Asset Volume,Taker Buy Quote Asset volume
1688515200000,1936.19000000,1942.50000000,1894.51000000,1910.36000000,267633.47830000,1688601599999,512774138.21894900,362985,128057.05960000,245340739.07556300,0
