Open Time,Open,High,Low,Close,Volume,Close Time,Quote Asset Volume,Number of trades,Taker Buy Base Asset Volume,Taker Buy Quote Asset volume
1680220800000,1793.60000000,1847.28000000,1777.91000000,1821.52000000,554525.47620000,1680307199999,1006896937.02525400,902956,289189.75500000,525237162.94212700,0
