Open Time,Open,High,Low,Close,Volume,Close Time,Quote Asset Volume,Number of trades,Taker Buy Base Asset Volume,Taker Buy Quote Asset volume
1686096000000,1884.65000000,1897.80000000,1821.18000000,1832.13000000,429196.70640000,1686182399999,796856688.86671300,594071,201074.79930000,373411267.73444600,0
