Open Time,Open,High,Low,Close,Volume,Close Time,Quote Asset Volume,Number of trades,Taker Buy Base Asset Volume,Taker Buy Quote Asset volume
1683590400000,1847.55000000,1861.88000000,1830.99000000,1846.52000000,304396.18600000,1683676799999,561440259.79089500,517737,154195.20710000,284409845.64507900,0
