Open Time,Open,High,Low,Close,Volume,Close Time,Quote Asset Volume,Number of trades,Taker Buy Base Asset Volume,Taker Buy Quote Asset volume
1673222400000,1290.15000000,1344.91000000,1285.44000000,1320.39000000,581727.69680000,1673308799999,766640085.93039700,667559,290264.29760000,382393990.07095700,0
