Open Time,Open,High,Low,Close,Volume,Close Time,Quote Asset Volume,Number of trades,Taker Buy Base Asset Volume,Taker Buy Quote Asset volume
1683072000000,1870.09000000,1916.52000000,1842.64000000,1905.12000000,465185.25010000,1683158399999,871222153.95979200,751579,239749.08060000,449104177.86407200,0
