Open Time,Open,High,Low,Close,Volume,Close Time,Quote Asset Volume,Number of trades,Taker Buy Base Asset Volume,Taker Buy Quote Asset volume
1687392000000,1889.10000000,1933.17000000,1865.98000000,1872.01000000,416714.57190000,1687478399999,791056016.14617600,536410,196874.68600000,373931527.58078600,0
