Open Time,Open,High,Low,Close,Volume,Close Time,Quote Asset Volume,Number of trades,Taker Buy Base Asset Volume,Taker Buy Quote Asset volume
1679788800000,1741.88000000,1801.00000000,1739.31000000,1773.88000000,354933.23720000,1679875199999,627660488.27267000,592618,178518.26690000,315691892.31925400,0
