Open Time,Open,High,Low,Close,Volume,Close Time,Quote Asset Volume,Number of trades,Taker Buy Base Asset Volume,Taker Buy Quote Asset volume
1679702400000,1749.57000000,1763.23000000,1713.09000000,1741.88000000,355679.37430000,1679788799999,620341997.18351200,620651,174749.28340000,304837439.68175700,0
