Open Time,Open,High,Low,Close,Volume,Close Time,Quote Asset Volume,Number of trades,Taker Buy Base Asset Volume,Taker Buy Quote Asset volume
1674345600000,1626.65000000,1663.89000000,1604.00000000,1627.44000000,431729.69090000,1674431999999,703883818.61740500,550009,216146.21790000,352401960.26031500,0
