Open Time,Open,High,Low,Close,Volume,Close Time,Quote Asset Volume,Number of trades,Taker Buy Base Asset Volume,Taker Buy Quote Asset volume
1686355200000,1840.37000000,1844.99000000,1715.03000000,1751.53000000,652324.66950000,1686441599999,1148312156.52559600,877410,298962.65330000,525884490.13860500,0
