Open Time,Open,High,Low,Close,Volume,Close Time,Quote Asset Volume,Number of trades,Taker Buy Base Asset Volume,Taker Buy Quote Asset volume
1675728000000,1614.28000000,1678.37000000,1613.14000000,1671.03000000,451922.40000000,1675814399999,743635216.72855200,746572,234924.05250000,386597449.58271800,0
