Open Time,Open,High,Low,Close,Volume,Close Time,Quote Asset Volume,Number of trades,Taker Buy Base Asset Volume,Taker Buy Quote Asset volume
1675036800000,1644.73000000,1647.53000000,1535.00000000,1566.20000000,595055.32810000,1675123199999,945663093.91811700,783703,287321.04070000,456477684.32953700,0
