Open Time,Open,High,Low,Close,Volume,Close Time,Quote Asset Volume,Number of trades,Taker Buy Base Asset Volume,Taker Buy Quote Asset volume
1687478400000,1872.00000000,1936.42000000,1861.01000000,1892.63000000,401147.93240000,1687564799999,760352485.33668100,531784,196520.65020000,372600003.36950400,0
