Open Time,Open,High,Low,Close,Volume,Close Time,Quote Asset Volume,Number of trades,Taker Buy Base Asset Volume,Taker Buy Quote Asset volume
1684972800000,1799.89000000,1818.81000000,1761.41000000,1805.60000000,350633.00890000,1685059199999,628769352.44257100,482899,164410.16270000,294794104.35496200,0
