Open Time,Open,High,Low,Close,Volume,Close Time,Quote Asset Volume,Number of trades,Taker Buy Base Asset Volume,Taker Buy Quote Asset volume
1673568000000,1415.91000000,1464.00000000,1401.03000000,1451.20000000,499377.86490000,1673654399999,709963291.54162900,670535,259443.25480000,368821974.14258700,0
