Open Time,Open,High,Low,Close,Volume,Close Time,Quote Asset Volume,Number of trades,Taker Buy Base Asset Volume,Taker Buy Quote Asset volume
1682899200000,1870.08000000,1886.49000000,1806.12000000,1830.73000000,445519.17790000,1682985599999,818821593.69484900,647788,220514.81130000,405281273.92910800,0
