Open Time,Open,High,Low,Close,Volume,Close Time,Quote Asset Volume,Number of trades,Taker Buy Base Asset Volume,Taker Buy Quote Asset volume
1687132800000,1720.95000000,1752.19000000,1698.00000000,1737.11000000,245162.75890000,1687219199999,422827205.77548900,366143,120432.59420000,207735564.79235500,0
