Open Time,Open,High,Low,Close,Volume,Close Time,Quote Asset Volume,Number of trades,Taker Buy Base Asset Volume,Taker Buy Quote Asset volume
1677542400000,1633.45000000,1647.52000000,1596.66000000,1605.23000000,393523.16470000,1677628799999,640150766.31120500,626287,192261.47580000,312879269.16716000,0
