Open Time,Open,High,Low,Close,Volume,Close Time,Quote Asset Volume,Number of trades,Taker Buy Base Asset Volume,Taker Buy Quote Asset volume
1690070400000,1866.52000000,1905.25000000,1857.82000000,1888.73000000,153501.01780000,1690156799999,288736391.86133800,254227,77750.79530000,146207958.76945200,0
