Open Time,Open,High,Low,Close,Volume,Close Time,Quote Asset Volume,Number of trades,Taker Buy Base Asset Volume,Taker Buy Quote Asset volume
1678924800000,1649.95000000,1691.42000000,1632.18000000,1673.73000000,627985.61190000,1679011199999,1040043241.14028500,1004406,325261.19930000,538689586.43263500,0
