Open Time,Open,High,Low,Close,Volume,Close Time,Quote Asset Volume,Number of trades,Taker Buy Base Asset Volume,Taker Buy Quote Asset volume
1674086400000,1511.44000000,1564.43000000,1509.15000000,1551.09000000,308679.46450000,1674172799999,473220810.93493000,477203,157860.33640000,242038742.95130500,0
