Open Time,Open,High,Low,Close,Volume,Close Time,Quote Asset Volume,Number of trades,Taker Buy Base Asset Volume,Taker Buy Quote Asset volume
1689292800000,2004.49000000,2029.11000000,1898.39000000,1937.83000000,498724.03590000,1689379199999,982369872.01990000,604687,233071.08200000,459199490.67721600,0
