Open Time,Open,High,Low,Close,Volume,Close Time,Quote Asset Volume,Number of trades,Taker Buy Base Asset Volume,Taker Buy Quote Asset volume
1689984000000,1891.73000000,1897.35000000,1851.18000000,1866.52000000,131901.64870000,1690070399999,247820592.76861300,240897,63386.28070000,119075556.07967700,0
