Open Time,Open,High,Low,Close,Volume,Close Time,Quote Asset Volume,Number of trades,Taker Buy Base Asset Volume,Taker Buy Quote Asset volume
1683331200000,1993.30000000,2019.00000000,1860.00000000,1896.33000000,608106.99150000,1683417599999,1169939393.31277700,868626,309602.22270000,595756528.40079700,0
