Open Time,Open,High,Low,Close,Volume,Close Time,Quote Asset Volume,Number of trades,Taker Buy Base Asset Volume,Taker Buy Quote Asset volume
1675209600000,1585.32000000,1647.77000000,1555.18000000,1641.68000000,474617.17090000,1675295999999,757974339.88815100,795274,246070.22170000,393191559.89692000,0
