Open Time,Open,High,Low,Close,Volume,Close Time,Quote Asset Volume,Number of trades,Taker Buy Base Asset Volume,Taker Buy Quote Asset volume
1680998400000,1848.82000000,1873.99000000,1824.01000000,1858.92000000,287131.30790000,1681084799999,529878494.84037300,953458,146393.82950000,270125898.84310500,0
