Open Time,Open,High,Low,Close,Volume,Close Time,Quote Asset Volume,Number of trades,Taker Buy Base Asset Volume,Taker Buy Quote Asset volume
1685491200000,1900.58000000,1907.13000000,1846.95000000,1873.63000000,319255.56810000,1685577599999,597360395.54403400,451133,149451.08700000,279624016.04226000,0
