Open Time,Open,High,Low,Close,Volume,Close Time,Quote Asset Volume,Number of trades,Taker Buy Base Asset Volume,Taker Buy Quote Asset volume
1681862400000,2103.51000000,2104.60000000,1923.03000000,1933.73000000,775389.06020000,1681948799999,1547934187.85902000,1116849,381226.96410000,760478525.51605500,0
