Open Time,Open,High,Low,Close,Volume,Close Time,Quote Asset Volume,Number of trades,Taker Buy Base Asset Volume,Taker Buy Quote Asset volume
1677801600000,1647.86000000,1649.25000000,1544.39000000,1569.45000000,742816.59760000,1677887999999,1166573996.74423600,1008133,356042.86570000,558918754.56633500,0
