Open Time,Open,High,Low,Close,Volume,Close Time,Quote Asset Volume,Number of trades,Taker Buy Base Asset Volume,Taker Buy Quote Asset volume
1682121600000,1848.77000000,1887.31000000,1841.64000000,1874.16000000,331007.58790000,1682207999999,616579601.31176500,451499,168125.14090000,313147831.35700900,0
