Open Time,Open,High,Low,Close,Volume,Close Time,Quote Asset Volume,Number of trades,Taker Buy Base Asset Volume,Taker Buy Quote Asset volume
1673654400000,1451.21000000,1599.98000000,1449.14000000,1549.90000000,940691.77740000,1673740799999,1444283818.18917100,1187799,482842.22190000,741178178.57722300,0
