Open Time,Open,High,Low,Close,Volume,Close Time,Quote Asset Volume,Number of trades,Taker Buy Base Asset Volume,Taker Buy Quote Asset volume
1677196800000,1650.52000000,1664.66000000,1575.64000000,1607.80000000,512515.49820000,1677283199999,831164574.11824000,829249,244939.45620000,397377091.02658000,0
