Open Time,Open,High,Low,Close,Volume,Close Time,Quote Asset Volume,Number of trades,Taker Buy Base Asset Volume,Taker Buy Quote Asset volume
1677888000000,1569.45000000,1577.53000000,1549.12000000,1566.73000000,237640.26060000,1677974399999,371865636.79445600,442158,114523.63960000,179242456.92659000,0
