Open Time,Open,High,Low,Close,Volume,Close Time,Quote Asset Volume,Number of trades,Taker Buy Base Asset Volume,Taker Buy Quote Asset volume
1673136000000,1264.06000000,1296.00000000,1257.77000000,1290.16000000,213636.78480000,1673222399999,271373377.53005800,341498,113501.53300000,144256844.74656900,0
