Open Time,Open,High,Low,Close,Volume,Close Time,Quote Asset Volume,Number of trades,Taker Buy Base Asset Volume,Taker Buy Quote Asset volume
1673827200000,1552.52000000,1604.50000000,1521.31000000,1576.94000000,574622.89530000,1673913599999,897953752.92998400,802443,283353.43660000,442958606.02847900,0
