Open Time,Open,High,Low,Close,Volume,Close Time,Quote Asset Volume,Number of trades,Taker Buy Base Asset Volume,Taker Buy Quote Asset volume
1684454400000,1800.56000000,1829.54000000,1796.81000000,1812.32000000,243116.46760000,1684540799999,440291732.35087900,390917,125305.64520000,226950073.64205800,0
