Open Time,Open,High,Low,Close,Volume,Close Time,Quote Asset Volume,Number of trades,Taker Buy Base Asset Volume,Taker Buy Quote Asset volume
1687305600000,1791.99000000,1901.00000000,1787.38000000,1889.11000000,613755.88690000,1687391999999,1132377905.48890200,699689,301882.53500000,557089886.05291200,0
