Open Time,Open,High,Low,Close,Volume,Close Time,Quote Asset Volume,Number of trades,Taker Buy Base Asset Volume,Taker Buy Quote Asset volume
1678492800000,1426.43000000,1478.07000000,1408.40000000,1471.97000000,1374859.62010000,1678579199999,1987926852.34837400,1467256,674055.15040000,975054688.50936100,0
