Open Time,Open,High,Low,Close,Volume,Close Time,Quote Asset Volume,Number of trades,Taker Buy Base Asset Volume,Taker Buy Quote Asset volume
1681430400000,2012.00000000,2128.76000000,2009.22000000,2099.99000000,896307.39340000,1681516799999,1877719501.12373200,1182309,463960.15560000,971826170.99483100,0
