Open Time,Open,High,Low,Close,Volume,Close Time,Quote Asset Volume,Number of trades,Taker Buy Base Asset Volume,Taker Buy Quote Asset volume
1686441600000,1751.52000000,1778.25000000,1738.72000000,1752.76000000,219956.24340000,1686527999999,385656545.95023800,378921,104970.10390000,184058191.29345500,0
