Open Time,Open,High,Low,Close,Volume,Close Time,Quote Asset Volume,Number of trades,Taker Buy Base Asset Volume,Taker Buy Quote Asset volume
1689552000000,1922.12000000,1936.18000000,1873.26000000,1911.20000000,277159.03490000,1689638399999,528662412.29765800,391391,134997.43870000,257602038.11976900,0
