Open Time,Open,High,Low,Close,Volume,Close Time,Quote Asset Volume,Number of trades,Taker Buy Base Asset Volume,Taker Buy Quote Asset volume
1676073600000,1513.05000000,1543.00000000,1505.00000000,1538.51000000,289691.57080000,1676159999999,440657107.72833800,440506,141579.89910000,215368016.23377700,0
