Open Time,Open,High,Low,Close,Volume,Close Time,Quote Asset Volume,Number of trades,Taker Buy Base Asset Volume,Taker Buy Quote Asset volume
1508889600000,5506.92000000,5704.96000000,5286.98000000,5689.99000000,2282.81320500,1508975999999,12544847.89154201,12026,1102.09132600,6072831.20164732,0
