Open Time,Open,High,Low,Close,Volume,Close Time,Quote Asset Volume,Number of trades,Taker Buy Base Asset Volume,Taker Buy Quote Asset volume
1510444800000,6245.05000000,6630.00000000,5325.01000000,5811.03000000,4968.48306900,1510531199999,29711508.60084671,31069,2267.41074400,13607604.41635319,0
