Open Time,Open,High,Low,Close,Volume,Close Time,Quote Asset Volume,Number of trades,Taker Buy Base Asset Volume,Taker Buy Quote Asset volume
1513555200000,18860.04000000,19300.00000000,17029.98000000,18856.25000000,10624.63307100,1513641599999,196339245.74519796,91956,4690.30214600,86666689.06405356,0
