Open Time,Open,High,Low,Close,Volume,Close Time,Quote Asset Volume,Number of trades,Taker Buy Base Asset Volume,Taker Buy Quote Asset volume
1503100800000,4108.37000000,4184.69000000,3850.00000000,4139.98000000,381.30976300,1503187199999,1549483.73542151,2153,274.33604200,1118001.87008735,0
