Open Time,Open,High,Low,Close,Volume,Close Time,Quote Asset Volume,Number of trades,Taker Buy Base Asset Volume,Taker Buy Quote Asset volume
1508198400000,5760.00000000,5774.98000000,5508.63000000,5595.00000000,1429.86937600,1508284799999,8041662.31881055,9755,688.76677900,3874630.11789208,0
