Open Time,Open,High,Low,Close,Volume,Close Time,Quote Asset Volume,Number of trades,Taker Buy Base Asset Volume,Taker Buy Quote Asset volume
1511049600000,7761.94000000,8123.15000000,7650.33000000,8038.00000000,3867.34044400,1511135999999,30322635.76894570,14897,2097.61334600,16448877.84771707,0
