Open Time,Open,High,Low,Close,Volume,Close Time,Quote Asset Volume,Number of trades,Taker Buy Base Asset Volume,Taker Buy Quote Asset volume
1505347200000,3944.00000000,3993.00000000,3165.13000000,3189.02000000,1665.02154300,1505433599999,5914261.40460825,9066,761.15397600,2711572.43635069,0
