Open Time,Open,High,Low,Close,Volume,Close Time,Quote Asset Volume,Number of trades,Taker Buy Base Asset Volume,Taker Buy Quote Asset volume
1514592000000,14378.99000000,14398.85000000,11750.00000000,12440.01000000,19221.15803900,1514678399999,247803953.75248587,190204,9530.51786000,123372468.27892077,0
