Open Time,Open,High,Low,Close,Volume,Close Time,Quote Asset Volume,Number of trades,Taker Buy Base Asset Volume,Taker Buy Quote Asset volume
1513641600000,18856.25000000,18950.00000000,16300.00000000,17295.20000000,13210.74822000,1513727999999,232790625.92336665,116569,5740.50618400,101134115.92016459,0
