Open Time,Open,High,Low,Close,Volume,Close Time,Quote Asset Volume,Number of trades,Taker Buy Base Asset Volume,Taker Buy Quote Asset volume
1512086400000,9837.00000000,10898.00000000,9380.00000000,10782.99000000,6134.92363300,1512172799999,62260697.58291551,32375,3269.86858800,33193672.16592109,0
