Open Time,Open,High,Low,Close,Volume,Close Time,Quote Asset Volume,Number of trades,Taker Buy Base Asset Volume,Taker Buy Quote Asset volume
1513123200000,16349.99000000,16546.00000000,14666.56000000,16033.29000000,12416.32880100,1513209599999,196769674.31153058,83847,6127.95773900,97124627.48575148,0
