Open Time,Open,High,Low,Close,Volume,Close Time,Quote Asset Volume,Number of trades,Taker Buy Base Asset Volume,Taker Buy Quote Asset volume
1507161600000,4208.59000000,4355.00000000,4110.00000000,4292.43000000,779.13863800,1507247999999,3295532.82397779,9158,351.04201900,1483036.83360606,0
