Open Time,Open,High,Low,Close,Volume,Close Time,Quote Asset Volume,Number of trades,Taker Buy Base Asset Volume,Taker Buy Quote Asset volume
1514246400000,13699.34000000,16050.00000000,13533.00000000,15689.01000000,15034.66810400,1514332799999,224843731.89656885,133133,8436.17129800,125842113.78661472,0
