Open Time,Open,High,Low,Close,Volume,Close Time,Quote Asset Volume,Number of trades,Taker Buy Base Asset Volume,Taker Buy Quote Asset volume
1510617600000,6465.99000000,6684.98000000,6311.07000000,6574.99000000,1254.29253100,1510703999999,8168729.97122799,10476,612.13620200,3991112.73071270,0
