Open Time,Open,High,Low,Close,Volume,Close Time,Quote Asset Volume,Number of trades,Taker Buy Base Asset Volume,Taker Buy Quote Asset volume
1509753600000,7115.02000000,7480.99000000,6901.00000000,7357.09000000,1399.19176700,1509839999999,10064538.39659038,13395,638.38726800,4597312.95311455,0
