Open Time,Open,High,Low,Close,Volume,Close Time,Quote Asset Volume,Number of trades,Taker Buy Base Asset Volume,Taker Buy Quote Asset volume
1503446400000,4040.00000000,4265.80000000,4013.89000000,4114.01000000,1001.13656500,1503532799999,4148686.46581968,8629,309.41909200,1293567.09519463,0
