Open Time,Open,High,Low,Close,Volume,Close Time,Quote Asset Volume,Number of trades,Taker Buy Base Asset Volume,Taker Buy Quote Asset volume
1506470400000,3882.36000000,4249.94000000,3872.81000000,4193.00000000,628.17096600,1506556799999,2554629.81447101,8373,348.08364100,1418522.03112125,0
