Open Time,Open,High,Low,Close,Volume,Close Time,Quote Asset Volume,Number of trades,Taker Buy Base Asset Volume,Taker Buy Quote Asset volume
1506902400000,4400.00000000,4561.63000000,4360.00000000,4380.00000000,655.75697400,1506988799999,2905282.77570845,8185,289.54140600,1286786.89051625,0
