Open Time,Open,High,Low,Close,Volume,Close Time,Quote Asset Volume,Number of trades,Taker Buy Base Asset Volume,Taker Buy Quote Asset volume
1511481600000,8019.97000000,8369.00000000,7850.00000000,8138.00000000,4411.78911200,1511567999999,35840264.45804051,19754,2166.42527500,17613353.73937526,0
