Open Time,Open,High,Low,Close,Volume,Close Time,Quote Asset Volume,Number of trades,Taker Buy Base Asset Volume,Taker Buy Quote Asset volume
1513468800000,19120.19000000,19798.68000000,18510.00000000,18860.02000000,9177.18343400,1513555199999,175867439.47045137,84581,4197.96083500,80497172.92855518,0
