Open Time,Open,High,Low,Close,Volume,Close Time,Quote Asset Volume,Number of trades,Taker Buy Base Asset Volume,Taker Buy Quote Asset volume
1514073600000,13300.00000000,13819.99000000,11640.00000000,13500.00000000,28557.53498800,1514159999999,365709589.60302897,173557,15365.11354500,196993097.07332075,0
