Open Time,Open,High,Low,Close,Volume,Close Time,Quote Asset Volume,Number of trades,Taker Buy Base Asset Volume,Taker Buy Quote Asset volume
1510099200000,7070.00000000,7770.02000000,6651.00000000,7303.00000000,2822.29880200,1510185599999,20491286.19840822,24381,1291.34447200,9394534.42380506,0
