Open Time,Open,High,Low,Close,Volume,Close Time,Quote Asset Volume,Number of trades,Taker Buy Base Asset Volume,Taker Buy Quote Asset volume
1505692800000,3690.00000000,4123.20000000,3690.00000000,4035.01000000,1030.00645500,1505779199999,4069033.05715863,8220,417.63872200,1651863.37125876,0
