Open Time,Open,High,Low,Close,Volume,Close Time,Quote Asset Volume,Number of trades,Taker Buy Base Asset Volume,Taker Buy Quote Asset volume
1503273600000,4069.13000000,4119.62000000,3911.79000000,4016.00000000,691.74306000,1503359999999,2797231.71402728,3972,557.35610700,2255662.55315837,0
