Open Time,Open,High,Low,Close,Volume,Close Time,Quote Asset Volume,Number of trades,Taker Buy Base Asset Volume,Taker Buy Quote Asset volume
1503878400000,4310.01000000,4399.82000000,4124.54000000,4386.69000000,603.84161600,1503964799999,2591660.52579953,4349,142.78778200,612364.20611134,0
