Open Time,Open,High,Low,Close,Volume,Close Time,Quote Asset Volume,Number of trades,Taker Buy Base Asset Volume,Taker Buy Quote Asset volume
1510358400000,6503.00000000,6797.98000000,6100.00000000,6245.05000000,2754.15686100,1510444799999,17681445.46474999,17840,1127.47614800,7260382.61767693,0
