Open Time,Open,High,Low,Close,Volume,Close Time,Quote Asset Volume,Number of trades,Taker Buy Base Asset Volume,Taker Buy Quote Asset volume
1508284800000,5595.00000000,5596.00000000,5037.95000000,5512.06000000,2317.80437300,1508371199999,12456909.97604373,14824,1039.62247500,5582555.96464678,0
