Open Time,Open,High,Low,Close,Volume,Close Time,Quote Asset Volume,Number of trades,Taker Buy Base Asset Volume,Taker Buy Quote Asset volume
1507334400000,4369.00000000,4479.50000000,4312.56000000,4423.00000000,297.59750000,1507420799999,1302533.21459281,4804,145.31307600,637146.85809303,0
