Open Time,Open,High,Low,Close,Volume,Close Time,Quote Asset Volume,Number of trades,Taker Buy Base Asset Volume,Taker Buy Quote Asset volume
1505520000000,3674.01000000,3950.00000000,3470.66000000,3714.95000000,1297.56395300,1505606399999,4804878.24721283,8809,624.88784200,2314536.03271908,0
