Open Time,Open,High,Low,Close,Volume,Close Time,Quote Asset Volume,Number of trades,Taker Buy Base Asset Volume,Taker Buy Quote Asset volume
1510185600000,7303.01000000,7392.00000000,7015.00000000,7079.99000000,1913.39830800,1510271999999,13798534.34721742,13818,724.15487800,5221300.62862515,0
