Open Time,Open,High,Low,Close,Volume,Close Time,Quote Asset Volume,Number of trades,Taker Buy Base Asset Volume,Taker Buy Quote Asset volume
1510790400000,7240.14000000,7940.00000000,7076.00000000,7864.50000000,2331.95675000,1510876799999,17499577.25815967,14961,1196.41071700,8973214.57023640,0
