Open Time,Open,High,Low,Close,Volume,Close Time,Quote Asset Volume,Number of trades,Taker Buy Base Asset Volume,Taker Buy Quote Asset volume
1512691200000,16599.00000000,17204.99000000,14015.00000000,15880.00000000,17589.01313600,1512777599999,271586476.61914313,84727,11950.29181200,184080403.13797045,0
