Open Time,Open,High,Low,Close,Volume,Close Time,Quote Asset Volume,Number of trades,Taker Buy Base Asset Volume,Taker Buy Quote Asset volume
1510876800000,7876.98000000,7989.00000000,7451.00000000,7699.19000000,3982.39592500,1510963199999,31024092.61951179,22012,1910.20823700,14893068.96849563,0
