Open Time,Open,High,Low,Close,Volume,Close Time,Quote Asset Volume,Number of trades,Taker Buy Base Asset Volume,Taker Buy Quote Asset volume
1506384000000,3928.00000000,3976.99000000,3850.05000000,3882.35000000,526.72798700,1506470399999,2061195.57868009,7971,225.57028300,883925.01856330,0
