Open Time,Open,High,Low,Close,Volume,Close Time,Quote Asset Volume,Number of trades,Taker Buy Base Asset Volume,Taker Buy Quote Asset volume
1506729600000,4175.00000000,4380.00000000,4138.10000000,4378.51000000,720.35318300,1506815999999,3088354.40084536,9324,292.96669300,1258540.22252994,0
