Open Time,Open,High,Low,Close,Volume,Close Time,Quote Asset Volume,Number of trades,Taker Buy Base Asset Volume,Taker Buy Quote Asset volume
1512259200000,10902.69000000,11825.00000000,10500.00000000,11165.41000000,5346.63652400,1512345599999,60350708.29332783,39335,2574.24618700,29090180.16290429,0
