Open Time,Open,High,Low,Close,Volume,Close Time,Quote Asset Volume,Number of trades,Taker Buy Base Asset Volume,Taker Buy Quote Asset volume
1511222400000,8212.49000000,8400.00000000,7801.00000000,8119.51000000,4544.47401600,1511308799999,37074997.58090905,20798,2222.29121500,18131894.11366924,0
