Open Time,Open,High,Low,Close,Volume,Close Time,Quote Asset Volume,Number of trades,Taker Buy Base Asset Volume,Taker Buy Quote Asset volume
1513209600000,16030.34000000,16445.00000000,15450.00000000,16334.98000000,11616.86715100,1513295999999,186092495.18348460,86150,5999.07517300,96150362.10506035,0
