Open Time,Open,High,Low,Close,Volume,Close Time,Quote Asset Volume,Number of trades,Taker Buy Base Asset Volume,Taker Buy Quote Asset volume
1512777600000,15880.01000000,16269.30000000,12535.00000000,14656.07000000,13918.75868700,1512863999999,205372672.98786432,66738,7988.32302300,118308773.57971703,0
