Open Time,Open,High,Low,Close,Volume,Close Time,Quote Asset Volume,Number of trades,Taker Buy Base Asset Volume,Taker Buy Quote Asset volume
1510704000000,6575.99000000,7298.00000000,6575.99000000,7240.06000000,1779.60584500,1510790399999,12446186.45092821,10313,958.59199000,6705958.03258740,0
