Open Time,Open,High,Low,Close,Volume,Close Time,Quote Asset Volume,Number of trades,Taker Buy Base Asset Volume,Taker Buy Quote Asset volume
1505952000000,3889.99000000,3910.00000000,3567.00000000,3609.99000000,1001.65408400,1506038399999,3757043.07821264,8714,517.25892600,1946238.63873747,0
