Open Time,Open,High,Low,Close,Volume,Close Time,Quote Asset Volume,Number of trades,Taker Buy Base Asset Volume,Taker Buy Quote Asset volume
1536537600000,6252.26000000,6373.98000000,6221.00000000,6312.00000000,32439.45643200,1536623999999,204178349.96987470,165286,18454.69598400,116171984.16461361,0
