Open Time,Open,High,Low,Close,Volume,Close Time,Quote Asset Volume,Number of trades,Taker Buy Base Asset Volume,Taker Buy Quote Asset volume
1529020800000,6638.67000000,6666.66000000,6362.31000000,6388.90000000,30018.32990500,1529107199999,196192096.14553953,184938,16192.45244700,105856682.82114991,0
