Open Time,Open,High,Low,Close,Volume,Close Time,Quote Asset Volume,Number of trades,Taker Buy Base Asset Volume,Taker Buy Quote Asset volume
1525737600000,9365.00000000,9475.70000000,9060.54000000,9187.56000000,25533.83188900,1525823999999,236418155.68693511,189159,13086.54746700,121220083.42296955,0
