Open Time,Open,High,Low,Close,Volume,Close Time,Quote Asset Volume,Number of trades,Taker Buy Base Asset Volume,Taker Buy Quote Asset volume
1537660800000,6723.05000000,6788.23000000,6661.75000000,6708.00000000,30286.22977300,1537747199999,203479219.38640651,168354,17052.63654700,114584135.91268952,0
