Open Time,Open,High,Low,Close,Volume,Close Time,Quote Asset Volume,Number of trades,Taker Buy Base Asset Volume,Taker Buy Quote Asset volume
1542931200000,4370.90000000,4484.00000000,4222.94000000,4420.61000000,49371.92032200,1543017599999,215283656.11539474,227935,25825.00893200,112703529.40285807,0
