Open Time,Open,High,Low,Close,Volume,Close Time,Quote Asset Volume,Number of trades,Taker Buy Base Asset Volume,Taker Buy Quote Asset volume
1519603200000,9590.00000000,10444.32000000,9350.00000000,10324.00000000,34878.29275600,1519689599999,347559259.73845184,285276,17045.76870600,169936003.38761606,0
