Open Time,Open,High,Low,Close,Volume,Close Time,Quote Asset Volume,Number of trades,Taker Buy Base Asset Volume,Taker Buy Quote Asset volume
1529107200000,6380.01000000,6560.00000000,6320.86000000,6483.98000000,22277.24114700,1529193599999,143760033.69408152,140470,12750.63578400,82290350.53863608,0
