Open Time,Open,High,Low,Close,Volume,Close Time,Quote Asset Volume,Number of trades,Taker Buy Base Asset Volume,Taker Buy Quote Asset volume
1538265600000,6597.66000000,6662.00000000,6533.00000000,6626.57000000,27764.72451900,1538351999999,183438992.37719536,153447,15201.00431700,100438551.14193347,0
