Open Time,Open,High,Low,Close,Volume,Close Time,Quote Asset Volume,Number of trades,Taker Buy Base Asset Volume,Taker Buy Quote Asset volume
1520640000000,9230.00000000,9490.00000000,8667.07000000,8770.22000000,37180.01285700,1520726399999,341210248.41481787,288066,17639.82727600,161991786.13432976,0
