Open Time,Open,High,Low,Close,Volume,Close Time,Quote Asset Volume,Number of trades,Taker Buy Base Asset Volume,Taker Buy Quote Asset volume
1526428800000,8462.00000000,8488.00000000,8083.01000000,8330.00000000,31130.71890800,1526515199999,257056552.43007563,300842,15627.10136800,129113378.77513841,0
