Open Time,Open,High,Low,Close,Volume,Close Time,Quote Asset Volume,Number of trades,Taker Buy Base Asset Volume,Taker Buy Quote Asset volume
1544227200000,3403.57000000,3495.00000000,3222.00000000,3410.93000000,55365.94994900,1544313599999,187909876.24894739,253650,29371.74109100,99748773.25286005,0
