Open Time,Open,High,Low,Close,Volume,Close Time,Quote Asset Volume,Number of trades,Taker Buy Base Asset Volume,Taker Buy Quote Asset volume
1527724800000,7382.07000000,7699.00000000,7327.51000000,7485.01000000,30776.06310200,1527811199999,231017579.83413269,274399,17009.01323100,127645145.71489055,0
