Open Time,Open,High,Low,Close,Volume,Close Time,Quote Asset Volume,Number of trades,Taker Buy Base Asset Volume,Taker Buy Quote Asset volume
1532044800000,7468.86000000,7700.00000000,7273.00000000,7337.53000000,46140.31344700,1532131199999,342862693.09590958,251391,24006.58462200,178428687.49420521,0
