Open Time,Open,High,Low,Close,Volume,Close Time,Quote Asset Volume,Number of trades,Taker Buy Base Asset Volume,Taker Buy Quote Asset volume
1526083200000,8405.94000000,8646.88000000,8153.00000000,8465.94000000,40241.32081000,1526169599999,337899865.86013073,310305,19545.97419500,164142437.41951769,0
