Open Time,Open,High,Low,Close,Volume,Close Time,Quote Asset Volume,Number of trades,Taker Buy Base Asset Volume,Taker Buy Quote Asset volume
1528070400000,7714.26000000,7760.52000000,7446.50000000,7487.00000000,32258.83511500,1528156799999,244167051.18701582,307003,17730.33581800,134226423.79685757,0
