Open Time,Open,High,Low,Close,Volume,Close Time,Quote Asset Volume,Number of trades,Taker Buy Base Asset Volume,Taker Buy Quote Asset volume
1527897600000,7521.01000000,7697.33000000,7437.00000000,7640.03000000,26720.69021900,1527983999999,203370447.69065262,290131,15540.05112400,118295998.95554544,0
