Open Time,Open,High,Low,Close,Volume,Close Time,Quote Asset Volume,Number of trades,Taker Buy Base Asset Volume,Taker Buy Quote Asset volume
1536278400000,6516.84000000,6544.00000000,6320.00000000,6395.54000000,38906.28805000,1536364799999,250716129.90518978,194451,21463.03557100,138344836.35692800,0
