Open Time,Open,High,Low,Close,Volume,Close Time,Quote Asset Volume,Number of trades,Taker Buy Base Asset Volume,Taker Buy Quote Asset volume
1530748800000,6585.53000000,6712.00000000,6453.33000000,6529.20000000,35071.97289800,1530835199999,230809190.30740513,216533,19214.78070200,126481460.00873661,0
