Open Time,Open,High,Low,Close,Volume,Close Time,Quote Asset Volume,Number of trades,Taker Buy Base Asset Volume,Taker Buy Quote Asset volume
1538870400000,6596.44000000,6640.00000000,6525.00000000,6615.26000000,17406.83176200,1538956799999,114489082.75364279,82844,8768.20828000,57668448.41219860,0
