Open Time,Open,High,Low,Close,Volume,Close Time,Quote Asset Volume,Number of trades,Taker Buy Base Asset Volume,Taker Buy Quote Asset volume
1516838400000,11349.96000000,11794.05000000,10950.21000000,11175.27000000,20839.95418300,1516924799999,236081364.97365229,221040,10201.38691900,115584688.24733494,0
