Open Time,Open,High,Low,Close,Volume,Close Time,Quote Asset Volume,Number of trades,Taker Buy Base Asset Volume,Taker Buy Quote Asset volume
1518739200000,10000.89000000,10323.37000000,9666.00000000,10159.98000000,38161.20597400,1518825599999,381103299.22388483,405310,18313.00446600,182947133.88868243,0
