Open Time,Open,High,Low,Close,Volume,Close Time,Quote Asset Volume,Number of trades,Taker Buy Base Asset Volume,Taker Buy Quote Asset volume
1518220800000,8683.93000000,9065.78000000,8120.00000000,8533.98000000,49381.51265300,1518307199999,423411421.93098003,537578,24506.72329400,210253734.38065453,0
