Open Time,Open,High,Low,Close,Volume,Close Time,Quote Asset Volume,Number of trades,Taker Buy Base Asset Volume,Taker Buy Quote Asset volume
1515283200000,17069.79000000,17099.96000000,15610.00000000,16150.03000000,12493.12555800,1515369599999,206194706.37068353,120269,6779.32050800,112151163.12743520,0
