Open Time,Open,High,Low,Close,Volume,Close Time,Quote Asset Volume,Number of trades,Taker Buy Base Asset Volume,Taker Buy Quote Asset volume
1546041600000,3839.00000000,3892.00000000,3670.00000000,3695.32000000,38874.37390300,1546127999999,148205200.10773722,244844,19522.19304600,74500753.17536026,0
