Open Time,Open,High,Low,Close,Volume,Close Time,Quote Asset Volume,Number of trades,Taker Buy Base Asset Volume,Taker Buy Quote Asset volume
1522454400000,6840.24000000,7223.36000000,6777.00000000,6923.91000000,36868.53908700,1522540799999,258341534.47236215,240293,19086.03360700,133763988.34700295,0
