Open Time,Open,High,Low,Close,Volume,Close Time,Quote Asset Volume,Number of trades,Taker Buy Base Asset Volume,Taker Buy Quote Asset volume
1537142400000,6500.08000000,6533.84000000,6201.00000000,6248.69000000,35987.25473800,1537228799999,228970700.75042215,196924,18132.46048400,115435845.03181572,0
