Open Time,Open,High,Low,Close,Volume,Close Time,Quote Asset Volume,Number of trades,Taker Buy Base Asset Volume,Taker Buy Quote Asset volume
1525564800000,9863.99000000,9970.00000000,9417.03000000,9659.01000000,27690.35155900,1525651199999,267359420.30359016,229309,13297.50695900,128427770.52523223,0
