Open Time,Open,High,Low,Close,Volume,Close Time,Quote Asset Volume,Number of trades,Taker Buy Base Asset Volume,Taker Buy Quote Asset volume
1527120000000,7501.95000000,7730.73000000,7266.99000000,7575.01000000,37845.44659500,1527206399999,284286378.50810044,253694,19012.98125200,142901418.78045784,0
