Open Time,Open,High,Low,Close,Volume,Close Time,Quote Asset Volume,Number of trades,Taker Buy Base Asset Volume,Taker Buy Quote Asset volume
1526688000000,8238.01000000,8390.80000000,8095.73000000,8233.49000000,17193.42427600,1526774399999,141878775.40909583,134185,8731.94855100,72082928.16544356,0
