Open Time,Open,High,Low,Close,Volume,Close Time,Quote Asset Volume,Number of trades,Taker Buy Base Asset Volume,Taker Buy Quote Asset volume
1519689600000,10321.00000000,10870.00000000,10121.00000000,10569.04000000,30705.38512300,1519775999999,324295371.14146575,240542,15187.08373800,160450471.45576781,0
