Open Time,Open,High,Low,Close,Volume,Close Time,Quote Asset Volume,Number of trades,Taker Buy Base Asset Volume,Taker Buy Quote Asset volume
1535155200000,6686.98000000,6789.00000000,6650.61000000,6733.64000000,19220.50592900,1535241599999,129083702.47542232,122483,9829.84948400,66019304.90679335,0
