Open Time,Open,High,Low,Close,Volume,Close Time,Quote Asset Volume,Number of trades,Taker Buy Base Asset Volume,Taker Buy Quote Asset volume
1540598400000,6538.63000000,6558.35000000,6463.04000000,6505.60000000,7776.90786400,1540684799999,50667220.04441258,86848,3826.22774000,24926178.86792940,0
