Open Time,Open,High,Low,Close,Volume,Close Time,Quote Asset Volume,Number of trades,Taker Buy Base Asset Volume,Taker Buy Quote Asset volume
1519171200000,11195.07000000,11304.03000000,10200.00000000,10437.60000000,68113.81875400,1519257599999,731537130.49218606,542340,32338.07400200,347436564.66654404,0
