Open Time,Open,High,Low,Close,Volume,Close Time,Quote Asset Volume,Number of trades,Taker Buy Base Asset Volume,Taker Buy Quote Asset volume
1519084800000,11147.11000000,11786.01000000,11100.59000000,11200.99000000,48153.35428800,1519171199999,551573232.24295881,432197,24211.49181000,277480902.01411923,0
