Open Time,Open,High,Low,Close,Volume,Close Time,Quote Asset Volume,Number of trades,Taker Buy Base Asset Volume,Taker Buy Quote Asset volume
1536710400000,6293.00000000,6360.00000000,6192.37000000,6338.62000000,31433.64593900,1536796799999,197398009.01256667,165590,17211.99689000,108098184.76419269,0
