Open Time,Open,High,Low,Close,Volume,Close Time,Quote Asset Volume,Number of trades,Taker Buy Base Asset Volume,Taker Buy Quote Asset volume
1538438400000,6610.00000000,6640.00000000,6494.00000000,6525.79000000,28245.81008800,1538524799999,185725492.28023912,147274,15115.82102200,99418910.24218993,0
