Open Time,Open,High,Low,Close,Volume,Close Time,Quote Asset Volume,Number of trades,Taker Buy Base Asset Volume,Taker Buy Quote Asset volume
1544832000000,3225.19000000,3276.50000000,3156.26000000,3211.72000000,29796.04143600,1544918399999,95588793.64058845,139806,16044.57843000,51480397.90105426,0
