Open Time,Open,High,Low,Close,Volume,Close Time,Quote Asset Volume,Number of trades,Taker Buy Base Asset Volume,Taker Buy Quote Asset volume
1525996800000,9002.21000000,9016.80000000,8341.00000000,8400.00000000,48227.04806100,1526083199999,418859806.48161559,365538,22767.45866700,197915875.74598894,0
