Open Time,Open,High,Low,Close,Volume,Close Time,Quote Asset Volume,Number of trades,Taker Buy Base Asset Volume,Taker Buy Quote Asset volume
1526515200000,8330.00000000,8464.00000000,7979.00000000,8041.46000000,25439.84479900,1526601599999,209489039.34104191,310780,12489.26449900,103022237.77329309,0
