Open Time,Open,High,Low,Close,Volume,Close Time,Quote Asset Volume,Number of trades,Taker Buy Base Asset Volume,Taker Buy Quote Asset volume
1542758400000,4559.91000000,4787.20000000,4413.85000000,4661.07000000,61071.82947500,1542844799999,281264433.48465917,301920,31538.61080900,145270590.60586112,0
