Open Time,Open,High,Low,Close,Volume,Close Time,Quote Asset Volume,Number of trades,Taker Buy Base Asset Volume,Taker Buy Quote Asset volume
1525046400000,9417.04000000,9458.64000000,9124.99000000,9246.01000000,35002.03387500,1525132799999,325019389.24994115,285951,17461.18902900,162179073.43816054,0
