Open Time,Open,High,Low,Close,Volume,Close Time,Quote Asset Volume,Number of trades,Taker Buy Base Asset Volume,Taker Buy Quote Asset volume
1534377600000,6265.27000000,6480.00000000,6205.60000000,6311.75000000,48515.25461800,1534463999999,307755605.16240387,228942,26023.54900700,165123672.32961881,0
