Open Time,Open,High,Low,Close,Volume,Close Time,Quote Asset Volume,Number of trades,Taker Buy Base Asset Volume,Taker Buy Quote Asset volume
1515542400000,14401.00000000,14955.66000000,13131.31000000,14907.09000000,17411.00165500,1515628799999,244011366.76302799,161476,8529.55467500,119570139.80645349,0
