Open Time,Open,High,Low,Close,Volume,Close Time,Quote Asset Volume,Number of trades,Taker Buy Base Asset Volume,Taker Buy Quote Asset volume
1533340800000,7412.27000000,7494.81000000,6926.00000000,7009.84000000,36288.42601000,1533427199999,262282965.48573316,199335,17770.55515600,128601932.84105053,0
