Open Time,Open,High,Low,Close,Volume,Close Time,Quote Asset Volume,Number of trades,Taker Buy Base Asset Volume,Taker Buy Quote Asset volume
1530921600000,6609.79000000,6818.16000000,6508.88000000,6756.98000000,23973.87688600,1531007999999,158034155.17779143,145449,12894.82357900,85004234.47737304,0
