Open Time,Open,High,Low,Close,Volume,Close Time,Quote Asset Volume,Number of trades,Taker Buy Base Asset Volume,Taker Buy Quote Asset volume
1533427200000,7009.84000000,7089.87000000,6882.29000000,7024.19000000,32894.84978200,1533513599999,229992627.52322163,148658,18335.95634100,128216222.18516615,0
