Open Time,Open,High,Low,Close,Volume,Close Time,Quote Asset Volume,Number of trades,Taker Buy Base Asset Volume,Taker Buy Quote Asset volume
1523491200000,6953.78000000,8012.23000000,6743.20000000,7923.00000000,64861.59598700,1523577599999,485176252.48933569,404588,33198.86778500,248243486.46737060,0
