Open Time,Open,High,Low,Close,Volume,Close Time,Quote Asset Volume,Number of trades,Taker Buy Base Asset Volume,Taker Buy Quote Asset volume
1519516800000,9694.51000000,9847.00000000,9274.80000000,9590.00000000,28373.51758600,1519603199999,271286599.12608616,233567,13956.66153300,133525539.44882145,0
