Open Time,Open,High,Low,Close,Volume,Close Time,Quote Asset Volume,Number of trades,Taker Buy Base Asset Volume,Taker Buy Quote Asset volume
1541116800000,6410.00000000,6460.34000000,6388.20000000,6433.98000000,9739.44067900,1541203199999,62589428.22024873,109482,4961.63521600,31889801.28230129,0
