Open Time,Open,High,Low,Close,Volume,Close Time,Quote Asset Volume,Number of trades,Taker Buy Base Asset Volume,Taker Buy Quote Asset volume
1529625600000,6717.69000000,6733.97000000,5918.94000000,6045.00000000,52157.37083300,1529711999999,327460666.91451646,300515,25336.72043800,158994318.27114402,0
