Open Time,Open,High,Low,Close,Volume,Close Time,Quote Asset Volume,Number of trades,Taker Buy Base Asset Volume,Taker Buy Quote Asset volume
1520380800000,10716.48000000,10899.00000000,9389.31000000,9910.00000000,50647.67108000,1520467199999,514808033.48792086,396721,24022.45123100,244164771.36009567,0
