Open Time,Open,High,Low,Close,Volume,Close Time,Quote Asset Volume,Number of trades,Taker Buy Base Asset Volume,Taker Buy Quote Asset volume
1537747200000,6706.81000000,6730.00000000,6557.00000000,6581.39000000,35305.73991000,1537833599999,234355999.54311827,185297,18662.44847100,123915474.86706410,0
