Open Time,Open,High,Low,Close,Volume,Close Time,Quote Asset Volume,Number of trades,Taker Buy Base Asset Volume,Taker Buy Quote Asset volume
1539993600000,6528.88000000,6617.65000000,6505.55000000,6588.40000000,19240.72224700,1540079999999,126325797.49570585,110809,10487.00727700,68848403.03650210,0
