Open Time,Open,High,Low,Close,Volume,Close Time,Quote Asset Volume,Number of trades,Taker Buy Base Asset Volume,Taker Buy Quote Asset volume
1538179200000,6634.58000000,6636.00000000,6464.57000000,6596.38000000,30255.95970000,1538265599999,198424303.60660566,171027,16037.03275100,105227105.41693979,0
