Open Time,Open,High,Low,Close,Volume,Close Time,Quote Asset Volume,Number of trades,Taker Buy Base Asset Volume,Taker Buy Quote Asset volume
1533081600000,7735.67000000,7750.00000000,7430.00000000,7604.58000000,42582.31293200,1533167999999,322252070.44348675,208008,22159.78561800,167734477.27458394,0
