Open Time,Open,High,Low,Close,Volume,Close Time,Quote Asset Volume,Number of trades,Taker Buy Base Asset Volume,Taker Buy Quote Asset volume
1533254400000,7525.71000000,7540.00000000,7282.44000000,7418.78000000,44669.48604700,1533340799999,330599837.72855222,226727,23397.04183500,173144499.51146754,0
