Open Time,Open,High,Low,Close,Volume,Close Time,Quote Asset Volume,Number of trades,Taker Buy Base Asset Volume,Taker Buy Quote Asset volume
1523577600000,7922.99000000,8233.39000000,7732.00000000,7877.41000000,55044.52314800,1523663999999,439884522.71194887,351905,27485.08304400,219615109.06229924,0
