Open Time,Open,High,Low,Close,Volume,Close Time,Quote Asset Volume,Number of trades,Taker Buy Base Asset Volume,Taker Buy Quote Asset volume
1541376000000,6485.85000000,6504.39000000,6431.02000000,6468.99000000,8987.88215600,1541462399999,58127213.13931594,114235,4555.52343100,29465680.23859559,0
