Open Time,Open,High,Low,Close,Volume,Close Time,Quote Asset Volume,Number of trades,Taker Buy Base Asset Volume,Taker Buy Quote Asset volume
1539561600000,6339.34000000,7680.00000000,6300.00000000,6752.50000000,90748.03124600,1539647999999,627984505.55557281,456913,47214.80405300,326438267.17579199,0
