Open Time,Open,High,Low,Close,Volume,Close Time,Quote Asset Volume,Number of trades,Taker Buy Base Asset Volume,Taker Buy Quote Asset volume
1540771200000,6489.93000000,6505.01000000,6315.00000000,6344.50000000,13827.22406700,1540857599999,88484721.03624511,135586,6536.42218100,41839860.73171636,0
