Open Time,Open,High,Low,Close,Volume,Close Time,Quote Asset Volume,Number of trades,Taker Buy Base Asset Volume,Taker Buy Quote Asset volume
1544400000000,3548.49000000,3610.00000000,3370.11000000,3432.88000000,40989.24455300,1544486399999,142507933.07357893,192599,20615.03825500,71728122.27762427,0
