Open Time,Open,High,Low,Close,Volume,Close Time,Quote Asset Volume,Number of trades,Taker Buy Base Asset Volume,Taker Buy Quote Asset volume
1536883200000,6487.39000000,6584.99000000,6385.62000000,6476.63000000,37173.33927700,1536969599999,241466662.64800575,198375,19926.09224600,129446503.53889132,0
