Open Time,Open,High,Low,Close,Volume,Close Time,Quote Asset Volume,Number of trades,Taker Buy Base Asset Volume,Taker Buy Quote Asset volume
1541721600000,6479.84000000,6511.53000000,6391.01000000,6419.99000000,11787.61658300,1541807999999,75997777.50255908,117043,5993.77106200,38655506.51281597,0
