Open Time,Open,High,Low,Close,Volume,Close Time,Quote Asset Volume,Number of trades,Taker Buy Base Asset Volume,Taker Buy Quote Asset volume
1533772800000,6283.27000000,6622.81000000,6178.60000000,6529.79000000,51941.18511100,1533859199999,332880900.89059936,248573,28290.84888300,181381407.11016441,0
