Open Time,Open,High,Low,Close,Volume,Close Time,Quote Asset Volume,Number of trades,Taker Buy Base Asset Volume,Taker Buy Quote Asset volume
1540425600000,6566.81000000,6575.09000000,6502.80000000,6528.09000000,10342.70124400,1540511999999,67691945.44596253,75563,5366.16077700,35118312.45154271,0
