Open Time,Open,High,Low,Close,Volume,Close Time,Quote Asset Volume,Number of trades,Taker Buy Base Asset Volume,Taker Buy Quote Asset volume
1544745600000,3302.06000000,3335.39000000,3177.00000000,3224.17000000,44492.98380700,1544831999999,145101409.49359843,184525,22546.67012800,73559210.30184719,0
