Open Time,Open,High,Low,Close,Volume,Close Time,Quote Asset Volume,Number of trades,Taker Buy Base Asset Volume,Taker Buy Quote Asset volume
1544918400000,3211.71000000,3294.00000000,3186.00000000,3228.67000000,24628.80853800,1545004799999,80068159.40481837,125565,13109.77351300,42626126.40565618,0
