Open Time,Open,High,Low,Close,Volume,Close Time,Quote Asset Volume,Number of trades,Taker Buy Base Asset Volume,Taker Buy Quote Asset volume
1524268800000,8852.12000000,9035.00000000,8565.00000000,8915.31000000,40872.22990900,1524355199999,358915978.10403391,295374,21145.84239100,185753264.88447423,0
