Open Time,Open,High,Low,Close,Volume,Close Time,Quote Asset Volume,Number of trades,Taker Buy Base Asset Volume,Taker Buy Quote Asset volume
1525219200000,9071.48000000,9268.00000000,8970.20000000,9247.84000000,26123.54396100,1525305599999,238421833.75811328,188258,13960.45552800,127439644.78329857,0
