Open Time,Open,High,Low,Close,Volume,Close Time,Quote Asset Volume,Number of trades,Taker Buy Base Asset Volume,Taker Buy Quote Asset volume
1546214400000,3803.12000000,3810.00000000,3630.33000000,3702.90000000,29991.77835000,1546300799999,111847216.11708208,190308,15523.79613400,57912258.76286516,0
