Open Time,Open,High,Low,Close,Volume,Close Time,Quote Asset Volume,Number of trades,Taker Buy Base Asset Volume,Taker Buy Quote Asset volume
1520467200000,9910.00000000,10099.00000000,9060.00000000,9271.64000000,41109.47322600,1520553599999,394641280.63843673,336514,20257.45583800,194608716.93503922,0
