Open Time,Open,High,Low,Close,Volume,Close Time,Quote Asset Volume,Number of trades,Taker Buy Base Asset Volume,Taker Buy Quote Asset volume
1523404800000,6839.56000000,6990.00000000,6787.00000000,6953.79000000,23997.87117700,1523491199999,165264003.41270605,155607,12530.65891000,86309556.51736282,0
