Open Time,Open,High,Low,Close,Volume,Close Time,Quote Asset Volume,Number of trades,Taker Buy Base Asset Volume,Taker Buy Quote Asset volume
1531526400000,6214.57000000,6335.00000000,6178.00000000,6251.99000000,17783.07199900,1531612799999,110959488.24719918,108052,9833.31302900,61362055.00500050,0
