Open Time,Open,High,Low,Close,Volume,Close Time,Quote Asset Volume,Number of trades,Taker Buy Base Asset Volume,Taker Buy Quote Asset volume
1517529600000,9224.52000000,9250.00000000,8010.02000000,8873.03000000,49971.62697500,1517615999999,434236483.70448739,453411,23113.50358400,201292749.51509915,0
