Open Time,Open,High,Low,Close,Volume,Close Time,Quote Asset Volume,Number of trades,Taker Buy Base Asset Volume,Taker Buy Quote Asset volume
1540166400000,6590.12000000,6639.00000000,6535.27000000,6581.20000000,16213.69266000,1540252799999,106815019.55165032,101673,8401.54559400,55341971.19307679,0
