Open Time,Open,High,Low,Close,Volume,Close Time,Quote Asset Volume,Number of trades,Taker Buy Base Asset Volume,Taker Buy Quote Asset volume
1522800000000,7405.21000000,7427.52000000,6707.00000000,6796.10000000,42227.18380400,1522886399999,297443582.74612247,277249,20299.40220300,142890978.60995669,0
