Open Time,Open,High,Low,Close,Volume,Close Time,Quote Asset Volume,Number of trades,Taker Buy Base Asset Volume,Taker Buy Quote Asset volume
1539907200000,6618.96000000,6648.14000000,6523.00000000,6528.88000000,20772.60077000,1539993599999,136686215.66905469,112337,11702.53234400,76995910.01401609,0
