Open Time,Open,High,Low,Close,Volume,Close Time,Quote Asset Volume,Number of trades,Taker Buy Base Asset Volume,Taker Buy Quote Asset volume
1525910400000,9310.00000000,9395.12000000,8970.00000000,9002.20000000,25055.06371800,1525996799999,231595002.59561663,221075,12548.13816000,116002381.57104651,0
