Open Time,Open,High,Low,Close,Volume,Close Time,Quote Asset Volume,Number of trades,Taker Buy Base Asset Volume,Taker Buy Quote Asset volume
1540857600000,6344.50000000,6395.00000000,6317.01000000,6330.87000000,8877.17538500,1540943999999,56393439.18288881,95116,4547.13569600,28892142.58988397,0
