Open Time,Open,High,Low,Close,Volume,Close Time,Quote Asset Volume,Number of trades,Taker Buy Base Asset Volume,Taker Buy Quote Asset volume
1528761600000,6872.00000000,6890.51000000,6435.00000000,6530.00000000,36722.21119100,1528847999999,245787800.80122349,224658,19299.73550800,129341137.97553147,0
