Open Time,Open,High,Low,Close,Volume,Close Time,Quote Asset Volume,Number of trades,Taker Buy Base Asset Volume,Taker Buy Quote Asset volume
1529366400000,6711.39000000,6841.74000000,6653.00000000,6741.21000000,24311.42114300,1529452799999,163420093.79413501,160490,12849.74065900,86385611.98541340,0
