Open Time,Open,High,Low,Close,Volume,Close Time,Quote Asset Volume,Number of trades,Taker Buy Base Asset Volume,Taker Buy Quote Asset volume
1517356800000,10230.00000000,10425.85000000,9700.00000000,10285.10000000,18015.95680500,1517443199999,181644207.11316262,201422,8782.58444200,88609272.64228793,0
