Open Time,Open,High,Low,Close,Volume,Close Time,Quote Asset Volume,Number of trades,Taker Buy Base Asset Volume,Taker Buy Quote Asset volume
1546128000000,3696.71000000,3903.50000000,3657.90000000,3801.91000000,33222.36926200,1546214399999,124966229.52022896,218929,17427.34228500,65587964.90351099,0
