Open Time,Open,High,Low,Close,Volume,Close Time,Quote Asset Volume,Number of trades,Taker Buy Base Asset Volume,Taker Buy Quote Asset volume
1522713600000,7063.97000000,7520.00000000,7011.01000000,7405.21000000,37787.33181100,1522799999999,277080072.76171274,248143,19218.85048500,140892233.11367600,0
