Open Time,Open,High,Low,Close,Volume,Close Time,Quote Asset Volume,Number of trades,Taker Buy Base Asset Volume,Taker Buy Quote Asset volume
1519776000000,10584.33000000,11098.00000000,10300.00000000,10326.76000000,30800.98378200,1519862399999,327914696.13067525,277886,14412.84633000,153537202.10196505,0
