Open Time,Open,High,Low,Close,Volume,Close Time,Quote Asset Volume,Number of trades,Taker Buy Base Asset Volume,Taker Buy Quote Asset volume
1542672000000,4913.40000000,5048.24000000,4326.00000000,4558.86000000,117380.95159000,1542758399999,548036628.72935738,596769,60016.15771600,280209159.00641764,0
