Open Time,Open,High,Low,Close,Volume,Close Time,Quote Asset Volume,Number of trades,Taker Buy Base Asset Volume,Taker Buy Quote Asset volume
1560902400000,9081.97000000,9304.00000000,8960.00000000,9255.49000000,32147.70649500,1560988799999,293748062.66684875,306202,17533.23301600,160303572.01579759,0
