Open Time,Open,High,Low,Close,Volume,Close Time,Quote Asset Volume,Number of trades,Taker Buy Base Asset Volume,Taker Buy Quote Asset volume
1550016000000,3631.51000000,3670.00000000,3591.75000000,3609.40000000,25773.99764800,1550102399999,93350740.94830574,167690,13552.84642000,49100779.82827613,0
