Open Time,Open,High,Low,Close,Volume,Close Time,Quote Asset Volume,Number of trades,Taker Buy Base Asset Volume,Taker Buy Quote Asset volume
1569628800000,8177.47000000,8315.00000000,8001.09000000,8198.81000000,34473.60516500,1569715199999,280672404.68049548,319113,18215.03986300,148326185.32000544,0
