Open Time,Open,High,Low,Close,Volume,Close Time,Quote Asset Volume,Number of trades,Taker Buy Base Asset Volume,Taker Buy Quote Asset volume
1576454400000,7119.60000000,7150.00000000,6836.00000000,6891.72000000,43863.99305900,1576540799999,307508569.89251376,371202,21512.68837100,150883357.87501083,0
