Open Time,Open,High,Low,Close,Volume,Close Time,Quote Asset Volume,Number of trades,Taker Buy Base Asset Volume,Taker Buy Quote Asset volume
1569024000000,10167.92000000,10176.70000000,9900.00000000,9986.39000000,20544.17519600,1569110399999,206034034.50803514,245439,9285.85147900,93152981.29234466,0
