Open Time,Open,High,Low,Close,Volume,Close Time,Quote Asset Volume,Number of trades,Taker Buy Base Asset Volume,Taker Buy Quote Asset volume
1548806400000,3410.04000000,3478.00000000,3387.10000000,3458.18000000,23968.26024300,1548892799999,82521122.86191754,180820,13324.33962800,45877250.05787340,0
