Open Time,Open,High,Low,Close,Volume,Close Time,Quote Asset Volume,Number of trades,Taker Buy Base Asset Volume,Taker Buy Quote Asset volume
1548633600000,3550.05000000,3557.75000000,3380.27000000,3434.15000000,40405.11140100,1548719999999,139258708.76430879,260799,20334.27173900,70100390.81728584,0
