Open Time,Open,High,Low,Close,Volume,Close Time,Quote Asset Volume,Number of trades,Taker Buy Base Asset Volume,Taker Buy Quote Asset volume
1565308800000,11994.17000000,12045.68000000,11700.00000000,11879.99000000,39427.15258800,1565395199999,467011047.94142844,410902,20074.42191100,238009297.57960402,0
