Open Time,Open,High,Low,Close,Volume,Close Time,Quote Asset Volume,Number of trades,Taker Buy Base Asset Volume,Taker Buy Quote Asset volume
1565049600000,11830.00000000,12330.70000000,11226.70000000,11481.69000000,76705.38987500,1565135999999,904119081.61571263,625827,37522.11697200,442937542.04071641,0
