Open Time,Open,High,Low,Close,Volume,Close Time,Quote Asset Volume,Number of trades,Taker Buy Base Asset Volume,Taker Buy Quote Asset volume
1552608000000,3877.12000000,3939.22000000,3872.20000000,3923.76000000,21740.06149800,1552694399999,84919900.71744472,163866,12025.70553400,46979306.89873034,0
