Open Time,Open,High,Low,Close,Volume,Close Time,Quote Asset Volume,Number of trades,Taker Buy Base Asset Volume,Taker Buy Quote Asset volume
1550448000000,3667.62000000,3925.00000000,3655.00000000,3898.60000000,64042.73049200,1550534399999,242898012.76922592,393515,33934.97317100,128779026.65413163,0
