Open Time,Open,High,Low,Close,Volume,Close Time,Quote Asset Volume,Number of trades,Taker Buy Base Asset Volume,Taker Buy Quote Asset volume
1551657600000,3807.32000000,3830.00000000,3670.69000000,3715.30000000,34742.84166000,1551743999999,129739738.23815794,218615,18023.02240700,67312533.26381876,0
