Open Time,Open,High,Low,Close,Volume,Close Time,Quote Asset Volume,Number of trades,Taker Buy Base Asset Volume,Taker Buy Quote Asset volume
1563840000000,10343.08000000,10343.97000000,9822.00000000,9864.91000000,47624.37071000,1563926399999,478441909.40505734,448147,24082.30912900,241965620.20266604,0
