Open Time,Open,High,Low,Close,Volume,Close Time,Quote Asset Volume,Number of trades,Taker Buy Base Asset Volume,Taker Buy Quote Asset volume
1560988800000,9253.76000000,9590.00000000,9175.20000000,9517.12000000,34556.05398200,1561075199999,323621848.19876171,350662,18032.19071400,168891671.53448428,0
