Open Time,Open,High,Low,Close,Volume,Close Time,Quote Asset Volume,Number of trades,Taker Buy Base Asset Volume,Taker Buy Quote Asset volume
1549238400000,3458.11000000,3484.88000000,3433.31000000,3463.22000000,23131.98110800,1549324799999,80024258.22766613,155686,12387.10978100,42856551.66874073,0
