Open Time,Open,High,Low,Close,Volume,Close Time,Quote Asset Volume,Number of trades,Taker Buy Base Asset Volume,Taker Buy Quote Asset volume
1555545600000,5202.41000000,5287.00000000,5198.80000000,5258.44000000,22619.23900100,1555631999999,118573129.86520114,167110,12104.85293200,63464128.54331125,0
