Open Time,Open,High,Low,Close,Volume,Close Time,Quote Asset Volume,Number of trades,Taker Buy Base Asset Volume,Taker Buy Quote Asset volume
1569888000000,8289.97000000,8500.00000000,8173.05000000,8292.44000000,43479.58742000,1569974399999,363040860.00008757,387712,22520.15580400,188075198.97568788,0
