Open Time,Open,High,Low,Close,Volume,Close Time,Quote Asset Volume,Number of trades,Taker Buy Base Asset Volume,Taker Buy Quote Asset volume
1573516800000,8733.36000000,8888.00000000,8567.60000000,8821.94000000,40366.62947100,1573603199999,352675938.43059302,406765,20225.03456000,176773688.17197935,0
