Open Time,Open,High,Low,Close,Volume,Close Time,Quote Asset Volume,Number of trades,Taker Buy Base Asset Volume,Taker Buy Quote Asset volume
1552348800000,3871.61000000,3905.20000000,3826.06000000,3882.73000000,26921.00862200,1552435199999,104393849.44844826,182885,13827.42106500,53624520.45494350,0
