Open Time,Open,High,Low,Close,Volume,Close Time,Quote Asset Volume,Number of trades,Taker Buy Base Asset Volume,Taker Buy Quote Asset volume
1547510400000,3626.08000000,3648.42000000,3516.62000000,3553.06000000,34137.99745900,1547596799999,122785440.22887539,231684,17225.62243400,61971796.91256990,0
