Open Time,Open,High,Low,Close,Volume,Close Time,Quote Asset Volume,Number of trades,Taker Buy Base Asset Volume,Taker Buy Quote Asset volume
1565827200000,10055.16000000,10460.00000000,9911.00000000,10293.93000000,38174.45112000,1565913599999,387705855.08791121,373368,19588.08291800,199059445.60425642,0
