Open Time,Open,High,Low,Close,Volume,Close Time,Quote Asset Volume,Number of trades,Taker Buy Base Asset Volume,Taker Buy Quote Asset volume
1574208000000,8133.83000000,8264.29000000,8038.40000000,8098.01000000,32466.23098000,1574294399999,263387575.48592199,288843,16751.18645900,135913703.28376596,0
