Open Time,Open,High,Low,Close,Volume,Close Time,Quote Asset Volume,Number of trades,Taker Buy Base Asset Volume,Taker Buy Quote Asset volume
1576281600000,7257.37000000,7271.77000000,7012.00000000,7064.05000000,29561.98596700,1576367999999,211004228.01585397,276819,14397.27374300,102799669.53690346,0
