Open Time,Open,High,Low,Close,Volume,Close Time,Quote Asset Volume,Number of trades,Taker Buy Base Asset Volume,Taker Buy Quote Asset volume
1575849600000,7510.11000000,7650.00000000,7273.00000000,7338.64000000,46621.88749300,1575935999999,347471155.48268330,359648,23733.12631700,176936408.77023645,0
