Open Time,Open,High,Low,Close,Volume,Close Time,Quote Asset Volume,Number of trades,Taker Buy Base Asset Volume,Taker Buy Quote Asset volume
1555718400000,5258.68000000,5333.42000000,5230.10000000,5291.73000000,19168.90827400,1555804799999,101343660.15324434,157080,10029.27226200,53029542.91017945,0
