Open Time,Open,High,Low,Close,Volume,Close Time,Quote Asset Volume,Number of trades,Taker Buy Base Asset Volume,Taker Buy Quote Asset volume
1556064000000,5490.91000000,5582.20000000,5333.35000000,5415.00000000,48224.15241300,1556150399999,262493252.93584237,339599,23401.18852000,127419838.49784201,0
