Open Time,Open,High,Low,Close,Volume,Close Time,Quote Asset Volume,Number of trades,Taker Buy Base Asset Volume,Taker Buy Quote Asset volume
1563235200000,10833.78000000,11028.00000000,9350.01000000,9439.59000000,97219.44341300,1563321599999,982462166.69322945,796646,47295.94404800,478852520.00356246,0
