Open Time,Open,High,Low,Close,Volume,Close Time,Quote Asset Volume,Number of trades,Taker Buy Base Asset Volume,Taker Buy Quote Asset volume
1562371200000,10982.41000000,11665.00000000,10964.51000000,11256.49000000,51469.49633100,1562457599999,585001376.15542908,470692,25601.98948200,291096287.94400300,0
