Open Time,Open,High,Low,Close,Volume,Close Time,Quote Asset Volume,Number of trades,Taker Buy Base Asset Volume,Taker Buy Quote Asset volume
1571270400000,7995.02000000,8124.92000000,7929.03000000,8070.58000000,29656.94915800,1571356799999,238343204.48251529,356490,15922.04605800,127960055.04589145,0
