Open Time,Open,High,Low,Close,Volume,Close Time,Quote Asset Volume,Number of trades,Taker Buy Base Asset Volume,Taker Buy Quote Asset volume
1551571200000,3819.97000000,3835.00000000,3781.32000000,3807.75000000,16718.16541000,1551657599999,63791898.99159701,127681,8854.21887800,33793163.48606208,0
