Open Time,Open,High,Low,Close,Volume,Close Time,Quote Asset Volume,Number of trades,Taker Buy Base Asset Volume,Taker Buy Quote Asset volume
1572566400000,9140.86000000,9279.00000000,9030.00000000,9231.61000000,43594.81411500,1572652799999,398803069.00908462,478002,22843.60504200,209045155.88095699,0
