Open Time,Open,High,Low,Close,Volume,Close Time,Quote Asset Volume,Number of trades,Taker Buy Base Asset Volume,Taker Buy Quote Asset volume
1567382400000,9723.59000000,10450.00000000,9712.50000000,10340.00000000,44740.24809300,1567468799999,448462178.63038095,354155,25140.29612500,251933840.30794755,0
