Open Time,Open,High,Low,Close,Volume,Close Time,Quote Asset Volume,Number of trades,Taker Buy Base Asset Volume,Taker Buy Quote Asset volume
1564790400000,10523.75000000,10904.77000000,10497.93000000,10816.86000000,33802.31882400,1564876799999,363852799.87178007,348893,18132.52970700,195125820.47946514,0
