Open Time,Open,High,Low,Close,Volume,Close Time,Quote Asset Volume,Number of trades,Taker Buy Base Asset Volume,Taker Buy Quote Asset volume
1562803200000,12108.11000000,12111.73000000,11000.00000000,11342.89000000,87506.46105800,1562889599999,1007356802.21825599,760057,43714.15617000,503407388.68365422,0
