Open Time,Open,High,Low,Close,Volume,Close Time,Quote Asset Volume,Number of trades,Taker Buy Base Asset Volume,Taker Buy Quote Asset volume
1567900800000,10455.90000000,10592.50000000,10208.00000000,10381.18000000,23984.67201800,1567987199999,249900964.37153130,237752,10588.59245800,110370036.72549054,0
