Open Time,Open,High,Low,Close,Volume,Close Time,Quote Asset Volume,Number of trades,Taker Buy Base Asset Volume,Taker Buy Quote Asset volume
1561334400000,10905.95000000,11143.63000000,10620.80000000,11056.59000000,43101.04528500,1561420799999,469746663.93811732,440335,22674.41385100,247193774.35494487,0
