Open Time,Open,High,Low,Close,Volume,Close Time,Quote Asset Volume,Number of trades,Taker Buy Base Asset Volume,Taker Buy Quote Asset volume
1552262400000,3915.99000000,3936.98000000,3830.00000000,3871.61000000,38066.88570500,1552348799999,147721971.09446938,209916,19416.22101400,75329574.17851433,0
