Open Time,Open,High,Low,Close,Volume,Close Time,Quote Asset Volume,Number of trades,Taker Buy Base Asset Volume,Taker Buy Quote Asset volume
1549756800000,3665.18000000,3684.99000000,3609.76000000,3680.06000000,23250.60263400,1549843199999,84696423.96233752,171099,12445.22054600,45337811.06485932,0
