Open Time,Open,High,Low,Close,Volume,Close Time,Quote Asset Volume,Number of trades,Taker Buy Base Asset Volume,Taker Buy Quote Asset volume
1572307200000,9204.45000000,9550.00000000,9072.00000000,9407.62000000,64158.46244600,1572393599999,600611324.63569959,559589,32787.04917400,307062268.41991786,0
