Open Time,Open,High,Low,Close,Volume,Close Time,Quote Asset Volume,Number of trades,Taker Buy Base Asset Volume,Taker Buy Quote Asset volume
1571529600000,7949.87000000,8297.00000000,7870.00000000,8223.35000000,34286.45265400,1571615999999,275899861.65387123,396091,18042.42367700,145235373.21216156,0
