Open Time,Open,High,Low,Close,Volume,Close Time,Quote Asset Volume,Number of trades,Taker Buy Base Asset Volume,Taker Buy Quote Asset volume
1554422400000,4898.64000000,5028.22000000,4880.62000000,5004.95000000,39768.55280600,1554508799999,197660830.71096662,292375,21235.63623700,105586318.20991643,0
