Open Time,Open,High,Low,Close,Volume,Close Time,Quote Asset Volume,Number of trades,Taker Buy Base Asset Volume,Taker Buy Quote Asset volume
1550361600000,3617.22000000,3700.11000000,3604.40000000,3667.58000000,25690.22777900,1550447999999,93426433.13226133,179511,13004.16467600,47317986.79403941,0
