Open Time,Open,High,Low,Close,Volume,Close Time,Quote Asset Volume,Number of trades,Taker Buy Base Asset Volume,Taker Buy Quote Asset volume
1576108800000,7210.00000000,7295.00000000,7080.30000000,7198.08000000,42288.60093200,1576195199999,303657479.49269097,331414,20847.38402600,149736412.31992898,0
