Open Time,Open,High,Low,Close,Volume,Close Time,Quote Asset Volume,Number of trades,Taker Buy Base Asset Volume,Taker Buy Quote Asset volume
1571356800000,8070.71000000,8115.00000000,7816.01000000,7947.01000000,31353.18141600,1571443199999,248931322.10085052,399783,15692.63445000,124639536.56963075,0
