Open Time,Open,High,Low,Close,Volume,Close Time,Quote Asset Volume,Number of trades,Taker Buy Base Asset Volume,Taker Buy Quote Asset volume
1560384000000,8127.64000000,8309.82000000,8010.03000000,8218.54000000,30467.76434100,1560470399999,248418184.77204661,341246,16100.16134600,131293315.79862677,0
