Open Time,Open,High,Low,Close,Volume,Close Time,Quote Asset Volume,Number of trades,Taker Buy Base Asset Volume,Taker Buy Quote Asset volume
1570406400000,7855.30000000,8299.92000000,7762.00000000,8190.09000000,52202.07229700,1570492799999,420921679.84426315,482605,28088.64970400,226592301.64382157,0
