Open Time,Open,High,Low,Close,Volume,Close Time,Quote Asset Volume,Number of trades,Taker Buy Base Asset Volume,Taker Buy Quote Asset volume
1556323200000,5315.00000000,5342.50000000,5257.67000000,5295.69000000,15422.89693500,1556409599999,81749716.42174439,145733,7918.22705600,41978251.89852615,0
