Open Time,Open,High,Low,Close,Volume,Close Time,Quote Asset Volume,Number of trades,Taker Buy Base Asset Volume,Taker Buy Quote Asset volume
1577577600000,7315.36000000,7528.45000000,7288.00000000,7388.24000000,31387.10608500,1577663999999,231731575.82821695,283213,15999.77782800,118139507.92862746,0
