Open Time,Open,High,Low,Close,Volume,Close Time,Quote Asset Volume,Number of trades,Taker Buy Base Asset Volume,Taker Buy Quote Asset volume
1561939200000,10854.10000000,11282.28000000,10030.00000000,10624.93000000,90962.26827100,1562025599999,972343281.86035535,757458,44210.98836500,473020897.41183619,0
