Open Time,Open,High,Low,Close,Volume,Close Time,Quote Asset Volume,Number of trades,Taker Buy Base Asset Volume,Taker Buy Quote Asset volume
1546819200000,3987.62000000,4017.90000000,3921.53000000,3975.45000000,31869.84626400,1546905599999,126830380.49287239,221219,16404.35224100,65287611.65056139,0
