Open Time,Open,High,Low,Close,Volume,Close Time,Quote Asset Volume,Number of trades,Taker Buy Base Asset Volume,Taker Buy Quote Asset volume
1553299200000,3987.89000000,4018.83000000,3978.01000000,4006.01000000,17302.60431800,1553385599999,69169819.86286371,143155,9491.14472800,37945846.04025019,0
