Open Time,Open,High,Low,Close,Volume,Close Time,Quote Asset Volume,Number of trades,Taker Buy Base Asset Volume,Taker Buy Quote Asset volume
1558569600000,7627.80000000,7940.98000000,7461.00000000,7851.51000000,49648.18470100,1558655999999,381536239.51284835,449220,25959.85983800,199607980.98608009,0
