Open Time,Open,High,Low,Close,Volume,Close Time,Quote Asset Volume,Number of trades,Taker Buy Base Asset Volume,Taker Buy Quote Asset volume
1564704000000,10375.00000000,10670.00000000,10281.35000000,10523.75000000,42990.44422100,1564790399999,450323284.15075973,431322,22206.13509300,232638457.60696326,0
