Open Time,Open,High,Low,Close,Volume,Close Time,Quote Asset Volume,Number of trades,Taker Buy Base Asset Volume,Taker Buy Quote Asset volume
1569456000000,8430.05000000,8465.99000000,7750.00000000,8063.73000000,67930.85374900,1569542399999,552794530.86668199,522062,33363.51365000,271728779.69954551,0
