Open Time,Open,High,Low,Close,Volume,Close Time,Quote Asset Volume,Number of trades,Taker Buy Base Asset Volume,Taker Buy Quote Asset volume
1565913600000,10296.77000000,10536.03000000,9750.00000000,10331.54000000,51758.14291800,1565999999999,527258446.39777652,504740,25818.03153700,263301246.89849174,0
