Open Time,Open,High,Low,Close,Volume,Close Time,Quote Asset Volume,Number of trades,Taker Buy Base Asset Volume,Taker Buy Quote Asset volume
1561507200000,11821.28000000,13970.00000000,11741.00000000,13093.80000000,155930.14738600,1561593599999,1996178374.59449220,1355074,76046.06420600,973444882.21756229,0
