Open Time,Open,High,Low,Close,Volume,Close Time,Quote Asset Volume,Number of trades,Taker Buy Base Asset Volume,Taker Buy Quote Asset volume
1569196800000,10028.05000000,10049.99000000,9615.77000000,9702.25000000,31937.23235600,1569283199999,314390584.62646132,332817,14940.11249600,147108768.54457945,0
