Open Time,Open,High,Low,Close,Volume,Close Time,Quote Asset Volume,Number of trades,Taker Buy Base Asset Volume,Taker Buy Quote Asset volume
1558828800000,8023.00000000,8740.00000000,7833.42000000,8614.43000000,49652.14456700,1558915199999,409616322.38847878,377306,26438.94680300,217911336.30408231,0
