Open Time,Open,High,Low,Close,Volume,Close Time,Quote Asset Volume,Number of trades,Taker Buy Base Asset Volume,Taker Buy Quote Asset volume
1565222400000,11975.04000000,12060.00000000,11521.00000000,11999.77000000,51207.25717400,1565308799999,604389131.06283610,473584,27463.20076300,324785966.12659640,0
