Open Time,Open,High,Low,Close,Volume,Close Time,Quote Asset Volume,Number of trades,Taker Buy Base Asset Volume,Taker Buy Quote Asset volume
1551830400000,3857.58000000,3907.00000000,3813.09000000,3861.84000000,24775.11883000,1551916799999,95417637.58898660,165101,13139.77457300,50622286.06205380,0
