Open Time,Open,High,Low,Close,Volume,Close Time,Quote Asset Volume,Number of trades,Taker Buy Base Asset Volume,Taker Buy Quote Asset volume
1564617600000,10080.53000000,10467.86000000,9863.46000000,10374.99000000,41727.63702800,1564703999999,422156523.66900791,378062,22244.91946700,225207082.39426738,0
