Open Time,Open,High,Low,Close,Volume,Close Time,Quote Asset Volume,Number of trades,Taker Buy Base Asset Volume,Taker Buy Quote Asset volume
1559088000000,8716.87000000,8750.00000000,8406.60000000,8645.68000000,33880.86592200,1559174399999,292094591.01803866,352317,17575.58031700,151595491.23598413,0
