Open Time,Open,High,Low,Close,Volume,Close Time,Quote Asset Volume,Number of trades,Taker Buy Base Asset Volume,Taker Buy Quote Asset volume
1551052800000,3743.56000000,3872.66000000,3740.00000000,3827.92000000,38102.96624500,1551139199999,145285565.20317070,262716,20414.12531600,77851143.96719552,0
