Open Time,Open,High,Low,Close,Volume,Close Time,Quote Asset Volume,Number of trades,Taker Buy Base Asset Volume,Taker Buy Quote Asset volume
1557100800000,5773.18000000,5805.00000000,5619.14000000,5747.79000000,25256.59632500,1557187199999,144358553.85462249,230431,12922.62549000,73880906.50332905,0
