Open Time,Open,High,Low,Close,Volume,Close Time,Quote Asset Volume,Number of trades,Taker Buy Base Asset Volume,Taker Buy Quote Asset volume
1568592000000,10303.34000000,10355.00000000,10078.00000000,10251.31000000,28971.40165700,1568678399999,296325130.17090132,274368,13385.30225300,137008707.88664533,0
