Open Time,Open,High,Low,Close,Volume,Close Time,Quote Asset Volume,Number of trades,Taker Buy Base Asset Volume,Taker Buy Quote Asset volume
1576368000000,7064.14000000,7200.30000000,7008.35000000,7118.59000000,26395.77813700,1576454399999,187402764.56353110,262651,13778.88014600,97846824.91339022,0
