Open Time,Open,High,Low,Close,Volume,Close Time,Quote Asset Volume,Number of trades,Taker Buy Base Asset Volume,Taker Buy Quote Asset volume
1548288000000,3552.97000000,3589.00000000,3529.22000000,3569.62000000,20826.25118000,1548374399999,74037052.86632736,162159,10975.97457000,39023591.88152408,0
