Open Time,Open,High,Low,Close,Volume,Close Time,Quote Asset Volume,Number of trades,Taker Buy Base Asset Volume,Taker Buy Quote Asset volume
1553558400000,3935.47000000,3958.98000000,3894.00000000,3948.55000000,29349.53762700,1553644799999,115330070.99071545,192418,15963.90520500,62738463.89189890,0
