Open Time,Open,High,Low,Close,Volume,Close Time,Quote Asset Volume,Number of trades,Taker Buy Base Asset Volume,Taker Buy Quote Asset volume
1547683200000,3591.84000000,3634.70000000,3530.39000000,3616.21000000,29755.44083800,1547769599999,106709136.97324342,217797,16010.50339500,57427195.93767381,0
