Open Time,Open,High,Low,Close,Volume,Close Time,Quote Asset Volume,Number of trades,Taker Buy Base Asset Volume,Taker Buy Quote Asset volume
1573171200000,9214.00000000,9261.00000000,8696.00000000,8773.73000000,62107.28924300,1573257599999,555589995.99358589,567331,30046.12929100,268900339.26312254,0
