Open Time,Open,High,Low,Close,Volume,Close Time,Quote Asset Volume,Number of trades,Taker Buy Base Asset Volume,Taker Buy Quote Asset volume
1554336000000,4932.59000000,5039.08000000,4777.00000000,4898.66000000,61054.25416800,1554422399999,301411332.00902432,419141,31203.30835400,154090564.79115182,0
