Open Time,Open,High,Low,Close,Volume,Close Time,Quote Asset Volume,Number of trades,Taker Buy Base Asset Volume,Taker Buy Quote Asset volume
1565481600000,11309.24000000,11600.00000000,11112.11000000,11549.97000000,26772.90691000,1565567999999,304862403.35144906,306234,15007.43820000,171032610.99181714,0
