Open Time,Open,High,Low,Close,Volume,Close Time,Quote Asset Volume,Number of trades,Taker Buy Base Asset Volume,Taker Buy Quote Asset volume
1565136000000,11481.69000000,12141.17000000,11382.84000000,11975.03000000,69173.39035300,1565222399999,814597979.05050404,592916,36357.22591800,428496665.57006503,0
