Open Time,Open,High,Low,Close,Volume,Close Time,Quote Asset Volume,Number of trades,Taker Buy Base Asset Volume,Taker Buy Quote Asset volume
1555804800000,5292.91000000,5314.35000000,5165.00000000,5256.14000000,25549.57093900,1555891199999,133929931.15068736,210494,13147.77101600,68909870.81367928,0
