Open Time,Open,High,Low,Close,Volume,Close Time,Quote Asset Volume,Number of trades,Taker Buy Base Asset Volume,Taker Buy Quote Asset volume
1547164800000,3585.88000000,3658.00000000,3465.00000000,3601.31000000,38338.65473300,1547251199999,137560743.62485982,264996,19907.35058600,71430015.64522145,0
