Open Time,Open,High,Low,Close,Volume,Close Time,Quote Asset Volume,Number of trades,Taker Buy Base Asset Volume,Taker Buy Quote Asset volume
1560211200000,7981.00000000,8010.00000000,7692.23000000,7884.90000000,30334.99942700,1560297599999,238031771.51747338,309059,15793.77245100,124001190.82079008,0
