Open Time,Open,High,Low,Close,Volume,Close Time,Quote Asset Volume,Number of trades,Taker Buy Base Asset Volume,Taker Buy Quote Asset volume
1569283200000,9702.20000000,9794.99000000,7800.00000000,8493.14000000,94007.34520300,1569369599999,838996309.16112820,748712,42986.25312700,383608082.56863165,0
