Open Time,Open,High,Low,Close,Volume,Close Time,Quote Asset Volume,Number of trades,Taker Buy Base Asset Volume,Taker Buy Quote Asset volume
1548460800000,3566.69000000,3662.94000000,3545.00000000,3565.25000000,19476.53234400,1548547199999,69841766.64693149,135369,10203.40031500,36578851.51879908,0
