Open Time,Open,High,Low,Close,Volume,Close Time,Quote Asset Volume,Number of trades,Taker Buy Base Asset Volume,Taker Buy Quote Asset volume
1568332800000,10415.01000000,10439.00000000,10153.00000000,10342.06000000,30280.33977600,1568419199999,311632094.25618850,304947,16763.85466300,172561765.65306618,0
