Open Time,Open,High,Low,Close,Volume,Close Time,Quote Asset Volume,Number of trades,Taker Buy Base Asset Volume,Taker Buy Quote Asset volume
1563753600000,10590.15000000,10683.16000000,10100.00000000,10340.31000000,40467.95483900,1563839999999,421016379.36208768,389565,19335.41190000,201324461.22845032,0
