Open Time,Open,High,Low,Close,Volume,Close Time,Quote Asset Volume,Number of trades,Taker Buy Base Asset Volume,Taker Buy Quote Asset volume
1560816000000,9312.13000000,9336.36000000,8950.00000000,9081.55000000,51554.56940100,1560902399999,470271954.29870564,449730,28057.04733500,255972426.13011804,0
