Open Time,Open,High,Low,Close,Volume,Close Time,Quote Asset Volume,Number of trades,Taker Buy Base Asset Volume,Taker Buy Quote Asset volume
1608508800000,23455.54000000,24102.77000000,21815.00000000,22719.71000000,88030.29724300,1608595199999,2035446293.92897096,1593949,41983.04610300,971417184.68964446,0
