Open Time,Open,High,Low,Close,Volume,Close Time,Quote Asset Volume,Number of trades,Taker Buy Base Asset Volume,Taker Buy Quote Asset volume
1606176000000,18368.01000000,19418.97000000,18018.00000000,19160.01000000,113581.50924100,1606262399999,2145301450.45794128,2179862,58179.20088200,1098976481.12570495,0
