Open Time,Open,High,Low,Close,Volume,Close Time,Quote Asset Volume,Number of trades,Taker Buy Base Asset Volume,Taker Buy Quote Asset volume
1586390400000,7360.26000000,7371.92000000,7108.08000000,7283.54000000,61094.87241700,1586476799999,444741085.90375861,686207,28801.89285100,209718590.14289618,0
