Open Time,Open,High,Low,Close,Volume,Close Time,Quote Asset Volume,Number of trades,Taker Buy Base Asset Volume,Taker Buy Quote Asset volume
1602633600000,11420.57000000,11547.98000000,11280.00000000,11417.89000000,41415.10601500,1602719999999,472007015.72093425,590025,19070.05730700,217375960.31094741,0
