Open Time,Open,High,Low,Close,Volume,Close Time,Quote Asset Volume,Number of trades,Taker Buy Base Asset Volume,Taker Buy Quote Asset volume
1579392000000,8915.09000000,9198.98000000,8466.00000000,8701.70000000,70676.88925900,1579478399999,623950864.27629280,615665,33655.94324100,297282818.09315907,0
