Open Time,Open,High,Low,Close,Volume,Close Time,Quote Asset Volume,Number of trades,Taker Buy Base Asset Volume,Taker Buy Quote Asset volume
1582243200000,9597.21000000,9755.51000000,9550.21000000,9677.05000000,42181.55452400,1582329599999,408286949.80352921,470599,21645.26761400,209532434.57633311,0
