Open Time,Open,High,Low,Close,Volume,Close Time,Quote Asset Volume,Number of trades,Taker Buy Base Asset Volume,Taker Buy Quote Asset volume
1582329600000,9677.05000000,9709.17000000,9560.02000000,9650.86000000,24636.75762300,1582415999999,237544283.22525856,319961,13267.24651100,127929552.99759819,0
