Open Time,Open,High,Low,Close,Volume,Close Time,Quote Asset Volume,Number of trades,Taker Buy Base Asset Volume,Taker Buy Quote Asset volume
1591315200000,9788.14000000,9854.75000000,9581.00000000,9621.16000000,47788.05005000,1591401599999,465200788.20363384,566062,22329.10711900,217444468.95052851,0
