Open Time,Open,High,Low,Close,Volume,Close Time,Quote Asset Volume,Number of trades,Taker Buy Base Asset Volume,Taker Buy Quote Asset volume
1588118400000,7738.58000000,8952.89000000,7710.05000000,8778.57000000,183546.88751400,1588204799999,1536390177.04494896,1433128,91462.00561700,765292175.06718837,0
