Open Time,Open,High,Low,Close,Volume,Close Time,Quote Asset Volume,Number of trades,Taker Buy Base Asset Volume,Taker Buy Quote Asset volume
1585958400000,6732.97000000,6990.41000000,6650.01000000,6856.99000000,72990.86113900,1586044799999,495076283.52090415,659051,36419.05668400,247173793.29146553,0
