Open Time,Open,High,Low,Close,Volume,Close Time,Quote Asset Volume,Number of trades,Taker Buy Base Asset Volume,Taker Buy Quote Asset volume
1598745600000,11465.84000000,11719.00000000,11458.00000000,11711.16000000,43177.87905400,1598831999999,501375342.93503890,756541,22258.11590200,258461346.45546267,0
