Open Time,Open,High,Low,Close,Volume,Close Time,Quote Asset Volume,Number of trades,Taker Buy Base Asset Volume,Taker Buy Quote Asset volume
1583971200000,7934.58000000,7966.17000000,4410.00000000,4800.00000000,261505.60865300,1584057599999,1628590104.22221324,1770812,119298.00619700,743481672.20376488,0
