Open Time,Open,High,Low,Close,Volume,Close Time,Quote Asset Volume,Number of trades,Taker Buy Base Asset Volume,Taker Buy Quote Asset volume
1593820800000,9057.79000000,9190.00000000,9040.04000000,9135.46000000,26441.96848400,1593907199999,240576054.91572312,335225,13588.81960000,123666216.06517515,0
