Open Time,Open,High,Low,Close,Volume,Close Time,Quote Asset Volume,Number of trades,Taker Buy Base Asset Volume,Taker Buy Quote Asset volume
1600128000000,10671.77000000,10930.04000000,10606.48000000,10785.31000000,61822.45278600,1600214399999,666457161.14913774,893852,29744.08727700,320640236.40587628,0
