Open Time,Open,High,Low,Close,Volume,Close Time,Quote Asset Volume,Number of trades,Taker Buy Base Asset Volume,Taker Buy Quote Asset volume
1595030400000,9154.31000000,9219.30000000,9121.10000000,9170.28000000,22554.54145700,1595116799999,206628105.36278893,430377,11502.70482900,105387979.46391492,0
