Open Time,Open,High,Low,Close,Volume,Close Time,Quote Asset Volume,Number of trades,Taker Buy Base Asset Volume,Taker Buy Quote Asset volume
1604275200000,13761.49000000,13830.00000000,13195.05000000,13549.37000000,64566.42190800,1604361599999,873629993.83139279,869850,29243.23366400,395698601.61694086,0
