Open Time,Open,High,Low,Close,Volume,Close Time,Quote Asset Volume,Number of trades,Taker Buy Base Asset Volume,Taker Buy Quote Asset volume
1605657600000,17659.38000000,18476.93000000,17214.45000000,17776.12000000,149019.78813400,1605743999999,2663337935.50029849,2091832,73412.73627800,1312369471.65248184,0
