Open Time,Open,High,Low,Close,Volume,Close Time,Quote Asset Volume,Number of trades,Taker Buy Base Asset Volume,Taker Buy Quote Asset volume
1601164800000,10728.59000000,10799.00000000,10594.82000000,10774.25000000,30549.48325300,1601251199999,327169249.45499568,516004,15101.03977000,161737536.90897186,0
