Open Time,Open,High,Low,Close,Volume,Close Time,Quote Asset Volume,Number of trades,Taker Buy Base Asset Volume,Taker Buy Quote Asset volume
1596758400000,11762.47000000,11909.94000000,11322.00000000,11594.23000000,65755.92602200,1596844799999,767005529.28212083,940045,29993.01871000,349862123.74910678,0
