Open Time,Open,High,Low,Close,Volume,Close Time,Quote Asset Volume,Number of trades,Taker Buy Base Asset Volume,Taker Buy Quote Asset volume
1581379200000,9851.74000000,10323.59000000,9700.00000000,10223.08000000,62422.39522400,1581465599999,624970415.40547413,710170,31905.31642000,319373572.87250502,0
