Open Time,Open,High,Low,Close,Volume,Close Time,Quote Asset Volume,Number of trades,Taker Buy Base Asset Volume,Taker Buy Quote Asset volume
1605398400000,16069.56000000,16180.00000000,15774.72000000,15957.00000000,43596.84151300,1605484799999,696651729.74525343,854441,20853.27084600,333239080.64181383,0
