Open Time,Open,High,Low,Close,Volume,Close Time,Quote Asset Volume,Number of trades,Taker Buy Base Asset Volume,Taker Buy Quote Asset volume
1591142400000,9518.02000000,9690.00000000,9365.21000000,9666.24000000,46252.64493900,1591228799999,441928818.04301561,562784,22656.30815000,216537558.01685119,0
