Open Time,Open,High,Low,Close,Volume,Close Time,Quote Asset Volume,Number of trades,Taker Buy Base Asset Volume,Taker Buy Quote Asset volume
1606780800000,19695.87000000,19888.00000000,18001.12000000,18764.96000000,127698.76265200,1606867199999,2446070334.82879867,2023802,63805.39289800,1223282816.31921670,0
