Open Time,Open,High,Low,Close,Volume,Close Time,Quote Asset Volume,Number of trades,Taker Buy Base Asset Volume,Taker Buy Quote Asset volume
1601769600000,10542.07000000,10696.87000000,10517.87000000,10666.63000000,23212.00159500,1601855999999,246252050.90681072,377553,12123.27565000,128619845.13152086,0
