Open Time,Open,High,Low,Close,Volume,Close Time,Quote Asset Volume,Number of trades,Taker Buy Base Asset Volume,Taker Buy Quote Asset volume
1580428800000,9511.52000000,9530.22000000,9210.01000000,9352.89000000,45552.02235200,1580515199999,425779010.40653666,428547,22482.47089900,210150300.22227438,0
