Open Time,Open,High,Low,Close,Volume,Close Time,Quote Asset Volume,Number of trades,Taker Buy Base Asset Volume,Taker Buy Quote Asset volume
1589414400000,9309.35000000,9939.00000000,9256.76000000,9791.98000000,129565.37747000,1589500799999,1247456797.81366625,1199530,63438.51099300,611313934.39132358,0
