Open Time,Open,High,Low,Close,Volume,Close Time,Quote Asset Volume,Number of trades,Taker Buy Base Asset Volume,Taker Buy Quote Asset volume
1598400000000,11318.42000000,11539.32000000,11244.00000000,11461.43000000,53998.23123100,1598486399999,615452789.96733745,862654,25622.53674000,291999409.36174106,0
