Open Time,Open,High,Low,Close,Volume,Close Time,Quote Asset Volume,Number of trades,Taker Buy Base Asset Volume,Taker Buy Quote Asset volume
1585008000000,6465.25000000,6833.00000000,6371.33000000,6744.72000000,151138.00987800,1585094399999,1001890515.23998861,1012669,72781.81732800,482659188.55276766,0
