Open Time,Open,High,Low,Close,Volume,Close Time,Quote Asset Volume,Number of trades,Taker Buy Base Asset Volume,Taker Buy Quote Asset volume
1581897600000,9910.70000000,9964.16000000,9452.67000000,9706.00000000,70261.01190100,1581983999999,680009637.61599533,778058,33221.83924100,321724146.09734819,0
