Open Time,Open,High,Low,Close,Volume,Close Time,Quote Asset Volume,Number of trades,Taker Buy Base Asset Volume,Taker Buy Quote Asset volume
1604707200000,15579.93000000,15753.52000000,14344.22000000,14818.30000000,101431.20655300,1604793599999,1536510177.09147370,1557021,46204.87062100,700220031.30034720,0
