Open Time,Open,High,Low,Close,Volume,Close Time,Quote Asset Volume,Number of trades,Taker Buy Base Asset Volume,Taker Buy Quote Asset volume
1591488000000,9666.85000000,9802.00000000,9372.46000000,9746.99000000,57952.84838500,1591574399999,556919603.79154480,637766,28426.59512900,273242856.19134752,0
