Open Time,Open,High,Low,Close,Volume,Close Time,Quote Asset Volume,Number of trades,Taker Buy Base Asset Volume,Taker Buy Quote Asset volume
1602979200000,11360.31000000,11505.00000000,11346.22000000,11503.14000000,23284.04119100,1603065599999,266150824.34809863,346946,12396.12709900,141743879.12841902,0
