Open Time,Open,High,Low,Close,Volume,Close Time,Quote Asset Volume,Number of trades,Taker Buy Base Asset Volume,Taker Buy Quote Asset volume
1583712000000,8034.76000000,8179.31000000,7632.01000000,7929.87000000,116968.86326800,1583798399999,918787729.08558386,929234,58020.95792700,455866837.30462256,0
