Open Time,Open,High,Low,Close,Volume,Close Time,Quote Asset Volume,Number of trades,Taker Buy Base Asset Volume,Taker Buy Quote Asset volume
1608422400000,23821.60000000,24295.00000000,23060.00000000,23455.52000000,76690.14568500,1608508799999,1810862074.73030801,1743225,37124.11535800,877166936.60573439,0
