Open Time,Open,High,Low,Close,Volume,Close Time,Quote Asset Volume,Number of trades,Taker Buy Base Asset Volume,Taker Buy Quote Asset volume
1591833600000,9885.22000000,9964.00000000,9113.00000000,9280.40000000,94418.98473000,1591919999999,902075648.54538493,966502,40972.06474900,391689549.65796588,0
