Open Time,Open,High,Low,Close,Volume,Close Time,Quote Asset Volume,Number of trades,Taker Buy Base Asset Volume,Taker Buy Quote Asset volume
1603843200000,13636.16000000,13859.48000000,12888.00000000,13266.40000000,94440.56122600,1603929599999,1263487952.99515693,1234511,43387.69227500,580505216.87260939,0
