Open Time,Open,High,Low,Close,Volume,Close Time,Quote Asset Volume,Number of trades,Taker Buy Base Asset Volume,Taker Buy Quote Asset volume
1607731200000,18036.53000000,18948.66000000,18020.70000000,18808.69000000,49519.97843200,1607817599999,915552835.90618337,891810,26056.33264800,481756117.71600103,0
