Open Time,Open,High,Low,Close,Volume,Close Time,Quote Asset Volume,Number of trades,Taker Buy Base Asset Volume,Taker Buy Quote Asset volume
1608940800000,24712.47000000,26867.03000000,24500.00000000,26493.39000000,97806.51338600,1609027199999,2496533065.17558060,1735574,49839.03407200,1272279529.88706064,0
