Open Time,Open,High,Low,Close,Volume,Close Time,Quote Asset Volume,Number of trades,Taker Buy Base Asset Volume,Taker Buy Quote Asset volume
1603929600000,13266.40000000,13642.91000000,12920.77000000,13455.70000000,74872.60213200,1604015999999,997867948.86097431,1008433,37203.24565800,495772429.35476798,0
