Open Time,Open,High,Low,Close,Volume,Close Time,Quote Asset Volume,Number of trades,Taker Buy Base Asset Volume,Taker Buy Quote Asset volume
1606867200000,18764.96000000,19342.00000000,18330.00000000,19204.09000000,75911.01347800,1606953599999,1436895344.82594950,1566635,36421.69039800,689901298.57006888,0
