Open Time,Open,High,Low,Close,Volume,Close Time,Quote Asset Volume,Number of trades,Taker Buy Base Asset Volume,Taker Buy Quote Asset volume
1594252800000,9436.06000000,9440.79000000,9160.00000000,9232.43000000,48044.45064500,1594339199999,447640493.54432978,575491,22644.91550100,210991009.74510143,0
