Open Time,Open,High,Low,Close,Volume,Close Time,Quote Asset Volume,Number of trades,Taker Buy Base Asset Volume,Taker Buy Quote Asset volume
1605571200000,16713.08000000,17858.82000000,16538.00000000,17659.38000000,115221.40310200,1605657599999,1982752071.45051193,1646652,58262.06259700,1003081009.61604291,0
