Open Time,Open,High,Low,Close,Volume,Close Time,Quote Asset Volume,Number of trades,Taker Buy Base Asset Volume,Taker Buy Quote Asset volume
1584144000000,5576.05000000,5640.52000000,5055.13000000,5172.06000000,136910.13597400,1584230399999,736651880.92107893,1106125,66104.01972900,356020329.85217690,0
