Open Time,Open,High,Low,Close,Volume,Close Time,Quote Asset Volume,Number of trades,Taker Buy Base Asset Volume,Taker Buy Quote Asset volume
1596931200000,11761.02000000,11797.11000000,11521.97000000,11681.68000000,41493.06734200,1597017599999,483708602.89638040,853386,19031.22331400,221877538.80726916,0
