Open Time,Open,High,Low,Close,Volume,Close Time,Quote Asset Volume,Number of trades,Taker Buy Base Asset Volume,Taker Buy Quote Asset volume
1597622400000,11910.99000000,12468.00000000,11769.78000000,12281.13000000,84734.21154000,1597708799999,1026883452.89477197,1210228,42291.08619900,512410754.09037578,0
