Open Time,Open,High,Low,Close,Volume,Close Time,Quote Asset Volume,Number of trades,Taker Buy Base Asset Volume,Taker Buy Quote Asset volume
1584230400000,5172.48000000,5940.00000000,5093.10000000,5361.30000000,139916.14653400,1584316799999,753755706.42687720,1037714,70540.65095000,380499471.94982265,0
