Open Time,Open,High,Low,Close,Volume,Close Time,Quote Asset Volume,Number of trades,Taker Buy Base Asset Volume,Taker Buy Quote Asset volume
1609027200000,26493.40000000,28422.00000000,25700.00000000,26281.66000000,148455.58621400,1609113599999,4028928683.88202470,2438493,72649.34048400,1972635486.18350649,0
