Open Time,Open,High,Low,Close,Volume,Close Time,Quote Asset Volume,Number of trades,Taker Buy Base Asset Volume,Taker Buy Quote Asset volume
1582588800000,9655.52000000,9675.00000000,9250.00000000,9315.84000000,54379.34455200,1582675199999,514946930.56602305,579079,26318.93415800,249358678.88131346,0
