Open Time,Open,High,Low,Close,Volume,Close Time,Quote Asset Volume,Number of trades,Taker Buy Base Asset Volume,Taker Buy Quote Asset volume
1594684800000,9242.61000000,9279.54000000,9113.00000000,9255.85000000,45772.55250900,1594771199999,421789086.45494741,613139,21666.53695100,199673293.75001954,0
