Open Time,Open,High,Low,Close,Volume,Close Time,Quote Asset Volume,Number of trades,Taker Buy Base Asset Volume,Taker Buy Quote Asset volume
1597795200000,11945.10000000,12020.08000000,11561.00000000,11754.59000000,73940.16960600,1597881599999,870612801.52956932,1258060,34861.13596900,410547222.25978079,0
