Open Time,Open,High,Low,Close,Volume,Close Time,Quote Asset Volume,Number of trades,Taker Buy Base Asset Volume,Taker Buy Quote Asset volume
1580601600000,9384.41000000,9477.03000000,9120.00000000,9331.51000000,45690.91254000,1580687999999,428064088.69046830,446558,22588.40606000,211808205.79156946,0
