Open Time,Open,High,Low,Close,Volume,Close Time,Quote Asset Volume,Number of trades,Taker Buy Base Asset Volume,Taker Buy Quote Asset volume
1607212800000,19147.66000000,19420.00000000,18857.00000000,19359.40000000,37043.09186100,1607299199999,709558933.58290580,820382,19009.40766300,364303500.95709817,0
