Open Time,Open,High,Low,Close,Volume,Close Time,Quote Asset Volume,Number of trades,Taker Buy Base Asset Volume,Taker Buy Quote Asset volume
1579996800000,8340.01000000,8618.13000000,8293.66000000,8615.00000000,31130.48516400,1580083199999,263941925.27299900,332612,15797.91126700,133936210.14356350,0
