Open Time,Open,High,Low,Close,Volume,Close Time,Quote Asset Volume,Number of trades,Taker Buy Base Asset Volume,Taker Buy Quote Asset volume
1600473600000,10933.40000000,11179.79000000,10887.37000000,11080.65000000,38440.03685800,1600559999999,423651901.15773042,620127,19923.05926700,219623766.31297809,0
