Open Time,Open,High,Low,Close,Volume,Close Time,Quote Asset Volume,Number of trades,Taker Buy Base Asset Volume,Taker Buy Quote Asset volume
1585785600000,6643.36000000,7198.00000000,6551.00000000,6794.09000000,149299.90687100,1585871999999,1014494762.44164222,1101043,74722.16374800,508095825.95867690,0
