Open Time,Open,High,Low,Close,Volume,Close Time,Quote Asset Volume,Number of trades,Taker Buy Base Asset Volume,Taker Buy Quote Asset volume
1583884800000,7894.57000000,7980.00000000,7590.00000000,7934.52000000,79942.41117200,1583971199999,624465167.36481883,699401,40497.89273800,316442882.75970132,0
