Open Time,Open,High,Low,Close,Volume,Close Time,Quote Asset Volume,Number of trades,Taker Buy Base Asset Volume,Taker Buy Quote Asset volume
1588291200000,8620.00000000,9059.18000000,8613.56000000,8826.96000000,91468.81505900,1588377599999,805640126.63087045,865960,44763.35448100,394216389.90386545,0
