Open Time,Open,High,Low,Close,Volume,Close Time,Quote Asset Volume,Number of trades,Taker Buy Base Asset Volume,Taker Buy Quote Asset volume
1585353600000,6359.11000000,6360.00000000,6024.00000000,6236.65000000,93159.69342900,1585439999999,577986706.12893653,725588,44960.52343800,279053353.63500286,0
