Open Time,Open,High,Low,Close,Volume,Close Time,Quote Asset Volume,Number of trades,Taker Buy Base Asset Volume,Taker Buy Quote Asset volume
1606694400000,18185.00000000,19863.16000000,18184.99000000,19695.87000000,115463.46688800,1606780799999,2205929119.50533619,1744149,61033.41490300,1166943549.18424454,0
