Open Time,Open,High,Low,Close,Volume,Close Time,Quote Asset Volume,Number of trades,Taker Buy Base Asset Volume,Taker Buy Quote Asset volume
1598140800000,11663.51000000,11718.07000000,11514.13000000,11648.13000000,37900.00469000,1598227199999,440406018.65187866,627352,18514.62752500,215154211.01204568,0
