Open Time,Open,High,Low,Close,Volume,Close Time,Quote Asset Volume,Number of trades,Taker Buy Base Asset Volume,Taker Buy Quote Asset volume
1578441600000,8145.92000000,8455.00000000,7870.00000000,8055.98000000,112622.64264000,1578527999999,926410232.60450582,830375,55071.10951400,453284250.45453957,0
