Open Time,Open,High,Low,Close,Volume,Close Time,Quote Asset Volume,Number of trades,Taker Buy Base Asset Volume,Taker Buy Quote Asset volume
1582675200000,9316.48000000,9377.44000000,8633.63000000,8785.25000000,92130.34548200,1582761599999,830717784.37909491,871018,41928.87480900,378197861.58165483,0
