Open Time,Open,High,Low,Close,Volume,Close Time,Quote Asset Volume,Number of trades,Taker Buy Base Asset Volume,Taker Buy Quote Asset volume
1587168000000,7026.78000000,7293.08000000,7014.40000000,7248.60000000,49488.54281900,1587254399999,354845083.77618894,494670,23980.64473100,171950110.37011601,0
