Open Time,Open,High,Low,Close,Volume,Close Time,Quote Asset Volume,Number of trades,Taker Buy Base Asset Volume,Taker Buy Quote Asset volume
1589932800000,9775.13000000,9842.00000000,9326.00000000,9511.43000000,74923.73809000,1590019199999,721190802.76340253,731189,33481.79667800,322416331.96245272,0
