Open Time,Open,High,Low,Close,Volume,Close Time,Quote Asset Volume,Number of trades,Taker Buy Base Asset Volume,Taker Buy Quote Asset volume
1586736000000,6903.79000000,6903.79000000,6575.00000000,6837.91000000,96415.47657300,1586822399999,649390681.24850258,804179,44648.49218700,300780988.70993096,0
