Open Time,Open,High,Low,Close,Volume,Close Time,Quote Asset Volume,Number of trades,Taker Buy Base Asset Volume,Taker Buy Quote Asset volume
1596585600000,11191.99000000,11780.93000000,11093.00000000,11744.91000000,74970.25685200,1596671999999,861433645.42443967,964637,36130.38455100,415113460.07729001,0
