Open Time,Open,High,Low,Close,Volume,Close Time,Quote Asset Volume,Number of trades,Taker Buy Base Asset Volume,Taker Buy Quote Asset volume
1603324800000,12780.75000000,13185.00000000,12678.08000000,12968.52000000,70038.82414400,1603411199999,905778888.87029065,1035811,33259.49504400,430203750.01892518,0
