Open Time,Open,High,Low,Close,Volume,Close Time,Quote Asset Volume,Number of trades,Taker Buy Base Asset Volume,Taker Buy Quote Asset volume
1592870400000,9685.69000000,9720.00000000,9577.03000000,9624.89000000,41031.02938000,1592956799999,395487616.46087799,474319,19112.60621600,184247416.84941235,0
