Open Time,Open,High,Low,Close,Volume,Close Time,Quote Asset Volume,Number of trades,Taker Buy Base Asset Volume,Taker Buy Quote Asset volume
1601424000000,10840.58000000,10849.34000000,10665.13000000,10776.59000000,39596.02732200,1601510399999,425279696.28526338,595383,18712.05971100,200976719.44085080,0
