Open Time,Open,High,Low,Close,Volume,Close Time,Quote Asset Volume,Number of trades,Taker Buy Base Asset Volume,Taker Buy Quote Asset volume
1594771200000,9255.85000000,9276.49000000,9160.57000000,9197.60000000,39053.57966500,1594857599999,360201683.49480513,554780,17977.67974700,165822998.03166477,0
