Open Time,Open,High,Low,Close,Volume,Close Time,Quote Asset Volume,Number of trades,Taker Buy Base Asset Volume,Taker Buy Quote Asset volume
1582934400000,8690.80000000,8790.00000000,8523.55000000,8523.61000000,36748.18303500,1583020799999,318585951.98853237,414175,18916.85455900,164044036.86872094,0
