Open Time,Open,High,Low,Close,Volume,Close Time,Quote Asset Volume,Number of trades,Taker Buy Base Asset Volume,Taker Buy Quote Asset volume
1587600000000,7125.12000000,7738.00000000,7020.00000000,7482.39000000,102773.56956100,1587686399999,756320213.58585215,881099,52475.59854100,386041564.82445067,0
