Open Time,Open,High,Low,Close,Volume,Close Time,Quote Asset Volume,Number of trades,Taker Buy Base Asset Volume,Taker Buy Quote Asset volume
1598832000000,11711.17000000,11800.77000000,11570.00000000,11649.51000000,55353.61774400,1598918399999,646723855.57145354,822062,26579.94028400,310534861.61639537,0
