Open Time,Open,High,Low,Close,Volume,Close Time,Quote Asset Volume,Number of trades,Taker Buy Base Asset Volume,Taker Buy Quote Asset volume
1598572800000,11330.38000000,11542.65000000,11276.89000000,11526.91000000,45953.90836500,1598659199999,525606229.65425099,719985,21714.20285900,248344753.12808140,0
