Open Time,Open,High,Low,Close,Volume,Close Time,Quote Asset Volume,Number of trades,Taker Buy Base Asset Volume,Taker Buy Quote Asset volume
1600387200000,10940.00000000,11038.03000000,10812.84000000,10933.39000000,47266.72827500,1600473599999,516147935.66922837,717371,23044.91988600,251654627.23674528,0
