Open Time,Open,High,Low,Close,Volume,Close Time,Quote Asset Volume,Number of trades,Taker Buy Base Asset Volume,Taker Buy Quote Asset volume
1590796800000,9426.60000000,9740.00000000,9331.23000000,9697.72000000,55665.27254000,1590883199999,530598690.07145047,651290,29252.67990400,279016030.13117991,0
