Open Time,Open,High,Low,Close,Volume,Close Time,Quote Asset Volume,Number of trades,Taker Buy Base Asset Volume,Taker Buy Quote Asset volume
1586563200000,6858.92000000,6944.30000000,6760.00000000,6876.83000000,45470.29320600,1586649599999,311699573.51667396,484618,21157.12838100,145036158.54711846,0
