Open Time,Open,High,Low,Close,Volume,Close Time,Quote Asset Volume,Number of trades,Taker Buy Base Asset Volume,Taker Buy Quote Asset volume
1597190400000,11392.09000000,11617.52000000,11150.00000000,11564.33000000,64909.61364400,1597276799999,743303608.09998264,1104096,30943.67211400,354308405.99191444,0
