Open Time,Open,High,Low,Close,Volume,Close Time,Quote Asset Volume,Number of trades,Taker Buy Base Asset Volume,Taker Buy Quote Asset volume
1583366400000,8750.99000000,9159.42000000,8746.54000000,9054.68000000,58201.86635500,1583452799999,524102029.20478296,619552,30482.08217100,274387102.91088936,0
