Open Time,Open,High,Low,Close,Volume,Close Time,Quote Asset Volume,Number of trades,Taker Buy Base Asset Volume,Taker Buy Quote Asset volume
1594512000000,9234.02000000,9345.00000000,9157.50000000,9302.75000000,30872.70228600,1594598399999,285591381.49153138,484875,14980.18770400,138584259.00133508,0
