Open Time,Open,High,Low,Close,Volume,Close Time,Quote Asset Volume,Number of trades,Taker Buy Base Asset Volume,Taker Buy Quote Asset volume
1593388800000,9116.16000000,9238.00000000,9024.67000000,9192.56000000,42120.29326100,1593475199999,384206326.47068040,434299,20449.09779600,186542867.41056208,0
