Open Time,Open,High,Low,Close,Volume,Close Time,Quote Asset Volume,Number of trades,Taker Buy Base Asset Volume,Taker Buy Quote Asset volume
1608336000000,23107.39000000,24171.47000000,22750.00000000,23821.61000000,86045.06467700,1608422399999,2018969878.88686757,1678611,42709.11149800,1002105538.85929248,0
