Open Time,Open,High,Low,Close,Volume,Close Time,Quote Asset Volume,Number of trades,Taker Buy Base Asset Volume,Taker Buy Quote Asset volume
1597363200000,11779.77000000,11850.00000000,11634.03000000,11760.54000000,59818.85269700,1597449599999,702273220.69641574,1011746,28464.66955300,334192256.65110328,0
