Open Time,Open,High,Low,Close,Volume,Close Time,Quote Asset Volume,Number of trades,Taker Buy Base Asset Volume,Taker Buy Quote Asset volume
1592092800000,9473.34000000,9480.99000000,9245.00000000,9342.10000000,30055.50660800,1592179199999,282131272.38006622,415568,14465.41615100,135811554.06421556,0
