Open Time,Open,High,Low,Close,Volume,Close Time,Quote Asset Volume,Number of trades,Taker Buy Base Asset Volume,Taker Buy Quote Asset volume
1583020800000,8523.61000000,8750.00000000,8411.00000000,8531.88000000,43892.20177900,1583107199999,375729315.25408258,472019,21838.36886600,186962259.70689059,0
