Open Time,Open,High,Low,Close,Volume,Close Time,Quote Asset Volume,Number of trades,Taker Buy Base Asset Volume,Taker Buy Quote Asset volume
1604534400000,14144.01000000,15750.00000000,14093.56000000,15590.02000000,143741.52267300,1604620799999,2131865609.29089107,1736055,72196.12711800,1071067716.59486903,0
