Open Time,Open,High,Low,Close,Volume,Close Time,Quote Asset Volume,Number of trades,Taker Buy Base Asset Volume,Taker Buy Quote Asset volume
1604448000000,14023.53000000,14259.00000000,13525.00000000,14144.01000000,93016.98826200,1604534399999,1293872665.41796188,1212959,45333.66159600,630831907.07329258,0
