Open Time,Open,High,Low,Close,Volume,Close Time,Quote Asset Volume,Number of trades,Taker Buy Base Asset Volume,Taker Buy Quote Asset volume
1588377600000,8825.67000000,9010.00000000,8753.00000000,8972.05000000,59002.08755000,1588463999999,523838859.54424918,637884,30400.35344900,269917468.34160132,0
