Open Time,Open,High,Low,Close,Volume,Close Time,Quote Asset Volume,Number of trades,Taker Buy Base Asset Volume,Taker Buy Quote Asset volume
1580860800000,9197.02000000,9744.45000000,9177.22000000,9612.04000000,64870.41561500,1580947199999,613540574.78183120,661758,35375.60520200,334620486.13736696,0
