Open Time,Open,High,Low,Close,Volume,Close Time,Quote Asset Volume,Number of trades,Taker Buy Base Asset Volume,Taker Buy Quote Asset volume
1594857600000,9197.60000000,9226.15000000,9047.25000000,9133.72000000,43375.57119100,1594943999999,395883667.02480033,681807,20410.13000900,186271268.49276469,0
