Open Time,Open,High,Low,Close,Volume,Close Time,Quote Asset Volume,Number of trades,Taker Buy Base Asset Volume,Taker Buy Quote Asset volume
1588723200000,9021.36000000,9395.00000000,8906.21000000,9142.92000000,105925.30242000,1588809599999,972793508.46490739,1007661,51189.79089300,470167656.56560318,0
