Open Time,Open,High,Low,Close,Volume,Close Time,Quote Asset Volume,Number of trades,Taker Buy Base Asset Volume,Taker Buy Quote Asset volume
1583107200000,8530.30000000,8965.75000000,8498.00000000,8915.24000000,60401.31773000,1583193599999,528906629.56281918,564535,31213.08060200,273395227.94832437,0
