Open Time,Open,High,Low,Close,Volume,Close Time,Quote Asset Volume,Number of trades,Taker Buy Base Asset Volume,Taker Buy Quote Asset volume
1598659200000,11526.90000000,11580.02000000,11417.04000000,11465.84000000,32973.79920000,1598745599999,379228275.27072239,611834,15709.30998500,180675288.37511048,0
