Open Time,Open,High,Low,Close,Volume,Close Time,Quote Asset Volume,Number of trades,Taker Buy Base Asset Volume,Taker Buy Quote Asset volume
1581206400000,9895.04000000,10166.00000000,9880.75000000,10151.75000000,43408.47561600,1581292799999,437441704.90539635,536848,22408.27732700,225799470.00274661,0
