Open Time,Open,High,Low,Close,Volume,Close Time,Quote Asset Volume,Number of trades,Taker Buy Base Asset Volume,Taker Buy Quote Asset volume
1634774400000,66001.40000000,66639.74000000,62000.00000000,62193.15000000,68538.64537000,1634860799999,4407757970.87975560,2181665,32008.51421000,2060110973.80589420,0
