Open Time,Open,High,Low,Close,Volume,Close Time,Quote Asset Volume,Number of trades,Taker Buy Base Asset Volume,Taker Buy Quote Asset volume
1616544000000,54342.80000000,57200.00000000,51700.00000000,52303.65000000,83537.46502100,1616630399999,4583159614.04646126,2401988,39323.13006700,2161386678.80682066,0
