Open Time,Open,High,Low,Close,Volume,Close Time,Quote Asset Volume,Number of trades,Taker Buy Base Asset Volume,Taker Buy Quote Asset volume
1611273600000,30851.99000000,33826.53000000,28850.00000000,32945.17000000,142971.68404900,1611359999999,4483295872.02227268,2707810,70150.18845500,2201161570.49867076,0
