Open Time,Open,High,Low,Close,Volume,Close Time,Quote Asset Volume,Number of trades,Taker Buy Base Asset Volume,Taker Buy Quote Asset volume
1626825600000,29790.34000000,32858.00000000,29482.61000000,32144.51000000,82796.26512800,1626911999999,2603140706.08222436,1415058,42584.67221900,1338356405.54193175,0
