Open Time,Open,High,Low,Close,Volume,Close Time,Quote Asset Volume,Number of trades,Taker Buy Base Asset Volume,Taker Buy Quote Asset volume
1620604800000,58240.83000000,59500.00000000,53400.00000000,55816.14000000,89586.34925000,1620691199999,5131782639.96613736,2575419,43057.97702900,2468201497.96757166,0
