Open Time,Open,High,Low,Close,Volume,Close Time,Quote Asset Volume,Number of trades,Taker Buy Base Asset Volume,Taker Buy Quote Asset volume
1629936000000,48973.32000000,49352.84000000,46250.00000000,46843.87000000,49371.27777400,1630022399999,2333900030.22962785,1532753,23686.56349600,1120008931.61987400,0
