Open Time,Open,High,Low,Close,Volume,Close Time,Quote Asset Volume,Number of trades,Taker Buy Base Asset Volume,Taker Buy Quote Asset volume
1634688000000,64280.59000000,67000.00000000,63481.40000000,66001.41000000,51428.93485600,1634774399999,3362878816.40459238,1823286,27623.99052600,1806653764.67083274,0
