Open Time,Open,High,Low,Close,Volume,Close Time,Quote Asset Volume,Number of trades,Taker Buy Base Asset Volume,Taker Buy Quote Asset volume
1639094400000,47535.90000000,50125.00000000,46852.00000000,47140.54000000,44233.57391000,1639180799999,2135023722.85315130,1215231,21143.96129000,1020995576.30256690,0
