Open Time,Open,High,Low,Close,Volume,Close Time,Quote Asset Volume,Number of trades,Taker Buy Base Asset Volume,Taker Buy Quote Asset volume
1621555200000,40525.39000000,42200.00000000,33488.00000000,37252.01000000,202100.88825800,1621641599999,7713346610.27412883,3993336,94002.43140900,3591749386.78765034,0
