Open Time,Open,High,Low,Close,Volume,Close Time,Quote Asset Volume,Number of trades,Taker Buy Base Asset Volume,Taker Buy Quote Asset volume
1631404800000,45173.68000000,46460.00000000,44742.06000000,46025.24000000,32094.28052000,1631491199999,1464780920.21998130,1179808,15735.45104000,718436012.75886560,0
