Open Time,Open,High,Low,Close,Volume,Close Time,Quote Asset Volume,Number of trades,Taker Buy Base Asset Volume,Taker Buy Quote Asset volume
1619481600000,54001.38000000,55460.00000000,53222.00000000,55011.97000000,54064.03467500,1619567999999,2949719328.36698972,1568666,25631.07462900,1398731801.17633617,0
