Open Time,Open,High,Low,Close,Volume,Close Time,Quote Asset Volume,Number of trades,Taker Buy Base Asset Volume,Taker Buy Quote Asset volume
1639440000000,46702.76000000,48700.41000000,46290.00000000,48343.28000000,39955.98445000,1639526399999,1887427362.47409660,1194992,20010.80589000,945501336.15691430,0
