Open Time,Open,High,Low,Close,Volume,Close Time,Quote Asset Volume,Number of trades,Taker Buy Base Asset Volume,Taker Buy Quote Asset volume
1629158400000,45901.30000000,47160.00000000,44376.00000000,44695.95000000,57039.34162900,1629244799999,2616339597.91574244,1781303,27320.26180800,1253906922.58209693,0
