Open Time,Open,High,Low,Close,Volume,Close Time,Quote Asset Volume,Number of trades,Taker Buy Base Asset Volume,Taker Buy Quote Asset volume
1638748800000,49396.32000000,50891.11000000,47100.00000000,50441.92000000,58571.21575000,1638835199999,2851528919.17953640,1741956,28820.34753000,1403464676.88509370,0
