Open Time,Open,High,Low,Close,Volume,Close Time,Quote Asset Volume,Number of trades,Taker Buy Base Asset Volume,Taker Buy Quote Asset volume
1612224000000,33517.09000000,35984.33000000,33418.00000000,35466.24000000,78056.65988000,1612310399999,2716321896.31760851,1789672,39216.56310600,1364790964.63689959,0
