Open Time,Open,High,Low,Close,Volume,Close Time,Quote Asset Volume,Number of trades,Taker Buy Base Asset Volume,Taker Buy Quote Asset volume
1618531200000,63158.74000000,63520.61000000,60000.00000000,61334.80000000,91764.13988400,1618617599999,5647292669.61549332,2639940,43570.02314700,2680750914.50457292,0
