Open Time,Open,High,Low,Close,Volume,Close Time,Quote Asset Volume,Number of trades,Taker Buy Base Asset Volume,Taker Buy Quote Asset volume
1619827200000,57697.25000000,58458.07000000,56956.14000000,57800.37000000,42600.35183600,1619913599999,2460342954.84252080,1743013,20574.81022600,1188354972.01372347,0
