Open Time,Open,High,Low,Close,Volume,Close Time,Quote Asset Volume,Number of trades,Taker Buy Base Asset Volume,Taker Buy Quote Asset volume
1626998400000,32287.58000000,33650.00000000,31924.32000000,33634.09000000,50112.86362600,1627084799999,1631947003.07304657,1394786,25018.97707900,815391041.19337381,0
