Open Time,Open,High,Low,Close,Volume,Close Time,Quote Asset Volume,Number of trades,Taker Buy Base Asset Volume,Taker Buy Quote Asset volume
1611360000000,32950.00000000,33456.00000000,31390.16000000,32078.00000000,64595.28767500,1611446399999,2089098295.75843661,1700056,32680.77612800,1057114174.55222724,0
