Open Time,Open,High,Low,Close,Volume,Close Time,Quote Asset Volume,Number of trades,Taker Buy Base Asset Volume,Taker Buy Quote Asset volume
1614988800000,48746.81000000,49200.00000000,47070.00000000,48882.20000000,44399.23424200,1615075199999,2143910705.29150321,1476474,21500.61561700,1038365872.97995482,0
