Open Time,Open,High,Low,Close,Volume,Close Time,Quote Asset Volume,Number of trades,Taker Buy Base Asset Volume,Taker Buy Quote Asset volume
1612656000000,39181.01000000,39700.00000000,37351.00000000,38795.69000000,84363.67976300,1612742399999,3256521384.24061093,1976357,40764.38895900,1574482907.56390225,0
