Open Time,Open,High,Low,Close,Volume,Close Time,Quote Asset Volume,Number of trades,Taker Buy Base Asset Volume,Taker Buy Quote Asset volume
1628121600000,39723.17000000,41350.00000000,37332.70000000,40862.46000000,84343.75562100,1628207999999,3314527738.33973321,1913281,41673.12908100,1638359889.80201597,0
