Open Time,Open,High,Low,Close,Volume,Close Time,Quote Asset Volume,Number of trades,Taker Buy Base Asset Volume,Taker Buy Quote Asset volume
1615075200000,48882.20000000,51450.03000000,48882.20000000,50971.75000000,55235.02803200,1615161599999,2778875909.44912621,1758101,27885.59696400,1402782879.72115338,0
