Open Time,Open,High,Low,Close,Volume,Close Time,Quote Asset Volume,Number of trades,Taker Buy Base Asset Volume,Taker Buy Quote Asset volume
1620000000000,56578.21000000,58981.44000000,56435.00000000,57169.39000000,57649.93128600,1620086399999,3337604542.62738077,2102128,28536.05553300,1652286174.15826469,0
