Open Time,Open,High,Low,Close,Volume,Close Time,Quote Asset Volume,Number of trades,Taker Buy Base Asset Volume,Taker Buy Quote Asset volume
1614470400000,46103.67000000,46638.46000000,43000.00000000,45135.66000000,83055.36904200,1614556799999,3708359965.45458128,1838345,40688.17185000,1817797446.60238093,0
