Open Time,Open,High,Low,Close,Volume,Close Time,Quote Asset Volume,Number of trades,Taker Buy Base Asset Volume,Taker Buy Quote Asset volume
1610841600000,35994.98000000,36852.50000000,33850.00000000,35828.61000000,80157.72738400,1610927999999,2843103040.24066405,1860642,39513.63856100,1402648632.85122460,0
