Open Time,Open,High,Low,Close,Volume,Close Time,Quote Asset Volume,Number of trades,Taker Buy Base Asset Volume,Taker Buy Quote Asset volume
1632787200000,42147.35000000,42787.38000000,40888.00000000,41026.54000000,43372.26240000,1632873599999,1816305387.83885820,1045389,20710.09030000,867306872.21244550,0
