Open Time,Open,High,Low,Close,Volume,Close Time,Quote Asset Volume,Number of trades,Taker Buy Base Asset Volume,Taker Buy Quote Asset volume
1624147200000,35483.72000000,36137.72000000,33336.00000000,35600.16000000,89878.17085000,1624233599999,3124634336.84076064,1691871,44194.06738700,1537385055.49291186,0
