Open Time,Open,High,Low,Close,Volume,Close Time,Quote Asset Volume,Number of trades,Taker Buy Base Asset Volume,Taker Buy Quote Asset volume
1633219200000,47634.89000000,49228.08000000,47088.00000000,48200.01000000,30825.05601000,1633305599999,1482764462.19057740,1114294,15426.81514000,742443046.40754920,0
