Open Time,Open,High,Low,Close,Volume,Close Time,Quote Asset Volume,Number of trades,Taker Buy Base Asset Volume,Taker Buy Quote Asset volume
1634169600000,57370.83000000,58532.54000000,56818.05000000,57347.94000000,43053.33678100,1634255999999,2481915791.59123502,1372048,21940.26497900,1265138476.86559415,0
