Open Time,Open,High,Low,Close,Volume,Close Time,Quote Asset Volume,Number of trades,Taker Buy Base Asset Volume,Taker Buy Quote Asset volume
1631232000000,46395.14000000,47033.00000000,44132.29000000,44850.91000000,49048.26618000,1631318399999,2243698626.03951660,1569941,24358.59799000,1114490733.87924340,0
