Open Time,Open,High,Low,Close,Volume,Close Time,Quote Asset Volume,Number of trades,Taker Buy Base Asset Volume,Taker Buy Quote Asset volume
1614556800000,45134.11000000,49790.00000000,44950.53000000,49587.03000000,85086.11164800,1614643199999,4057515794.86572823,2147223,42616.99436100,2032566685.61430702,0
