Open Time,Open,High,Low,Close,Volume,Close Time,Quote Asset Volume,Number of trades,Taker Buy Base Asset Volume,Taker Buy Quote Asset volume
1631923200000,47299.98000000,48843.20000000,47035.56000000,48292.74000000,30906.47038000,1632009599999,1491461627.95142250,976346,15219.90487000,734476256.09950720,0
