Open Time,Open,High,Low,Close,Volume,Close Time,Quote Asset Volume,Number of trades,Taker Buy Base Asset Volume,Taker Buy Quote Asset volume
1636761600000,64122.22000000,65000.00000000,63360.22000000,64380.00000000,22504.97383000,1636847999999,1442441613.59839240,904149,11094.05209000,711146514.06458690,0
