Open Time,Open,High,Low,Close,Volume,Close Time,Quote Asset Volume,Number of trades,Taker Buy Base Asset Volume,Taker Buy Quote Asset volume
1635379200000,58413.44000000,62499.00000000,57820.00000000,60575.89000000,61056.35301000,1635465599999,3677629851.05960650,1878275,30447.44205000,1835335717.81491350,0
