Open Time,Open,High,Low,Close,Volume,Close Time,Quote Asset Volume,Number of trades,Taker Buy Base Asset Volume,Taker Buy Quote Asset volume
1624924800000,34494.89000000,36600.00000000,34225.43000000,35911.73000000,90788.79622000,1625011199999,3233947791.86338857,1673802,45376.58762900,1616093004.85216473,0
