Open Time,Open,High,Low,Close,Volume,Close Time,Quote Asset Volume,Number of trades,Taker Buy Base Asset Volume,Taker Buy Quote Asset volume
1610323200000,38150.02000000,38264.74000000,30420.00000000,35404.47000000,251156.13828700,1610409599999,8497730017.89850578,4472957,123241.58878200,4171891522.05678609,0
