Open Time,Open,High,Low,Close,Volume,Close Time,Quote Asset Volume,Number of trades,Taker Buy Base Asset Volume,Taker Buy Quote Asset volume
1615420800000,55851.59000000,58150.00000000,54272.82000000,57773.16000000,81914.81285900,1615507199999,4612366201.00222005,2509970,40603.44966800,2288704819.09510673,0
