Open Time,Open,High,Low,Close,Volume,Close Time,Quote Asset Volume,Number of trades,Taker Buy Base Asset Volume,Taker Buy Quote Asset volume
1623888000000,38349.00000000,39559.88000000,37365.00000000,38092.97000000,79541.30711900,1623974399999,3065622530.03988603,1620210,37936.81267300,1462729677.11582557,0
