Open Time,Open,High,Low,Close,Volume,Close Time,Quote Asset Volume,Number of trades,Taker Buy Base Asset Volume,Taker Buy Quote Asset volume
1613779200000,55906.00000000,57700.46000000,53863.93000000,55841.19000000,80948.20531400,1613865599999,4551890859.85127464,2642846,38636.06627400,2172833878.44096487,0
