Open Time,Open,High,Low,Close,Volume,Close Time,Quote Asset Volume,Number of trades,Taker Buy Base Asset Volume,Taker Buy Quote Asset volume
1621296000000,43538.02000000,45799.29000000,42250.02000000,42849.78000000,116979.86078400,1621382399999,5146670282.54790183,2561165,55703.00041000,2450848779.21597987,0
