Open Time,Open,High,Low,Close,Volume,Close Time,Quote Asset Volume,Number of trades,Taker Buy Base Asset Volume,Taker Buy Quote Asset volume
1611964800000,34246.28000000,34933.00000000,32825.00000000,34262.88000000,84889.68134000,1612051199999,2884500062.93807842,2201040,42418.46709900,1441981400.65363825,0
