Open Time,Open,High,Low,Close,Volume,Close Time,Quote Asset Volume,Number of trades,Taker Buy Base Asset Volume,Taker Buy Quote Asset volume
1634083200000,55996.91000000,57777.00000000,54167.19000000,57367.00000000,55808.44492000,1634169599999,3123307687.47730310,1610489,27985.13207000,1566812325.67564000,0
