Open Time,Open,High,Low,Close,Volume,Close Time,Quote Asset Volume,Number of trades,Taker Buy Base Asset Volume,Taker Buy Quote Asset volume
1610064000000,39432.48000000,41950.00000000,36500.00000000,40582.81000000,139789.95749900,1610150399999,5568443208.73136537,2925632,67300.15521600,2684975445.97890497,0
