Open Time,Open,High,Low,Close,Volume,Close Time,Quote Asset Volume,Number of trades,Taker Buy Base Asset Volume,Taker Buy Quote Asset volume
1633564800000,55315.00000000,55332.31000000,53357.00000000,53785.22000000,54917.37766000,1633651199999,2983143121.08864310,1703147,26485.89849000,1438826617.03898690,0
