Open Time,Open,High,Low,Close,Volume,Close Time,Quote Asset Volume,Number of trades,Taker Buy Base Asset Volume,Taker Buy Quote Asset volume
1614384000000,46276.88000000,48394.00000000,45000.00000000,46106.43000000,66060.83429200,1614470399999,3105897438.55097179,1757720,31987.01964700,1505012110.94959802,0
