Open Time,Open,High,Low,Close,Volume,Close Time,Quote Asset Volume,Number of trades,Taker Buy Base Asset Volume,Taker Buy Quote Asset volume
1635206400000,63078.78000000,63293.48000000,59817.55000000,60328.81000000,40217.50083000,1635292799999,2492606133.31894550,1334460,18699.28475000,1160289812.69599610,0
