Open Time,Open,High,Low,Close,Volume,Close Time,Quote Asset Volume,Number of trades,Taker Buy Base Asset Volume,Taker Buy Quote Asset volume
1630886400000,51756.88000000,52780.00000000,50969.33000000,52663.90000000,49249.66708100,1630972799999,2549290983.05687762,1678015,24620.35252500,1274643403.54794685,0
