Open Time,Open,High,Low,Close,Volume,Close Time,Quote Asset Volume,Number of trades,Taker Buy Base Asset Volume,Taker Buy Quote Asset volume
1617840000000,55953.44000000,58153.31000000,55700.00000000,58077.52000000,44283.14701900,1617926399999,2531779682.55242696,1661080,22161.69051000,1267126859.44389048,0
