Open Time,Open,High,Low,Close,Volume,Close Time,Quote Asset Volume,Number of trades,Taker Buy Base Asset Volume,Taker Buy Quote Asset volume
1630627200000,49246.63000000,51000.00000000,48316.84000000,49999.14000000,59025.64415700,1630713599999,2949574478.07173762,1645163,29625.44338300,1481238133.39463303,0
