Open Time,Open,High,Low,Close,Volume,Close Time,Quote Asset Volume,Number of trades,Taker Buy Base Asset Volume,Taker Buy Quote Asset volume
1623542400000,35546.12000000,39380.00000000,34757.00000000,39020.57000000,86921.02555500,1623628799999,3208991521.63768005,1894103,45675.27361600,1688611358.41170236,0
