Open Time,Open,High,Low,Close,Volume,Close Time,Quote Asset Volume,Number of trades,Taker Buy Base Asset Volume,Taker Buy Quote Asset volume
1631664000000,47103.28000000,48500.00000000,46682.32000000,48121.41000000,43204.71174000,1631750399999,2056996398.84396170,1176050,20903.53535000,995198313.74741110,0
