Open Time,Open,High,Low,Close,Volume,Close Time,Quote Asset Volume,Number of trades,Taker Buy Base Asset Volume,Taker Buy Quote Asset volume
1628208000000,40862.46000000,43392.43000000,39853.86000000,42836.87000000,75753.94134700,1628294399999,3148022459.91615849,2223356,38278.00475800,1591634314.10080118,0
