Open Time,Open,High,Low,Close,Volume,Close Time,Quote Asset Volume,Number of trades,Taker Buy Base Asset Volume,Taker Buy Quote Asset volume
1614124800000,48891.00000000,51374.99000000,46988.69000000,49676.20000000,91881.20925200,1614211199999,4574033001.37953613,2194532,45750.71483100,2278566606.13834688,0
