Open Time,Open,High,Low,Close,Volume,Close Time,Quote Asset Volume,Number of trades,Taker Buy Base Asset Volume,Taker Buy Quote Asset volume
1629676800000,49239.22000000,50500.00000000,49029.00000000,49488.85000000,52462.54195400,1629763199999,2616721363.68517193,2143309,26218.97512000,1307817635.39098320,0
