Open Time,Open,High,Low,Close,Volume,Close Time,Quote Asset Volume,Number of trades,Taker Buy Base Asset Volume,Taker Buy Quote Asset volume
1633996800000,57471.35000000,57680.00000000,53879.00000000,55996.93000000,53471.28550000,1634083199999,3017210682.88594980,1554412,26157.44247000,1477084242.54916010,0
