Open Time,Open,High,Low,Close,Volume,Close Time,Quote Asset Volume,Number of trades,Taker Buy Base Asset Volume,Taker Buy Quote Asset volume
1614211200000,49676.21000000,52041.73000000,46674.34000000,47073.73000000,83310.67312100,1614297599999,4152188728.14161469,2305679,40610.66475900,2026068517.64636189,0
