Open Time,Open,High,Low,Close,Volume,Close Time,Quote Asset Volume,Number of trades,Taker Buy Base Asset Volume,Taker Buy Quote Asset volume
1619308800000,50047.84000000,50567.91000000,46930.00000000,49066.77000000,58255.64500400,1619395199999,2867858315.18731958,1475479,27767.33139400,1367920871.52816647,0
