Open Time,Open,High,Low,Close,Volume,Close Time,Quote Asset Volume,Number of trades,Taker Buy Base Asset Volume,Taker Buy Quote Asset volume
1640131200000,48887.59000000,49576.13000000,48421.87000000,48588.16000000,27004.20220000,1640217599999,1322418595.33372950,949480,13402.54963000,656467230.75630970,0
