Open Time,Open,High,Low,Close,Volume,Close Time,Quote Asset Volume,Number of trades,Taker Buy Base Asset Volume,Taker Buy Quote Asset volume
1634256000000,57347.94000000,62933.00000000,56850.00000000,61672.42000000,82512.90802200,1634342399999,4959389368.72673282,2649137,43913.67633100,2638969873.66980311,0
