Open Time,Open,High,Low,Close,Volume,Close Time,Quote Asset Volume,Number of trades,Taker Buy Base Asset Volume,Taker Buy Quote Asset volume
1620691200000,55816.14000000,56862.43000000,54370.00000000,56670.02000000,64329.54055000,1620777599999,3583030654.76301904,1911480,30880.82833900,1720075588.22363352,0
