Open Time,Open,High,Low,Close,Volume,Close Time,Quote Asset Volume,Number of trades,Taker Buy Base Asset Volume,Taker Buy Quote Asset volume
1640736000000,47543.74000000,48139.08000000,46096.99000000,46464.66000000,39498.87000000,1640822399999,1873785571.27329660,1114074,19089.61910000,905969695.64253980,0
