Open Time,Open,High,Low,Close,Volume,Close Time,Quote Asset Volume,Number of trades,Taker Buy Base Asset Volume,Taker Buy Quote Asset volume
1629331200000,44699.37000000,47033.00000000,43927.70000000,46760.62000000,53411.75392000,1629417599999,2416320067.13376884,1774382,27193.50515000,1230827552.41014125,0
