Open Time,Open,High,Low,Close,Volume,Close Time,Quote Asset Volume,Number of trades,Taker Buy Base Asset Volume,Taker Buy Quote Asset volume
1615248000000,52375.18000000,54895.00000000,51789.41000000,54884.50000000,71656.73707600,1615334399999,3861450964.65490351,2194398,35011.54108600,1886844773.68462989,0
