Open Time,Open,High,Low,Close,Volume,Close Time,Quote Asset Volume,Number of trades,Taker Buy Base Asset Volume,Taker Buy Quote Asset volume
1640908800000,47120.88000000,48548.26000000,45678.00000000,46216.93000000,34937.99796000,1640995199999,1650715977.91851720,1059783,17315.54230000,818331688.00331310,0
