Open Time,Open,High,Low,Close,Volume,Close Time,Quote Asset Volume,Number of trades,Taker Buy Base Asset Volume,Taker Buy Quote Asset volume
1633737600000,53955.67000000,55489.00000000,53661.67000000,54949.72000000,55177.08013000,1633823999999,3024862790.69559250,1609483,27686.74749000,1518044340.20896890,0
