Open Time,Open,High,Low,Close,Volume,Close Time,Quote Asset Volume,Number of trades,Taker Buy Base Asset Volume,Taker Buy Quote Asset volume
1620345600000,56393.68000000,58650.00000000,55241.63000000,57314.75000000,74542.74782900,1620431999999,4239374487.47477234,2361692,36877.60256600,2097609397.22975708,0
