Open Time,Open,High,Low,Close,Volume,Close Time,Quote Asset Volume,Number of trades,Taker Buy Base Asset Volume,Taker Buy Quote Asset volume
1622678400000,37568.68000000,39476.00000000,37170.00000000,39246.79000000,75889.10601100,1622764799999,2930945325.70920706,1949658,38664.29784900,1493504667.61380185,0
