Open Time,Open,High,Low,Close,Volume,Close Time,Quote Asset Volume,Number of trades,Taker Buy Base Asset Volume,Taker Buy Quote Asset volume
1625443200000,35288.13000000,35293.78000000,33125.55000000,33690.14000000,64123.87424500,1625529599999,2183406257.49382919,1109367,31489.85537200,1071967415.42531092,0
