Open Time,Open,High,Low,Close,Volume,Close Time,Quote Asset Volume,Number of trades,Taker Buy Base Asset Volume,Taker Buy Quote Asset volume
1621036800000,49844.16000000,50700.00000000,46555.00000000,46762.99000000,89437.44935900,1621123199999,4350775846.51735788,2286791,42257.91846300,2056302844.86102109,0
