Open Time,Open,High,Low,Close,Volume,Close Time,Quote Asset Volume,Number of trades,Taker Buy Base Asset Volume,Taker Buy Quote Asset volume
1633046400000,43820.01000000,48495.00000000,43283.03000000,48141.61000000,66244.87492000,1633132799999,3076094886.59247420,1771237,34156.88321000,1585411525.33782700,0
