Open Time,Open,High,Low,Close,Volume,Close Time,Quote Asset Volume,Number of trades,Taker Buy Base Asset Volume,Taker Buy Quote Asset volume
1625616000000,34220.02000000,35059.09000000,33777.77000000,33862.12000000,53807.52167500,1625702399999,1857658028.48080391,1041416,27294.92392700,941984587.97562216,0
