Open Time,Open,High,Low,Close,Volume,Close Time,Quote Asset Volume,Number of trades,Taker Buy Base Asset Volume,Taker Buy Quote Asset volume
1637798400000,57138.29000000,59398.90000000,57000.00000000,58960.36000000,42153.51522000,1637884799999,2455658857.70059310,1604266,21112.80397000,1230022891.73009470,0
