Open Time,Open,High,Low,Close,Volume,Close Time,Quote Asset Volume,Number of trades,Taker Buy Base Asset Volume,Taker Buy Quote Asset volume
1636502400000,66947.67000000,69000.00000000,62822.90000000,64882.43000000,65171.50404600,1636588799999,4335575752.80522342,2347934,31344.74332100,2088305177.77747838,0
