Open Time,Open,High,Low,Close,Volume,Close Time,Quote Asset Volume,Number of trades,Taker Buy Base Asset Volume,Taker Buy Quote Asset volume
1609804800000,31989.75000000,34360.00000000,29900.00000000,33949.53000000,116049.99703800,1609891199999,3743617144.64691529,2526851,59691.75475500,1927195093.64154965,0
