Open Time,Open,High,Low,Close,Volume,Close Time,Quote Asset Volume,Number of trades,Taker Buy Base Asset Volume,Taker Buy Quote Asset volume
1618012800000,58142.55000000,61500.00000000,57900.01000000,59769.13000000,69906.42411700,1618099199999,4197138552.46903365,2470398,36018.63756600,2162858397.75343994,0
