Open Time,Open,High,Low,Close,Volume,Close Time,Quote Asset Volume,Number of trades,Taker Buy Base Asset Volume,Taker Buy Quote Asset volume
1636675200000,64774.25000000,65450.70000000,62278.00000000,64122.23000000,44490.10816000,1636761599999,2844286547.50404090,1479149,21028.45541000,1344883879.13873450,0
