Open Time,Open,High,Low,Close,Volume,Close Time,Quote Asset Volume,Number of trades,Taker Buy Base Asset Volume,Taker Buy Quote Asset volume
1618963200000,56425.00000000,56757.91000000,53536.02000000,53787.63000000,66984.75690900,1619049599999,3704549578.69730319,2134946,32188.92949300,1780065583.27209392,0
