Open Time,Open,High,Low,Close,Volume,Close Time,Quote Asset Volume,Number of trades,Taker Buy Base Asset Volume,Taker Buy Quote Asset volume
1617408000000,58950.01000000,59791.72000000,56880.00000000,57051.94000000,47409.85211300,1617494399999,2783151686.16453709,1606805,23057.96701700,1353960264.62196262,0
