Open Time,Open,High,Low,Close,Volume,Close Time,Quote Asset Volume,Number of trades,Taker Buy Base Asset Volume,Taker Buy Quote Asset volume
1632441600000,44865.26000000,45200.00000000,40675.00000000,42810.57000000,84113.42629200,1632527999999,3596718231.05054862,1819744,41952.77658200,1794510963.77978142,0
