Open Time,Open,High,Low,Close,Volume,Close Time,Quote Asset Volume,Number of trades,Taker Buy Base Asset Volume,Taker Buy Quote Asset volume
1653264000000,30293.93000000,30670.51000000,28866.35000000,29109.15000000,63901.49932000,1653350399999,1914305818.07451870,1328317,30476.66811000,913813980.95331840,0
