Open Time,Open,High,Low,Close,Volume,Close Time,Quote Asset Volume,Number of trades,Taker Buy Base Asset Volume,Taker Buy Quote Asset volume
1663632000000,19537.02000000,19634.62000000,18711.87000000,18875.00000000,324098.32860000,1663718399999,6206043205.41227810,5900070,160716.33038000,3077612901.14681340,0
