Open Time,Open,High,Low,Close,Volume,Close Time,Quote Asset Volume,Number of trades,Taker Buy Base Asset Volume,Taker Buy Quote Asset volume
1654387200000,29864.03000000,30189.00000000,29531.42000000,29919.21000000,23139.92810000,1654473599999,691201528.16002580,604680,11753.51303000,351150600.78443810,0
