Open Time,Open,High,Low,Close,Volume,Close Time,Quote Asset Volume,Number of trades,Taker Buy Base Asset Volume,Taker Buy Quote Asset volume
1644710400000,42217.87000000,42760.00000000,41870.00000000,42053.66000000,17732.08113000,1644796799999,750533311.65295650,624898,8333.13302000,352741586.05972970,0
