Open Time,Open,High,Low,Close,Volume,Close Time,Quote Asset Volume,Number of trades,Taker Buy Base Asset Volume,Taker Buy Quote Asset volume
1668643200000,16661.61000000,16751.00000000,16410.74000000,16692.56000000,228038.97873000,1668729599999,3785204632.01422130,5352083,113347.39771000,1881536908.06648980,0
