Open Time,Open,High,Low,Close,Volume,Close Time,Quote Asset Volume,Number of trades,Taker Buy Base Asset Volume,Taker Buy Quote Asset volume
1645574400000,38230.33000000,39249.93000000,37036.79000000,37250.01000000,43560.73200000,1645660799999,1665486687.23993710,1030872,21449.95580000,820639942.03183170,0
