Open Time,Open,High,Low,Close,Volume,Close Time,Quote Asset Volume,Number of trades,Taker Buy Base Asset Volume,Taker Buy Quote Asset volume
1651104000000,39235.72000000,40372.63000000,38881.43000000,39742.07000000,56086.67150000,1651190399999,2223808385.80637570,1135242,28519.46629000,1130865428.79361840,0
