Open Time,Open,High,Low,Close,Volume,Close Time,Quote Asset Volume,Number of trades,Taker Buy Base Asset Volume,Taker Buy Quote Asset volume
1657497600000,20861.11000000,20868.48000000,19875.23000000,19963.61000000,137535.40724000,1657583999999,2813718031.10934280,3232941,66869.47065000,1368289522.98482320,0
