Open Time,Open,High,Low,Close,Volume,Close Time,Quote Asset Volume,Number of trades,Taker Buy Base Asset Volume,Taker Buy Quote Asset volume
1654819200000,30109.93000000,30382.80000000,28850.00000000,29091.88000000,76204.24980000,1654905599999,2255866294.49488670,1258608,35502.20972000,1050877735.84477560,0
