Open Time,Open,High,Low,Close,Volume,Close Time,Quote Asset Volume,Number of trades,Taker Buy Base Asset Volume,Taker Buy Quote Asset volume
1645401600000,38386.89000000,39494.35000000,36800.00000000,37008.16000000,62347.68496000,1645487999999,2382027320.86176070,1352290,30617.13558000,1170272316.27587730,0
