Open Time,Open,High,Low,Close,Volume,Close Time,Quote Asset Volume,Number of trades,Taker Buy Base Asset Volume,Taker Buy Quote Asset volume
1656547200000,20123.00000000,20179.08000000,18626.00000000,19942.21000000,93846.64806000,1656633599999,1808994369.03144390,1438163,45447.98482000,876020577.34959570,0
