Open Time,Open,High,Low,Close,Volume,Close Time,Quote Asset Volume,Number of trades,Taker Buy Base Asset Volume,Taker Buy Quote Asset volume
1644364800000,44043.00000000,44799.00000000,43117.92000000,44372.72000000,34428.16729000,1644451199999,1512500139.14309950,1066395,17115.60108000,752210712.41184210,0
