Open Time,Open,High,Low,Close,Volume,Close Time,Quote Asset Volume,Number of trades,Taker Buy Base Asset Volume,Taker Buy Quote Asset volume
1643328000000,37160.11000000,38000.00000000,36155.01000000,37716.56000000,42154.26956000,1643414399999,1560203931.22012810,1061101,21496.47551000,795847847.51234220,0
