Open Time,Open,High,Low,Close,Volume,Close Time,Quote Asset Volume,Number of trades,Taker Buy Base Asset Volume,Taker Buy Quote Asset volume
1659052800000,23845.25000000,24442.66000000,23414.03000000,23773.75000000,198298.50623000,1659139199999,4733780641.30503660,6221401,100165.60850000,2391310897.48786300,0
