Open Time,Open,High,Low,Close,Volume,Close Time,Quote Asset Volume,Number of trades,Taker Buy Base Asset Volume,Taker Buy Quote Asset volume
1646956800000,39422.01000000,40236.26000000,38223.60000000,38729.57000000,59018.76420000,1647043199999,2305825015.60108560,1252571,29148.02045000,1139093538.35246420,0
