Open Time,Open,High,Low,Close,Volume,Close Time,Quote Asset Volume,Number of trades,Taker Buy Base Asset Volume,Taker Buy Quote Asset volume
1648512000000,47122.21000000,48096.47000000,46950.85000000,47434.80000000,36772.28457000,1648598399999,1748600385.45023520,1095678,18192.37420000,865179145.17564560,0
