Open Time,Open,High,Low,Close,Volume,Close Time,Quote Asset Volume,Number of trades,Taker Buy Base Asset Volume,Taker Buy Quote Asset volume
1671926400000,16835.73000000,16857.96000000,16721.00000000,16832.11000000,125441.07202000,1672012799999,2108857873.19167050,3570157,62073.54114000,1043560797.06935230,0
