Open Time,Open,High,Low,Close,Volume,Close Time,Quote Asset Volume,Number of trades,Taker Buy Base Asset Volume,Taker Buy Quote Asset volume
1643673600000,38466.90000000,39265.20000000,38000.00000000,38694.59000000,34574.44663000,1643759999999,1334266166.70999890,917617,17730.99304000,684446571.17936590,0
