Open Time,Open,High,Low,Close,Volume,Close Time,Quote Asset Volume,Number of trades,Taker Buy Base Asset Volume,Taker Buy Quote Asset volume
1664064000000,18921.99000000,19180.21000000,18629.20000000,18807.38000000,191191.44920000,1664150399999,3625136713.92470430,3714450,94989.39646000,1801229611.97685890,0
