Open Time,Open,High,Low,Close,Volume,Close Time,Quote Asset Volume,Number of trades,Taker Buy Base Asset Volume,Taker Buy Quote Asset volume
1644796800000,42053.65000000,42842.40000000,41550.56000000,42535.94000000,34010.13060000,1644883199999,1436927831.44458620,867622,16912.76672000,714598651.16597500,0
