Open Time,Open,High,Low,Close,Volume,Close Time,Quote Asset Volume,Number of trades,Taker Buy Base Asset Volume,Taker Buy Quote Asset volume
1655251200000,22136.42000000,22800.00000000,20111.62000000,22583.72000000,200774.49346700,1655337599999,4249276481.25669716,2847831,98340.10221700,2083014439.19529060,0
