Open Time,Open,High,Low,Close,Volume,Close Time,Quote Asset Volume,Number of trades,Taker Buy Base Asset Volume,Taker Buy Quote Asset volume
1656720000000,19279.80000000,19467.39000000,18977.01000000,19252.81000000,46180.30210000,1656806399999,888415536.87306640,833508,23693.90779000,455851305.37637550,0
