Open Time,Open,High,Low,Close,Volume,Close Time,Quote Asset Volume,Number of trades,Taker Buy Base Asset Volume,Taker Buy Quote Asset volume
1654732800000,30204.77000000,30700.00000000,29944.10000000,30109.93000000,46291.18650000,1654819199999,1399839073.77450800,841562,23082.29251000,697948605.98846330,0
