Open Time,Open,High,Low,Close,Volume,Close Time,Quote Asset Volume,Number of trades,Taker Buy Base Asset Volume,Taker Buy Quote Asset volume
1649894400000,41147.78000000,41500.00000000,39551.94000000,39942.38000000,36807.01401000,1649980799999,1494726286.01801020,803756,17787.82129000,722216571.85938900,0
