Open Time,Open,High,Low,Close,Volume,Close Time,Quote Asset Volume,Number of trades,Taker Buy Base Asset Volume,Taker Buy Quote Asset volume
1643500800000,38166.83000000,38359.26000000,37351.63000000,37881.76000000,21430.66527000,1643587199999,812750216.60103190,698593,10798.38460000,409620744.01694440,0
