Open Time,Open,High,Low,Close,Volume,Close Time,Quote Asset Volume,Number of trades,Taker Buy Base Asset Volume,Taker Buy Quote Asset volume
1667260800000,20490.74000000,20700.00000000,20330.74000000,20483.62000000,279932.43771000,1667347199999,5740102554.92082930,5971938,139277.94706000,2856018095.76356870,0
