Open Time,Open,High,Low,Close,Volume,Close Time,Quote Asset Volume,Number of trades,Taker Buy Base Asset Volume,Taker Buy Quote Asset volume
1665964800000,19262.98000000,19676.96000000,19152.03000000,19549.86000000,222813.87634000,1666051199999,4331666395.60467430,5162979,111854.00525000,2174642989.58540480,0
