Open Time,Open,High,Low,Close,Volume,Close Time,Quote Asset Volume,Number of trades,Taker Buy Base Asset Volume,Taker Buy Quote Asset volume
1663891200000,19401.63000000,19500.00000000,18531.42000000,19289.91000000,385886.91829000,1663977599999,7330336009.19099840,5906265,194842.08772000,3701394516.77361640,0
