Open Time,Open,High,Low,Close,Volume,Close Time,Quote Asset Volume,Number of trades,Taker Buy Base Asset Volume,Taker Buy Quote Asset volume
1644624000000,42373.73000000,43079.49000000,41688.88000000,42217.87000000,26556.85681000,1644710399999,1123136004.72372450,830322,12814.60322000,542061655.42919370,0
