Open Time,Open,High,Low,Close,Volume,Close Time,Quote Asset Volume,Number of trades,Taker Buy Base Asset Volume,Taker Buy Quote Asset volume
1646092800000,43160.00000000,44949.00000000,42809.98000000,44421.20000000,61743.09873000,1646179199999,2701611023.69431990,1866871,30937.54085000,1353520463.00847440,0
