Open Time,Open,High,Low,Close,Volume,Close Time,Quote Asset Volume,Number of trades,Taker Buy Base Asset Volume,Taker Buy Quote Asset volume
1658275200000,23398.48000000,24276.74000000,22906.19000000,23223.30000000,238762.17094000,1658361599999,5631801151.22037560,6364038,119820.55352000,2826789486.16930980,0
