Open Time,Open,High,Low,Close,Volume,Close Time,Quote Asset Volume,Number of trades,Taker Buy Base Asset Volume,Taker Buy Quote Asset volume
1655596800000,18970.79000000,20815.95000000,17960.41000000,20574.00000000,128320.87595000,1655683199999,2487561781.53598690,1950660,65871.82216000,1277952917.40811940,0
