Open Time,Open,High,Low,Close,Volume,Close Time,Quote Asset Volume,Number of trades,Taker Buy Base Asset Volume,Taker Buy Quote Asset volume
1655424000000,20400.60000000,21365.43000000,20246.66000000,20468.81000000,86694.33663000,1655510399999,1796575392.55072060,1352992,43066.94445000,892584106.65741690,0
