Open Time,Open,High,Low,Close,Volume,Close Time,Quote Asset Volume,Number of trades,Taker Buy Base Asset Volume,Taker Buy Quote Asset volume
1661731200000,19555.61000000,20433.62000000,19550.79000000,20285.73000000,210509.49545000,1661817599999,4211334408.98659350,5840323,105809.86253000,2116902111.20904020,0
