Open Time,Open,High,Low,Close,Volume,Close Time,Quote Asset Volume,Number of trades,Taker Buy Base Asset Volume,Taker Buy Quote Asset volume
1658707200000,22577.13000000,22666.00000000,21250.00000000,21310.90000000,180344.76643000,1658793599999,3954002948.54725850,4807238,88021.94560000,1930051719.27319220,0
