Open Time,Open,High,Low,Close,Volume,Close Time,Quote Asset Volume,Number of trades,Taker Buy Base Asset Volume,Taker Buy Quote Asset volume
1663977600000,19288.57000000,19316.14000000,18805.34000000,18920.50000000,239496.56746000,1664063999999,4568927983.65078460,3907636,120501.30570000,2298979763.30945220,0
