Open Time,Open,High,Low,Close,Volume,Close Time,Quote Asset Volume,Number of trades,Taker Buy Base Asset Volume,Taker Buy Quote Asset volume
1670544000000,17224.10000000,17360.00000000,17058.21000000,17128.56000000,238422.06465000,1670630399999,4097973425.69735400,4282003,118031.91364000,2028743141.40682080,0
