Open Time,Open,High,Low,Close,Volume,Close Time,Quote Asset Volume,Number of trades,Taker Buy Base Asset Volume,Taker Buy Quote Asset volume
1660435200000,24443.06000000,25047.56000000,24144.00000000,24305.24000000,151206.14473000,1660521599999,3708565144.89800910,5473905,75296.97372000,1847145729.87895230,0
