Open Time,Open,High,Low,Close,Volume,Close Time,Quote Asset Volume,Number of trades,Taker Buy Base Asset Volume,Taker Buy Quote Asset volume
1663459200000,20112.61000000,20117.26000000,19335.62000000,19416.18000000,254217.46904000,1663545599999,5033968947.53057280,4634096,124480.59651000,2465062845.96785580,0
