Open Time,Open,High,Low,Close,Volume,Close Time,Quote Asset Volume,Number of trades,Taker Buy Base Asset Volume,Taker Buy Quote Asset volume
1667692800000,21299.37000000,21365.27000000,20886.13000000,20905.58000000,230036.97217000,1667779199999,4877535058.41270290,5268210,114034.06693000,2418047871.80980680,0
