Open Time,Open,High,Low,Close,Volume,Close Time,Quote Asset Volume,Number of trades,Taker Buy Base Asset Volume,Taker Buy Quote Asset volume
1643587200000,37881.75000000,38744.00000000,36632.61000000,38466.90000000,36855.24580000,1643673599999,1386754529.02954460,936014,18422.26954000,693360023.33165190,0
