Open Time,Open,High,Low,Close,Volume,Close Time,Quote Asset Volume,Number of trades,Taker Buy Base Asset Volume,Taker Buy Quote Asset volume
1648857600000,46283.49000000,47213.00000000,45620.00000000,45811.00000000,37073.53582000,1648943999999,1721690754.43939360,1056716,18562.93079000,862197811.56889240,0
