Open Time,Open,High,Low,Close,Volume,Close Time,Quote Asset Volume,Number of trades,Taker Buy Base Asset Volume,Taker Buy Quote Asset volume
1641859200000,41822.49000000,43100.00000000,41268.93000000,42729.29000000,37296.43729000,1641945599999,1574803608.96007870,1015526,18521.95391000,782176383.10109370,0
