Open Time,Open,High,Low,Close,Volume,Close Time,Quote Asset Volume,Number of trades,Taker Buy Base Asset Volume,Taker Buy Quote Asset volume
1661299200000,21529.11000000,21900.00000000,21145.00000000,21368.08000000,174383.22046000,1661385599999,3744196823.56485420,5561412,86499.84759000,1857345193.80695830,0
