Open Time,Open,High,Low,Close,Volume,Close Time,Quote Asset Volume,Number of trades,Taker Buy Base Asset Volume,Taker Buy Quote Asset volume
1644192000000,42380.87000000,44500.50000000,41645.85000000,43839.99000000,51060.62006000,1644278399999,2204523609.90339610,1473274,25457.79986000,1099936959.03964570,0
