Open Time,Open,High,Low,Close,Volume,Close Time,Quote Asset Volume,Number of trades,Taker Buy Base Asset Volume,Taker Buy Quote Asset volume
1649116800000,46580.50000000,47200.00000000,45353.81000000,45497.55000000,42192.74852000,1649203199999,1951668192.92950980,1046080,20607.57735000,953494654.45992840,0
