Open Time,Open,High,Low,Close,Volume,Close Time,Quote Asset Volume,Number of trades,Taker Buy Base Asset Volume,Taker Buy Quote Asset volume
1650758400000,39441.61000000,39940.00000000,38929.62000000,39450.13000000,26703.61186000,1650844799999,1056336243.01986090,868183,12639.70229000,500129939.07795730,0
