Open Time,Open,High,Low,Close,Volume,Close Time,Quote Asset Volume,Number of trades,Taker Buy Base Asset Volume,Taker Buy Quote Asset volume
1664409600000,19412.82000000,19645.52000000,18843.01000000,19591.51000000,406424.93256000,1664495999999,7868786414.85621160,5631615,203187.57552000,3934342925.08751120,0
