Open Time,Open,High,Low,Close,Volume,Close Time,Quote Asset Volume,Number of trades,Taker Buy Base Asset Volume,Taker Buy Quote Asset volume
1659830400000,22954.21000000,23402.00000000,22844.62000000,23174.39000000,88890.00877000,1659916799999,2051763044.55236900,3646643,44744.90366000,1032885708.17538220,0
