Open Time,Open,High,Low,Close,Volume,Close Time,Quote Asset Volume,Number of trades,Taker Buy Base Asset Volume,Taker Buy Quote Asset volume
1662163200000,19950.98000000,20055.93000000,19652.72000000,19831.90000000,146639.03204000,1662249599999,2908816275.01028630,3739909,72556.83777000,1439326777.58573770,0
