Open Time,Open,High,Low,Close,Volume,Close Time,Quote Asset Volume,Number of trades,Taker Buy Base Asset Volume,Taker Buy Quote Asset volume
1670025600000,17092.13000000,17188.98000000,16858.74000000,16885.20000000,154542.57306000,1670111999999,2622504252.86645320,3308694,76214.56604000,1293351463.16091190,0
