Open Time,Open,High,Low,Close,Volume,Close Time,Quote Asset Volume,Number of trades,Taker Buy Base Asset Volume,Taker Buy Quote Asset volume
1663027200000,22395.44000000,22799.00000000,19860.00000000,20173.57000000,431915.03333000,1663113599999,9302239274.39612070,8126869,217144.54247000,4679543994.69320690,0
