Open Time,Open,High,Low,Close,Volume,Close Time,Quote Asset Volume,Number of trades,Taker Buy Base Asset Volume,Taker Buy Quote Asset volume
1652572800000,30086.74000000,31460.00000000,29480.00000000,31328.89000000,46275.66912000,1652659199999,1401499926.23041760,1016769,24163.36200000,732332763.60944860,0
