Open Time,Open,High,Low,Close,Volume,Close Time,Quote Asset Volume,Number of trades,Taker Buy Base Asset Volume,Taker Buy Quote Asset volume
1650499200000,41358.19000000,42976.00000000,39751.00000000,40480.01000000,59316.27657000,1650585599999,2476061417.88725770,1515456,29413.89548000,1228429890.95735430,0
