Open Time,Open,High,Low,Close,Volume,Close Time,Quote Asset Volume,Number of trades,Taker Buy Base Asset Volume,Taker Buy Quote Asset volume
1645056000000,43873.56000000,44164.71000000,40073.21000000,40515.70000000,47245.99494000,1645142399999,1993400162.94806680,1067658,21468.60602000,906038209.78185840,0
