Open Time,Open,High,Low,Close,Volume,Close Time,Quote Asset Volume,Number of trades,Taker Buy Base Asset Volume,Taker Buy Quote Asset volume
1672358400000,16633.47000000,16677.35000000,16333.00000000,16607.48000000,164916.31174000,1672444799999,2726831056.72502610,4310415,82170.47490000,1358631100.75924430,0
