Open Time,Open,High,Low,Close,Volume,Close Time,Quote Asset Volume,Number of trades,Taker Buy Base Asset Volume,Taker Buy Quote Asset volume
1652832000000,30444.93000000,30709.99000000,28654.47000000,28715.32000000,59749.15799000,1652918399999,1762843836.12693780,1379212,29501.76769000,870623227.20705700,0
