Open Time,Open,High,Low,Close,Volume,Close Time,Quote Asset Volume,Number of trades,Taker Buy Base Asset Volume,Taker Buy Quote Asset volume
1643760000000,38694.59000000,38855.92000000,36586.95000000,36896.36000000,35794.68130000,1643846399999,1353093948.97760130,907905,17251.43687000,652533107.69991750,0
