Open Time,Open,High,Low,Close,Volume,Close Time,Quote Asset Volume,Number of trades,Taker Buy Base Asset Volume,Taker Buy Quote Asset volume
1653091200000,29201.01000000,29656.18000000,28947.28000000,29445.06000000,20987.13124000,1653177599999,616194663.97921110,643486,10558.92886000,310046148.80258760,0
