Open Time,Open,High,Low,Close,Volume,Close Time,Quote Asset Volume,Number of trades,Taker Buy Base Asset Volume,Taker Buy Quote Asset volume
1671408000000,16739.00000000,16815.99000000,16256.30000000,16438.88000000,179094.28305000,1671494399999,2981094033.01381290,4681887,87610.23510000,1458309480.74524840,0
