Open Time,Open,High,Low,Close,Volume,Close Time,Quote Asset Volume,Number of trades,Taker Buy Base Asset Volume,Taker Buy Quote Asset volume
1657238400000,21624.99000000,22527.37000000,21189.26000000,21594.75000000,403081.57349000,1657324799999,8781330156.61243140,4358216,201798.10144000,4396546053.03190870,0
