Open Time,Open,High,Low,Close,Volume,Close Time,Quote Asset Volume,Number of trades,Taker Buy Base Asset Volume,Taker Buy Quote Asset volume
1665532800000,19060.00000000,19238.31000000,18965.88000000,19155.53000000,213826.26731000,1665619199999,4086903621.92655390,4556597,106608.71840000,2037738508.16163930,0
