Open Time,Open,High,Low,Close,Volume,Close Time,Quote Asset Volume,Number of trades,Taker Buy Base Asset Volume,Taker Buy Quote Asset volume
1654905600000,29091.87000000,29440.41000000,28099.99000000,28424.70000000,65901.39895000,1654991999999,1892007188.07560010,1084163,31848.33080000,914365117.83400940,0
