Open Time,Open,High,Low,Close,Volume,Close Time,Quote Asset Volume,Number of trades,Taker Buy Base Asset Volume,Taker Buy Quote Asset volume
1643932800000,37311.98000000,41772.33000000,37026.73000000,41574.25000000,64703.95874000,1644019199999,2526572562.05828510,1380724,33053.66668000,1291953441.55899960,0
