Open Time,Open,High,Low,Close,Volume,Close Time,Quote Asset Volume,Number of trades,Taker Buy Base Asset Volume,Taker Buy Quote Asset volume
1666396800000,19164.37000000,19257.00000000,19112.72000000,19204.35000000,110403.90837000,1666483199999,2117395641.12692130,2887106,54134.08243000,1038228038.71095430,0
