Open Time,Open,High,Low,Close,Volume,Close Time,Quote Asset Volume,Number of trades,Taker Buy Base Asset Volume,Taker Buy Quote Asset volume
1641340800000,45832.01000000,47070.00000000,42500.00000000,43451.13000000,51784.11857000,1641427199999,2334288544.64544840,1478532,23552.99460000,1063287226.35714140,0
