Open Time,Open,High,Low,Close,Volume,Close Time,Quote Asset Volume,Number of trades,Taker Buy Base Asset Volume,Taker Buy Quote Asset volume
1654041600000,31801.05000000,31982.97000000,29301.00000000,29805.83000000,103395.63382000,1654127999999,3171191028.24973600,1404611,47614.81205000,1460767260.69629420,0
