Open Time,Open,High,Low,Close,Volume,Close Time,Quote Asset Volume,Number of trades,Taker Buy Base Asset Volume,Taker Buy Quote Asset volume
1672444800000,16607.48000000,16644.09000000,16470.00000000,16542.40000000,114490.42864000,1672531199999,1897047504.91889730,3344374,57021.06919000,944834393.34133540,0
