Open Time,Open,High,Low,Close,Volume,Close Time,Quote Asset Volume,Number of trades,Taker Buy Base Asset Volume,Taker Buy Quote Asset volume
1657584000000,19963.61000000,20059.42000000,19240.00000000,19328.75000000,139506.45862000,1657670399999,2754215439.33247770,3626399,67681.11612000,1336338002.70049880,0
