Open Time,Open,High,Low,Close,Volume,Close Time,Quote Asset Volume,Number of trades,Taker Buy Base Asset Volume,Taker Buy Quote Asset volume
1655337600000,22583.72000000,22995.73000000,20232.00000000,20401.31000000,99673.59429000,1655423999999,2130037160.06261080,1690477,48048.86237000,1027305936.81915560,0
