Open Time,Open,High,Low,Close,Volume,Close Time,Quote Asset Volume,Number of trades,Taker Buy Base Asset Volume,Taker Buy Quote Asset volume
1669939200000,16978.00000000,17105.73000000,16787.85000000,17092.74000000,202372.20620000,1670025599999,3432385161.66025690,4305515,99556.14105000,1688510144.19126210,0
