Open Time,Open,High,Low,Close,Volume,Close Time,Quote Asset Volume,Number of trades,Taker Buy Base Asset Volume,Taker Buy Quote Asset volume
1666051200000,19548.48000000,19706.66000000,19091.00000000,19327.44000000,260313.07848000,1666137599999,5065944973.46434750,5588482,129478.25628000,2520037025.60741570,0
