Open Time,Open,High,Low,Close,Volume,Close Time,Quote Asset Volume,Number of trades,Taker Buy Base Asset Volume,Taker Buy Quote Asset volume
1662768000000,21361.62000000,21810.80000000,21111.13000000,21648.34000000,307997.33504000,1662854399999,6589753118.84113090,5615783,154171.04126000,3298995539.43566350,0
