Open Time,Open,High,Low,Close,Volume,Close Time,Quote Asset Volume,Number of trades,Taker Buy Base Asset Volume,Taker Buy Quote Asset volume
1664755200000,19057.74000000,19719.10000000,18959.68000000,19629.08000000,293585.75212000,1664841599999,5672105805.77214400,4471910,147383.93612000,2847846726.23694850,0
