Open Time,Open,High,Low,Close,Volume,Close Time,Quote Asset Volume,Number of trades,Taker Buy Base Asset Volume,Taker Buy Quote Asset volume
1649030400000,46407.36000000,46890.71000000,45118.00000000,46580.51000000,44641.87514000,1649116799999,2053434523.86853890,1171998,21913.04154000,1008164276.04901840,0
