Open Time,Open,High,Low,Close,Volume,Close Time,Quote Asset Volume,Number of trades,Taker Buy Base Asset Volume,Taker Buy Quote Asset volume
1670803200000,17085.05000000,17241.89000000,16871.85000000,17209.83000000,226227.49694000,1670889599999,3844787581.48192440,4463916,112286.94413000,1908405023.87630180,0
