Open Time,Open,High,Low,Close,Volume,Close Time,Quote Asset Volume,Number of trades,Taker Buy Base Asset Volume,Taker Buy Quote Asset volume
1645488000000,37008.16000000,38429.00000000,36350.00000000,38230.33000000,53785.94589000,1645574399999,2010628230.75491760,1212527,27322.73575000,1021948126.92530640,0
