Open Time,Open,High,Low,Close,Volume,Close Time,Quote Asset Volume,Number of trades,Taker Buy Base Asset Volume,Taker Buy Quote Asset volume
1642896000000,35071.42000000,36499.00000000,34601.01000000,36244.55000000,44279.52354000,1642982399999,1572414639.04287740,1142407,22841.39451000,811501507.03630610,0
