Open Time,Open,High,Low,Close,Volume,Close Time,Quote Asset Volume,Number of trades,Taker Buy Base Asset Volume,Taker Buy Quote Asset volume
1661126400000,21516.70000000,21548.71000000,20890.18000000,21399.83000000,222222.04526000,1661212799999,4721412016.90341200,6443370,110925.72751000,2356921868.62394290,0
