Open Time,Open,High,Low,Close,Volume,Close Time,Quote Asset Volume,Number of trades,Taker Buy Base Asset Volume,Taker Buy Quote Asset volume
1641081600000,47722.66000000,47990.00000000,46654.00000000,47286.18000000,18340.46040000,1641167999999,866610995.56335820,709624,9166.46954000,433182392.28194660,0
