Open Time,Open,High,Low,Close,Volume,Close Time,Quote Asset Volume,Number of trades,Taker Buy Base Asset Volume,Taker Buy Quote Asset volume
1680220800000,28028.53000000,28656.69000000,27511.71000000,28465.36000000,78198.12139000,1680307199999,2203253311.77735070,1537349,39636.47111000,1117184234.18685750,0
