Open Time,Open,High,Low,Close,Volume,Close Time,Quote Asset Volume,Number of trades,Taker Buy Base Asset Volume,Taker Buy Quote Asset volume
1677542400000,23492.09000000,23600.00000000,23020.97000000,23141.57000000,264140.99894000,1677628799999,6172930936.03733470,9568743,131200.82704000,3066249880.67031860,0
