Open Time,Open,High,Low,Close,Volume,Close Time,Quote Asset Volume,Number of trades,Taker Buy Base Asset Volume,Taker Buy Quote Asset volume
1673568000000,18846.62000000,20000.00000000,18714.12000000,19930.01000000,368615.87823000,1673654399999,7061633461.44473400,8021774,183448.89377000,3515300890.30505730,0
