Open Time,Open,High,Low,Close,Volume,Close Time,Quote Asset Volume,Number of trades,Taker Buy Base Asset Volume,Taker Buy Quote Asset volume
1685750400000,27242.59000000,27333.29000000,26914.93000000,27069.22000000,16595.34117000,1685836799999,450588672.47040810,466520,7745.78680000,210327639.56108250,0
