Open Time,Open,High,Low,Close,Volume,Close Time,Quote Asset Volume,Number of trades,Taker Buy Base Asset Volume,Taker Buy Quote Asset volume
1675123200000,22827.38000000,23320.00000000,22714.77000000,23125.13000000,264649.34909000,1675209599999,6083858924.53848520,6798411,133028.12717000,3058369006.24069910,0
