Open Time,Open,High,Low,Close,Volume,Close Time,Quote Asset Volume,Number of trades,Taker Buy Base Asset Volume,Taker Buy Quote Asset volume
1687478400000,29884.92000000,31431.94000000,29800.00000000,30688.50000000,73931.89635000,1687564799999,2265077496.19546880,1338533,36289.31740000,1112439184.95065560,0
