Open Time,Open,High,Low,Close,Volume,Close Time,Quote Asset Volume,Number of trades,Taker Buy Base Asset Volume,Taker Buy Quote Asset volume
1678752000000,24112.27000000,26386.87000000,23976.42000000,24670.41000000,699360.93423000,1678838399999,17465307097.88407330,15223589,351739.11994000,8783916247.67613780,0
