Open Time,Open,High,Low,Close,Volume,Close Time,Quote Asset Volume,Number of trades,Taker Buy Base Asset Volume,Taker Buy Quote Asset volume
1689724800000,29859.14000000,30189.09000000,29761.96000000,29909.21000000,25657.36137000,1689811199999,769254865.28511510,617415,12260.98321000,367624217.91743550,0
