Open Time,Open,High,Low,Close,Volume,Close Time,Quote Asset Volume,Number of trades,Taker Buy Base Asset Volume,Taker Buy Quote Asset volume
1686355200000,26477.80000000,26533.87000000,25358.00000000,25841.21000000,64944.60108000,1686441599999,1673795235.40089230,1713871,31558.13098000,813190388.24856080,0
