Open Time,Open,High,Low,Close,Volume,Close Time,Quote Asset Volume,Number of trades,Taker Buy Base Asset Volume,Taker Buy Quote Asset volume
1688515200000,30766.52000000,30878.07000000,30200.00000000,30504.81000000,33215.67122000,1688601599999,1013694790.31705010,827926,15619.11716000,476478254.94341330,0
