Open Time,Open,High,Low,Close,Volume,Close Time,Quote Asset Volume,Number of trades,Taker Buy Base Asset Volume,Taker Buy Quote Asset volume
1686441600000,25841.22000000,26206.88000000,25634.70000000,25925.55000000,30014.29595000,1686527999999,776111471.86699710,833902,14266.10759000,368954010.80744420,0
