Open Time,Open,High,Low,Close,Volume,Close Time,Quote Asset Volume,Number of trades,Taker Buy Base Asset Volume,Taker Buy Quote Asset volume
1684713600000,26747.78000000,27099.89000000,26538.21000000,26849.27000000,26458.83828000,1684799999999,709594996.72427440,717111,12639.67925000,338982776.45968190,0
