Open Time,Open,High,Low,Close,Volume,Close Time,Quote Asset Volume,Number of trades,Taker Buy Base Asset Volume,Taker Buy Quote Asset volume
1688774400000,30344.70000000,30386.81000000,30044.47000000,30284.63000000,13094.59042000,1688860799999,395759717.57242780,480214,5990.91468000,181083431.19993060,0
