Open Time,Open,High,Low,Close,Volume,Close Time,Quote Asset Volume,Number of trades,Taker Buy Base Asset Volume,Taker Buy Quote Asset volume
1680998400000,27938.38000000,28530.00000000,27800.00000000,28323.76000000,32531.16101000,1681084799999,913915923.69519570,777589,16885.70757000,474454325.35692960,0
