Open Time,Open,High,Low,Close,Volume,Close Time,Quote Asset Volume,Number of trades,Taker Buy Base Asset Volume,Taker Buy Quote Asset volume
1688169600000,30471.99000000,30661.60000000,30320.57000000,30585.90000000,17501.75075000,1688255999999,533859338.13253830,567975,8102.13876000,247175148.95076600,0
