Open Time,Open,High,Low,Close,Volume,Close Time,Quote Asset Volume,Number of trades,Taker Buy Base Asset Volume,Taker Buy Quote Asset volume
1690329600000,29228.91000000,29690.00000000,29096.94000000,29351.96000000,33931.63366000,1690415999999,995569172.13968360,750401,15987.94266000,469155943.83416000,0
