Open Time,Open,High,Low,Close,Volume,Close Time,Quote Asset Volume,Number of trades,Taker Buy Base Asset Volume,Taker Buy Quote Asset volume
1675641600000,22932.91000000,23158.25000000,22628.13000000,22762.52000000,265371.60690000,1675727999999,6076050768.11703820,6956395,132350.52989000,3030470974.62453000,0
