Open Time,Open,High,Low,Close,Volume,Close Time,Quote Asset Volume,Number of trades,Taker Buy Base Asset Volume,Taker Buy Quote Asset volume
1683504000000,28430.09000000,28631.01000000,27262.00000000,27668.79000000,68244.36179000,1683590399999,1903052694.66841270,1600637,32347.56935000,901988104.11036000,0
