Open Time,Open,High,Low,Close,Volume,Close Time,Quote Asset Volume,Number of trades,Taker Buy Base Asset Volume,Taker Buy Quote Asset volume
1673740800000,20952.76000000,21050.74000000,20551.01000000,20871.50000000,178542.22549000,1673827199999,3710526606.13896440,5194354,88310.83908000,1835436631.70387060,0
