Open Time,Open,High,Low,Close,Volume,Close Time,Quote Asset Volume,Number of trades,Taker Buy Base Asset Volume,Taker Buy Quote Asset volume
1680048000000,27261.06000000,28650.00000000,27240.10000000,28348.60000000,89486.16008000,1680134399999,2519887866.21115870,1704217,45742.08025000,1288220696.49267820,0
