Open Time,Open,High,Low,Close,Volume,Close Time,Quote Asset Volume,Number of trades,Taker Buy Base Asset Volume,Taker Buy Quote Asset volume
1673654400000,19930.01000000,21258.00000000,19888.05000000,20954.92000000,393913.74951000,1673740799999,8183071567.04618820,8659545,197817.55209000,4109568162.17041980,0
