Open Time,Open,High,Low,Close,Volume,Close Time,Quote Asset Volume,Number of trades,Taker Buy Base Asset Volume,Taker Buy Quote Asset volume
1687737600000,30462.67000000,30666.00000000,29930.00000000,30267.99000000,45180.41489000,1687823999999,1367837657.54518250,954783,22277.58284000,674540668.57266040,0
