Open Time,Open,High,Low,Close,Volume,Close Time,Quote Asset Volume,Number of trades,Taker Buy Base Asset Volume,Taker Buy Quote Asset volume
1675900800000,22961.85000000,23011.39000000,21688.00000000,21796.35000000,402894.69550000,1675987199999,9052973327.19716240,9784291,199309.68374000,4478800426.30285760,0
