Open Time,Open,High,Low,Close,Volume,Close Time,Quote Asset Volume,Number of trades,Taker Buy Base Asset Volume,Taker Buy Quote Asset volume
1679875200000,27968.05000000,28023.86000000,26508.14000000,27124.91000000,88039.46898000,1679961599999,2407130888.03460520,1575264,43151.91539000,1179905180.61352780,0
