Open Time,Open,High,Low,Close,Volume,Close Time,Quote Asset Volume,Number of trades,Taker Buy Base Asset Volume,Taker Buy Quote Asset volume
1682294400000,27590.59000000,28000.00000000,26942.82000000,27510.93000000,53111.56874000,1682380799999,1458406515.64042130,1211080,25641.28044000,704079582.65149220,0
