Open Time,Open,High,Low,Close,Volume,Close Time,Quote Asset Volume,Number of trades,Taker Buy Base Asset Volume,Taker Buy Quote Asset volume
1683072000000,28669.85000000,29266.66000000,28113.69000000,29026.16000000,64615.79213000,1683158399999,1845961218.84324360,1502909,32291.20998000,922549963.25075790,0
