Open Time,Open,High,Low,Close,Volume,Close Time,Quote Asset Volume,Number of trades,Taker Buy Base Asset Volume,Taker Buy Quote Asset volume
1678665600000,21998.05000000,24500.00000000,21813.88000000,24113.48000000,687889.31259000,1678751999999,15824996078.60563840,14820760,346688.17025000,7976620081.70609870,0
