Open Time,Open,High,Low,Close,Volume,Close Time,Quote Asset Volume,Number of trades,Taker Buy Base Asset Volume,Taker Buy Quote Asset volume
1676332800000,21774.63000000,22319.08000000,21532.77000000,22199.84000000,361958.40109000,1676419199999,7938385476.79208380,7695927,182006.71562000,3991901041.90238260,0
