Open Time,Open,High,Low,Close,Volume,Close Time,Quote Asset Volume,Number of trades,Taker Buy Base Asset Volume,Taker Buy Quote Asset volume
1682208000000,27816.85000000,27816.85000000,27311.25000000,27590.60000000,34812.09581000,1682294399999,959389698.75725510,873485,17610.47671000,485328645.69431090,0
