Open Time,Open,High,Low,Close,Volume,Close Time,Quote Asset Volume,Number of trades,Taker Buy Base Asset Volume,Taker Buy Quote Asset volume
1688860800000,30284.63000000,30445.52000000,30061.12000000,30160.71000000,15388.50196000,1688947199999,465781514.25894760,473168,7017.35093000,212433521.88972890,0
