Open Time,Open,High,Low,Close,Volume,Close Time,Quote Asset Volume,Number of trades,Taker Buy Base Asset Volume,Taker Buy Quote Asset volume
1687305600000,28308.00000000,30800.00000000,28257.99000000,29993.89000000,108926.40412000,1687391999999,3210301129.36629090,1872873,55846.96952000,1646165465.24493830,0
