Open Time,Open,High,Low,Close,Volume,Close Time,Quote Asset Volume,Number of trades,Taker Buy Base Asset Volume,Taker Buy Quote Asset volume
1673481600000,17943.26000000,19117.04000000,17892.05000000,18846.62000000,454568.32178000,1673567999999,8348431207.84600970,8911373,227295.33172000,4174813798.38286060,0
