Open Time,Open,High,Low,Close,Volume,Close Time,Quote Asset Volume,Number of trades,Taker Buy Base Asset Volume,Taker Buy Quote Asset volume
1679443200000,28107.81000000,28868.05000000,26601.80000000,27250.97000000,224113.41296000,1679529599999,6272099822.44962380,3589327,110355.97386000,3089585214.11506410,0
