Open Time,Open,High,Low,Close,Volume,Close Time,Quote Asset Volume,Number of trades,Taker Buy Base Asset Volume,Taker Buy Quote Asset volume
1690416000000,29351.95000000,29567.49000000,29083.85000000,29222.78000000,22476.47626000,1690502399999,659594157.34435760,583045,10384.95749000,304728875.73123620,0
