Open Time,Open,High,Low,Close,Volume,Close Time,Quote Asset Volume,Number of trades,Taker Buy Base Asset Volume,Taker Buy Quote Asset volume
1677974400000,22346.57000000,22662.09000000,22189.22000000,22430.24000000,154841.75786000,1678060799999,3473011455.18795160,4835978,77394.35765000,1735989090.89956100,0
