Open Time,Open,High,Low,Close,Volume,Close Time,Quote Asset Volume,Number of trades,Taker Buy Base Asset Volume,Taker Buy Quote Asset volume
1687564800000,30688.51000000,30800.00000000,30250.00000000,30527.43000000,30513.30135000,1687651199999,933244397.70400210,776343,14497.56447000,443500647.92208220,0
