Open Time,Open,High,Low,Close,Volume,Close Time,Quote Asset Volume,Number of trades,Taker Buy Base Asset Volume,Taker Buy Quote Asset volume
1680393600000,28452.74000000,28530.00000000,27856.43000000,28171.87000000,37365.65692000,1680479999999,1053600933.06768050,938464,17897.01839000,504647268.08636430,0
