Open Time,Open,High,Low,Close,Volume,Close Time,Quote Asset Volume,Number of trades,Taker Buy Base Asset Volume,Taker Buy Quote Asset volume
1681516800000,30466.93000000,30595.60000000,30202.00000000,30295.09000000,25429.81247000,1681603199999,772211097.61401600,732418,12424.34509000,377293528.31290670,0
