Open Time,Open,High,Low,Close,Volume,Close Time,Quote Asset Volume,Number of trades,Taker Buy Base Asset Volume,Taker Buy Quote Asset volume
1679270400000,27972.87000000,28472.00000000,27124.47000000,27717.01000000,477378.23373000,1679356799999,13300424536.51492210,11775950,239765.29148000,6680704887.53214600,0
