Open Time,Open,High,Low,Close,Volume,Close Time,Quote Asset Volume,Number of trades,Taker Buy Base Asset Volume,Taker Buy Quote Asset volume
1677715200000,23629.76000000,23796.93000000,23195.90000000,23465.32000000,239315.45219000,1677801599999,5603770010.23954760,7435815,119522.00584000,2798797976.70041000,0
