Open Time,Open,High,Low,Close,Volume,Close Time,Quote Asset Volume,Number of trades,Taker Buy Base Asset Volume,Taker Buy Quote Asset volume
1680134400000,28348.60000000,29184.68000000,27686.00000000,28028.53000000,98865.43256000,1680220799999,2808471938.64244290,1843652,49100.20979000,1394972886.70623690,0
