Open Time,Open,High,Low,Close,Volume,Close Time,Quote Asset Volume,Number of trades,Taker Buy Base Asset Volume,Taker Buy Quote Asset volume
1686182400000,26339.34000000,26810.00000000,26210.00000000,26498.61000000,31075.51083000,1686268799999,823023638.23687500,848252,14614.60741000,387105933.43997990,0
