Open Time,Open,High,Low,Close,Volume,Close Time,Quote Asset Volume,Number of trades,Taker Buy Base Asset Volume,Taker Buy Quote Asset volume
1565308800000,0.01444000,0.01486000,0.01210000,0.01218000,567134284.20000000,1565395199999,7626781.26521200,23734,230473786.70000000,3125516.58889200,0
