Open Time,Open,High,Low,Close,Volume,Close Time,Quote Asset Volume,Number of trades,Taker Buy Base Asset Volume,Taker Buy Quote Asset volume
1569024000000,0.01362000,0.01366000,0.01313000,0.01331000,48485065.10000000,1569110399999,647374.70481000,2404,18235413.60000000,243782.02402600,0
