Open Time,Open,High,Low,Close,Volume,Close Time,Quote Asset Volume,Number of trades,Taker Buy Base Asset Volume,Taker Buy Quote Asset volume
1570492800000,0.01090000,0.01280000,0.01067000,0.01244000,341305266.50000000,1570579199999,4009234.43411800,11644,167755933.40000000,1975923.10684400,0
