Open Time,Open,High,Low,Close,Volume,Close Time,Quote Asset Volume,Number of trades,Taker Buy Base Asset Volume,Taker Buy Quote Asset volume
1561939200000,0.02218000,0.02313000,0.02009000,0.02238000,549433910.10000000,1562025599999,12008207.31037000,29638,247872403.90000000,5412021.48281600,0
