Open Time,Open,High,Low,Close,Volume,Close Time,Quote Asset Volume,Number of trades,Taker Buy Base Asset Volume,Taker Buy Quote Asset volume
1566432000000,0.01551000,0.01713000,0.01465000,0.01672000,488617075.70000000,1566518399999,7859841.33438400,21737,239352460.10000000,3861928.46052900,0
