Open Time,Open,High,Low,Close,Volume,Close Time,Quote Asset Volume,Number of trades,Taker Buy Base Asset Volume,Taker Buy Quote Asset volume
1571356800000,0.01425000,0.01443000,0.01300000,0.01334000,190539827.50000000,1571443199999,2588230.55964900,7300,83514024.60000000,1139285.08582300,0
