Open Time,Open,High,Low,Close,Volume,Close Time,Quote Asset Volume,Number of trades,Taker Buy Base Asset Volume,Taker Buy Quote Asset volume
1557014400000,0.00396000,0.00406000,0.00359000,0.00372000,161357630.80000000,1557100799999,614191.03100000,2273,59748550.40000000,227302.23661600,0
