Open Time,Open,High,Low,Close,Volume,Close Time,Quote Asset Volume,Number of trades,Taker Buy Base Asset Volume,Taker Buy Quote Asset volume
1566777600000,0.01368000,0.01473000,0.01366000,0.01392000,162985868.30000000,1566863999999,2292297.59137400,7392,69181995.80000000,975072.43351200,0
