Open Time,Open,High,Low,Close,Volume,Close Time,Quote Asset Volume,Number of trades,Taker Buy Base Asset Volume,Taker Buy Quote Asset volume
1558915200000,0.02417000,0.02478000,0.02076000,0.02235000,1191302944.80000000,1559001599999,26878220.06548200,57119,535157204.10000000,12076665.28396400,0
