Open Time,Open,High,Low,Close,Volume,Close Time,Quote Asset Volume,Number of trades,Taker Buy Base Asset Volume,Taker Buy Quote Asset volume
1563408000000,0.01314000,0.01425000,0.01250000,0.01362000,224879379.30000000,1563494399999,3024861.68655200,10865,111164606.20000000,1494818.64235400,0
