Open Time,Open,High,Low,Close,Volume,Close Time,Quote Asset Volume,Number of trades,Taker Buy Base Asset Volume,Taker Buy Quote Asset volume
1573516800000,0.01543000,0.01563000,0.01450000,0.01487000,184608022.00000000,1573603199999,2770796.19434900,6882,72318609.60000000,1086542.06428300,0
