Open Time,Open,High,Low,Close,Volume,Close Time,Quote Asset Volume,Number of trades,Taker Buy Base Asset Volume,Taker Buy Quote Asset volume
1570924800000,0.01555000,0.01568000,0.01408000,0.01494000,225545366.00000000,1571011199999,3341442.78868900,9158,104997041.60000000,1554510.75776500,0
