Open Time,Open,High,Low,Close,Volume,Close Time,Quote Asset Volume,Number of trades,Taker Buy Base Asset Volume,Taker Buy Quote Asset volume
1575763200000,0.03879000,0.04270000,0.03806000,0.04150000,381082933.80000000,1575849599999,15619112.80096300,30100,187670110.80000000,7699749.27465100,0
