Open Time,Open,High,Low,Close,Volume,Close Time,Quote Asset Volume,Number of trades,Taker Buy Base Asset Volume,Taker Buy Quote Asset volume
1557360000000,0.00336000,0.00341000,0.00303000,0.00314000,211829251.90000000,1557446399999,675710.22655800,3251,95088492.60000000,303413.83706700,0
