Open Time,Open,High,Low,Close,Volume,Close Time,Quote Asset Volume,Number of trades,Taker Buy Base Asset Volume,Taker Buy Quote Asset volume
1565222400000,0.01669000,0.01764000,0.01416000,0.01453000,887359062.80000000,1565308799999,14247344.26335700,36817,384170267.60000000,6194300.98729300,0
