Open Time,Open,High,Low,Close,Volume,Close Time,Quote Asset Volume,Number of trades,Taker Buy Base Asset Volume,Taker Buy Quote Asset volume
1566518400000,0.01670000,0.01736000,0.01495000,0.01534000,360555621.00000000,1566604799999,5844227.06583900,18520,135264130.90000000,2199735.21956300,0
