Open Time,Open,High,Low,Close,Volume,Close Time,Quote Asset Volume,Number of trades,Taker Buy Base Asset Volume,Taker Buy Quote Asset volume
1566086400000,0.01416000,0.01455000,0.01360000,0.01390000,211127169.50000000,1566172799999,2969546.49419000,11704,95000615.10000000,1336487.71592100,0
