Open Time,Open,High,Low,Close,Volume,Close Time,Quote Asset Volume,Number of trades,Taker Buy Base Asset Volume,Taker Buy Quote Asset volume
1568332800000,0.01294000,0.01322000,0.01267000,0.01293000,44860625.00000000,1568419199999,580946.59276100,2600,18636698.20000000,242466.12455700,0
