Open Time,Open,High,Low,Close,Volume,Close Time,Quote Asset Volume,Number of trades,Taker Buy Base Asset Volume,Taker Buy Quote Asset volume
1560038400000,0.02583000,0.02760000,0.02431000,0.02537000,1037582796.80000000,1560124799999,26851874.43417400,45053,470670590.30000000,12203901.62518600,0
