Open Time,Open,High,Low,Close,Volume,Close Time,Quote Asset Volume,Number of trades,Taker Buy Base Asset Volume,Taker Buy Quote Asset volume
1565049600000,0.01168000,0.01736000,0.01164000,0.01531000,1705674410.70000000,1565135999999,25563467.19466600,63052,874892985.30000000,13114642.32074800,0
