Open Time,Open,High,Low,Close,Volume,Close Time,Quote Asset Volume,Number of trades,Taker Buy Base Asset Volume,Taker Buy Quote Asset volume
1562630400000,0.01664000,0.01722000,0.01505000,0.01622000,309295834.90000000,1562716799999,5016531.44977800,16709,132098099.70000000,2146055.51681400,0
