Open Time,Open,High,Low,Close,Volume,Close Time,Quote Asset Volume,Number of trades,Taker Buy Base Asset Volume,Taker Buy Quote Asset volume
1569456000000,0.01096000,0.01153000,0.01000000,0.01059000,124237242.60000000,1569542399999,1343028.45766800,5063,54578518.60000000,588322.77708600,0
