Open Time,Open,High,Low,Close,Volume,Close Time,Quote Asset Volume,Number of trades,Taker Buy Base Asset Volume,Taker Buy Quote Asset volume
1574985600000,0.02265000,0.02517000,0.02250000,0.02451000,335527815.50000000,1575071999999,8122006.39988700,18305,178255121.20000000,4314251.92279700,0
