Open Time,Open,High,Low,Close,Volume,Close Time,Quote Asset Volume,Number of trades,Taker Buy Base Asset Volume,Taker Buy Quote Asset volume
1571529600000,0.01376000,0.01403000,0.01320000,0.01376000,127160718.20000000,1571615999999,1731481.90694700,5042,58709720.30000000,800952.16652400,0
