Open Time,Open,High,Low,Close,Volume,Close Time,Quote Asset Volume,Number of trades,Taker Buy Base Asset Volume,Taker Buy Quote Asset volume
1568160000000,0.01351000,0.01372000,0.01285000,0.01310000,92349749.80000000,1568246399999,1218881.60158000,4100,37345850.80000000,493796.68321800,0
