Open Time,Open,High,Low,Close,Volume,Close Time,Quote Asset Volume,Number of trades,Taker Buy Base Asset Volume,Taker Buy Quote Asset volume
1564012800000,0.01191000,0.01279000,0.01190000,0.01218000,90884427.60000000,1564099199999,1123058.79898200,4211,42364169.00000000,524345.34199800,0
