Open Time,Open,High,Low,Close,Volume,Close Time,Quote Asset Volume,Number of trades,Taker Buy Base Asset Volume,Taker Buy Quote Asset volume
1573603200000,0.01492000,0.01517000,0.01454000,0.01493000,82189698.90000000,1573689599999,1225985.83450600,3455,39480834.90000000,589568.95783100,0
