Open Time,Open,High,Low,Close,Volume,Close Time,Quote Asset Volume,Number of trades,Taker Buy Base Asset Volume,Taker Buy Quote Asset volume
1569196800000,0.01252000,0.01305000,0.01215000,0.01224000,64180261.90000000,1569283199999,808857.84528400,3745,26069730.50000000,329496.05886700,0
