Open Time,Open,High,Low,Close,Volume,Close Time,Quote Asset Volume,Number of trades,Taker Buy Base Asset Volume,Taker Buy Quote Asset volume
1560211200000,0.02701000,0.02706000,0.02332000,0.02390000,652982968.70000000,1560297599999,16209780.63776300,32432,260662312.30000000,6487894.02254200,0
