Open Time,Open,High,Low,Close,Volume,Close Time,Quote Asset Volume,Number of trades,Taker Buy Base Asset Volume,Taker Buy Quote Asset volume
1560556800000,0.02053000,0.02295000,0.02053000,0.02179000,659353874.40000000,1560643199999,14344732.61647300,25602,317951041.70000000,6925708.23959100,0
