Open Time,Open,High,Low,Close,Volume,Close Time,Quote Asset Volume,Number of trades,Taker Buy Base Asset Volume,Taker Buy Quote Asset volume
1570147200000,0.01055000,0.01074000,0.01031000,0.01055000,48311449.90000000,1570233599999,509335.99131900,2036,19818326.50000000,209553.24417500,0
