Open Time,Open,High,Low,Close,Volume,Close Time,Quote Asset Volume,Number of trades,Taker Buy Base Asset Volume,Taker Buy Quote Asset volume
1571443200000,0.01333000,0.01389000,0.01302000,0.01376000,136027755.20000000,1571529599999,1826776.52216100,5796,68573792.70000000,922953.68143400,0
