Open Time,Open,High,Low,Close,Volume,Close Time,Quote Asset Volume,Number of trades,Taker Buy Base Asset Volume,Taker Buy Quote Asset volume
1567036800000,0.01291000,0.01291000,0.01148000,0.01168000,148121402.90000000,1567123199999,1797227.46265600,7118,62880469.90000000,763988.29488600,0
