Open Time,Open,High,Low,Close,Volume,Close Time,Quote Asset Volume,Number of trades,Taker Buy Base Asset Volume,Taker Buy Quote Asset volume
1570752000000,0.01610000,0.01766000,0.01529000,0.01580000,776515586.00000000,1570838399999,12834236.34540800,29588,382732339.80000000,6339894.21640300,0
