Open Time,Open,High,Low,Close,Volume,Close Time,Quote Asset Volume,Number of trades,Taker Buy Base Asset Volume,Taker Buy Quote Asset volume
1570579200000,0.01243000,0.01450000,0.01230000,0.01444000,552149785.60000000,1570665599999,7534049.19071000,19777,292174383.00000000,3992304.62316400,0
