Open Time,Open,High,Low,Close,Volume,Close Time,Quote Asset Volume,Number of trades,Taker Buy Base Asset Volume,Taker Buy Quote Asset volume
1566691200000,0.01483000,0.01496000,0.01355000,0.01373000,151830261.60000000,1566777599999,2166654.20161900,7398,59109420.90000000,844360.84906600,0
