Open Time,Open,High,Low,Close,Volume,Close Time,Quote Asset Volume,Number of trades,Taker Buy Base Asset Volume,Taker Buy Quote Asset volume
1575158400000,0.02891000,0.02894000,0.02613000,0.02661000,472083696.70000000,1575244799999,12908238.22424200,25187,209726836.60000000,5731107.10736800,0
