Open Time,Open,High,Low,Close,Volume,Close Time,Quote Asset Volume,Number of trades,Taker Buy Base Asset Volume,Taker Buy Quote Asset volume
1569283200000,0.01219000,0.01348000,0.01050000,0.01088000,270931468.10000000,1569369599999,3251865.94084600,10290,104106536.80000000,1270949.25575000,0
