Open Time,Open,High,Low,Close,Volume,Close Time,Quote Asset Volume,Number of trades,Taker Buy Base Asset Volume,Taker Buy Quote Asset volume
1563062400000,0.01664000,0.01745000,0.01417000,0.01431000,296945768.70000000,1563148799999,4683626.33864200,16122,116716341.80000000,1858690.19160700,0
