Open Time,Open,High,Low,Close,Volume,Close Time,Quote Asset Volume,Number of trades,Taker Buy Base Asset Volume,Taker Buy Quote Asset volume
1563753600000,0.01346000,0.01360000,0.01240000,0.01272000,67716133.20000000,1563839999999,884323.09704400,3708,24781405.30000000,325454.47350800,0
