Open Time,Open,High,Low,Close,Volume,Close Time,Quote Asset Volume,Number of trades,Taker Buy Base Asset Volume,Taker Buy Quote Asset volume
1562803200000,0.01612000,0.01687000,0.01418000,0.01442000,264561118.60000000,1562889599999,4055570.69206600,15713,115474317.20000000,1773718.55648500,0
