Open Time,Open,High,Low,Close,Volume,Close Time,Quote Asset Volume,Number of trades,Taker Buy Base Asset Volume,Taker Buy Quote Asset volume
1566259200000,0.01543000,0.01599000,0.01481000,0.01578000,306085526.10000000,1566345599999,4709909.12194500,12990,152749798.30000000,2352084.34608200,0
