Open Time,Open,High,Low,Close,Volume,Close Time,Quote Asset Volume,Number of trades,Taker Buy Base Asset Volume,Taker Buy Quote Asset volume
1556323200000,0.00543000,0.00586000,0.00516000,0.00521000,440339020.00000000,1556409599999,2401118.02948200,7591,196839741.60000000,1075229.90979500,0
