Open Time,Open,High,Low,Close,Volume,Close Time,Quote Asset Volume,Number of trades,Taker Buy Base Asset Volume,Taker Buy Quote Asset volume
1571011200000,0.01493000,0.01672000,0.01485000,0.01522000,475384929.10000000,1571097599999,7357629.37422900,18192,221328568.50000000,3423167.35555600,0
