Open Time,Open,High,Low,Close,Volume,Close Time,Quote Asset Volume,Number of trades,Taker Buy Base Asset Volume,Taker Buy Quote Asset volume
1562284800000,0.01797000,0.01958000,0.01760000,0.01811000,245911827.10000000,1562371199999,4542141.44752500,13717,102258468.10000000,1894074.05839000,0
