Open Time,Open,High,Low,Close,Volume,Close Time,Quote Asset Volume,Number of trades,Taker Buy Base Asset Volume,Taker Buy Quote Asset volume
1573689600000,0.01495000,0.01502000,0.01423000,0.01443000,90633111.80000000,1573775999999,1321861.35045400,3486,41526378.00000000,606747.13913500,0
