Open Time,Open,High,Low,Close,Volume,Close Time,Quote Asset Volume,Number of trades,Taker Buy Base Asset Volume,Taker Buy Quote Asset volume
1568678400000,0.01290000,0.01388000,0.01276000,0.01348000,96218969.60000000,1568764799999,1275767.37756900,5021,49056992.50000000,651034.94676500,0
