Open Time,Open,High,Low,Close,Volume,Close Time,Quote Asset Volume,Number of trades,Taker Buy Base Asset Volume,Taker Buy Quote Asset volume
1565654400000,0.01692000,0.01725000,0.01502000,0.01682000,643086628.60000000,1565740799999,10372666.76209400,34964,303761566.80000000,4910901.79680700,0
