Open Time,Open,High,Low,Close,Volume,Close Time,Quote Asset Volume,Number of trades,Taker Buy Base Asset Volume,Taker Buy Quote Asset volume
1558137600000,0.01456000,0.01489000,0.01205000,0.01235000,1670915897.80000000,1558223999999,21896672.92224900,48700,843385872.30000000,11031631.13340600,0
