Open Time,Open,High,Low,Close,Volume,Close Time,Quote Asset Volume,Number of trades,Taker Buy Base Asset Volume,Taker Buy Quote Asset volume
1572307200000,0.01399000,0.01443000,0.01378000,0.01409000,176630436.10000000,1572393599999,2496075.13524400,6762,78646030.90000000,1113958.62970800,0
