Open Time,Open,High,Low,Close,Volume,Close Time,Quote Asset Volume,Number of trades,Taker Buy Base Asset Volume,Taker Buy Quote Asset volume
1560816000000,0.02175000,0.02289000,0.02122000,0.02247000,650343325.30000000,1560902399999,14442850.48061800,21030,321231018.80000000,7138849.60019700,0
