Open Time,Open,High,Low,Close,Volume,Close Time,Quote Asset Volume,Number of trades,Taker Buy Base Asset Volume,Taker Buy Quote Asset volume
1562889600000,0.01443000,0.01650000,0.01409000,0.01570000,248278116.10000000,1562975999999,3863551.76537700,14092,119215870.60000000,1851964.62274400,0
