Open Time,Open,High,Low,Close,Volume,Close Time,Quote Asset Volume,Number of trades,Taker Buy Base Asset Volume,Taker Buy Quote Asset volume
1561420800000,0.02072000,0.02072000,0.01903000,0.01920000,364473706.30000000,1561507199999,7201433.07258700,16907,142499531.10000000,2816038.36791900,0
