Open Time,Open,High,Low,Close,Volume,Close Time,Quote Asset Volume,Number of trades,Taker Buy Base Asset Volume,Taker Buy Quote Asset volume
1559347200000,0.02216000,0.02289000,0.02067000,0.02104000,963080818.80000000,1559433599999,20696050.74108100,39941,424063412.00000000,9115758.52842100,0
