Open Time,Open,High,Low,Close,Volume,Close Time,Quote Asset Volume,Number of trades,Taker Buy Base Asset Volume,Taker Buy Quote Asset volume
1562025600000,0.02238000,0.02265000,0.01952000,0.02002000,394132210.20000000,1562111999999,8067242.12089700,21200,164471835.00000000,3377043.71099800,0
