Open Time,Open,High,Low,Close,Volume,Close Time,Quote Asset Volume,Number of trades,Taker Buy Base Asset Volume,Taker Buy Quote Asset volume
1568419200000,0.01293000,0.01344000,0.01284000,0.01305000,48470841.60000000,1568505599999,640398.64360700,2684,24913006.80000000,329362.36644900,0
