Open Time,Open,High,Low,Close,Volume,Close Time,Quote Asset Volume,Number of trades,Taker Buy Base Asset Volume,Taker Buy Quote Asset volume
1573948800000,0.01445000,0.01478000,0.01403000,0.01432000,96618076.90000000,1574035199999,1390254.80488100,4041,43153366.80000000,621264.34890100,0
