Open Time,Open,High,Low,Close,Volume,Close Time,Quote Asset Volume,Number of trades,Taker Buy Base Asset Volume,Taker Buy Quote Asset volume
1575676800000,0.04146000,0.04195000,0.03712000,0.03889000,571914982.20000000,1575763199999,22494008.35160800,39052,278786162.30000000,10973685.35834300,0
