Open Time,Open,High,Low,Close,Volume,Close Time,Quote Asset Volume,Number of trades,Taker Buy Base Asset Volume,Taker Buy Quote Asset volume
1565568000000,0.01609000,0.01820000,0.01582000,0.01691000,839532697.50000000,1565654399999,14201139.09966500,36316,397603409.30000000,6742421.33937100,0
