Open Time,Open,High,Low,Close,Volume,Close Time,Quote Asset Volume,Number of trades,Taker Buy Base Asset Volume,Taker Buy Quote Asset volume
1568246400000,0.01310000,0.01316000,0.01250000,0.01296000,80307156.90000000,1568332799999,1034507.33019900,4227,31640292.70000000,407727.71306800,0
