Open Time,Open,High,Low,Close,Volume,Close Time,Quote Asset Volume,Number of trades,Taker Buy Base Asset Volume,Taker Buy Quote Asset volume
1564790400000,0.01109000,0.01140000,0.01058000,0.01062000,90599072.90000000,1564876799999,1000924.62690700,3766,38314232.80000000,424192.00886000,0
