Open Time,Open,High,Low,Close,Volume,Close Time,Quote Asset Volume,Number of trades,Taker Buy Base Asset Volume,Taker Buy Quote Asset volume
1558656000000,0.02736000,0.02870000,0.02265000,0.02529000,2439816666.40000000,1558742399999,61713452.33613800,111817,1128042818.20000000,28566094.67877200,0
