Open Time,Open,High,Low,Close,Volume,Close Time,Quote Asset Volume,Number of trades,Taker Buy Base Asset Volume,Taker Buy Quote Asset volume
1560384000000,0.02304000,0.02475000,0.02221000,0.02310000,1130423131.50000000,1560470399999,26175537.47094400,37551,524374523.80000000,12163179.70767600,0
