Open Time,Open,High,Low,Close,Volume,Close Time,Quote Asset Volume,Number of trades,Taker Buy Base Asset Volume,Taker Buy Quote Asset volume
1575504000000,0.03182000,0.03447000,0.03133000,0.03316000,512467200.10000000,1575590399999,16984888.30961000,30367,260138737.10000000,8627115.84893700,0
