Open Time,Open,High,Low,Close,Volume,Close Time,Quote Asset Volume,Number of trades,Taker Buy Base Asset Volume,Taker Buy Quote Asset volume
1570406400000,0.01013000,0.01112000,0.01003000,0.01091000,206810304.90000000,1570492799999,2218471.77909700,6314,107804418.00000000,1157018.78551400,0
