Open Time,Open,High,Low,Close,Volume,Close Time,Quote Asset Volume,Number of trades,Taker Buy Base Asset Volume,Taker Buy Quote Asset volume
1574294400000,0.01433000,0.01457000,0.01332000,0.01425000,175568196.90000000,1574380799999,2460713.96964500,7374,81293549.90000000,1140793.29391700,0
