Open Time,Open,High,Low,Close,Volume,Close Time,Quote Asset Volume,Number of trades,Taker Buy Base Asset Volume,Taker Buy Quote Asset volume
1571184000000,0.01434000,0.01447000,0.01283000,0.01386000,255790740.00000000,1571270399999,3485410.34679200,10021,114672671.00000000,1563780.71800200,0
