Open Time,Open,High,Low,Close,Volume,Close Time,Quote Asset Volume,Number of trades,Taker Buy Base Asset Volume,Taker Buy Quote Asset volume
1558569600000,0.02215000,0.03401000,0.02143000,0.02739000,5742350972.30000000,1558655999999,164039791.90192500,229169,2826668792.50000000,80737692.39416500,0
