Open Time,Open,High,Low,Close,Volume,Close Time,Quote Asset Volume,Number of trades,Taker Buy Base Asset Volume,Taker Buy Quote Asset volume
1576972800000,0.01798000,0.01998000,0.01500000,0.01614000,2208662697.20000000,1577059199999,37509463.43414400,72743,1016762975.40000000,17296126.95651500,0
