Open Time,Open,High,Low,Close,Volume,Close Time,Quote Asset Volume,Number of trades,Taker Buy Base Asset Volume,Taker Buy Quote Asset volume
1560729600000,0.02239000,0.02385000,0.02122000,0.02175000,567072821.40000000,1560815999999,12699272.79543400,23372,253430254.10000000,5693935.68078500,0
