Open Time,Open,High,Low,Close,Volume,Close Time,Quote Asset Volume,Number of trades,Taker Buy Base Asset Volume,Taker Buy Quote Asset volume
1568937600000,0.01374000,0.01388000,0.01338000,0.01363000,56120816.50000000,1569023999999,765172.80330700,3096,23925710.80000000,326975.17792900,0
