Open Time,Open,High,Low,Close,Volume,Close Time,Quote Asset Volume,Number of trades,Taker Buy Base Asset Volume,Taker Buy Quote Asset volume
1567555200000,0.01431000,0.01457000,0.01381000,0.01410000,135373752.10000000,1567641599999,1913417.43521500,7742,58894930.20000000,833869.70630100,0
