Open Time,Open,High,Low,Close,Volume,Close Time,Quote Asset Volume,Number of trades,Taker Buy Base Asset Volume,Taker Buy Quote Asset volume
1560297600000,0.02390000,0.02525000,0.02281000,0.02305000,680341982.30000000,1560383999999,16244462.14072900,31086,314221583.70000000,7515313.89216500,0
