Open Time,Open,High,Low,Close,Volume,Close Time,Quote Asset Volume,Number of trades,Taker Buy Base Asset Volume,Taker Buy Quote Asset volume
1572998400000,0.01465000,0.01486000,0.01430000,0.01447000,150238377.90000000,1573084799999,2187292.39845700,5866,61849284.10000000,901713.88536100,0
