Open Time,Open,High,Low,Close,Volume,Close Time,Quote Asset Volume,Number of trades,Taker Buy Base Asset Volume,Taker Buy Quote Asset volume
1568851200000,0.01432000,0.01443000,0.01291000,0.01366000,198458620.20000000,1568937599999,2683189.81814500,9129,95641655.60000000,1292687.02337900,0
