Open Time,Open,High,Low,Close,Volume,Close Time,Quote Asset Volume,Number of trades,Taker Buy Base Asset Volume,Taker Buy Quote Asset volume
1576713600000,0.01271000,0.01315000,0.01221000,0.01314000,434280462.20000000,1576799999999,5544455.24124700,12943,205033112.70000000,2622241.79546100,0
