Open Time,Open,High,Low,Close,Volume,Close Time,Quote Asset Volume,Number of trades,Taker Buy Base Asset Volume,Taker Buy Quote Asset volume
1556755200000,0.00432000,0.00468000,0.00410000,0.00419000,270118878.80000000,1556841599999,1168828.90371100,4636,112213722.60000000,489294.87487200,0
