Open Time,Open,High,Low,Close,Volume,Close Time,Quote Asset Volume,Number of trades,Taker Buy Base Asset Volume,Taker Buy Quote Asset volume
1561161600000,0.02103000,0.02276000,0.02050000,0.02194000,1239942559.00000000,1561247999999,26839816.58040000,39229,613976813.00000000,13308271.18247700,0
