Open Time,Open,High,Low,Close,Volume,Close Time,Quote Asset Volume,Number of trades,Taker Buy Base Asset Volume,Taker Buy Quote Asset volume
1558396800000,0.02937000,0.04500000,0.02438000,0.02953000,7216196145.90000000,1558483199999,254220541.19830300,435799,3489567900.70000000,123441636.87331600,0
