Open Time,Open,High,Low,Close,Volume,Close Time,Quote Asset Volume,Number of trades,Taker Buy Base Asset Volume,Taker Buy Quote Asset volume
1564876800000,0.01062000,0.01099000,0.01013000,0.01022000,99736984.50000000,1564963199999,1049041.29790400,4468,40120578.60000000,422798.26690000,0
