Open Time,Open,High,Low,Close,Volume,Close Time,Quote Asset Volume,Number of trades,Taker Buy Base Asset Volume,Taker Buy Quote Asset volume
1570233600000,0.01055000,0.01064000,0.01038000,0.01048000,39459278.00000000,1570319999999,413793.94085100,1594,15379368.00000000,161546.06155900,0
