Open Time,Open,High,Low,Close,Volume,Close Time,Quote Asset Volume,Number of trades,Taker Buy Base Asset Volume,Taker Buy Quote Asset volume
1569628800000,0.01082000,0.01136000,0.01073000,0.01121000,137111918.00000000,1569715199999,1522391.42497600,4044,52700925.60000000,584593.74066800,0
