Open Time,Open,High,Low,Close,Volume,Close Time,Quote Asset Volume,Number of trades,Taker Buy Base Asset Volume,Taker Buy Quote Asset volume
1569369600000,0.01095000,0.01180000,0.01037000,0.01098000,156085317.80000000,1569455999999,1702152.89791100,5045,73332185.90000000,796127.33233000,0
