Open Time,Open,High,Low,Close,Volume,Close Time,Quote Asset Volume,Number of trades,Taker Buy Base Asset Volume,Taker Buy Quote Asset volume
1563321600000,0.01202000,0.01400000,0.01163000,0.01316000,252450983.10000000,1563407999999,3249649.40604600,11386,130939283.80000000,1686720.17513200,0
