Open Time,Open,High,Low,Close,Volume,Close Time,Quote Asset Volume,Number of trades,Taker Buy Base Asset Volume,Taker Buy Quote Asset volume
1577232000000,0.01613000,0.01698000,0.01510000,0.01564000,692544947.70000000,1577318399999,11192268.07763100,29914,329174033.40000000,5325329.96210600,0
