Open Time,Open,High,Low,Close,Volume,Close Time,Quote Asset Volume,Number of trades,Taker Buy Base Asset Volume,Taker Buy Quote Asset volume
1567814400000,0.01356000,0.01408000,0.01347000,0.01379000,85406834.30000000,1567900799999,1170991.83010900,3943,37751472.50000000,517975.48055400,0
