Open Time,Open,High,Low,Close,Volume,Close Time,Quote Asset Volume,Number of trades,Taker Buy Base Asset Volume,Taker Buy Quote Asset volume
1563840000000,0.01278000,0.01282000,0.01145000,0.01154000,104242721.30000000,1563926399999,1245229.60535800,4599,44143784.10000000,527296.73292600,0
