Open Time,Open,High,Low,Close,Volume,Close Time,Quote Asset Volume,Number of trades,Taker Buy Base Asset Volume,Taker Buy Quote Asset volume
1564704000000,0.01061000,0.01155000,0.01041000,0.01109000,144581652.30000000,1564790399999,1584139.55496800,5316,68978276.70000000,755289.19647800,0
