Open Time,Open,High,Low,Close,Volume,Close Time,Quote Asset Volume,Number of trades,Taker Buy Base Asset Volume,Taker Buy Quote Asset volume
1560988800000,0.02307000,0.02376000,0.02178000,0.02241000,684710485.30000000,1561075199999,15548293.95129800,22855,306710402.10000000,6970167.07666400,0
