Open Time,Open,High,Low,Close,Volume,Close Time,Quote Asset Volume,Number of trades,Taker Buy Base Asset Volume,Taker Buy Quote Asset volume
1558828800000,0.02482000,0.02725000,0.02305000,0.02419000,1308601539.20000000,1558915199999,33074414.20915000,56410,609348840.10000000,15432825.19832800,0
