Open Time,Open,High,Low,Close,Volume,Close Time,Quote Asset Volume,Number of trades,Taker Buy Base Asset Volume,Taker Buy Quote Asset volume
1576540800000,0.01320000,0.01330000,0.01170000,0.01208000,897035940.30000000,1576627199999,11226311.52940400,24618,412390186.10000000,5161461.48167400,0
