Open Time,Open,High,Low,Close,Volume,Close Time,Quote Asset Volume,Number of trades,Taker Buy Base Asset Volume,Taker Buy Quote Asset volume
1559952000000,0.02429000,0.02662000,0.02330000,0.02583000,892055754.00000000,1560038399999,22531357.46286100,38439,434968848.00000000,10999280.40654300,0
