Open Time,Open,High,Low,Close,Volume,Close Time,Quote Asset Volume,Number of trades,Taker Buy Base Asset Volume,Taker Buy Quote Asset volume
1557532800000,0.00379000,0.00505000,0.00371000,0.00460000,688249967.80000000,1557619199999,3001736.11750800,10258,350396962.10000000,1519985.22254800,0
