Open Time,Open,High,Low,Close,Volume,Close Time,Quote Asset Volume,Number of trades,Taker Buy Base Asset Volume,Taker Buy Quote Asset volume
1571702400000,0.01491000,0.01533000,0.01430000,0.01443000,242262152.90000000,1571788799999,3607527.12279500,9310,122562838.40000000,1829013.62868400,0
