Open Time,Open,High,Low,Close,Volume,Close Time,Quote Asset Volume,Number of trades,Taker Buy Base Asset Volume,Taker Buy Quote Asset volume
1568592000000,0.01283000,0.01300000,0.01251000,0.01290000,56442517.60000000,1568678399999,720991.93730900,2665,21883455.50000000,279529.93905700,0
