Open Time,Open,High,Low,Close,Volume,Close Time,Quote Asset Volume,Number of trades,Taker Buy Base Asset Volume,Taker Buy Quote Asset volume
1572912000000,0.01428000,0.01514000,0.01395000,0.01470000,267620780.10000000,1572998399999,3911435.48906000,10666,127220931.60000000,1862293.13610700,0
