Open Time,Open,High,Low,Close,Volume,Close Time,Quote Asset Volume,Number of trades,Taker Buy Base Asset Volume,Taker Buy Quote Asset volume
1576886400000,0.01555000,0.01840000,0.01520000,0.01798000,1560964123.50000000,1576972799999,26723925.12527100,52017,780235668.20000000,13339657.80954100,0
