Open Time,Open,High,Low,Close,Volume,Close Time,Quote Asset Volume,Number of trades,Taker Buy Base Asset Volume,Taker Buy Quote Asset volume
1557446400000,0.00313000,0.00388000,0.00312000,0.00378000,408703745.60000000,1557532799999,1440180.24490300,6366,203679996.70000000,719063.88796100,0
