Open Time,Open,High,Low,Close,Volume,Close Time,Quote Asset Volume,Number of trades,Taker Buy Base Asset Volume,Taker Buy Quote Asset volume
1562976000000,0.01570000,0.01778000,0.01515000,0.01662000,433122420.40000000,1563062399999,7166394.85555300,23893,197192095.30000000,3278200.41226000,0
