Open Time,Open,High,Low,Close,Volume,Close Time,Quote Asset Volume,Number of trades,Taker Buy Base Asset Volume,Taker Buy Quote Asset volume
1560470400000,0.02314000,0.02330000,0.01900000,0.02055000,658163305.30000000,1560556799999,13853667.77493200,30408,272101738.20000000,5727142.52642100,0
