Open Time,Open,High,Low,Close,Volume,Close Time,Quote Asset Volume,Number of trades,Taker Buy Base Asset Volume,Taker Buy Quote Asset volume
1565740800000,0.01682000,0.01737000,0.01454000,0.01475000,673891620.90000000,1565827199999,10784679.44365500,30569,297781497.20000000,4788712.16056000,0
