Open Time,Open,High,Low,Close,Volume,Close Time,Quote Asset Volume,Number of trades,Taker Buy Base Asset Volume,Taker Buy Quote Asset volume
1572220800000,0.01403000,0.01515000,0.01391000,0.01398000,299848970.20000000,1572307199999,4337254.92611400,12072,138680153.90000000,2009184.55847800,0
