Open Time,Open,High,Low,Close,Volume,Close Time,Quote Asset Volume,Number of trades,Taker Buy Base Asset Volume,Taker Buy Quote Asset volume
1574899200000,0.02458000,0.02580000,0.02221000,0.02267000,505162238.20000000,1574985599999,12124733.72697800,27648,232074869.10000000,5584721.12017900,0
