Open Time,Open,High,Low,Close,Volume,Close Time,Quote Asset Volume,Number of trades,Taker Buy Base Asset Volume,Taker Buy Quote Asset volume
1575244800000,0.02661000,0.02728000,0.02484000,0.02637000,372402095.20000000,1575331199999,9671816.73914700,20724,178172549.60000000,4634283.05241000,0
