Open Time,Open,High,Low,Close,Volume,Close Time,Quote Asset Volume,Number of trades,Taker Buy Base Asset Volume,Taker Buy Quote Asset volume
1572480000000,0.01341000,0.01388000,0.01324000,0.01360000,104160241.70000000,1572566399999,1412122.81441300,5100,48075755.90000000,653309.83863300,0
