Open Time,Open,High,Low,Close,Volume,Close Time,Quote Asset Volume,Number of trades,Taker Buy Base Asset Volume,Taker Buy Quote Asset volume
1574726400000,0.02094000,0.02295000,0.01994000,0.02171000,857771499.40000000,1574812799999,18387775.54151700,38507,416963600.20000000,8951293.95443500,0
