Open Time,Open,High,Low,Close,Volume,Close Time,Quote Asset Volume,Number of trades,Taker Buy Base Asset Volume,Taker Buy Quote Asset volume
1571270400000,0.01386000,0.01458000,0.01348000,0.01425000,183009067.30000000,1571356799999,2591677.11165300,7558,93654044.90000000,1327148.25878800,0
