Open Time,Open,High,Low,Close,Volume,Close Time,Quote Asset Volume,Number of trades,Taker Buy Base Asset Volume,Taker Buy Quote Asset volume
1569542400000,0.01067000,0.01100000,0.01033000,0.01082000,75524737.00000000,1569628799999,803340.73468500,2478,33148071.30000000,351985.58281800,0
