Open Time,Open,High,Low,Close,Volume,Close Time,Quote Asset Volume,Number of trades,Taker Buy Base Asset Volume,Taker Buy Quote Asset volume
1566000000000,0.01330000,0.01480000,0.01322000,0.01417000,286427641.90000000,1566086399999,3989951.20228900,13341,132997795.80000000,1856907.85882600,0
