Open Time,Open,High,Low,Close,Volume,Close Time,Quote Asset Volume,Number of trades,Taker Buy Base Asset Volume,Taker Buy Quote Asset volume
1565395200000,0.01215000,0.01549000,0.01213000,0.01497000,819362182.30000000,1565481599999,11342161.29543800,32870,396242313.10000000,5494333.33126300,0
