Open Time,Open,High,Low,Close,Volume,Close Time,Quote Asset Volume,Number of trades,Taker Buy Base Asset Volume,Taker Buy Quote Asset volume
1563667200000,0.01395000,0.01409000,0.01310000,0.01345000,51976782.70000000,1563753599999,709127.59371800,3506,20614416.30000000,281504.73973200,0
