Open Time,Open,High,Low,Close,Volume,Close Time,Quote Asset Volume,Number of trades,Taker Buy Base Asset Volume,Taker Buy Quote Asset volume
1577318400000,0.01562000,0.01635000,0.01525000,0.01566000,394179878.70000000,1577404799999,6224340.93760900,16463,172207701.80000000,2721750.12933900,0
