Open Time,Open,High,Low,Close,Volume,Close Time,Quote Asset Volume,Number of trades,Taker Buy Base Asset Volume,Taker Buy Quote Asset volume
1557792000000,0.00864000,0.01120000,0.00718000,0.00780000,3861464345.10000000,1557878399999,36235484.08388100,75510,1649191288.20000000,15471189.03882500,0
