Open Time,Open,High,Low,Close,Volume,Close Time,Quote Asset Volume,Number of trades,Taker Buy Base Asset Volume,Taker Buy Quote Asset volume
1556668800000,0.00442000,0.00464000,0.00402000,0.00432000,650430750.00000000,1556755199999,2758219.84313700,7115,163705457.10000000,697929.70975100,0
