Open Time,Open,High,Low,Close,Volume,Close Time,Quote Asset Volume,Number of trades,Taker Buy Base Asset Volume,Taker Buy Quote Asset volume
1563580800000,0.01343000,0.01448000,0.01322000,0.01390000,104993002.10000000,1563667199999,1458183.29273900,5865,53951052.30000000,749372.54728500,0
