Open Time,Open,High,Low,Close,Volume,Close Time,Quote Asset Volume,Number of trades,Taker Buy Base Asset Volume,Taker Buy Quote Asset volume
1560124800000,0.02537000,0.02735000,0.02388000,0.02698000,861155174.40000000,1560211199999,21971136.13738100,37239,398651759.20000000,10189689.81318600,0
