Open Time,Open,High,Low,Close,Volume,Close Time,Quote Asset Volume,Number of trades,Taker Buy Base Asset Volume,Taker Buy Quote Asset volume
1556841600000,0.00419000,0.00440000,0.00394000,0.00423000,279265819.70000000,1556927999999,1153772.20424300,3953,121483789.00000000,504597.15931200,0
