Open Time,Open,High,Low,Close,Volume,Close Time,Quote Asset Volume,Number of trades,Taker Buy Base Asset Volume,Taker Buy Quote Asset volume
1558224000000,0.01235000,0.02069000,0.01226000,0.02018000,2909833092.60000000,1558310399999,50304463.97869000,108635,1505789350.90000000,25865299.95200900,0
