Open Time,Open,High,Low,Close,Volume,Close Time,Quote Asset Volume,Number of trades,Taker Buy Base Asset Volume,Taker Buy Quote Asset volume
1567987200000,0.01387000,0.01464000,0.01297000,0.01410000,209711539.90000000,1568073599999,2929210.58145500,9694,99123341.40000000,1385514.67528100,0
