Open Time,Open,High,Low,Close,Volume,Close Time,Quote Asset Volume,Number of trades,Taker Buy Base Asset Volume,Taker Buy Quote Asset volume
1572048000000,0.01438000,0.01489000,0.01316000,0.01348000,381110868.10000000,1572134399999,5362414.19094200,15568,167136724.10000000,2365763.74439500,0
