Open Time,Open,High,Low,Close,Volume,Close Time,Quote Asset Volume,Number of trades,Taker Buy Base Asset Volume,Taker Buy Quote Asset volume
1577404800000,0.01563000,0.01585000,0.01451000,0.01518000,348584709.00000000,1577491199999,5283708.14394900,15315,156861311.10000000,2376834.10280400,0
