Open Time,Open,High,Low,Close,Volume,Close Time,Quote Asset Volume,Number of trades,Taker Buy Base Asset Volume,Taker Buy Quote Asset volume
1565481600000,0.01501000,0.01870000,0.01402000,0.01603000,1195445043.10000000,1565567999999,19815155.56807800,56607,581478588.90000000,9653911.75450800,0
