Open Time,Open,High,Low,Close,Volume,Close Time,Quote Asset Volume,Number of trades,Taker Buy Base Asset Volume,Taker Buy Quote Asset volume
1566864000000,0.01391000,0.01490000,0.01372000,0.01416000,178712745.00000000,1566950399999,2564991.37714100,10009,90409328.20000000,1300228.17279500,0
