Open Time,Open,High,Low,Close,Volume,Close Time,Quote Asset Volume,Number of trades,Taker Buy Base Asset Volume,Taker Buy Quote Asset volume
1575849600000,0.04149000,0.04269000,0.03343000,0.03425000,609748021.50000000,1575935999999,23487188.67981400,43930,284418272.60000000,11016175.05277600,0
