Open Time,Open,High,Low,Close,Volume,Close Time,Quote Asset Volume,Number of trades,Taker Buy Base Asset Volume,Taker Buy Quote Asset volume
1562371200000,0.01811000,0.01844000,0.01750000,0.01768000,101526675.60000000,1562457599999,1815905.33844800,6160,40509740.10000000,725641.99972100,0
