Open Time,Open,High,Low,Close,Volume,Close Time,Quote Asset Volume,Number of trades,Taker Buy Base Asset Volume,Taker Buy Quote Asset volume
1576108800000,0.01794000,0.01813000,0.01532000,0.01572000,1229731085.60000000,1576195199999,19782764.73660400,35057,566554483.70000000,9102672.78628600,0
