Open Time,Open,High,Low,Close,Volume,Close Time,Quote Asset Volume,Number of trades,Taker Buy Base Asset Volume,Taker Buy Quote Asset volume
1574121600000,0.01404000,0.01510000,0.01359000,0.01484000,216103098.00000000,1574207999999,3124499.64195200,7625,107249016.30000000,1553814.04646600,0
