Open Time,Open,High,Low,Close,Volume,Close Time,Quote Asset Volume,Number of trades,Taker Buy Base Asset Volume,Taker Buy Quote Asset volume
1564358400000,0.01173000,0.01196000,0.01126000,0.01133000,50457970.70000000,1564444799999,583061.03932300,2307,18365415.10000000,212729.82273900,0
