Open Time,Open,High,Low,Close,Volume,Close Time,Quote Asset Volume,Number of trades,Taker Buy Base Asset Volume,Taker Buy Quote Asset volume
1559779200000,0.02290000,0.02514000,0.02150000,0.02361000,1610958057.60000000,1559865599999,37838212.33347800,56476,758838774.20000000,17852483.04424500,0
