Open Time,Open,High,Low,Close,Volume,Close Time,Quote Asset Volume,Number of trades,Taker Buy Base Asset Volume,Taker Buy Quote Asset volume
1560643200000,0.02179000,0.02280000,0.02063000,0.02240000,648967789.40000000,1560729599999,14016709.51600900,24128,323239817.50000000,6999503.60776000,0
