Open Time,Open,High,Low,Close,Volume,Close Time,Quote Asset Volume,Number of trades,Taker Buy Base Asset Volume,Taker Buy Quote Asset volume
1557273600000,0.00335000,0.00348000,0.00328000,0.00333000,154227974.60000000,1557359999999,519824.74236700,2002,60675700.30000000,205640.76329000,0
