Open Time,Open,High,Low,Close,Volume,Close Time,Quote Asset Volume,Number of trades,Taker Buy Base Asset Volume,Taker Buy Quote Asset volume
1570665600000,0.01444000,0.01710000,0.01338000,0.01610000,507302441.10000000,1570751999999,7581650.55150700,21054,260170888.20000000,3891288.75063900,0
