Open Time,Open,High,Low,Close,Volume,Close Time,Quote Asset Volume,Number of trades,Taker Buy Base Asset Volume,Taker Buy Quote Asset volume
1574380800000,0.01427000,0.01440000,0.01215000,0.01403000,348609438.90000000,1574467199999,4674898.02371600,13219,159065733.60000000,2136461.01358300,0
