Open Time,Open,High,Low,Close,Volume,Close Time,Quote Asset Volume,Number of trades,Taker Buy Base Asset Volume,Taker Buy Quote Asset volume
1559001600000,0.02232000,0.02540000,0.02102000,0.02380000,1527919636.60000000,1559087999999,35602220.79204100,64106,732599537.40000000,17112665.04447600,0
