Open Time,Open,High,Low,Close,Volume,Close Time,Quote Asset Volume,Number of trades,Taker Buy Base Asset Volume,Taker Buy Quote Asset volume
1564963200000,0.01022000,0.01293000,0.00951000,0.01169000,718163052.70000000,1565049599999,8190108.91234200,28157,366192404.10000000,4207926.66538800,0
