Open Time,Open,High,Low,Close,Volume,Close Time,Quote Asset Volume,Number of trades,Taker Buy Base Asset Volume,Taker Buy Quote Asset volume
1572739200000,0.01354000,0.01373000,0.01329000,0.01354000,73641398.40000000,1572825599999,992944.74555500,2853,28913274.10000000,390311.72755300,0
