Open Time,Open,High,Low,Close,Volume,Close Time,Quote Asset Volume,Number of trades,Taker Buy Base Asset Volume,Taker Buy Quote Asset volume
1568764800000,0.01347000,0.01486000,0.01335000,0.01432000,300820774.40000000,1568851199999,4237733.41968600,13824,149965173.00000000,2114009.74695200,0
