Open Time,Open,High,Low,Close,Volume,Close Time,Quote Asset Volume,Number of trades,Taker Buy Base Asset Volume,Taker Buy Quote Asset volume
1563494400000,0.01365000,0.01392000,0.01317000,0.01337000,82349270.00000000,1563580799999,1109329.78782900,4909,38283509.20000000,515901.50766100,0
