Open Time,Open,High,Low,Close,Volume,Close Time,Quote Asset Volume,Number of trades,Taker Buy Base Asset Volume,Taker Buy Quote Asset volume
1562716800000,0.01622000,0.01748000,0.01477000,0.01610000,437375040.30000000,1562803199999,7034960.53856600,22814,198251593.10000000,3195437.66253700,0
