Open Time,Open,High,Low,Close,Volume,Close Time,Quote Asset Volume,Number of trades,Taker Buy Base Asset Volume,Taker Buy Quote Asset volume
1567468800000,0.01374000,0.01500000,0.01275000,0.01433000,236492770.30000000,1567555199999,3278495.48389200,12156,111836775.90000000,1555934.09495100,0
