Open Time,Open,High,Low,Close,Volume,Close Time,Quote Asset Volume,Number of trades,Taker Buy Base Asset Volume,Taker Buy Quote Asset volume
1559174400000,0.02213000,0.02330000,0.01824000,0.01972000,1037590833.50000000,1559260799999,22266449.32570200,43837,453408840.20000000,9749496.86889100,0
