Open Time,Open,High,Low,Close,Volume,Close Time,Quote Asset Volume,Number of trades,Taker Buy Base Asset Volume,Taker Buy Quote Asset volume
1576454400000,0.01421000,0.01462000,0.01290000,0.01320000,947149789.00000000,1576540799999,13126163.29467600,24313,432388575.10000000,5995999.18301600,0
