Open Time,Open,High,Low,Close,Volume,Close Time,Quote Asset Volume,Number of trades,Taker Buy Base Asset Volume,Taker Buy Quote Asset volume
1559260800000,0.01972000,0.02299000,0.01939000,0.02216000,1075501624.00000000,1559347199999,23008223.81483100,43275,520481111.00000000,11164252.99592700,0
