Open Time,Open,High,Low,Close,Volume,Close Time,Quote Asset Volume,Number of trades,Taker Buy Base Asset Volume,Taker Buy Quote Asset volume
1556236800000,0.00990000,0.01052000,0.00481000,0.00545000,2251813333.70000000,1556323199999,13165943.99965100,29783,992882444.00000000,5829864.14588800,0
