Open Time,Open,High,Low,Close,Volume,Close Time,Quote Asset Volume,Number of trades,Taker Buy Base Asset Volume,Taker Buy Quote Asset volume
1569110400000,0.01335000,0.01336000,0.01234000,0.01252000,83065792.80000000,1569196799999,1062504.15999800,3886,26466587.50000000,337273.61521600,0
