Open Time,Open,High,Low,Close,Volume,Close Time,Quote Asset Volume,Number of trades,Taker Buy Base Asset Volume,Taker Buy Quote Asset volume
1559088000000,0.02379000,0.02487000,0.02207000,0.02212000,860955448.60000000,1559174399999,19912545.76314300,36362,373837649.60000000,8676018.48041700,0
