Open Time,Open,High,Low,Close,Volume,Close Time,Quote Asset Volume,Number of trades,Taker Buy Base Asset Volume,Taker Buy Quote Asset volume
1561075200000,0.02242000,0.02343000,0.02061000,0.02100000,1001459457.60000000,1561161599999,22213762.28088700,24409,464134556.50000000,10313510.46278000,0
