Open Time,Open,High,Low,Close,Volume,Close Time,Quote Asset Volume,Number of trades,Taker Buy Base Asset Volume,Taker Buy Quote Asset volume
1575417600000,0.02920000,0.03267000,0.02776000,0.03180000,489185375.60000000,1575503999999,14904573.63159800,26346,247095707.50000000,7544390.82508500,0
