Open Time,Open,High,Low,Close,Volume,Close Time,Quote Asset Volume,Number of trades,Taker Buy Base Asset Volume,Taker Buy Quote Asset volume
1574812800000,0.02171000,0.02500000,0.02027000,0.02459000,756927193.00000000,1574899199999,17292556.91792800,35065,407427716.80000000,9292207.32200200,0
