Open Time,Open,High,Low,Close,Volume,Close Time,Quote Asset Volume,Number of trades,Taker Buy Base Asset Volume,Taker Buy Quote Asset volume
1556496000000,0.00442000,0.00456000,0.00343000,0.00347000,520557584.60000000,1556582399999,2090178.57133000,7321,193985377.50000000,776881.25854200,0
