Open Time,Open,High,Low,Close,Volume,Close Time,Quote Asset Volume,Number of trades,Taker Buy Base Asset Volume,Taker Buy Quote Asset volume
1574467200000,0.01406000,0.01690000,0.01368000,0.01662000,529613232.20000000,1574553599999,8265866.78553000,19230,285210875.70000000,4454120.11340300,0
