Open Time,Open,High,Low,Close,Volume,Close Time,Quote Asset Volume,Number of trades,Taker Buy Base Asset Volume,Taker Buy Quote Asset volume
1564617600000,0.01134000,0.01154000,0.01055000,0.01062000,111946706.80000000,1564703999999,1222840.33237100,4418,44443835.20000000,486966.40155100,0
