Open Time,Open,High,Low,Close,Volume,Close Time,Quote Asset Volume,Number of trades,Taker Buy Base Asset Volume,Taker Buy Quote Asset volume
1575936000000,0.03424000,0.03483000,0.01124000,0.01725000,6142136747.70000000,1576022399999,112623969.26964100,191042,2855585707.50000000,52342160.70478600,0
