Open Time,Open,High,Low,Close,Volume,Close Time,Quote Asset Volume,Number of trades,Taker Buy Base Asset Volume,Taker Buy Quote Asset volume
1561593600000,0.01788000,0.02168000,0.01723000,0.01942000,952899255.40000000,1561679999999,18829917.44186100,49075,467350576.80000000,9245013.50978000,0
