Open Time,Open,High,Low,Close,Volume,Close Time,Quote Asset Volume,Number of trades,Taker Buy Base Asset Volume,Taker Buy Quote Asset volume
1560902400000,0.02249000,0.02440000,0.02233000,0.02309000,1270664876.60000000,1560988799999,29575060.57030000,31185,657012973.60000000,15296530.10271200,0
