Open Time,Open,High,Low,Close,Volume,Close Time,Quote Asset Volume,Number of trades,Taker Buy Base Asset Volume,Taker Buy Quote Asset volume
1567123200000,0.01168000,0.01245000,0.01155000,0.01232000,109461152.50000000,1567209599999,1326099.02512800,4676,50041174.70000000,605638.48877600,0
