Open Time,Open,High,Low,Close,Volume,Close Time,Quote Asset Volume,Number of trades,Taker Buy Base Asset Volume,Taker Buy Quote Asset volume
1557100800000,0.00371000,0.00392000,0.00350000,0.00373000,270695596.40000000,1557187199999,1003392.02054100,3541,102318108.20000000,382342.38616800,0
