Open Time,Open,High,Low,Close,Volume,Close Time,Quote Asset Volume,Number of trades,Taker Buy Base Asset Volume,Taker Buy Quote Asset volume
1561680000000,0.01948000,0.02116000,0.01905000,0.01920000,490034713.70000000,1561766399999,9765997.20925000,29152,215240807.80000000,4298825.40523400,0
