Open Time,Open,High,Low,Close,Volume,Close Time,Quote Asset Volume,Number of trades,Taker Buy Base Asset Volume,Taker Buy Quote Asset volume
1571616000000,0.01380000,0.01516000,0.01354000,0.01491000,336082470.10000000,1571702399999,4907148.39022900,12661,155455935.70000000,2267605.61568100,0
