Open Time,Open,High,Low,Close,Volume,Close Time,Quote Asset Volume,Number of trades,Taker Buy Base Asset Volume,Taker Buy Quote Asset volume
1573862400000,0.01381000,0.01445000,0.01369000,0.01445000,89273621.20000000,1573948799999,1250914.75562500,3202,41471345.30000000,581838.88821600,0
