Open Time,Open,High,Low,Close,Volume,Close Time,Quote Asset Volume,Number of trades,Taker Buy Base Asset Volume,Taker Buy Quote Asset volume
1562198400000,0.01926000,0.01930000,0.01700000,0.01797000,378345924.90000000,1562284799999,6872699.51653100,19190,149105149.20000000,2709587.94854100,0
