Open Time,Open,High,Low,Close,Volume,Close Time,Quote Asset Volume,Number of trades,Taker Buy Base Asset Volume,Taker Buy Quote Asset volume
1572566400000,0.01360000,0.01406000,0.01336000,0.01377000,91318676.40000000,1572652799999,1256239.09922500,4155,45160043.70000000,621367.22434100,0
