Open Time,Open,High,Low,Close,Volume,Close Time,Quote Asset Volume,Number of trades,Taker Buy Base Asset Volume,Taker Buy Quote Asset volume
1576627200000,0.01210000,0.01350000,0.01126000,0.01270000,954915615.90000000,1576713599999,11806185.82438000,23374,468784923.80000000,5806991.24311800,0
