Open Time,Open,High,Low,Close,Volume,Close Time,Quote Asset Volume,Number of trades,Taker Buy Base Asset Volume,Taker Buy Quote Asset volume
1570320000000,0.01048000,0.01059000,0.01005000,0.01016000,65066229.10000000,1570406399999,667173.60116200,2751,24252332.30000000,248827.78271800,0
