Open Time,Open,High,Low,Close,Volume,Close Time,Quote Asset Volume,Number of trades,Taker Buy Base Asset Volume,Taker Buy Quote Asset volume
1569974400000,0.01065000,0.01097000,0.01047000,0.01081000,68962300.20000000,1570060799999,735084.66721000,2477,31068704.80000000,331716.75555400,0
