Open Time,Open,High,Low,Close,Volume,Close Time,Quote Asset Volume,Number of trades,Taker Buy Base Asset Volume,Taker Buy Quote Asset volume
1564444800000,0.01135000,0.01168000,0.01100000,0.01157000,53295692.40000000,1564531199999,603703.76728900,2653,26064318.20000000,295845.40039700,0
