Open Time,Open,High,Low,Close,Volume,Close Time,Quote Asset Volume,Number of trades,Taker Buy Base Asset Volume,Taker Buy Quote Asset volume
1574553600000,0.01662000,0.01770000,0.01504000,0.01515000,574517033.20000000,1574639999999,9466088.12579400,20615,252816732.30000000,4184352.10733900,0
