Open Time,Open,High,Low,Close,Volume,Close Time,Quote Asset Volume,Number of trades,Taker Buy Base Asset Volume,Taker Buy Quote Asset volume
1566345600000,0.01582000,0.01597000,0.01442000,0.01547000,344245407.30000000,1566431999999,5215261.97472200,15532,168075016.80000000,2553311.33728800,0
