Open Time,Open,High,Low,Close,Volume,Close Time,Quote Asset Volume,Number of trades,Taker Buy Base Asset Volume,Taker Buy Quote Asset volume
1592438400000,0.02072000,0.02077000,0.02003000,0.02041000,164829825.00000000,1592524799999,3372220.39349200,8547,71129433.90000000,1456857.42068800,0
