Open Time,Open,High,Low,Close,Volume,Close Time,Quote Asset Volume,Number of trades,Taker Buy Base Asset Volume,Taker Buy Quote Asset volume
1582502400000,0.02228000,0.02236000,0.02000000,0.02078000,334945077.30000000,1582588799999,7143912.30547800,20777,150993466.30000000,3224964.18978800,0
