Open Time,Open,High,Low,Close,Volume,Close Time,Quote Asset Volume,Number of trades,Taker Buy Base Asset Volume,Taker Buy Quote Asset volume
1585353600000,0.01078000,0.01080000,0.01000000,0.01062000,345466205.30000000,1585439999999,3622808.12787200,15141,153818093.70000000,1615012.89038300,0
