Open Time,Open,High,Low,Close,Volume,Close Time,Quote Asset Volume,Number of trades,Taker Buy Base Asset Volume,Taker Buy Quote Asset volume
1580947200000,0.02154000,0.02492000,0.02150000,0.02449000,847034282.20000000,1581033599999,19681949.45772500,36304,443362412.20000000,10313362.87364100,0
