Open Time,Open,High,Low,Close,Volume,Close Time,Quote Asset Volume,Number of trades,Taker Buy Base Asset Volume,Taker Buy Quote Asset volume
1596844800000,0.02132000,0.02294000,0.02124000,0.02287000,364680394.30000000,1596931199999,8096219.44828100,17356,199054378.00000000,4418915.41742300,0
