Open Time,Open,High,Low,Close,Volume,Close Time,Quote Asset Volume,Number of trades,Taker Buy Base Asset Volume,Taker Buy Quote Asset volume
1593820800000,0.01921000,0.01960000,0.01896000,0.01955000,104237593.00000000,1593907199999,2016461.70455500,6006,52650238.30000000,1019790.19251500,0
