Open Time,Open,High,Low,Close,Volume,Close Time,Quote Asset Volume,Number of trades,Taker Buy Base Asset Volume,Taker Buy Quote Asset volume
1583193600000,0.02145000,0.02400000,0.02047000,0.02344000,618780337.30000000,1583279999999,13598777.75930600,30732,299106953.20000000,6590479.35285100,0
