Open Time,Open,High,Low,Close,Volume,Close Time,Quote Asset Volume,Number of trades,Taker Buy Base Asset Volume,Taker Buy Quote Asset volume
1595116800000,0.02148000,0.02160000,0.02075000,0.02126000,173168616.40000000,1595203199999,3673038.06588700,9042,78391358.90000000,1665116.84715900,0
