Open Time,Open,High,Low,Close,Volume,Close Time,Quote Asset Volume,Number of trades,Taker Buy Base Asset Volume,Taker Buy Quote Asset volume
1604016000000,0.01383000,0.01410000,0.01291000,0.01385000,258312006.60000000,1604102399999,3468465.33016400,12878,132056310.40000000,1773239.24468100,0
