Open Time,Open,High,Low,Close,Volume,Close Time,Quote Asset Volume,Number of trades,Taker Buy Base Asset Volume,Taker Buy Quote Asset volume
1597968000000,0.02668000,0.02888000,0.02471000,0.02477000,497453588.00000000,1598054399999,13479490.72076800,32248,237629242.50000000,6443507.61741100,0
