Open Time,Open,High,Low,Close,Volume,Close Time,Quote Asset Volume,Number of trades,Taker Buy Base Asset Volume,Taker Buy Quote Asset volume
1580860800000,0.02102000,0.02223000,0.02077000,0.02155000,570440728.90000000,1580947199999,12256746.43364000,24445,271529348.20000000,5839538.88806200,0
