Open Time,Open,High,Low,Close,Volume,Close Time,Quote Asset Volume,Number of trades,Taker Buy Base Asset Volume,Taker Buy Quote Asset volume
1601683200000,0.01821000,0.01876000,0.01790000,0.01849000,54808533.80000000,1601769599999,1005592.37471900,3954,25516270.60000000,468598.70800000,0
