Open Time,Open,High,Low,Close,Volume,Close Time,Quote Asset Volume,Number of trades,Taker Buy Base Asset Volume,Taker Buy Quote Asset volume
1607904000000,0.01816000,0.01860000,0.01793000,0.01839000,82934693.90000000,1607990399999,1512981.28526200,6650,41055659.50000000,750103.81775600,0
