Open Time,Open,High,Low,Close,Volume,Close Time,Quote Asset Volume,Number of trades,Taker Buy Base Asset Volume,Taker Buy Quote Asset volume
1601856000000,0.01858000,0.01898000,0.01844000,0.01884000,64411509.00000000,1601942399999,1205800.97842600,3394,32676369.10000000,611422.33819600,0
