Open Time,Open,High,Low,Close,Volume,Close Time,Quote Asset Volume,Number of trades,Taker Buy Base Asset Volume,Taker Buy Quote Asset volume
1579219200000,0.01613000,0.01926000,0.01576000,0.01870000,1188281610.10000000,1579305599999,21375745.80401000,37462,587045337.40000000,10563411.47547400,0
