Open Time,Open,High,Low,Close,Volume,Close Time,Quote Asset Volume,Number of trades,Taker Buy Base Asset Volume,Taker Buy Quote Asset volume
1587254400000,0.01338000,0.01380000,0.01273000,0.01287000,303467372.30000000,1587340799999,3987118.28313600,13670,140138395.10000000,1842305.99852400,0
