Open Time,Open,High,Low,Close,Volume,Close Time,Quote Asset Volume,Number of trades,Taker Buy Base Asset Volume,Taker Buy Quote Asset volume
1601251200000,0.01875000,0.02050000,0.01862000,0.01884000,305552527.90000000,1601337599999,5986983.39220500,18412,149999679.20000000,2941751.79924700,0
