Open Time,Open,High,Low,Close,Volume,Close Time,Quote Asset Volume,Number of trades,Taker Buy Base Asset Volume,Taker Buy Quote Asset volume
1599609600000,0.01821000,0.02072000,0.01788000,0.02005000,269499222.40000000,1599695999999,5311817.92913400,17091,137913753.30000000,2718050.52226700,0
