Open Time,Open,High,Low,Close,Volume,Close Time,Quote Asset Volume,Number of trades,Taker Buy Base Asset Volume,Taker Buy Quote Asset volume
1597276800000,0.02528000,0.02868000,0.02390000,0.02715000,932062475.10000000,1597363199999,24585674.51070000,59231,452090553.20000000,11952757.12010300,0
