Open Time,Open,High,Low,Close,Volume,Close Time,Quote Asset Volume,Number of trades,Taker Buy Base Asset Volume,Taker Buy Quote Asset volume
1591228800000,0.02164000,0.02216000,0.02061000,0.02172000,455347855.90000000,1591315199999,9815866.92045100,22681,214487527.00000000,4628636.06007300,0
