Open Time,Open,High,Low,Close,Volume,Close Time,Quote Asset Volume,Number of trades,Taker Buy Base Asset Volume,Taker Buy Quote Asset volume
1578355200000,0.01556000,0.01569000,0.01476000,0.01509000,372258630.10000000,1578441599999,5678525.81112600,16809,179006609.80000000,2735882.99857800,0
