Open Time,Open,High,Low,Close,Volume,Close Time,Quote Asset Volume,Number of trades,Taker Buy Base Asset Volume,Taker Buy Quote Asset volume
1588982400000,0.01792000,0.01842000,0.01718000,0.01722000,289308076.40000000,1589068799999,5164096.72534000,16439,133352530.60000000,2384883.92137100,0
