Open Time,Open,High,Low,Close,Volume,Close Time,Quote Asset Volume,Number of trades,Taker Buy Base Asset Volume,Taker Buy Quote Asset volume
1599264000000,0.01926000,0.02006000,0.01695000,0.01797000,288347595.30000000,1599350399999,5334724.67489800,22765,139303662.30000000,2579010.85361900,0
