Open Time,Open,High,Low,Close,Volume,Close Time,Quote Asset Volume,Number of trades,Taker Buy Base Asset Volume,Taker Buy Quote Asset volume
1579132800000,0.01640000,0.01645000,0.01542000,0.01614000,375117135.80000000,1579219199999,5948279.91700300,13176,171275079.20000000,2716723.23751000,0
