Open Time,Open,High,Low,Close,Volume,Close Time,Quote Asset Volume,Number of trades,Taker Buy Base Asset Volume,Taker Buy Quote Asset volume
1601942400000,0.01885000,0.01887000,0.01688000,0.01716000,132541888.50000000,1602028799999,2371118.74857000,7687,55593266.40000000,994100.76840000,0
