Open Time,Open,High,Low,Close,Volume,Close Time,Quote Asset Volume,Number of trades,Taker Buy Base Asset Volume,Taker Buy Quote Asset volume
1605398400000,0.01672000,0.01709000,0.01581000,0.01641000,134026685.60000000,1605484799999,2225907.36409000,11195,62889147.90000000,1047770.14218600,0
