Open Time,Open,High,Low,Close,Volume,Close Time,Quote Asset Volume,Number of trades,Taker Buy Base Asset Volume,Taker Buy Quote Asset volume
1582416000000,0.02076000,0.02300000,0.02072000,0.02229000,368782509.50000000,1582502399999,8165197.07692200,21012,190986560.70000000,4225495.48427400,0
