Open Time,Open,High,Low,Close,Volume,Close Time,Quote Asset Volume,Number of trades,Taker Buy Base Asset Volume,Taker Buy Quote Asset volume
1583107200000,0.01934000,0.02168000,0.01901000,0.02144000,379683878.30000000,1583193599999,7809214.18105500,19781,189315569.50000000,3894729.49428500,0
