Open Time,Open,High,Low,Close,Volume,Close Time,Quote Asset Volume,Number of trades,Taker Buy Base Asset Volume,Taker Buy Quote Asset volume
1604102400000,0.01382000,0.01423000,0.01359000,0.01374000,86813966.70000000,1604188799999,1207472.50839500,5545,44003316.30000000,612836.89829500,0
