Open Time,Open,High,Low,Close,Volume,Close Time,Quote Asset Volume,Number of trades,Taker Buy Base Asset Volume,Taker Buy Quote Asset volume
1606348800000,0.02086000,0.02153000,0.01559000,0.01775000,575952187.90000000,1606435199999,10185590.93049900,45024,287924413.30000000,5082530.28896400,0
