Open Time,Open,High,Low,Close,Volume,Close Time,Quote Asset Volume,Number of trades,Taker Buy Base Asset Volume,Taker Buy Quote Asset volume
1605139200000,0.01656000,0.01741000,0.01559000,0.01587000,185475129.20000000,1605225599999,3034147.63036400,11517,80345507.10000000,1317601.93269700,0
