Open Time,Open,High,Low,Close,Volume,Close Time,Quote Asset Volume,Number of trades,Taker Buy Base Asset Volume,Taker Buy Quote Asset volume
1596067200000,0.02032000,0.02109000,0.02008000,0.02041000,184204493.90000000,1596153599999,3777688.68412400,10799,93197056.00000000,1913310.79580100,0
