Open Time,Open,High,Low,Close,Volume,Close Time,Quote Asset Volume,Number of trades,Taker Buy Base Asset Volume,Taker Buy Quote Asset volume
1604275200000,0.01415000,0.01445000,0.01332000,0.01368000,107737148.80000000,1604361599999,1494801.25052700,6601,52494069.60000000,728660.51030900,0
