Open Time,Open,High,Low,Close,Volume,Close Time,Quote Asset Volume,Number of trades,Taker Buy Base Asset Volume,Taker Buy Quote Asset volume
1596758400000,0.02174000,0.02233000,0.02057000,0.02135000,238236832.30000000,1596844799999,5136673.07162100,11521,106066327.20000000,2293818.72942700,0
