Open Time,Open,High,Low,Close,Volume,Close Time,Quote Asset Volume,Number of trades,Taker Buy Base Asset Volume,Taker Buy Quote Asset volume
1583625600000,0.02679000,0.02680000,0.02100000,0.02143000,945593045.10000000,1583711999999,22853287.61061700,42701,423417590.40000000,10252468.84694100,0
