Open Time,Open,High,Low,Close,Volume,Close Time,Quote Asset Volume,Number of trades,Taker Buy Base Asset Volume,Taker Buy Quote Asset volume
1580083200000,0.01648000,0.01737000,0.01647000,0.01690000,265267740.00000000,1580169599999,4478003.42750200,10918,128868814.50000000,2178135.19901000,0
