Open Time,Open,High,Low,Close,Volume,Close Time,Quote Asset Volume,Number of trades,Taker Buy Base Asset Volume,Taker Buy Quote Asset volume
1607299200000,0.01952000,0.01958000,0.01892000,0.01915000,63689400.70000000,1607385599999,1227608.53305200,4426,28260856.20000000,544758.15837700,0
