Open Time,Open,High,Low,Close,Volume,Close Time,Quote Asset Volume,Number of trades,Taker Buy Base Asset Volume,Taker Buy Quote Asset volume
1583539200000,0.02498000,0.02922000,0.02491000,0.02679000,986883714.80000000,1583625599999,26753798.84650200,57018,496990446.80000000,13475558.87322600,0
