Open Time,Open,High,Low,Close,Volume,Close Time,Quote Asset Volume,Number of trades,Taker Buy Base Asset Volume,Taker Buy Quote Asset volume
1601078400000,0.01915000,0.01938000,0.01828000,0.01883000,96681807.80000000,1601164799999,1831164.72684100,5615,45549766.40000000,863210.56589400,0
