Open Time,Open,High,Low,Close,Volume,Close Time,Quote Asset Volume,Number of trades,Taker Buy Base Asset Volume,Taker Buy Quote Asset volume
1603497600000,0.01704000,0.01774000,0.01680000,0.01767000,80069438.20000000,1603583999999,1386885.13072600,6925,40684704.70000000,705451.20637500,0
