Open Time,Open,High,Low,Close,Volume,Close Time,Quote Asset Volume,Number of trades,Taker Buy Base Asset Volume,Taker Buy Quote Asset volume
1591488000000,0.02065000,0.02076000,0.01952000,0.02031000,312933693.50000000,1591574399999,6315712.77171600,11983,151591569.30000000,3064838.64322600,0
