Open Time,Open,High,Low,Close,Volume,Close Time,Quote Asset Volume,Number of trades,Taker Buy Base Asset Volume,Taker Buy Quote Asset volume
1578700800000,0.01486000,0.01510000,0.01471000,0.01479000,178764052.80000000,1578787199999,2661535.45808300,8076,90973633.60000000,1356111.72194000,0
