Open Time,Open,High,Low,Close,Volume,Close Time,Quote Asset Volume,Number of trades,Taker Buy Base Asset Volume,Taker Buy Quote Asset volume
1607817600000,0.01788000,0.01843000,0.01783000,0.01817000,72571353.00000000,1607903999999,1320293.40581700,5977,36020516.30000000,655738.45495800,0
