Open Time,Open,High,Low,Close,Volume,Close Time,Quote Asset Volume,Number of trades,Taker Buy Base Asset Volume,Taker Buy Quote Asset volume
1601424000000,0.01964000,0.02038000,0.01901000,0.02014000,134536691.10000000,1601510399999,2646414.78804000,8421,63825782.00000000,1255749.99931900,0
