Open Time,Open,High,Low,Close,Volume,Close Time,Quote Asset Volume,Number of trades,Taker Buy Base Asset Volume,Taker Buy Quote Asset volume
1603152000000,0.01624000,0.01637000,0.01532000,0.01559000,118488495.40000000,1603238399999,1861585.73143400,6854,60269016.10000000,947856.59267900,0
