Open Time,Open,High,Low,Close,Volume,Close Time,Quote Asset Volume,Number of trades,Taker Buy Base Asset Volume,Taker Buy Quote Asset volume
1604620800000,0.01342000,0.01590000,0.01336000,0.01548000,434281102.00000000,1604707199999,6456236.40230400,23427,220816313.60000000,3279043.07036900,0
