Open Time,Open,High,Low,Close,Volume,Close Time,Quote Asset Volume,Number of trades,Taker Buy Base Asset Volume,Taker Buy Quote Asset volume
1606089600000,0.01913000,0.02200000,0.01880000,0.02113000,392494138.60000000,1606175999999,8170685.80043200,34308,205371265.50000000,4272544.65877100,0
