Open Time,Open,High,Low,Close,Volume,Close Time,Quote Asset Volume,Number of trades,Taker Buy Base Asset Volume,Taker Buy Quote Asset volume
1599091200000,0.02345000,0.02372000,0.01800000,0.01908000,361589222.20000000,1599177599999,7763137.83676200,26793,165882855.40000000,3571341.07317100,0
