Open Time,Open,High,Low,Close,Volume,Close Time,Quote Asset Volume,Number of trades,Taker Buy Base Asset Volume,Taker Buy Quote Asset volume
1595980800000,0.02047000,0.02098000,0.02007000,0.02034000,231435870.50000000,1596067199999,4723534.52366500,13329,105835919.10000000,2163290.77954800,0
