Open Time,Open,High,Low,Close,Volume,Close Time,Quote Asset Volume,Number of trades,Taker Buy Base Asset Volume,Taker Buy Quote Asset volume
1583280000000,0.02344000,0.02737000,0.02339000,0.02511000,1276187446.80000000,1583366399999,32249604.28189500,61101,625638211.50000000,15814349.82575200,0
