Open Time,Open,High,Low,Close,Volume,Close Time,Quote Asset Volume,Number of trades,Taker Buy Base Asset Volume,Taker Buy Quote Asset volume
1601510400000,0.02014000,0.02050000,0.01820000,0.01898000,254178905.80000000,1601596799999,4962603.89081500,14178,116254621.60000000,2270403.82043400,0
