Open Time,Open,High,Low,Close,Volume,Close Time,Quote Asset Volume,Number of trades,Taker Buy Base Asset Volume,Taker Buy Quote Asset volume
1588377600000,0.01585000,0.01721000,0.01575000,0.01691000,317889542.00000000,1588463999999,5208679.99568200,17670,167561975.40000000,2746690.80326900,0
