Open Time,Open,High,Low,Close,Volume,Close Time,Quote Asset Volume,Number of trades,Taker Buy Base Asset Volume,Taker Buy Quote Asset volume
1585094400000,0.01126000,0.01163000,0.01071000,0.01147000,354205387.70000000,1585180799999,3966065.98334000,15596,171245657.70000000,1920974.27893900,0
