Open Time,Open,High,Low,Close,Volume,Close Time,Quote Asset Volume,Number of trades,Taker Buy Base Asset Volume,Taker Buy Quote Asset volume
1600214400000,0.02042000,0.02046000,0.01880000,0.01981000,151845951.10000000,1600300799999,3003313.77633400,9521,75361455.20000000,1490726.90687500,0
