Open Time,Open,High,Low,Close,Volume,Close Time,Quote Asset Volume,Number of trades,Taker Buy Base Asset Volume,Taker Buy Quote Asset volume
1600473600000,0.02106000,0.02158000,0.02051000,0.02088000,133122121.90000000,1600559999999,2789993.68556600,8003,63107463.20000000,1323111.99616700,0
