Open Time,Open,High,Low,Close,Volume,Close Time,Quote Asset Volume,Number of trades,Taker Buy Base Asset Volume,Taker Buy Quote Asset volume
1581379200000,0.02157000,0.02292000,0.02081000,0.02290000,389524777.30000000,1581465599999,8468600.35671700,24858,200341142.40000000,4359173.31950800,0
