Open Time,Open,High,Low,Close,Volume,Close Time,Quote Asset Volume,Number of trades,Taker Buy Base Asset Volume,Taker Buy Quote Asset volume
1580342400000,0.01704000,0.01871000,0.01685000,0.01859000,528836868.50000000,1580428799999,9523585.09178300,21339,251446930.70000000,4528449.24904800,0
