Open Time,Open,High,Low,Close,Volume,Close Time,Quote Asset Volume,Number of trades,Taker Buy Base Asset Volume,Taker Buy Quote Asset volume
1595462400000,0.02123000,0.02160000,0.02100000,0.02110000,167518796.60000000,1595548799999,3555745.91234100,7890,71065043.40000000,1510074.53212500,0
