Open Time,Open,High,Low,Close,Volume,Close Time,Quote Asset Volume,Number of trades,Taker Buy Base Asset Volume,Taker Buy Quote Asset volume
1584230400000,0.00983000,0.01150000,0.00939000,0.00986000,568797501.00000000,1584316799999,5747520.35716200,23551,267451118.00000000,2702766.41078100,0
