Open Time,Open,High,Low,Close,Volume,Close Time,Quote Asset Volume,Number of trades,Taker Buy Base Asset Volume,Taker Buy Quote Asset volume
1602806400000,0.01717000,0.01717000,0.01597000,0.01622000,91864069.10000000,1602892799999,1509812.59709200,6135,42601230.50000000,699488.43375200,0
