Open Time,Open,High,Low,Close,Volume,Close Time,Quote Asset Volume,Number of trades,Taker Buy Base Asset Volume,Taker Buy Quote Asset volume
1599350400000,0.01792000,0.01911000,0.01709000,0.01868000,174804590.90000000,1599436799999,3182743.31032700,13692,86600737.80000000,1576665.55208700,0
