Open Time,Open,High,Low,Close,Volume,Close Time,Quote Asset Volume,Number of trades,Taker Buy Base Asset Volume,Taker Buy Quote Asset volume
1602720000000,0.01714000,0.01747000,0.01653000,0.01718000,74064902.30000000,1602806399999,1258935.21316900,5328,37206434.70000000,632809.83543700,0
