Open Time,Open,High,Low,Close,Volume,Close Time,Quote Asset Volume,Number of trades,Taker Buy Base Asset Volume,Taker Buy Quote Asset volume
1589328000000,0.01727000,0.02041000,0.01712000,0.02030000,906004405.50000000,1589414399999,16993467.20992300,35623,452387437.90000000,8490375.95464300,0
