Open Time,Open,High,Low,Close,Volume,Close Time,Quote Asset Volume,Number of trades,Taker Buy Base Asset Volume,Taker Buy Quote Asset volume
1590883200000,0.02413000,0.02491000,0.01953000,0.02048000,1227741822.10000000,1590969599999,27658432.32336600,77974,550523222.30000000,12454112.02429600,0
