Open Time,Open,High,Low,Close,Volume,Close Time,Quote Asset Volume,Number of trades,Taker Buy Base Asset Volume,Taker Buy Quote Asset volume
1608422400000,0.01989000,0.02013000,0.01871000,0.01918000,145723013.60000000,1608508799999,2853501.59134400,10883,69594433.40000000,1363238.08511300,0
