Open Time,Open,High,Low,Close,Volume,Close Time,Quote Asset Volume,Number of trades,Taker Buy Base Asset Volume,Taker Buy Quote Asset volume
1606867200000,0.01861000,0.01950000,0.01821000,0.01932000,104697094.90000000,1606953599999,1993176.54499200,10098,52397450.10000000,999985.93533000,0
