Open Time,Open,High,Low,Close,Volume,Close Time,Quote Asset Volume,Number of trades,Taker Buy Base Asset Volume,Taker Buy Quote Asset volume
1600041600000,0.01978000,0.02039000,0.01950000,0.02009000,121197785.80000000,1600127999999,2421312.30917100,7485,58499491.90000000,1169316.27547000,0
