Open Time,Open,High,Low,Close,Volume,Close Time,Quote Asset Volume,Number of trades,Taker Buy Base Asset Volume,Taker Buy Quote Asset volume
1597622400000,0.03013000,0.03200000,0.02772000,0.02874000,549737321.00000000,1597708799999,16359250.84177400,39799,255785059.00000000,7627424.03131800,0
