Open Time,Open,High,Low,Close,Volume,Close Time,Quote Asset Volume,Number of trades,Taker Buy Base Asset Volume,Taker Buy Quote Asset volume
1608076800000,0.01945000,0.01986000,0.01872000,0.01950000,193156092.70000000,1608163199999,3743993.50959400,13640,85302412.60000000,1656429.51727900,0
