Open Time,Open,High,Low,Close,Volume,Close Time,Quote Asset Volume,Number of trades,Taker Buy Base Asset Volume,Taker Buy Quote Asset volume
1591056000000,0.02178000,0.02254000,0.01970000,0.02081000,747702529.90000000,1591142399999,15996351.98879600,46969,364235312.30000000,7802443.77154600,0
