Open Time,Open,High,Low,Close,Volume,Close Time,Quote Asset Volume,Number of trades,Taker Buy Base Asset Volume,Taker Buy Quote Asset volume
1597104000000,0.02452000,0.02625000,0.02190000,0.02303000,757209302.60000000,1597190399999,18304840.42893500,44869,358607620.90000000,8698719.01767900,0
