Open Time,Open,High,Low,Close,Volume,Close Time,Quote Asset Volume,Number of trades,Taker Buy Base Asset Volume,Taker Buy Quote Asset volume
1606953600000,0.01931000,0.02098000,0.01900000,0.02078000,200834235.90000000,1607039999999,4033365.11515000,15256,106812890.60000000,2150637.60404100,0
