Open Time,Open,High,Low,Close,Volume,Close Time,Quote Asset Volume,Number of trades,Taker Buy Base Asset Volume,Taker Buy Quote Asset volume
1595376000000,0.02127000,0.02170000,0.02092000,0.02122000,208972028.00000000,1595462399999,4440303.94196600,10363,100637121.10000000,2140241.41137100,0
