Open Time,Open,High,Low,Close,Volume,Close Time,Quote Asset Volume,Number of trades,Taker Buy Base Asset Volume,Taker Buy Quote Asset volume
1578096000000,0.01513000,0.01549000,0.01473000,0.01484000,230291045.90000000,1578182399999,3475453.31344300,10170,105168088.40000000,1589870.56996900,0
