Open Time,Open,High,Low,Close,Volume,Close Time,Quote Asset Volume,Number of trades,Taker Buy Base Asset Volume,Taker Buy Quote Asset volume
1581984000000,0.02010000,0.02196000,0.01966000,0.02151000,396611373.30000000,1582070399999,8232985.19061400,23371,195485357.70000000,4059970.93001700,0
