Open Time,Open,High,Low,Close,Volume,Close Time,Quote Asset Volume,Number of trades,Taker Buy Base Asset Volume,Taker Buy Quote Asset volume
1600128000000,0.02009000,0.02170000,0.02002000,0.02045000,252149993.50000000,1600214399999,5261400.11148300,17308,123173781.50000000,2569037.35752100,0
