Open Time,Open,High,Low,Close,Volume,Close Time,Quote Asset Volume,Number of trades,Taker Buy Base Asset Volume,Taker Buy Quote Asset volume
1606521600000,0.01769000,0.01899000,0.01716000,0.01872000,120310834.00000000,1606607999999,2190147.39770900,9423,60960695.10000000,1111701.87847700,0
