Open Time,Open,High,Low,Close,Volume,Close Time,Quote Asset Volume,Number of trades,Taker Buy Base Asset Volume,Taker Buy Quote Asset volume
1601164800000,0.01883000,0.01918000,0.01803000,0.01875000,124269330.90000000,1601251199999,2298359.24365800,6692,58112709.40000000,1074572.56092300,0
