Open Time,Open,High,Low,Close,Volume,Close Time,Quote Asset Volume,Number of trades,Taker Buy Base Asset Volume,Taker Buy Quote Asset volume
1582761600000,0.01842000,0.01990000,0.01746000,0.01962000,436872082.70000000,1582847999999,8206399.78231200,20130,206119452.10000000,3876652.55063400,0
