Open Time,Open,High,Low,Close,Volume,Close Time,Quote Asset Volume,Number of trades,Taker Buy Base Asset Volume,Taker Buy Quote Asset volume
1601337600000,0.01889000,0.02006000,0.01849000,0.01962000,172942025.10000000,1601423999999,3337343.89880900,10369,83142571.80000000,1602511.16185600,0
