Open Time,Open,High,Low,Close,Volume,Close Time,Quote Asset Volume,Number of trades,Taker Buy Base Asset Volume,Taker Buy Quote Asset volume
1580515200000,0.01790000,0.01842000,0.01780000,0.01829000,138733238.40000000,1580601599999,2521067.72465000,7129,63585900.20000000,1156251.26067400,0
