Open Time,Open,High,Low,Close,Volume,Close Time,Quote Asset Volume,Number of trades,Taker Buy Base Asset Volume,Taker Buy Quote Asset volume
1594684800000,0.02237000,0.02258000,0.02103000,0.02238000,349608220.90000000,1594771199999,7660826.29338300,19166,158276122.70000000,3470359.92344000,0
