Open Time,Open,High,Low,Close,Volume,Close Time,Quote Asset Volume,Number of trades,Taker Buy Base Asset Volume,Taker Buy Quote Asset volume
1580774400000,0.02199000,0.02266000,0.02020000,0.02098000,877010051.40000000,1580860799999,18681149.61793400,32988,386622832.70000000,8228477.70910800,0
