Open Time,Open,High,Low,Close,Volume,Close Time,Quote Asset Volume,Number of trades,Taker Buy Base Asset Volume,Taker Buy Quote Asset volume
1594598400000,0.02120000,0.02385000,0.02109000,0.02235000,609404804.40000000,1594684799999,13774520.92719200,34219,316079028.10000000,7145078.03163700,0
