Open Time,Open,High,Low,Close,Volume,Close Time,Quote Asset Volume,Number of trades,Taker Buy Base Asset Volume,Taker Buy Quote Asset volume
1582675200000,0.01903000,0.01947000,0.01676000,0.01841000,473199920.00000000,1582761599999,8546603.92815300,22008,221641051.20000000,3996294.28253600,0
