Open Time,Open,High,Low,Close,Volume,Close Time,Quote Asset Volume,Number of trades,Taker Buy Base Asset Volume,Taker Buy Quote Asset volume
1599523200000,0.01883000,0.01910000,0.01756000,0.01821000,119678364.90000000,1599609599999,2179039.12846200,8060,56914933.00000000,1038213.60489100,0
