Open Time,Open,High,Low,Close,Volume,Close Time,Quote Asset Volume,Number of trades,Taker Buy Base Asset Volume,Taker Buy Quote Asset volume
1585699200000,0.01099000,0.01140000,0.01049000,0.01122000,406047767.20000000,1585785599999,4461734.69520900,13681,194227090.60000000,2135897.70723500,0
