Open Time,Open,High,Low,Close,Volume,Close Time,Quote Asset Volume,Number of trades,Taker Buy Base Asset Volume,Taker Buy Quote Asset volume
1582848000000,0.01964000,0.02043000,0.01786000,0.02020000,455674502.30000000,1582934399999,8694169.82467300,21483,221912899.60000000,4237489.77284500,0
