Open Time,Open,High,Low,Close,Volume,Close Time,Quote Asset Volume,Number of trades,Taker Buy Base Asset Volume,Taker Buy Quote Asset volume
1583366400000,0.02511000,0.02796000,0.02495000,0.02639000,899694395.60000000,1583452799999,23807722.85759600,49356,439555023.70000000,11637036.31957700,0
