Open Time,Open,High,Low,Close,Volume,Close Time,Quote Asset Volume,Number of trades,Taker Buy Base Asset Volume,Taker Buy Quote Asset volume
1580169600000,0.01690000,0.01735000,0.01649000,0.01714000,292710824.50000000,1580255999999,4956032.93874500,12828,129981746.90000000,2200766.01597600,0
