Open Time,Open,High,Low,Close,Volume,Close Time,Quote Asset Volume,Number of trades,Taker Buy Base Asset Volume,Taker Buy Quote Asset volume
1580428800000,0.01859000,0.01885000,0.01769000,0.01795000,309411929.00000000,1580515199999,5657259.89269500,13885,147058633.80000000,2691408.04348400,0
