Open Time,Open,High,Low,Close,Volume,Close Time,Quote Asset Volume,Number of trades,Taker Buy Base Asset Volume,Taker Buy Quote Asset volume
1603238400000,0.01559000,0.01681000,0.01553000,0.01633000,148083204.90000000,1603324799999,2416132.09103300,9548,77653958.40000000,1267279.16027300,0
