Open Time,Open,High,Low,Close,Volume,Close Time,Quote Asset Volume,Number of trades,Taker Buy Base Asset Volume,Taker Buy Quote Asset volume
1584921600000,0.01005000,0.01152000,0.00981000,0.01114000,458237815.90000000,1585007999999,4911594.04187400,19503,220741651.40000000,2367926.79796400,0
