Open Time,Open,High,Low,Close,Volume,Close Time,Quote Asset Volume,Number of trades,Taker Buy Base Asset Volume,Taker Buy Quote Asset volume
1581897600000,0.02009000,0.02022000,0.01876000,0.02009000,407746218.30000000,1581983999999,7962472.86360400,23480,201289359.40000000,3932765.13483500,0
