Open Time,Open,High,Low,Close,Volume,Close Time,Quote Asset Volume,Number of trades,Taker Buy Base Asset Volume,Taker Buy Quote Asset volume
1585526400000,0.01001000,0.01113000,0.01001000,0.01068000,288831345.20000000,1585612799999,3100606.74753600,10716,148229063.20000000,1590828.64374100,0
