Open Time,Open,High,Low,Close,Volume,Close Time,Quote Asset Volume,Number of trades,Taker Buy Base Asset Volume,Taker Buy Quote Asset volume
1578182400000,0.01482000,0.01516000,0.01464000,0.01483000,185917300.10000000,1578268799999,2779375.44260900,8522,74006013.90000000,1107409.76682100,0
