Open Time,Open,High,Low,Close,Volume,Close Time,Quote Asset Volume,Number of trades,Taker Buy Base Asset Volume,Taker Buy Quote Asset volume
1608336000000,0.02056000,0.02083000,0.01967000,0.01990000,190882341.20000000,1608422399999,3885516.40809700,14713,94020666.40000000,1914366.39418700,0
