Open Time,Open,High,Low,Close,Volume,Close Time,Quote Asset Volume,Number of trades,Taker Buy Base Asset Volume,Taker Buy Quote Asset volume
1586304000000,0.01293000,0.01392000,0.01275000,0.01373000,579952971.20000000,1586390399999,7736328.43494600,22357,290236434.40000000,3878192.56722300,0
