Open Time,Open,High,Low,Close,Volume,Close Time,Quote Asset Volume,Number of trades,Taker Buy Base Asset Volume,Taker Buy Quote Asset volume
1589414400000,0.02031000,0.02164000,0.01931000,0.02014000,1092428972.80000000,1589500799999,22499872.02734600,45216,477997228.50000000,9847054.43944700,0
