Open Time,Open,High,Low,Close,Volume,Close Time,Quote Asset Volume,Number of trades,Taker Buy Base Asset Volume,Taker Buy Quote Asset volume
1590105600000,0.01926000,0.02104000,0.01890000,0.02039000,441542448.10000000,1590191999999,8919325.24727700,16984,209367671.10000000,4232121.27993100,0
