Open Time,Open,High,Low,Close,Volume,Close Time,Quote Asset Volume,Number of trades,Taker Buy Base Asset Volume,Taker Buy Quote Asset volume
1605830400000,0.01724000,0.01839000,0.01716000,0.01791000,207133610.70000000,1605916799999,3705365.89148700,14246,100140616.20000000,1792209.19933300,0
