Open Time,Open,High,Low,Close,Volume,Close Time,Quote Asset Volume,Number of trades,Taker Buy Base Asset Volume,Taker Buy Quote Asset volume
1584316800000,0.00986000,0.00986000,0.00674000,0.00813000,1111508586.60000000,1584403199999,8883995.67976400,43304,528280996.20000000,4211015.44979100,0
