Open Time,Open,High,Low,Close,Volume,Close Time,Quote Asset Volume,Number of trades,Taker Buy Base Asset Volume,Taker Buy Quote Asset volume
1609372800000,0.01808000,0.01809000,0.01685000,0.01758000,151281694.00000000,1609459199999,2640940.97921600,12126,76156972.50000000,1330243.88426300,0
