Open Time,Open,High,Low,Close,Volume,Close Time,Quote Asset Volume,Number of trades,Taker Buy Base Asset Volume,Taker Buy Quote Asset volume
1589068800000,0.01722000,0.01725000,0.01353000,0.01533000,833850313.20000000,1589155199999,12634147.14228500,34254,365490959.10000000,5532477.33537200,0
