Open Time,Open,High,Low,Close,Volume,Close Time,Quote Asset Volume,Number of trades,Taker Buy Base Asset Volume,Taker Buy Quote Asset volume
1604361600000,0.01369000,0.01374000,0.01255000,0.01273000,184271596.50000000,1604447999999,2382758.64387600,9617,83530965.80000000,1081609.50037000,0
