Open Time,Open,High,Low,Close,Volume,Close Time,Quote Asset Volume,Number of trades,Taker Buy Base Asset Volume,Taker Buy Quote Asset volume
1602460800000,0.01780000,0.01890000,0.01768000,0.01785000,140536795.60000000,1602547199999,2545664.79258100,9520,69327562.80000000,1257270.74221000,0
