Open Time,Open,High,Low,Close,Volume,Close Time,Quote Asset Volume,Number of trades,Taker Buy Base Asset Volume,Taker Buy Quote Asset volume
1577923200000,0.01498000,0.01578000,0.01428000,0.01467000,633705645.20000000,1578009599999,9583535.68849100,23478,308291687.10000000,4669770.19298400,0
