Open Time,Open,High,Low,Close,Volume,Close Time,Quote Asset Volume,Number of trades,Taker Buy Base Asset Volume,Taker Buy Quote Asset volume
1589846400000,0.02065000,0.02297000,0.02017000,0.02226000,681899073.70000000,1589932799999,14958395.84865400,30659,322749145.30000000,7070641.58480600,0
