Open Time,Open,High,Low,Close,Volume,Close Time,Quote Asset Volume,Number of trades,Taker Buy Base Asset Volume,Taker Buy Quote Asset volume
1582588800000,0.02075000,0.02083000,0.01868000,0.01907000,447437214.50000000,1582675199999,8794691.54138100,21875,202827821.50000000,3983377.54953800,0
