Open Time,Open,High,Low,Close,Volume,Close Time,Quote Asset Volume,Number of trades,Taker Buy Base Asset Volume,Taker Buy Quote Asset volume
1584835200000,0.01119000,0.01167000,0.00983000,0.01005000,482278540.10000000,1584921599999,5178007.64180000,21913,225297324.00000000,2427728.75167300,0
