Open Time,Open,High,Low,Close,Volume,Close Time,Quote Asset Volume,Number of trades,Taker Buy Base Asset Volume,Taker Buy Quote Asset volume
1590019200000,0.02082000,0.02098000,0.01820000,0.01919000,723993570.70000000,1590105599999,14267718.99565300,27374,306249200.10000000,6043233.48209500,0
