Open Time,Open,High,Low,Close,Volume,Close Time,Quote Asset Volume,Number of trades,Taker Buy Base Asset Volume,Taker Buy Quote Asset volume
1605571200000,0.01664000,0.01823000,0.01658000,0.01766000,290923790.50000000,1605657599999,5149736.64230300,24501,149651657.30000000,2648290.49236900,0
