Open Time,Open,High,Low,Close,Volume,Close Time,Quote Asset Volume,Number of trades,Taker Buy Base Asset Volume,Taker Buy Quote Asset volume
1594944000000,0.02089000,0.02183000,0.02067000,0.02114000,207724935.30000000,1595030399999,4432749.22343500,10058,94877433.20000000,2025705.72359300,0
