Open Time,Open,High,Low,Close,Volume,Close Time,Quote Asset Volume,Number of trades,Taker Buy Base Asset Volume,Taker Buy Quote Asset volume
1590364800000,0.01924000,0.02163000,0.01905000,0.02132000,457281327.30000000,1590451199999,9349417.07254300,23577,225653655.90000000,4620057.47705900,0
