Open Time,Open,High,Low,Close,Volume,Close Time,Quote Asset Volume,Number of trades,Taker Buy Base Asset Volume,Taker Buy Quote Asset volume
1588809600000,0.01706000,0.01788000,0.01671000,0.01740000,405555320.10000000,1588895999999,7011734.13967500,21911,184173962.50000000,3191504.72993600,0
