Open Time,Open,High,Low,Close,Volume,Close Time,Quote Asset Volume,Number of trades,Taker Buy Base Asset Volume,Taker Buy Quote Asset volume
1585008000000,0.01117000,0.01193000,0.01078000,0.01126000,494571328.50000000,1585094399999,5590032.01324000,20349,245614527.30000000,2779453.05628500,0
