Open Time,Open,High,Low,Close,Volume,Close Time,Quote Asset Volume,Number of trades,Taker Buy Base Asset Volume,Taker Buy Quote Asset volume
1581206400000,0.02121000,0.02230000,0.02070000,0.02197000,513940247.70000000,1581292799999,11100598.76987600,30514,247086106.00000000,5343164.62411300,0
