Open Time,Open,High,Low,Close,Volume,Close Time,Quote Asset Volume,Number of trades,Taker Buy Base Asset Volume,Taker Buy Quote Asset volume
1584144000000,0.01082000,0.01137000,0.00952000,0.00983000,488809312.80000000,1584230399999,5142316.72296300,26576,223066578.30000000,2348068.25184200,0
