Open Time,Open,High,Low,Close,Volume,Close Time,Quote Asset Volume,Number of trades,Taker Buy Base Asset Volume,Taker Buy Quote Asset volume
1588291200000,0.01541000,0.01636000,0.01540000,0.01585000,244563885.90000000,1588377599999,3911127.19743700,15053,112460820.20000000,1799425.73187400,0
