Open Time,Open,High,Low,Close,Volume,Close Time,Quote Asset Volume,Number of trades,Taker Buy Base Asset Volume,Taker Buy Quote Asset volume
1602979200000,0.01671000,0.01705000,0.01646000,0.01688000,52315466.00000000,1603065599999,876253.60096600,2949,25575205.60000000,428191.12575200,0
