Open Time,Open,High,Low,Close,Volume,Close Time,Quote Asset Volume,Number of trades,Taker Buy Base Asset Volume,Taker Buy Quote Asset volume
1587859200000,0.01504000,0.01610000,0.01495000,0.01563000,384349987.30000000,1587945599999,5944080.22584600,20036,193778075.00000000,2997752.54369100,0
