Open Time,Open,High,Low,Close,Volume,Close Time,Quote Asset Volume,Number of trades,Taker Buy Base Asset Volume,Taker Buy Quote Asset volume
1593907200000,0.01954000,0.01966000,0.01863000,0.01908000,159233813.80000000,1593993599999,3045621.21460700,8493,72323301.20000000,1385708.81097200,0
