Open Time,Open,High,Low,Close,Volume,Close Time,Quote Asset Volume,Number of trades,Taker Buy Base Asset Volume,Taker Buy Quote Asset volume
1586736000000,0.01219000,0.01225000,0.01150000,0.01199000,358807189.10000000,1586822399999,4256197.42157500,15012,170014213.90000000,2018224.10568200,0
