Open Time,Open,High,Low,Close,Volume,Close Time,Quote Asset Volume,Number of trades,Taker Buy Base Asset Volume,Taker Buy Quote Asset volume
1592697600000,0.02260000,0.02300000,0.02122000,0.02137000,454445118.70000000,1592783999999,10134777.10285700,20779,220491314.30000000,4920471.37795700,0
