Open Time,Open,High,Low,Close,Volume,Close Time,Quote Asset Volume,Number of trades,Taker Buy Base Asset Volume,Taker Buy Quote Asset volume
1586131200000,0.01140000,0.01359000,0.01140000,0.01351000,973640935.70000000,1586217599999,12254982.90351500,26148,487932939.80000000,6126461.73768700,0
