Open Time,Open,High,Low,Close,Volume,Close Time,Quote Asset Volume,Number of trades,Taker Buy Base Asset Volume,Taker Buy Quote Asset volume
1600560000000,0.02088000,0.02262000,0.02035000,0.02188000,243664428.50000000,1600646399999,5269803.76187300,16203,114660700.80000000,2480362.36900100,0
