Open Time,Open,High,Low,Close,Volume,Close Time,Quote Asset Volume,Number of trades,Taker Buy Base Asset Volume,Taker Buy Quote Asset volume
1594166400000,0.02010000,0.02184000,0.01988000,0.02164000,389290494.90000000,1594252799999,8128310.91180000,20045,201069006.70000000,4197608.31017900,0
