Open Time,Open,High,Low,Close,Volume,Close Time,Quote Asset Volume,Number of trades,Taker Buy Base Asset Volume,Taker Buy Quote Asset volume
1605052800000,0.01727000,0.01782000,0.01650000,0.01654000,171938335.90000000,1605139199999,2945561.61402800,11503,76364354.20000000,1311381.56061800,0
