Open Time,Open,High,Low,Close,Volume,Close Time,Quote Asset Volume,Number of trades,Taker Buy Base Asset Volume,Taker Buy Quote Asset volume
1600819200000,0.01962000,0.01982000,0.01740000,0.01769000,145051539.90000000,1600905599999,2714262.26398900,9691,54644331.40000000,1025160.16669600,0
