Open Time,Open,High,Low,Close,Volume,Close Time,Quote Asset Volume,Number of trades,Taker Buy Base Asset Volume,Taker Buy Quote Asset volume
1580688000000,0.01903000,0.02250000,0.01886000,0.02199000,980888883.30000000,1580774399999,20416791.27699700,34336,459294432.30000000,9555985.65449500,0
