Open Time,Open,High,Low,Close,Volume,Close Time,Quote Asset Volume,Number of trades,Taker Buy Base Asset Volume,Taker Buy Quote Asset volume
1593475200000,0.01964000,0.01975000,0.01878000,0.01895000,132552405.90000000,1593561599999,2563916.15149300,6068,61078369.80000000,1182840.14689000,0
