Open Time,Open,High,Low,Close,Volume,Close Time,Quote Asset Volume,Number of trades,Taker Buy Base Asset Volume,Taker Buy Quote Asset volume
1603670400000,0.01727000,0.01774000,0.01609000,0.01652000,155351572.30000000,1603756799999,2612439.28676000,10187,72015116.90000000,1209810.39150800,0
