Open Time,Open,High,Low,Close,Volume,Close Time,Quote Asset Volume,Number of trades,Taker Buy Base Asset Volume,Taker Buy Quote Asset volume
1604188800000,0.01371000,0.01433000,0.01355000,0.01414000,81436167.30000000,1604275199999,1139064.59581600,5884,39308880.90000000,550103.87611200,0
