Open Time,Open,High,Low,Close,Volume,Close Time,Quote Asset Volume,Number of trades,Taker Buy Base Asset Volume,Taker Buy Quote Asset volume
1583020800000,0.02015000,0.02108000,0.01874000,0.01935000,419621195.60000000,1583107199999,8343115.90512600,22074,201226560.60000000,4000814.07153200,0
