Open Time,Open,High,Low,Close,Volume,Close Time,Quote Asset Volume,Number of trades,Taker Buy Base Asset Volume,Taker Buy Quote Asset volume
1598659200000,0.02688000,0.02865000,0.02650000,0.02753000,258086426.90000000,1598745599999,7080048.38662100,18600,130034591.60000000,3569650.37832500,0
