Open Time,Open,High,Low,Close,Volume,Close Time,Quote Asset Volume,Number of trades,Taker Buy Base Asset Volume,Taker Buy Quote Asset volume
1582243200000,0.02068000,0.02190000,0.02028000,0.02074000,323094839.50000000,1582329599999,6842756.72845000,25509,161882381.60000000,3433039.23712100,0
