Open Time,Open,High,Low,Close,Volume,Close Time,Quote Asset Volume,Number of trades,Taker Buy Base Asset Volume,Taker Buy Quote Asset volume
1609200000000,0.01885000,0.01912000,0.01775000,0.01845000,156872095.80000000,1609286399999,2871227.44910700,15368,74050867.60000000,1355885.08146800,0
