Open Time,Open,High,Low,Close,Volume,Close Time,Quote Asset Volume,Number of trades,Taker Buy Base Asset Volume,Taker Buy Quote Asset volume
1587686400000,0.01431000,0.01576000,0.01429000,0.01468000,658211884.80000000,1587772799999,9899520.26924000,34148,310898948.60000000,4674738.12003200,0
