Open Time,Open,High,Low,Close,Volume,Close Time,Quote Asset Volume,Number of trades,Taker Buy Base Asset Volume,Taker Buy Quote Asset volume
1589587200000,0.01920000,0.02095000,0.01860000,0.01998000,564466821.40000000,1589673599999,11127475.52140000,25199,279336430.80000000,5510913.24642000,0
