Open Time,Open,High,Low,Close,Volume,Close Time,Quote Asset Volume,Number of trades,Taker Buy Base Asset Volume,Taker Buy Quote Asset volume
1582156800000,0.01994000,0.02073000,0.01905000,0.02071000,231860140.10000000,1582243199999,4594318.48812000,14840,116021857.60000000,2301754.48849600,0
