Open Time,Open,High,Low,Close,Volume,Close Time,Quote Asset Volume,Number of trades,Taker Buy Base Asset Volume,Taker Buy Quote Asset volume
1586476800000,0.01349000,0.01351000,0.01146000,0.01200000,573374715.30000000,1586563199999,7051164.26577900,23927,250613578.50000000,3081123.18700500,0
