Open Time,Open,High,Low,Close,Volume,Close Time,Quote Asset Volume,Number of trades,Taker Buy Base Asset Volume,Taker Buy Quote Asset volume
1596412800000,0.02005000,0.02093000,0.01990000,0.02043000,168916459.60000000,1596499199999,3463701.24293800,8142,82969412.00000000,1702136.08847400,0
