Open Time,Open,High,Low,Close,Volume,Close Time,Quote Asset Volume,Number of trades,Taker Buy Base Asset Volume,Taker Buy Quote Asset volume
1579651200000,0.01715000,0.01724000,0.01672000,0.01708000,172091173.60000000,1579737599999,2926145.71299000,7956,78458822.00000000,1333409.47460300,0
