Open Time,Open,High,Low,Close,Volume,Close Time,Quote Asset Volume,Number of trades,Taker Buy Base Asset Volume,Taker Buy Quote Asset volume
1584576000000,0.00913000,0.01187000,0.00896000,0.01121000,1066368718.00000000,1584662399999,11010730.00721900,44642,531719058.90000000,5492741.95722400,0
