Open Time,Open,High,Low,Close,Volume,Close Time,Quote Asset Volume,Number of trades,Taker Buy Base Asset Volume,Taker Buy Quote Asset volume
1589932800000,0.02227000,0.02242000,0.01950000,0.02084000,657775245.70000000,1590019199999,13935977.69907900,25947,308320790.70000000,6535094.14231700,0
