Open Time,Open,High,Low,Close,Volume,Close Time,Quote Asset Volume,Number of trades,Taker Buy Base Asset Volume,Taker Buy Quote Asset volume
1599868800000,0.02106000,0.02124000,0.02053000,0.02098000,109458906.10000000,1599955199999,2287389.86589900,7405,52232664.80000000,1092744.73228200,0
