Open Time,Open,High,Low,Close,Volume,Close Time,Quote Asset Volume,Number of trades,Taker Buy Base Asset Volume,Taker Buy Quote Asset volume
1586908800000,0.01210000,0.01227000,0.01159000,0.01164000,160419299.10000000,1586995199999,1914324.65829100,7348,68625778.20000000,820605.90823600,0
