Open Time,Open,High,Low,Close,Volume,Close Time,Quote Asset Volume,Number of trades,Taker Buy Base Asset Volume,Taker Buy Quote Asset volume
1591920000000,0.01965000,0.02057000,0.01950000,0.02047000,201256801.90000000,1592006399999,4059760.33161900,13929,95449376.90000000,1926720.85895400,0
