Open Time,Open,High,Low,Close,Volume,Close Time,Quote Asset Volume,Number of trades,Taker Buy Base Asset Volume,Taker Buy Quote Asset volume
1598918400000,0.02659000,0.02695000,0.02528000,0.02548000,244409079.50000000,1599004799999,6376471.48686500,15853,116031048.70000000,3030941.38028700,0
