Open Time,Open,High,Low,Close,Volume,Close Time,Quote Asset Volume,Number of trades,Taker Buy Base Asset Volume,Taker Buy Quote Asset volume
1602547200000,0.01782000,0.01796000,0.01737000,0.01768000,93756704.20000000,1602633599999,1661793.33751700,4967,49025626.80000000,869425.42277800,0
