Open Time,Open,High,Low,Close,Volume,Close Time,Quote Asset Volume,Number of trades,Taker Buy Base Asset Volume,Taker Buy Quote Asset volume
1578614400000,0.01459000,0.01497000,0.01423000,0.01486000,211672984.30000000,1578700799999,3090979.99358500,10637,107982555.60000000,1578573.67107700,0
