Open Time,Open,High,Low,Close,Volume,Close Time,Quote Asset Volume,Number of trades,Taker Buy Base Asset Volume,Taker Buy Quote Asset volume
1588464000000,0.01694000,0.01806000,0.01648000,0.01711000,550034677.50000000,1588550399999,9491600.38224100,29977,260340113.10000000,4497132.70600400,0
