Open Time,Open,High,Low,Close,Volume,Close Time,Quote Asset Volume,Number of trades,Taker Buy Base Asset Volume,Taker Buy Quote Asset volume
1597795200000,0.02680000,0.02737000,0.02370000,0.02479000,520059072.10000000,1597881599999,13295449.35533600,30182,241384584.90000000,6175194.59489500,0
