Open Time,Open,High,Low,Close,Volume,Close Time,Quote Asset Volume,Number of trades,Taker Buy Base Asset Volume,Taker Buy Quote Asset volume
1583884800000,0.02060000,0.02149000,0.01723000,0.01899000,1133107149.10000000,1583971199999,22045849.06834400,47400,524707658.20000000,10216813.65461100,0
