Open Time,Open,High,Low,Close,Volume,Close Time,Quote Asset Volume,Number of trades,Taker Buy Base Asset Volume,Taker Buy Quote Asset volume
1608249600000,0.01896000,0.02080000,0.01864000,0.02055000,213542460.20000000,1608335999999,4261298.39222200,16147,106403429.70000000,2120827.66009700,0
