Open Time,Open,High,Low,Close,Volume,Close Time,Quote Asset Volume,Number of trades,Taker Buy Base Asset Volume,Taker Buy Quote Asset volume
1584057600000,0.00935000,0.01208000,0.00632000,0.01087000,1501085364.50000000,1584143999999,14713386.55965500,60425,751021047.40000000,7399275.91308600,0
