Open Time,Open,High,Low,Close,Volume,Close Time,Quote Asset Volume,Number of trades,Taker Buy Base Asset Volume,Taker Buy Quote Asset volume
1588896000000,0.01740000,0.01851000,0.01707000,0.01790000,361056114.30000000,1588982399999,6425492.88436100,20630,179428199.80000000,3194607.90941500,0
