Open Time,Open,High,Low,Close,Volume,Close Time,Quote Asset Volume,Number of trades,Taker Buy Base Asset Volume,Taker Buy Quote Asset volume
1603929600000,0.01503000,0.01539000,0.01364000,0.01383000,185857309.10000000,1604015999999,2710407.18364900,10435,84246052.10000000,1231185.11464100,0
