Open Time,Open,High,Low,Close,Volume,Close Time,Quote Asset Volume,Number of trades,Taker Buy Base Asset Volume,Taker Buy Quote Asset volume
1600646400000,0.02188000,0.02350000,0.01831000,0.01881000,614180124.60000000,1600732799999,12936649.57402700,35973,294649943.10000000,6218801.66047800,0
