Open Time,Open,High,Low,Close,Volume,Close Time,Quote Asset Volume,Number of trades,Taker Buy Base Asset Volume,Taker Buy Quote Asset volume
1591833600000,0.02128000,0.02196000,0.01925000,0.01962000,452116049.00000000,1591919999999,9363814.71394700,30241,211651632.60000000,4383838.75693000,0
