Open Time,Open,High,Low,Close,Volume,Close Time,Quote Asset Volume,Number of trades,Taker Buy Base Asset Volume,Taker Buy Quote Asset volume
1598227200000,0.02531000,0.02839000,0.02491000,0.02794000,332898380.70000000,1598313599999,9026059.89951000,23635,168287354.10000000,4559756.77536100,0
