Open Time,Open,High,Low,Close,Volume,Close Time,Quote Asset Volume,Number of trades,Taker Buy Base Asset Volume,Taker Buy Quote Asset volume
1607731200000,0.01744000,0.01810000,0.01736000,0.01785000,74414909.90000000,1607817599999,1325440.52341600,5755,37432036.40000000,667421.01870100,0
