Open Time,Open,High,Low,Close,Volume,Close Time,Quote Asset Volume,Number of trades,Taker Buy Base Asset Volume,Taker Buy Quote Asset volume
1595203200000,0.02127000,0.02289000,0.02100000,0.02160000,457884394.40000000,1595289599999,10098658.86728300,23913,226822409.40000000,5002380.10262900,0
