Open Time,Open,High,Low,Close,Volume,Close Time,Quote Asset Volume,Number of trades,Taker Buy Base Asset Volume,Taker Buy Quote Asset volume
1588032000000,0.01543000,0.01580000,0.01494000,0.01571000,240524707.50000000,1588118399999,3687251.52717100,14189,125432680.50000000,1924291.58712800,0
