Open Time,Open,High,Low,Close,Volume,Close Time,Quote Asset Volume,Number of trades,Taker Buy Base Asset Volume,Taker Buy Quote Asset volume
1589673600000,0.01998000,0.02092000,0.01990000,0.02025000,300632626.10000000,1589759999999,6152287.66718800,16625,144719022.50000000,2961982.87639000,0
