Open Time,Open,High,Low,Close,Volume,Close Time,Quote Asset Volume,Number of trades,Taker Buy Base Asset Volume,Taker Buy Quote Asset volume
1587168000000,0.01272000,0.01352000,0.01266000,0.01338000,242036306.20000000,1587254399999,3179639.73949600,10664,120625149.80000000,1585855.84469200,0
