Open Time,Open,High,Low,Close,Volume,Close Time,Quote Asset Volume,Number of trades,Taker Buy Base Asset Volume,Taker Buy Quote Asset volume
1600992000000,0.01895000,0.01955000,0.01801000,0.01912000,111855055.40000000,1601078399999,2106742.92272200,7302,52960169.90000000,998671.78304300,0
