Open Time,Open,High,Low,Close,Volume,Close Time,Quote Asset Volume,Number of trades,Taker Buy Base Asset Volume,Taker Buy Quote Asset volume
1590710400000,0.02519000,0.02695000,0.02476000,0.02588000,605050160.00000000,1590796799999,15650095.06992800,45176,297355504.50000000,7696329.01354600,0
