Open Time,Open,High,Low,Close,Volume,Close Time,Quote Asset Volume,Number of trades,Taker Buy Base Asset Volume,Taker Buy Quote Asset volume
1588204800000,0.01644000,0.01663000,0.01513000,0.01543000,582148930.20000000,1588291199999,9337027.24431100,28594,259997827.90000000,4171387.27878800,0
