Open Time,Open,High,Low,Close,Volume,Close Time,Quote Asset Volume,Number of trades,Taker Buy Base Asset Volume,Taker Buy Quote Asset volume
1582934400000,0.02020000,0.02120000,0.01981000,0.02015000,384070131.00000000,1583020799999,7876055.61772000,18595,197872495.20000000,4057259.15268600,0
