Open Time,Open,High,Low,Close,Volume,Close Time,Quote Asset Volume,Number of trades,Taker Buy Base Asset Volume,Taker Buy Quote Asset volume
1585785600000,0.01123000,0.01218000,0.01115000,0.01153000,481322653.30000000,1585871999999,5587150.54847800,18827,234222125.90000000,2721944.61551400,0
