Open Time,Open,High,Low,Close,Volume,Close Time,Quote Asset Volume,Number of trades,Taker Buy Base Asset Volume,Taker Buy Quote Asset volume
1584403200000,0.00815000,0.00988000,0.00797000,0.00921000,757899922.60000000,1584489599999,6895293.65711200,35217,367854871.10000000,3349091.14770100,0
