Open Time,Open,High,Low,Close,Volume,Close Time,Quote Asset Volume,Number of trades,Taker Buy Base Asset Volume,Taker Buy Quote Asset volume
1596931200000,0.02287000,0.02378000,0.02225000,0.02268000,414812921.80000000,1597017599999,9527653.71974900,20408,206468073.30000000,4743335.18080000,0
