Open Time,Open,High,Low,Close,Volume,Close Time,Quote Asset Volume,Number of trades,Taker Buy Base Asset Volume,Taker Buy Quote Asset volume
1586563200000,0.01200000,0.01262000,0.01181000,0.01223000,361896064.50000000,1586649599999,4418689.67705300,17312,171434147.70000000,2094642.53879400,0
