Open Time,Open,High,Low,Close,Volume,Close Time,Quote Asset Volume,Number of trades,Taker Buy Base Asset Volume,Taker Buy Quote Asset volume
1597536000000,0.03009000,0.03100000,0.02829000,0.03014000,421130913.60000000,1597622399999,12540882.68866500,28870,203328998.80000000,6059560.78886200,0
