Open Time,Open,High,Low,Close,Volume,Close Time,Quote Asset Volume,Number of trades,Taker Buy Base Asset Volume,Taker Buy Quote Asset volume
1598400000000,0.02570000,0.02771000,0.02549000,0.02739000,295374451.90000000,1598486399999,7900638.38740400,19466,148291319.20000000,3970045.77923700,0
