Open Time,Open,High,Low,Close,Volume,Close Time,Quote Asset Volume,Number of trades,Taker Buy Base Asset Volume,Taker Buy Quote Asset volume
1602892800000,0.01623000,0.01678000,0.01599000,0.01673000,37541012.40000000,1602979199999,617650.30512300,3452,18949359.70000000,311894.70891400,0
