Open Time,Open,High,Low,Close,Volume,Close Time,Quote Asset Volume,Number of trades,Taker Buy Base Asset Volume,Taker Buy Quote Asset volume
1600300800000,0.01982000,0.02050000,0.01937000,0.02044000,187000805.00000000,1600387199999,3733813.85830600,13673,89144009.10000000,1782495.50825200,0
