Open Time,Open,High,Low,Close,Volume,Close Time,Quote Asset Volume,Number of trades,Taker Buy Base Asset Volume,Taker Buy Quote Asset volume
1579737600000,0.01710000,0.01711000,0.01569000,0.01605000,249820107.70000000,1579823999999,4053666.08668700,11295,116241655.90000000,1887185.86480700,0
