Open Time,Open,High,Low,Close,Volume,Close Time,Quote Asset Volume,Number of trades,Taker Buy Base Asset Volume,Taker Buy Quote Asset volume
1578528000000,0.01500000,0.01514000,0.01442000,0.01459000,179884184.10000000,1578614399999,2653793.00633200,9356,73881570.90000000,1091249.74103700,0
