Open Time,Open,High,Low,Close,Volume,Close Time,Quote Asset Volume,Number of trades,Taker Buy Base Asset Volume,Taker Buy Quote Asset volume
1603411200000,0.01734000,0.01752000,0.01643000,0.01701000,113145694.90000000,1603497599999,1930668.28776000,8842,55604752.20000000,949706.04135800,0
