Open Time,Open,High,Low,Close,Volume,Close Time,Quote Asset Volume,Number of trades,Taker Buy Base Asset Volume,Taker Buy Quote Asset volume
1581724800000,0.02327000,0.02372000,0.02000000,0.02090000,589342906.00000000,1581811199999,13063873.32580000,34808,267793347.60000000,5949253.51188000,0
