Open Time,Open,High,Low,Close,Volume,Close Time,Quote Asset Volume,Number of trades,Taker Buy Base Asset Volume,Taker Buy Quote Asset volume
1586822400000,0.01199000,0.01249000,0.01172000,0.01208000,234080134.90000000,1586908799999,2841703.47643500,10945,117519174.50000000,1427076.95047600,0
