Open Time,Open,High,Low,Close,Volume,Close Time,Quote Asset Volume,Number of trades,Taker Buy Base Asset Volume,Taker Buy Quote Asset volume
1602288000000,0.01705000,0.01779000,0.01690000,0.01720000,161214334.40000000,1602374399999,2806305.57766900,8077,80032104.40000000,1393394.59519400,0
