Open Time,Open,High,Low,Close,Volume,Close Time,Quote Asset Volume,Number of trades,Taker Buy Base Asset Volume,Taker Buy Quote Asset volume
1595808000000,0.02069000,0.02094000,0.01775000,0.01995000,519533336.40000000,1595894399999,10241991.91786500,32945,232600008.10000000,4593961.54389600,0
