Open Time,Open,High,Low,Close,Volume,Close Time,Quote Asset Volume,Number of trades,Taker Buy Base Asset Volume,Taker Buy Quote Asset volume
1589155200000,0.01532000,0.01555000,0.01375000,0.01501000,582927586.10000000,1589241599999,8702324.76027800,18369,290107736.80000000,4331735.81788500,0
