Open Time,Open,High,Low,Close,Volume,Close Time,Quote Asset Volume,Number of trades,Taker Buy Base Asset Volume,Taker Buy Quote Asset volume
1578873600000,0.01497000,0.01565000,0.01476000,0.01548000,227352720.20000000,1578959999999,3457370.87538000,9096,120159071.60000000,1828442.31109400,0
