Open Time,Open,High,Low,Close,Volume,Close Time,Quote Asset Volume,Number of trades,Taker Buy Base Asset Volume,Taker Buy Quote Asset volume
1598745600000,0.02753000,0.02872000,0.02706000,0.02718000,202581383.60000000,1598831999999,5657401.45982700,17559,97895751.80000000,2737030.59743600,0
