Open Time,Open,High,Low,Close,Volume,Close Time,Quote Asset Volume,Number of trades,Taker Buy Base Asset Volume,Taker Buy Quote Asset volume
1603843200000,0.01582000,0.01613000,0.01482000,0.01506000,175890100.60000000,1603929599999,2724110.51480000,10527,81490414.90000000,1264100.02897900,0
