Open Time,Open,High,Low,Close,Volume,Close Time,Quote Asset Volume,Number of trades,Taker Buy Base Asset Volume,Taker Buy Quote Asset volume
1593216000000,0.02083000,0.02123000,0.01875000,0.01935000,269363575.30000000,1593302399999,5385568.27190200,14082,128371964.30000000,2574089.71413700,0
