Open Time,Open,High,Low,Close,Volume,Close Time,Quote Asset Volume,Number of trades,Taker Buy Base Asset Volume,Taker Buy Quote Asset volume
1594771200000,0.02239000,0.02378000,0.02214000,0.02223000,380121161.80000000,1594857599999,8673917.95887200,20473,179878172.70000000,4108503.38519000,0
