Open Time,Open,High,Low,Close,Volume,Close Time,Quote Asset Volume,Number of trades,Taker Buy Base Asset Volume,Taker Buy Quote Asset volume
1605744000000,0.01703000,0.01813000,0.01673000,0.01723000,201264940.80000000,1605830399999,3493525.82949900,14001,98975495.20000000,1720186.89193200,0
