Open Time,Open,High,Low,Close,Volume,Close Time,Quote Asset Volume,Number of trades,Taker Buy Base Asset Volume,Taker Buy Quote Asset volume
1601596800000,0.01895000,0.01910000,0.01733000,0.01819000,139256775.80000000,1601683199999,2518805.30282200,8839,64546339.90000000,1167703.49688800,0
