Open Time,Open,High,Low,Close,Volume,Close Time,Quote Asset Volume,Number of trades,Taker Buy Base Asset Volume,Taker Buy Quote Asset volume
1586044800000,0.01170000,0.01175000,0.01125000,0.01142000,202395294.40000000,1586131199999,2331184.84142100,7136,93477642.60000000,1076856.94256300,0
