Open Time,Open,High,Low,Close,Volume,Close Time,Quote Asset Volume,Number of trades,Taker Buy Base Asset Volume,Taker Buy Quote Asset volume
1603065600000,0.01689000,0.01691000,0.01610000,0.01624000,81910102.30000000,1603151999999,1358246.22225200,4616,31088025.50000000,515534.80641800,0
