Open Time,Open,High,Low,Close,Volume,Close Time,Quote Asset Volume,Number of trades,Taker Buy Base Asset Volume,Taker Buy Quote Asset volume
1602028800000,0.01709000,0.01755000,0.01645000,0.01695000,132167288.80000000,1602115199999,2252403.80701100,7744,57498974.10000000,981448.24519100,0
