Open Time,Open,High,Low,Close,Volume,Close Time,Quote Asset Volume,Number of trades,Taker Buy Base Asset Volume,Taker Buy Quote Asset volume
1590969600000,0.02049000,0.02270000,0.02027000,0.02178000,888397657.30000000,1591055999999,19138743.35793900,57002,444743644.50000000,9582186.23181000,0
