Open Time,Open,High,Low,Close,Volume,Close Time,Quote Asset Volume,Number of trades,Taker Buy Base Asset Volume,Taker Buy Quote Asset volume
1597363200000,0.02715000,0.02877000,0.02634000,0.02820000,445361814.00000000,1597449599999,12208986.71389500,27849,217680252.10000000,5971315.25960500,0
