Open Time,Open,High,Low,Close,Volume,Close Time,Quote Asset Volume,Number of trades,Taker Buy Base Asset Volume,Taker Buy Quote Asset volume
1605312000000,0.01691000,0.01692000,0.01596000,0.01671000,82992929.60000000,1605398399999,1365196.29473100,6978,37603445.00000000,618909.83118900,0
