Open Time,Open,High,Low,Close,Volume,Close Time,Quote Asset Volume,Number of trades,Taker Buy Base Asset Volume,Taker Buy Quote Asset volume
1590537600000,0.02582000,0.02649000,0.02362000,0.02440000,1230182337.40000000,1590623999999,30802633.23685100,79034,572601012.60000000,14339852.85357700,0
