Open Time,Open,High,Low,Close,Volume,Close Time,Quote Asset Volume,Number of trades,Taker Buy Base Asset Volume,Taker Buy Quote Asset volume
1582329600000,0.02075000,0.02115000,0.02027000,0.02076000,154701488.20000000,1582415999999,3210229.32282000,10327,75004519.90000000,1556432.02572800,0
