Open Time,Open,High,Low,Close,Volume,Close Time,Quote Asset Volume,Number of trades,Taker Buy Base Asset Volume,Taker Buy Quote Asset volume
1585958400000,0.01157000,0.01194000,0.01132000,0.01171000,234563845.10000000,1586044799999,2726029.35683600,9291,116995448.60000000,1361015.08047700,0
