Open Time,Open,High,Low,Close,Volume,Close Time,Quote Asset Volume,Number of trades,Taker Buy Base Asset Volume,Taker Buy Quote Asset volume
1608163200000,0.01951000,0.01980000,0.01825000,0.01896000,318097005.40000000,1608249599999,6135503.52764000,23522,157265246.80000000,3037809.75261300,0
