Open Time,Open,High,Low,Close,Volume,Close Time,Quote Asset Volume,Number of trades,Taker Buy Base Asset Volume,Taker Buy Quote Asset volume
1605484800000,0.01641000,0.01687000,0.01621000,0.01663000,94821114.00000000,1605571199999,1575666.45542400,7281,43332893.70000000,720515.55125400,0
