Open Time,Open,High,Low,Close,Volume,Close Time,Quote Asset Volume,Number of trades,Taker Buy Base Asset Volume,Taker Buy Quote Asset volume
1604707200000,0.01547000,0.01715000,0.01381000,0.01436000,473974536.10000000,1604793599999,7315477.49735100,32695,230016547.30000000,3554248.91110900,0
