Open Time,Open,High,Low,Close,Volume,Close Time,Quote Asset Volume,Number of trades,Taker Buy Base Asset Volume,Taker Buy Quote Asset volume
1585180800000,0.01147000,0.01218000,0.01128000,0.01187000,414075934.20000000,1585267199999,4856258.20192600,18570,196934081.80000000,2309249.04589400,0
