Open Time,Open,High,Low,Close,Volume,Close Time,Quote Asset Volume,Number of trades,Taker Buy Base Asset Volume,Taker Buy Quote Asset volume
1599782400000,0.02038000,0.02147000,0.01959000,0.02107000,163296295.50000000,1599868799999,3326714.30530300,11168,85090976.90000000,1736172.87121200,0
