Open Time,Open,High,Low,Close,Volume,Close Time,Quote Asset Volume,Number of trades,Taker Buy Base Asset Volume,Taker Buy Quote Asset volume
1588118400000,0.01566000,0.01689000,0.01548000,0.01642000,595281459.30000000,1588204799999,9721444.17068500,30686,290847275.40000000,4746104.18977200,0
