Open Time,Open,High,Low,Close,Volume,Close Time,Quote Asset Volume,Number of trades,Taker Buy Base Asset Volume,Taker Buy Quote Asset volume
1590192000000,0.02039000,0.02072000,0.01964000,0.02006000,298427388.40000000,1590278399999,6019505.44300000,12610,146711968.90000000,2959540.12809800,0
