Open Time,Open,High,Low,Close,Volume,Close Time,Quote Asset Volume,Number of trades,Taker Buy Base Asset Volume,Taker Buy Quote Asset volume
1597449600000,0.02819000,0.03238000,0.02700000,0.03005000,845662759.50000000,1597535999999,25456958.09804700,56820,397976139.60000000,11989033.45982400,0
