Open Time,Open,High,Low,Close,Volume,Close Time,Quote Asset Volume,Number of trades,Taker Buy Base Asset Volume,Taker Buy Quote Asset volume
1582070400000,0.02154000,0.02200000,0.01925000,0.01996000,218514631.80000000,1582156799999,4582089.38459100,14881,99046957.00000000,2079359.96179300,0
