Open Time,Open,High,Low,Close,Volume,Close Time,Quote Asset Volume,Number of trades,Taker Buy Base Asset Volume,Taker Buy Quote Asset volume
1598054400000,0.02478000,0.02645000,0.02332000,0.02615000,292614464.70000000,1598140799999,7353153.54671100,18654,141329586.20000000,3555607.77378700,0
