Open Time,Open,High,Low,Close,Volume,Close Time,Quote Asset Volume,Number of trades,Taker Buy Base Asset Volume,Taker Buy Quote Asset volume
1608940800000,0.01660000,0.01981000,0.01626000,0.01926000,255508230.00000000,1609027199999,4614401.06701400,25227,136234815.20000000,2465224.37819900,0
