Open Time,Open,High,Low,Close,Volume,Close Time,Quote Asset Volume,Number of trades,Taker Buy Base Asset Volume,Taker Buy Quote Asset volume
1579910400000,0.01622000,0.01642000,0.01576000,0.01602000,153695842.30000000,1579996799999,2476959.34420100,7807,63823570.40000000,1029289.92422100,0
