Open Time,Open,High,Low,Close,Volume,Close Time,Quote Asset Volume,Number of trades,Taker Buy Base Asset Volume,Taker Buy Quote Asset volume
1609286400000,0.01845000,0.01900000,0.01779000,0.01808000,125993421.70000000,1609372799999,2305683.74435900,11077,63033615.40000000,1155500.49512100,0
