Open Time,Open,High,Low,Close,Volume,Close Time,Quote Asset Volume,Number of trades,Taker Buy Base Asset Volume,Taker Buy Quote Asset volume
1631232000000,1.36700000,1.50000000,1.26600000,1.30400000,206827240.30000000,1631318399999,282346976.65730000,509199,100308793.60000000,137227808.21880000,0
