Open Time,Open,High,Low,Close,Volume,Close Time,Quote Asset Volume,Number of trades,Taker Buy Base Asset Volume,Taker Buy Quote Asset volume
1632009600000,1.36500000,1.37200000,1.30100000,1.31500000,65396253.90000000,1632095999999,87654589.46520000,154404,31440886.20000000,42143297.10680000,0
