Open Time,Open,High,Low,Close,Volume,Close Time,Quote Asset Volume,Number of trades,Taker Buy Base Asset Volume,Taker Buy Quote Asset volume
1617753600000,0.37430000,0.37609000,0.30871000,0.33755000,226550572.80000000,1617839999999,78189962.69308300,179423,105506183.20000000,36403979.30453200,0
