Open Time,Open,High,Low,Close,Volume,Close Time,Quote Asset Volume,Number of trades,Taker Buy Base Asset Volume,Taker Buy Quote Asset volume
1622851200000,1.63126000,1.69700000,1.44138000,1.52665000,335352372.90000000,1622937599999,534660529.95172600,866649,158856661.40000000,253483454.30078400,0
