Open Time,Open,High,Low,Close,Volume,Close Time,Quote Asset Volume,Number of trades,Taker Buy Base Asset Volume,Taker Buy Quote Asset volume
1633651200000,1.27700000,1.44000000,1.27000000,1.34400000,186129635.10000000,1633737599999,255219377.65750000,597962,95228062.60000000,130594730.05920000,0
