Open Time,Open,High,Low,Close,Volume,Close Time,Quote Asset Volume,Number of trades,Taker Buy Base Asset Volume,Taker Buy Quote Asset volume
1622246400000,1.81705000,1.90715000,1.51495000,1.69553000,855389320.80000000,1622332799999,1462828045.74230900,2162075,433264431.70000000,741727785.25799600,0
