Open Time,Open,High,Low,Close,Volume,Close Time,Quote Asset Volume,Number of trades,Taker Buy Base Asset Volume,Taker Buy Quote Asset volume
1621036800000,1.47357000,1.89000000,1.46509000,1.59501000,1050153449.40000000,1621123199999,1805661855.71338400,2043895,524694242.80000000,902124383.76252500,0
