Open Time,Open,High,Low,Close,Volume,Close Time,Quote Asset Volume,Number of trades,Taker Buy Base Asset Volume,Taker Buy Quote Asset volume
1630972800000,1.64300000,1.69800000,1.11100000,1.36200000,561949825.60000000,1631059199999,795011093.07806000,1074182,274525446.10000000,388539245.53315200,0
