Open Time,Open,High,Low,Close,Volume,Close Time,Quote Asset Volume,Number of trades,Taker Buy Base Asset Volume,Taker Buy Quote Asset volume
1613433600000,0.10749000,0.11588000,0.10069000,0.10899000,464345137.30000000,1613519999999,49852533.02601600,121346,239617318.00000000,25751010.81149200,0
