Open Time,Open,High,Low,Close,Volume,Close Time,Quote Asset Volume,Number of trades,Taker Buy Base Asset Volume,Taker Buy Quote Asset volume
1632528000000,1.12700000,1.14500000,1.08200000,1.12100000,73679011.00000000,1632614399999,82490068.47410000,162466,35140507.70000000,39374501.79300000,0
