Open Time,Open,High,Low,Close,Volume,Close Time,Quote Asset Volume,Number of trades,Taker Buy Base Asset Volume,Taker Buy Quote Asset volume
1615680000000,0.42526000,0.44049000,0.37486000,0.38043000,381854830.20000000,1615766399999,150295334.36900900,260335,184618094.50000000,72727321.17553400,0
