Open Time,Open,High,Low,Close,Volume,Close Time,Quote Asset Volume,Number of trades,Taker Buy Base Asset Volume,Taker Buy Quote Asset volume
1639872000000,2.23400000,2.29100000,2.16200000,2.22200000,104595349.90000000,1639958399999,233305171.93990000,464964,51788322.40000000,115579623.01740000,0
