Open Time,Open,High,Low,Close,Volume,Close Time,Quote Asset Volume,Number of trades,Taker Buy Base Asset Volume,Taker Buy Quote Asset volume
1610150400000,0.03154000,0.03470000,0.03052000,0.03346000,357758188.90000000,1610236799999,11556014.34138300,37045,182702482.10000000,5899691.27006500,0
