Open Time,Open,High,Low,Close,Volume,Close Time,Quote Asset Volume,Number of trades,Taker Buy Base Asset Volume,Taker Buy Quote Asset volume
1627776000000,1.08248000,1.13500000,1.04118000,1.04943000,217134999.50000000,1627862399999,236668490.05259300,411985,107068476.10000000,116795275.99644400,0
