Open Time,Open,High,Low,Close,Volume,Close Time,Quote Asset Volume,Number of trades,Taker Buy Base Asset Volume,Taker Buy Quote Asset volume
1623456000000,1.25020000,1.39878000,1.16000000,1.33727000,426962681.60000000,1623542399999,543244708.32438000,888635,212832048.30000000,270909346.93769600,0
