Open Time,Open,High,Low,Close,Volume,Close Time,Quote Asset Volume,Number of trades,Taker Buy Base Asset Volume,Taker Buy Quote Asset volume
1614902400000,0.19884000,0.22400000,0.18288000,0.21233000,395489429.10000000,1614988799999,81395835.76677100,173802,204360816.00000000,42046760.70710200,0
