Open Time,Open,High,Low,Close,Volume,Close Time,Quote Asset Volume,Number of trades,Taker Buy Base Asset Volume,Taker Buy Quote Asset volume
1618617600000,0.43490000,0.43906000,0.39914000,0.40185000,144189818.40000000,1618703999999,60678769.62916700,136343,69655241.10000000,29357721.97477200,0
