Open Time,Open,High,Low,Close,Volume,Close Time,Quote Asset Volume,Number of trades,Taker Buy Base Asset Volume,Taker Buy Quote Asset volume
1618531200000,0.44000000,0.46738000,0.40725000,0.43532000,260226545.00000000,1618617599999,111667043.30399700,219007,126786996.90000000,54500254.95285900,0
