Open Time,Open,High,Low,Close,Volume,Close Time,Quote Asset Volume,Number of trades,Taker Buy Base Asset Volume,Taker Buy Quote Asset volume
1617494400000,0.35158000,0.37216000,0.34359000,0.36072000,112252653.50000000,1617580799999,40586882.11028400,85988,55870692.70000000,20211864.39759900,0
