Open Time,Open,High,Low,Close,Volume,Close Time,Quote Asset Volume,Number of trades,Taker Buy Base Asset Volume,Taker Buy Quote Asset volume
1610496000000,0.02608000,0.03059000,0.02467000,0.02992000,319369040.20000000,1610582399999,8879113.08919000,30984,161679387.30000000,4498461.39291100,0
