Open Time,Open,High,Low,Close,Volume,Close Time,Quote Asset Volume,Number of trades,Taker Buy Base Asset Volume,Taker Buy Quote Asset volume
1619654400000,0.77708000,0.93000000,0.74182000,0.89196000,1177393781.10000000,1619740799999,992801635.23248300,1311925,590243941.60000000,498316324.07595100,0
