Open Time,Open,High,Low,Close,Volume,Close Time,Quote Asset Volume,Number of trades,Taker Buy Base Asset Volume,Taker Buy Quote Asset volume
1630454400000,1.33700000,1.50000000,1.31000000,1.47000000,262482700.20000000,1630540799999,373057183.40630000,533910,128022742.50000000,182090858.44010000,0
