Open Time,Open,High,Low,Close,Volume,Close Time,Quote Asset Volume,Number of trades,Taker Buy Base Asset Volume,Taker Buy Quote Asset volume
1640822400000,2.47500000,2.59700000,2.41400000,2.55300000,108588043.00000000,1640908799999,272597718.19350000,515375,54341800.30000000,136528350.77320000,0
