Open Time,Open,High,Low,Close,Volume,Close Time,Quote Asset Volume,Number of trades,Taker Buy Base Asset Volume,Taker Buy Quote Asset volume
1615075200000,0.21229000,0.22249000,0.20707000,0.21235000,159554655.20000000,1615161599999,34473453.71039700,76641,80688222.60000000,17449194.70997300,0
