Open Time,Open,High,Low,Close,Volume,Close Time,Quote Asset Volume,Number of trades,Taker Buy Base Asset Volume,Taker Buy Quote Asset volume
1621123200000,1.59501000,1.83300000,1.46000000,1.72443000,578181529.50000000,1621209599999,952283376.64336400,1158117,292016496.20000000,481630904.86084400,0
