Open Time,Open,High,Low,Close,Volume,Close Time,Quote Asset Volume,Number of trades,Taker Buy Base Asset Volume,Taker Buy Quote Asset volume
1627862400000,1.04963000,1.07994000,1.02000000,1.04540000,134379932.50000000,1627948799999,141557097.01451500,233101,67295232.10000000,70909313.24953800,0
