Open Time,Open,High,Low,Close,Volume,Close Time,Quote Asset Volume,Number of trades,Taker Buy Base Asset Volume,Taker Buy Quote Asset volume
1640390400000,2.46800000,2.69000000,2.42900000,2.63900000,86664472.00000000,1640476799999,222754838.80670000,593369,44424773.70000000,114245264.87100000,0
