Open Time,Open,High,Low,Close,Volume,Close Time,Quote Asset Volume,Number of trades,Taker Buy Base Asset Volume,Taker Buy Quote Asset volume
1616025600000,0.40132000,0.43701000,0.38500000,0.38919000,221617738.50000000,1616111999999,90677544.41281000,177079,114355222.20000000,46809826.38437600,0
