Open Time,Open,High,Low,Close,Volume,Close Time,Quote Asset Volume,Number of trades,Taker Buy Base Asset Volume,Taker Buy Quote Asset volume
1638576000000,2.26900000,2.31700000,1.54700000,1.97500000,482545184.20000000,1638662399999,928601762.99870000,1823414,237555520.30000000,457300956.48400000,0
