Open Time,Open,High,Low,Close,Volume,Close Time,Quote Asset Volume,Number of trades,Taker Buy Base Asset Volume,Taker Buy Quote Asset volume
1632614400000,1.12000000,1.16700000,1.03000000,1.12300000,114121246.60000000,1632700799999,126041510.20620000,229336,56424551.90000000,62343112.08520000,0
