Open Time,Open,High,Low,Close,Volume,Close Time,Quote Asset Volume,Number of trades,Taker Buy Base Asset Volume,Taker Buy Quote Asset volume
1635724800000,1.93900000,1.97100000,1.83400000,1.90200000,109597754.70000000,1635811199999,208308318.02440000,429158,53596528.90000000,101876433.03990000,0
