Open Time,Open,High,Low,Close,Volume,Close Time,Quote Asset Volume,Number of trades,Taker Buy Base Asset Volume,Taker Buy Quote Asset volume
1626652800000,0.79337000,0.80000000,0.72836000,0.73285000,120374943.10000000,1626739199999,91786560.55592600,188029,56910649.40000000,43417911.39249000,0
