Open Time,Open,High,Low,Close,Volume,Close Time,Quote Asset Volume,Number of trades,Taker Buy Base Asset Volume,Taker Buy Quote Asset volume
1640563200000,2.87600000,2.92300000,2.71100000,2.72800000,104344751.40000000,1640649599999,294616236.48369700,845905,50659139.20000000,143113595.04469700,0
