Open Time,Open,High,Low,Close,Volume,Close Time,Quote Asset Volume,Number of trades,Taker Buy Base Asset Volume,Taker Buy Quote Asset volume
1627948800000,1.04553000,1.06000000,1.00500000,1.02249000,109219073.20000000,1628035199999,111880968.02642900,193165,52641855.90000000,53933081.16648300,0
