Open Time,Open,High,Low,Close,Volume,Close Time,Quote Asset Volume,Number of trades,Taker Buy Base Asset Volume,Taker Buy Quote Asset volume
1609459200000,0.01758000,0.01873000,0.01730000,0.01777000,138747556.50000000,1609545599999,2491923.13864800,16996,73078295.80000000,1313992.88736800,0
