Open Time,Open,High,Low,Close,Volume,Close Time,Quote Asset Volume,Number of trades,Taker Buy Base Asset Volume,Taker Buy Quote Asset volume
1638057600000,1.61200000,1.66500000,1.49200000,1.65200000,75447073.90000000,1638143999999,118934403.91940000,311126,36250833.70000000,57193509.69890000,0
