Open Time,Open,High,Low,Close,Volume,Close Time,Quote Asset Volume,Number of trades,Taker Buy Base Asset Volume,Taker Buy Quote Asset volume
1638835200000,2.27700000,2.52100000,2.23400000,2.34400000,441159675.40000000,1638921599999,1040290904.95190200,2784376,221857443.40000000,523528002.64080200,0
