Open Time,Open,High,Low,Close,Volume,Close Time,Quote Asset Volume,Number of trades,Taker Buy Base Asset Volume,Taker Buy Quote Asset volume
1625875200000,1.05151000,1.07165000,1.01905000,1.03020000,77935874.20000000,1625961599999,81069098.48771800,138732,38795972.20000000,40364590.23795900,0
