Open Time,Open,High,Low,Close,Volume,Close Time,Quote Asset Volume,Number of trades,Taker Buy Base Asset Volume,Taker Buy Quote Asset volume
1618012800000,0.36713000,0.37567000,0.34751000,0.35775000,115544460.30000000,1618099199999,42074723.26401300,90750,54415744.00000000,19826113.96463900,0
