Open Time,Open,High,Low,Close,Volume,Close Time,Quote Asset Volume,Number of trades,Taker Buy Base Asset Volume,Taker Buy Quote Asset volume
1622332800000,1.69563000,1.97210000,1.54815000,1.86437000,915474203.30000000,1622419199999,1681369847.65342900,2481977,461438998.80000000,847783324.31365900,0
