Open Time,Open,High,Low,Close,Volume,Close Time,Quote Asset Volume,Number of trades,Taker Buy Base Asset Volume,Taker Buy Quote Asset volume
1609545600000,0.01776000,0.01960000,0.01715000,0.01904000,271358492.50000000,1609631999999,5022307.06244000,26979,141351937.30000000,2619083.09295000,0
