Open Time,Open,High,Low,Close,Volume,Close Time,Quote Asset Volume,Number of trades,Taker Buy Base Asset Volume,Taker Buy Quote Asset volume
1639526400000,1.94100000,2.22600000,1.82900000,2.12900000,258170340.20000000,1639612799999,520674345.98970000,1049476,130201170.50000000,262611126.95260000,0
