Open Time,Open,High,Low,Close,Volume,Close Time,Quote Asset Volume,Number of trades,Taker Buy Base Asset Volume,Taker Buy Quote Asset volume
1629331200000,1.33419000,1.47070000,1.30040000,1.47056000,167895431.90000000,1629417599999,229015151.77867200,462843,83349181.80000000,113762609.82762800,0
