Open Time,Open,High,Low,Close,Volume,Close Time,Quote Asset Volume,Number of trades,Taker Buy Base Asset Volume,Taker Buy Quote Asset volume
1637107200000,1.55900000,1.67400000,1.48800000,1.63700000,85437294.70000000,1637193599999,134232670.15240000,355269,42525339.40000000,66831236.18510000,0
