Open Time,Open,High,Low,Close,Volume,Close Time,Quote Asset Volume,Number of trades,Taker Buy Base Asset Volume,Taker Buy Quote Asset volume
1630108800000,1.51900000,1.53000000,1.44100000,1.45800000,78274762.80000000,1630195199999,115379983.93319500,172141,37175322.60000000,54809004.05879500,0
