Open Time,Open,High,Low,Close,Volume,Close Time,Quote Asset Volume,Number of trades,Taker Buy Base Asset Volume,Taker Buy Quote Asset volume
1617235200000,0.36039000,0.38000000,0.35205000,0.36343000,144495789.50000000,1617321599999,52873299.25208600,117581,71320332.50000000,26122151.60736600,0
