Open Time,Open,High,Low,Close,Volume,Close Time,Quote Asset Volume,Number of trades,Taker Buy Base Asset Volume,Taker Buy Quote Asset volume
1631491200000,1.32800000,1.35000000,1.19600000,1.24800000,146911214.70000000,1631577599999,183916187.59500000,374006,72899250.50000000,91281288.05140000,0
