Open Time,Open,High,Low,Close,Volume,Close Time,Quote Asset Volume,Number of trades,Taker Buy Base Asset Volume,Taker Buy Quote Asset volume
1620950400000,1.05352000,1.51716000,1.04242000,1.47376000,721329895.70000000,1621036799999,957643476.96228100,1278668,364475671.70000000,483559649.80084700,0
