Open Time,Open,High,Low,Close,Volume,Close Time,Quote Asset Volume,Number of trades,Taker Buy Base Asset Volume,Taker Buy Quote Asset volume
1619222400000,0.38151000,0.39115000,0.33717000,0.35421000,148419267.30000000,1619308799999,53793281.88026300,142938,71719131.00000000,26022598.21363000,0
