Open Time,Open,High,Low,Close,Volume,Close Time,Quote Asset Volume,Number of trades,Taker Buy Base Asset Volume,Taker Buy Quote Asset volume
1635033600000,1.64000000,1.64500000,1.52500000,1.57100000,110034818.50000000,1635119999999,173921260.26050000,328445,52853262.50000000,83574476.25100000,0
