Open Time,Open,High,Low,Close,Volume,Close Time,Quote Asset Volume,Number of trades,Taker Buy Base Asset Volume,Taker Buy Quote Asset volume
1629244800000,1.34998000,1.40949000,1.27189000,1.33364000,207837866.40000000,1629331199999,279317102.97045100,472457,102958761.60000000,138334931.17136800,0
