Open Time,Open,High,Low,Close,Volume,Close Time,Quote Asset Volume,Number of trades,Taker Buy Base Asset Volume,Taker Buy Quote Asset volume
1610582400000,0.02992000,0.03300000,0.02900000,0.03286000,335461457.50000000,1610668799999,10351766.70756100,33583,179420792.20000000,5539158.58280100,0
