Open Time,Open,High,Low,Close,Volume,Close Time,Quote Asset Volume,Number of trades,Taker Buy Base Asset Volume,Taker Buy Quote Asset volume
1619481600000,0.53654000,0.84900000,0.53429000,0.82840000,1169955529.20000000,1619567999999,766562647.53362600,1109075,584959340.70000000,383506384.47496500,0
