Open Time,Open,High,Low,Close,Volume,Close Time,Quote Asset Volume,Number of trades,Taker Buy Base Asset Volume,Taker Buy Quote Asset volume
1638403200000,2.00600000,2.20200000,1.94800000,2.12300000,337936048.80000000,1638489599999,706092806.10730000,2354531,166439249.40000000,347914836.55390000,0
