Open Time,Open,High,Low,Close,Volume,Close Time,Quote Asset Volume,Number of trades,Taker Buy Base Asset Volume,Taker Buy Quote Asset volume
1628294400000,1.08096000,1.19662000,1.06858000,1.16618000,276589477.70000000,1628380799999,317024563.89689900,590549,140640797.60000000,161155518.46320500,0
