Open Time,Open,High,Low,Close,Volume,Close Time,Quote Asset Volume,Number of trades,Taker Buy Base Asset Volume,Taker Buy Quote Asset volume
1623715200000,1.54793000,1.71000000,1.53300000,1.62868000,504587100.80000000,1623801599999,832822413.42087300,1228289,252517062.90000000,416831548.67426800,0
