Open Time,Open,High,Low,Close,Volume,Close Time,Quote Asset Volume,Number of trades,Taker Buy Base Asset Volume,Taker Buy Quote Asset volume
1616889600000,0.33195000,0.35561000,0.32837000,0.34624000,163937153.10000000,1616975999999,56015701.58431600,117425,83020827.60000000,28369882.69081000,0
