Open Time,Open,High,Low,Close,Volume,Close Time,Quote Asset Volume,Number of trades,Taker Buy Base Asset Volume,Taker Buy Quote Asset volume
1625616000000,1.13028000,1.17756000,1.12503000,1.12800000,153052469.50000000,1625702399999,175910436.29224500,269911,76807485.10000000,88304054.14869500,0
