Open Time,Open,High,Low,Close,Volume,Close Time,Quote Asset Volume,Number of trades,Taker Buy Base Asset Volume,Taker Buy Quote Asset volume
1633132800000,1.26600000,1.35600000,1.22300000,1.29200000,94079891.60000000,1633219199999,120546449.68490000,305036,47274190.10000000,60573776.24820000,0
