Open Time,Open,High,Low,Close,Volume,Close Time,Quote Asset Volume,Number of trades,Taker Buy Base Asset Volume,Taker Buy Quote Asset volume
1624924800000,1.12095000,1.24985000,1.11500000,1.17193000,284862170.40000000,1625011199999,338261720.95759300,555464,143775188.50000000,170692942.80319500,0
