Open Time,Open,High,Low,Close,Volume,Close Time,Quote Asset Volume,Number of trades,Taker Buy Base Asset Volume,Taker Buy Quote Asset volume
1618876800000,0.32564000,0.35166000,0.29630000,0.34227000,171372502.20000000,1618963199999,55779753.86300700,131469,85757688.50000000,27942723.07762700,0
