Open Time,Open,High,Low,Close,Volume,Close Time,Quote Asset Volume,Number of trades,Taker Buy Base Asset Volume,Taker Buy Quote Asset volume
1610064000000,0.03297000,0.03500000,0.02738000,0.03159000,691258052.70000000,1610150399999,22057658.90086500,69021,340280542.20000000,10885321.84837900,0
