Open Time,Open,High,Low,Close,Volume,Close Time,Quote Asset Volume,Number of trades,Taker Buy Base Asset Volume,Taker Buy Quote Asset volume
1624752000000,1.07699000,1.11438000,1.03411000,1.11376000,210798965.70000000,1624838399999,226265377.71937500,353972,104704457.40000000,112430982.68936600,0
