Open Time,Open,High,Low,Close,Volume,Close Time,Quote Asset Volume,Number of trades,Taker Buy Base Asset Volume,Taker Buy Quote Asset volume
1630281600000,1.41900000,1.42100000,1.30400000,1.31900000,146994160.60000000,1630367999999,201980400.91867800,293920,67594230.70000000,92904219.24720000,0
