Open Time,Open,High,Low,Close,Volume,Close Time,Quote Asset Volume,Number of trades,Taker Buy Base Asset Volume,Taker Buy Quote Asset volume
1632096000000,1.31500000,1.31900000,1.09600000,1.13500000,222246591.00000000,1632182399999,265361740.23609000,457216,105034271.30000000,125377025.10294000,0
