Open Time,Open,High,Low,Close,Volume,Close Time,Quote Asset Volume,Number of trades,Taker Buy Base Asset Volume,Taker Buy Quote Asset volume
1623110400000,1.48529000,1.52408000,1.27644000,1.47931000,627472738.40000000,1623196799999,890528552.07577800,1367034,310616185.80000000,441324484.19588300,0
