Open Time,Open,High,Low,Close,Volume,Close Time,Quote Asset Volume,Number of trades,Taker Buy Base Asset Volume,Taker Buy Quote Asset volume
1629072000000,1.46666000,1.56000000,1.41350000,1.41963000,250983686.70000000,1629158399999,375336418.62188200,650355,125630938.00000000,187907575.80700400,0
