Open Time,Open,High,Low,Close,Volume,Close Time,Quote Asset Volume,Number of trades,Taker Buy Base Asset Volume,Taker Buy Quote Asset volume
1631923200000,1.42300000,1.44000000,1.33500000,1.36600000,99338561.90000000,1632009599999,137838111.87510000,238938,47065986.20000000,65316555.90220000,0
