Open Time,Open,High,Low,Close,Volume,Close Time,Quote Asset Volume,Number of trades,Taker Buy Base Asset Volume,Taker Buy Quote Asset volume
1640217600000,2.50100000,2.73400000,2.46200000,2.68300000,225055521.60000000,1640303999999,588009016.07268200,1836923,112652355.10000000,294499063.23958200,0
