Open Time,Open,High,Low,Close,Volume,Close Time,Quote Asset Volume,Number of trades,Taker Buy Base Asset Volume,Taker Buy Quote Asset volume
1626566400000,0.80124000,0.85998000,0.78900000,0.79370000,116539208.30000000,1626652799999,96094385.15327900,178970,58354722.80000000,48084838.75572700,0
