Open Time,Open,High,Low,Close,Volume,Close Time,Quote Asset Volume,Number of trades,Taker Buy Base Asset Volume,Taker Buy Quote Asset volume
1639180800000,2.09200000,2.16500000,2.00800000,2.13900000,165319153.30000000,1639267199999,346281759.50970000,590767,80757814.40000000,169238766.57040000,0
