Open Time,Open,High,Low,Close,Volume,Close Time,Quote Asset Volume,Number of trades,Taker Buy Base Asset Volume,Taker Buy Quote Asset volume
1616716800000,0.30040000,0.34168000,0.30017000,0.33668000,166637476.10000000,1616803199999,54093432.55906200,130915,90607993.90000000,29371402.20923900,0
