Open Time,Open,High,Low,Close,Volume,Close Time,Quote Asset Volume,Number of trades,Taker Buy Base Asset Volume,Taker Buy Quote Asset volume
1637971200000,1.63900000,1.72600000,1.58700000,1.61300000,56978913.20000000,1638057599999,94961596.62720000,256584,27735077.40000000,46238004.24210000,0
