Open Time,Open,High,Low,Close,Volume,Close Time,Quote Asset Volume,Number of trades,Taker Buy Base Asset Volume,Taker Buy Quote Asset volume
1625184000000,1.07275000,1.10984000,1.04264000,1.10263000,126537636.70000000,1625270399999,135665688.65831600,235063,62726280.60000000,67254747.23871800,0
