Open Time,Open,High,Low,Close,Volume,Close Time,Quote Asset Volume,Number of trades,Taker Buy Base Asset Volume,Taker Buy Quote Asset volume
1615507200000,0.40916000,0.50500000,0.39591000,0.41354000,1098461833.70000000,1615593599999,493355769.68306100,722152,545796400.10000000,245450465.28408300,0
