Open Time,Open,High,Low,Close,Volume,Close Time,Quote Asset Volume,Number of trades,Taker Buy Base Asset Volume,Taker Buy Quote Asset volume
1619568000000,0.82840000,0.89720000,0.67400000,0.77700000,1837511227.60000000,1619654399999,1428474910.62882800,1800654,907878221.50000000,706952074.65043200,0
