Open Time,Open,High,Low,Close,Volume,Close Time,Quote Asset Volume,Number of trades,Taker Buy Base Asset Volume,Taker Buy Quote Asset volume
1617062400000,0.38445000,0.38869000,0.36023000,0.37122000,178760273.10000000,1617148799999,66670896.70459100,135576,91252961.30000000,34040064.49379700,0
