Open Time,Open,High,Low,Close,Volume,Close Time,Quote Asset Volume,Number of trades,Taker Buy Base Asset Volume,Taker Buy Quote Asset volume
1620000000000,0.82208000,0.87000000,0.77638000,0.79482000,300583192.70000000,1620086399999,246841596.28944800,448711,147889598.90000000,121476840.07412600,0
