Open Time,Open,High,Low,Close,Volume,Close Time,Quote Asset Volume,Number of trades,Taker Buy Base Asset Volume,Taker Buy Quote Asset volume
1628726400000,1.37148000,1.47929000,1.25000000,1.32175000,367785059.40000000,1628812799999,497628515.35410600,856301,179348193.30000000,242799977.16406300,0
