Open Time,Open,High,Low,Close,Volume,Close Time,Quote Asset Volume,Number of trades,Taker Buy Base Asset Volume,Taker Buy Quote Asset volume
1626912000000,0.88886000,0.93333000,0.84266000,0.88062000,424463228.60000000,1626998399999,378446517.00287900,615243,212930820.80000000,189923860.42889900,0
