Open Time,Open,High,Low,Close,Volume,Close Time,Quote Asset Volume,Number of trades,Taker Buy Base Asset Volume,Taker Buy Quote Asset volume
1626393600000,0.87896000,0.89741000,0.81000000,0.81149000,122539550.40000000,1626479999999,103741690.11459200,195407,56683186.70000000,47987272.62544300,0
