Open Time,Open,High,Low,Close,Volume,Close Time,Quote Asset Volume,Number of trades,Taker Buy Base Asset Volume,Taker Buy Quote Asset volume
1609891200000,0.02439000,0.03673000,0.02385000,0.03555000,1814721042.20000000,1609977599999,54685668.18842800,147502,968007175.40000000,29202332.50587000,0
