Open Time,Open,High,Low,Close,Volume,Close Time,Quote Asset Volume,Number of trades,Taker Buy Base Asset Volume,Taker Buy Quote Asset volume
1639958400000,2.22100000,2.24900000,2.04600000,2.13000000,123178008.10000000,1640044799999,262248592.81370000,517956,59855830.20000000,127441509.39860000,0
