Open Time,Open,High,Low,Close,Volume,Close Time,Quote Asset Volume,Number of trades,Taker Buy Base Asset Volume,Taker Buy Quote Asset volume
1619827200000,0.82044000,0.84000000,0.76900000,0.78531000,392955117.30000000,1619913599999,316836886.63912100,615423,199262532.50000000,160715426.24768600,0
