Open Time,Open,High,Low,Close,Volume,Close Time,Quote Asset Volume,Number of trades,Taker Buy Base Asset Volume,Taker Buy Quote Asset volume
1636243200000,1.88400000,1.91500000,1.85100000,1.88600000,50189890.70000000,1636329599999,94628102.75170000,204441,22188113.60000000,41839313.54840000,0
