Open Time,Open,High,Low,Close,Volume,Close Time,Quote Asset Volume,Number of trades,Taker Buy Base Asset Volume,Taker Buy Quote Asset volume
1611187200000,0.03444000,0.03502000,0.02813000,0.02860000,423085997.40000000,1611273599999,13216920.63907400,42478,215221354.20000000,6769238.31842400,0
