Open Time,Open,High,Low,Close,Volume,Close Time,Quote Asset Volume,Number of trades,Taker Buy Base Asset Volume,Taker Buy Quote Asset volume
1611273600000,0.02867000,0.03295000,0.02635000,0.03119000,311314570.00000000,1611359999999,9358892.63954800,35009,159400715.60000000,4809400.40619400,0
