Open Time,Open,High,Low,Close,Volume,Close Time,Quote Asset Volume,Number of trades,Taker Buy Base Asset Volume,Taker Buy Quote Asset volume
1632355200000,1.23000000,1.24500000,1.17600000,1.22500000,92389284.50000000,1632441599999,112258701.92650000,199223,45125470.40000000,54838802.53440000,0
