Open Time,Open,High,Low,Close,Volume,Close Time,Quote Asset Volume,Number of trades,Taker Buy Base Asset Volume,Taker Buy Quote Asset volume
1626307200000,0.92939000,0.94568000,0.85725000,0.87913000,116311869.30000000,1626393599999,104285386.30865000,206121,57454113.30000000,51529207.60324400,0
