Open Time,Open,High,Low,Close,Volume,Close Time,Quote Asset Volume,Number of trades,Taker Buy Base Asset Volume,Taker Buy Quote Asset volume
1612742400000,0.06645000,0.08000000,0.06000000,0.07118000,974652510.90000000,1612828799999,70007982.48959300,174721,498221957.90000000,35868393.85481200,0
