Open Time,Open,High,Low,Close,Volume,Close Time,Quote Asset Volume,Number of trades,Taker Buy Base Asset Volume,Taker Buy Quote Asset volume
1622764800000,1.82434000,1.82500000,1.55009000,1.63024000,533838609.60000000,1622851199999,879582801.76937000,1469011,265011708.40000000,436255575.98555500,0
