Open Time,Open,High,Low,Close,Volume,Close Time,Quote Asset Volume,Number of trades,Taker Buy Base Asset Volume,Taker Buy Quote Asset volume
1628640000000,1.15642000,1.42709000,1.15256000,1.37115000,489110484.50000000,1628726399999,644861436.85224900,1191571,245815127.90000000,323857399.38771600,0
