Open Time,Open,High,Low,Close,Volume,Close Time,Quote Asset Volume,Number of trades,Taker Buy Base Asset Volume,Taker Buy Quote Asset volume
1611446400000,0.03403000,0.03520000,0.03215000,0.03310000,258100225.80000000,1611532799999,8761032.86980100,28447,130966364.70000000,4443890.83121500,0
