Open Time,Open,High,Low,Close,Volume,Close Time,Quote Asset Volume,Number of trades,Taker Buy Base Asset Volume,Taker Buy Quote Asset volume
1625097600000,1.16874000,1.16941000,1.05987000,1.07275000,151549036.00000000,1625183999999,166424367.13610100,283665,75130941.40000000,82535642.22971500,0
