Open Time,Open,High,Low,Close,Volume,Close Time,Quote Asset Volume,Number of trades,Taker Buy Base Asset Volume,Taker Buy Quote Asset volume
1635292800000,1.73400000,1.93900000,1.60000000,1.75700000,404527907.50000000,1635379199999,722796513.69599200,1695519,196758900.20000000,351800450.76079200,0
