Open Time,Open,High,Low,Close,Volume,Close Time,Quote Asset Volume,Number of trades,Taker Buy Base Asset Volume,Taker Buy Quote Asset volume
1615248000000,0.21747000,0.30800000,0.21544000,0.29900000,899319214.80000000,1615334399999,239121021.41372400,369584,464311445.10000000,123640897.94834000,0
