Open Time,Open,High,Low,Close,Volume,Close Time,Quote Asset Volume,Number of trades,Taker Buy Base Asset Volume,Taker Buy Quote Asset volume
1615420800000,0.28671000,0.54344000,0.27912000,0.40884000,1398092193.40000000,1615507199999,533201917.57042800,726022,726227696.50000000,277647245.67264900,0
