Open Time,Open,High,Low,Close,Volume,Close Time,Quote Asset Volume,Number of trades,Taker Buy Base Asset Volume,Taker Buy Quote Asset volume
1638921600000,2.34600000,2.57900000,2.22200000,2.42100000,392870710.70000000,1639007999999,950361031.38551100,2382382,194126164.40000000,469899827.65711100,0
