Open Time,Open,High,Low,Close,Volume,Close Time,Quote Asset Volume,Number of trades,Taker Buy Base Asset Volume,Taker Buy Quote Asset volume
1631750400000,1.41600000,1.50000000,1.34700000,1.38400000,179037601.80000000,1631836799999,257494304.32110000,482885,87084604.50000000,125278650.30360000,0
