Open Time,Open,High,Low,Close,Volume,Close Time,Quote Asset Volume,Number of trades,Taker Buy Base Asset Volume,Taker Buy Quote Asset volume
1619395200000,0.38435000,0.57554000,0.37871000,0.53696000,1095815368.40000000,1619481599999,548932921.34760400,952475,557246220.20000000,279206371.97487500,0
