Open Time,Open,High,Low,Close,Volume,Close Time,Quote Asset Volume,Number of trades,Taker Buy Base Asset Volume,Taker Buy Quote Asset volume
1633305600000,1.32600000,1.32700000,1.23500000,1.27500000,111714716.20000000,1633391999999,142395816.88240000,259259,55368033.80000000,70601369.82460000,0
