Open Time,Open,High,Low,Close,Volume,Close Time,Quote Asset Volume,Number of trades,Taker Buy Base Asset Volume,Taker Buy Quote Asset volume
1617840000000,0.33754000,0.36100000,0.33558000,0.35590000,119886556.40000000,1617926399999,41918163.60913700,90751,60321977.00000000,21092301.44838100,0
