Open Time,Open,High,Low,Close,Volume,Close Time,Quote Asset Volume,Number of trades,Taker Buy Base Asset Volume,Taker Buy Quote Asset volume
1633996800000,1.24300000,1.24300000,1.15200000,1.22300000,82875206.10000000,1634083199999,99348685.41910000,233692,39426560.40000000,47294690.78810000,0
