Open Time,Open,High,Low,Close,Volume,Close Time,Quote Asset Volume,Number of trades,Taker Buy Base Asset Volume,Taker Buy Quote Asset volume
1629936000000,1.52701000,1.54773000,1.36200000,1.37200000,143533351.40000000,1630022399999,204490387.63140800,330417,70624300.70000000,100662727.06179100,0
