Open Time,Open,High,Low,Close,Volume,Close Time,Quote Asset Volume,Number of trades,Taker Buy Base Asset Volume,Taker Buy Quote Asset volume
1617667200000,0.37006000,0.38979000,0.36039000,0.37426000,223782074.90000000,1617753599999,84080749.36790300,185842,114550702.80000000,43044525.78060800,0
