Open Time,Open,High,Low,Close,Volume,Close Time,Quote Asset Volume,Number of trades,Taker Buy Base Asset Volume,Taker Buy Quote Asset volume
1614988800000,0.21236000,0.22919000,0.20526000,0.21215000,223410617.20000000,1615075199999,48647334.27169400,108467,112115199.10000000,24431330.67824100,0
