Open Time,Open,High,Low,Close,Volume,Close Time,Quote Asset Volume,Number of trades,Taker Buy Base Asset Volume,Taker Buy Quote Asset volume
1619136000000,0.34929000,0.40000000,0.29501000,0.38150000,354781884.50000000,1619222399999,118939081.18188600,263133,179195447.00000000,60281753.62479500,0
