Open Time,Open,High,Low,Close,Volume,Close Time,Quote Asset Volume,Number of trades,Taker Buy Base Asset Volume,Taker Buy Quote Asset volume
1630022400000,1.37200000,1.52000000,1.35000000,1.51800000,142531594.60000000,1630108799999,205121627.97226400,285307,71760090.50000000,103264183.00251300,0
