Open Time,Open,High,Low,Close,Volume,Close Time,Quote Asset Volume,Number of trades,Taker Buy Base Asset Volume,Taker Buy Quote Asset volume
1609718400000,0.01997000,0.02499000,0.01951000,0.02468000,660725286.70000000,1609804799999,14533136.55944700,60902,348514950.70000000,7679096.60234500,0
