Open Time,Open,High,Low,Close,Volume,Close Time,Quote Asset Volume,Number of trades,Taker Buy Base Asset Volume,Taker Buy Quote Asset volume
1620604800000,0.96966000,1.00709000,0.77142000,0.87470000,431120037.30000000,1620691199999,396494423.12879200,720697,208011677.30000000,191589754.20045200,0
