Open Time,Open,High,Low,Close,Volume,Close Time,Quote Asset Volume,Number of trades,Taker Buy Base Asset Volume,Taker Buy Quote Asset volume
1634601600000,1.48000000,1.52500000,1.43500000,1.47200000,82095015.50000000,1634687999999,121585757.18510000,220048,39553887.20000000,58632812.54050000,0
