Open Time,Open,High,Low,Close,Volume,Close Time,Quote Asset Volume,Number of trades,Taker Buy Base Asset Volume,Taker Buy Quote Asset volume
1629676800000,1.62299000,1.68612000,1.59006000,1.62482000,149791238.60000000,1629763199999,245022116.98369700,455939,72901976.80000000,119303566.82847700,0
