Open Time,Open,High,Low,Close,Volume,Close Time,Quote Asset Volume,Number of trades,Taker Buy Base Asset Volume,Taker Buy Quote Asset volume
1620432000000,0.75017000,0.84988000,0.73003000,0.84888000,251853040.20000000,1620518399999,200159153.42749300,391530,129253069.00000000,102900615.62336700,0
