Open Time,Open,High,Low,Close,Volume,Close Time,Quote Asset Volume,Number of trades,Taker Buy Base Asset Volume,Taker Buy Quote Asset volume
1637020800000,1.69400000,1.69400000,1.46300000,1.55900000,133099353.40000000,1637107199999,209794910.33640000,473352,65291094.20000000,103008839.43100000,0
