Open Time,Open,High,Low,Close,Volume,Close Time,Quote Asset Volume,Number of trades,Taker Buy Base Asset Volume,Taker Buy Quote Asset volume
1627171200000,0.94795000,0.96490000,0.88590000,0.93910000,178160974.00000000,1627257599999,165129030.91404800,308105,88889759.40000000,82390866.18469300,0
