Open Time,Open,High,Low,Close,Volume,Close Time,Quote Asset Volume,Number of trades,Taker Buy Base Asset Volume,Taker Buy Quote Asset volume
1617321600000,0.36302000,0.39545000,0.35717000,0.38249000,190017129.90000000,1617407999999,71824617.87172000,144682,93125757.40000000,35217234.42231000,0
