Open Time,Open,High,Low,Close,Volume,Close Time,Quote Asset Volume,Number of trades,Taker Buy Base Asset Volume,Taker Buy Quote Asset volume
1611964800000,0.04025000,0.04689000,0.03900000,0.03999000,632562406.30000000,1612051199999,26574756.52683300,67211,303519923.50000000,12760454.33574100,0
