Open Time,Open,High,Low,Close,Volume,Close Time,Quote Asset Volume,Number of trades,Taker Buy Base Asset Volume,Taker Buy Quote Asset volume
1613606400000,0.11215000,0.13395000,0.11212000,0.12214000,582538582.70000000,1613692799999,72899482.38134000,173743,306687642.80000000,38393147.82310100,0
