Open Time,Open,High,Low,Close,Volume,Close Time,Quote Asset Volume,Number of trades,Taker Buy Base Asset Volume,Taker Buy Quote Asset volume
1635811200000,1.90300000,1.97000000,1.86200000,1.93900000,115942949.80000000,1635897599999,221899195.98390000,387234,57510735.10000000,110085766.30020000,0
