Open Time,Open,High,Low,Close,Volume,Close Time,Quote Asset Volume,Number of trades,Taker Buy Base Asset Volume,Taker Buy Quote Asset volume
1632182400000,1.13500000,1.18700000,1.01500000,1.04700000,212680253.60000000,1632268799999,236478230.82555000,370218,105060854.50000000,116940891.85497000,0
