Open Time,Open,High,Low,Close,Volume,Close Time,Quote Asset Volume,Number of trades,Taker Buy Base Asset Volume,Taker Buy Quote Asset volume
1639699200000,2.07000000,2.16100000,1.93600000,2.12700000,149995578.10000000,1639785599999,309648301.83160000,594354,73141382.40000000,151099733.57120000,0
