Open Time,Open,High,Low,Close,Volume,Close Time,Quote Asset Volume,Number of trades,Taker Buy Base Asset Volume,Taker Buy Quote Asset volume
1614297600000,0.17564000,0.20337000,0.15942000,0.19036000,1129911803.30000000,1614383999999,202067225.49804200,340874,577746606.50000000,103464145.44094900,0
