Open Time,Open,High,Low,Close,Volume,Close Time,Quote Asset Volume,Number of trades,Taker Buy Base Asset Volume,Taker Buy Quote Asset volume
1627344000000,1.01413000,1.06346000,0.93775000,1.04000000,349544062.70000000,1627430399999,349673382.34655800,576590,175728450.80000000,175862764.83398900,0
