Open Time,Open,High,Low,Close,Volume,Close Time,Quote Asset Volume,Number of trades,Taker Buy Base Asset Volume,Taker Buy Quote Asset volume
1635638400000,1.86900000,1.98400000,1.79200000,1.93900000,142641786.10000000,1635724799999,269536709.07840000,620410,69823298.00000000,132078936.04720000,0
