Open Time,Open,High,Low,Close,Volume,Close Time,Quote Asset Volume,Number of trades,Taker Buy Base Asset Volume,Taker Buy Quote Asset volume
1610841600000,0.03269000,0.03480000,0.03058000,0.03416000,352925246.00000000,1610927999999,11630350.07506200,35277,187115651.90000000,6173334.44155200,0
