Open Time,Open,High,Low,Close,Volume,Close Time,Quote Asset Volume,Number of trades,Taker Buy Base Asset Volume,Taker Buy Quote Asset volume
1628208000000,1.06561000,1.09797000,1.03515000,1.08093000,119365962.60000000,1628294399999,127347294.33820900,246517,60887916.50000000,64978471.18006300,0
