Open Time,Open,High,Low,Close,Volume,Close Time,Quote Asset Volume,Number of trades,Taker Buy Base Asset Volume,Taker Buy Quote Asset volume
1628467200000,1.08142000,1.15861000,1.03802000,1.12629000,171591288.40000000,1628553599999,190295205.66490600,358290,86483684.20000000,95859183.88322700,0
