Open Time,Open,High,Low,Close,Volume,Close Time,Quote Asset Volume,Number of trades,Taker Buy Base Asset Volume,Taker Buy Quote Asset volume
1615593600000,0.41356000,0.47000000,0.41057000,0.42474000,539596767.10000000,1615679999999,232342988.17004400,382276,267377325.60000000,115225511.54697700,0
