Open Time,Open,High,Low,Close,Volume,Close Time,Quote Asset Volume,Number of trades,Taker Buy Base Asset Volume,Taker Buy Quote Asset volume
1634342400000,1.59400000,1.60500000,1.48800000,1.50700000,195439941.90000000,1634428799999,300437549.25630000,596504,97438898.10000000,149872416.39000000,0
