Open Time,Open,High,Low,Close,Volume,Close Time,Quote Asset Volume,Number of trades,Taker Buy Base Asset Volume,Taker Buy Quote Asset volume
1616976000000,0.34591000,0.42396000,0.33719000,0.38456000,395274991.00000000,1617062399999,151259038.50477100,279679,200568699.80000000,76795180.77191400,0
