Open Time,Open,High,Low,Close,Volume,Close Time,Quote Asset Volume,Number of trades,Taker Buy Base Asset Volume,Taker Buy Quote Asset volume
1625443200000,1.14769000,1.14999000,1.08000000,1.10063000,126985673.80000000,1625529599999,142075938.69241600,240089,60300121.90000000,67496143.08449400,0
