Open Time,Open,High,Low,Close,Volume,Close Time,Quote Asset Volume,Number of trades,Taker Buy Base Asset Volume,Taker Buy Quote Asset volume
1616803200000,0.33610000,0.35676000,0.33100000,0.33195000,159556262.80000000,1616889599999,54486127.87840900,116051,79671062.20000000,27222899.30172700,0
