Open Time,Open,High,Low,Close,Volume,Close Time,Quote Asset Volume,Number of trades,Taker Buy Base Asset Volume,Taker Buy Quote Asset volume
1622419200000,1.86425000,1.93565000,1.74400000,1.87126000,678672722.80000000,1622505599999,1251737183.07412900,1705196,329413448.70000000,607863905.61139100,0
