Open Time,Open,High,Low,Close,Volume,Close Time,Quote Asset Volume,Number of trades,Taker Buy Base Asset Volume,Taker Buy Quote Asset volume
1637452800000,1.66300000,1.66700000,1.59400000,1.59800000,40091995.60000000,1637539199999,65256005.13710000,169142,19272832.00000000,31381557.67190000,0
