Open Time,Open,High,Low,Close,Volume,Close Time,Quote Asset Volume,Number of trades,Taker Buy Base Asset Volume,Taker Buy Quote Asset volume
1619740800000,0.89191000,0.94707000,0.78128000,0.82066000,799217157.70000000,1619827199999,691289176.85194600,908401,393227737.80000000,340334294.70558200,0
