Open Time,Open,High,Low,Close,Volume,Close Time,Quote Asset Volume,Number of trades,Taker Buy Base Asset Volume,Taker Buy Quote Asset volume
1636329600000,1.88500000,1.94200000,1.86100000,1.89300000,105927582.70000000,1636415999999,200532590.54360000,389265,46200569.50000000,87471491.03850000,0
