Open Time,Open,High,Low,Close,Volume,Close Time,Quote Asset Volume,Number of trades,Taker Buy Base Asset Volume,Taker Buy Quote Asset volume
1613001600000,0.11587000,0.13845000,0.11200000,0.12333000,679724272.50000000,1613087999999,86832273.61436400,207425,347383720.70000000,44404395.54134900,0
