Open Time,Open,High,Low,Close,Volume,Close Time,Quote Asset Volume,Number of trades,Taker Buy Base Asset Volume,Taker Buy Quote Asset volume
1637625600000,1.55900000,1.76300000,1.54200000,1.75100000,104048764.30000000,1637711999999,172050269.72710000,571491,50916230.10000000,84227572.17480000,0
