Open Time,Open,High,Low,Close,Volume,Close Time,Quote Asset Volume,Number of trades,Taker Buy Base Asset Volume,Taker Buy Quote Asset volume
1631577600000,1.24800000,1.34700000,1.18700000,1.31800000,131588358.10000000,1631663999999,169886601.44420000,332862,64046431.60000000,82807462.73090000,0
