Open Time,Open,High,Low,Close,Volume,Close Time,Quote Asset Volume,Number of trades,Taker Buy Base Asset Volume,Taker Buy Quote Asset volume
1630195200000,1.45800000,1.48300000,1.39400000,1.41800000,85334115.20000000,1630281599999,121836813.12030000,186603,39635615.80000000,56625937.93050000,0
