Open Time,Open,High,Low,Close,Volume,Close Time,Quote Asset Volume,Number of trades,Taker Buy Base Asset Volume,Taker Buy Quote Asset volume
1623024000000,1.58158000,1.72800000,1.45600000,1.48478000,450188736.90000000,1623110399999,731758626.15291700,1113809,217776293.80000000,354502596.82748500,0
