Open Time,Open,High,Low,Close,Volume,Close Time,Quote Asset Volume,Number of trades,Taker Buy Base Asset Volume,Taker Buy Quote Asset volume
1615161600000,0.21209000,0.22148000,0.20472000,0.21746000,182254757.40000000,1615247999999,38718700.15694900,81474,95116779.30000000,20216755.80802500,0
