Open Time,Open,High,Low,Close,Volume,Close Time,Quote Asset Volume,Number of trades,Taker Buy Base Asset Volume,Taker Buy Quote Asset volume
1635984000000,2.03800000,2.04000000,1.86200000,1.91600000,100166794.90000000,1636070399999,195294608.50770000,395231,48104243.00000000,93731945.01650000,0
