Open Time,Open,High,Low,Close,Volume,Close Time,Quote Asset Volume,Number of trades,Taker Buy Base Asset Volume,Taker Buy Quote Asset volume
1627257600000,0.93910000,1.13499000,0.93057000,1.01403000,606612371.00000000,1627343999999,639487836.97048100,1132883,301412508.40000000,317809936.01263600,0
