Open Time,Open,High,Low,Close,Volume,Close Time,Quote Asset Volume,Number of trades,Taker Buy Base Asset Volume,Taker Buy Quote Asset volume
1624233600000,1.39858000,1.41083000,1.08266000,1.09807000,477073488.00000000,1624319999999,598733158.80573400,951970,229714289.00000000,288435208.58384800,0
