Open Time,Open,High,Low,Close,Volume,Close Time,Quote Asset Volume,Number of trades,Taker Buy Base Asset Volume,Taker Buy Quote Asset volume
1633824000000,1.35100000,1.35800000,1.23300000,1.24400000,69972921.90000000,1633910399999,91499432.28940000,198332,32095997.50000000,41990811.96300000,0
