Open Time,Open,High,Low,Close,Volume,Close Time,Quote Asset Volume,Number of trades,Taker Buy Base Asset Volume,Taker Buy Quote Asset volume
1622160000000,2.03874000,2.06100000,1.66330000,1.81759000,1169728147.40000000,1622246399999,2186737197.19883200,3255174,577000370.90000000,1079368218.33618900,0
