Open Time,Open,High,Low,Close,Volume,Close Time,Quote Asset Volume,Number of trades,Taker Buy Base Asset Volume,Taker Buy Quote Asset volume
1637539200000,1.59800000,1.62100000,1.52500000,1.55900000,59193702.90000000,1637625599999,92759160.57340000,263060,29242812.70000000,45837636.32390000,0
