Open Time,Open,High,Low,Close,Volume,Close Time,Quote Asset Volume,Number of trades,Taker Buy Base Asset Volume,Taker Buy Quote Asset volume
1616284800000,0.38276000,0.40950000,0.36402000,0.38016000,152444599.40000000,1616371199999,58216415.40244400,115634,74673483.10000000,28543936.78428400,0
