Open Time,Open,High,Low,Close,Volume,Close Time,Quote Asset Volume,Number of trades,Taker Buy Base Asset Volume,Taker Buy Quote Asset volume
1624665600000,1.03981000,1.10370000,1.00531000,1.07699000,236630568.20000000,1624751999999,247698708.12803200,426525,117671076.90000000,123174859.45307100,0
