Open Time,Open,High,Low,Close,Volume,Close Time,Quote Asset Volume,Number of trades,Taker Buy Base Asset Volume,Taker Buy Quote Asset volume
1616630400000,0.32151000,0.33769000,0.29743000,0.30078000,193177201.10000000,1616716799999,61082646.76098900,136964,97801884.00000000,30914760.14154000,0
