Open Time,Open,High,Low,Close,Volume,Close Time,Quote Asset Volume,Number of trades,Taker Buy Base Asset Volume,Taker Buy Quote Asset volume
1636588800000,1.69900000,1.79000000,1.66400000,1.75400000,83483387.30000000,1636675199999,144467440.82440000,356707,41071582.00000000,71098450.58130000,0
