Open Time,Open,High,Low,Close,Volume,Close Time,Quote Asset Volume,Number of trades,Taker Buy Base Asset Volume,Taker Buy Quote Asset volume
1623196800000,1.47934000,1.53379000,1.35222000,1.49033000,452418224.80000000,1623283199999,656302943.48261400,997131,224815065.90000000,326199789.52508900,0
