Open Time,Open,High,Low,Close,Volume,Close Time,Quote Asset Volume,Number of trades,Taker Buy Base Asset Volume,Taker Buy Quote Asset volume
1637798400000,1.68500000,1.94000000,1.67000000,1.92500000,151610100.30000000,1637884799999,277077661.16140000,1171532,77699597.40000000,142133521.50730000,0
