Open Time,Open,High,Low,Close,Volume,Close Time,Quote Asset Volume,Number of trades,Taker Buy Base Asset Volume,Taker Buy Quote Asset volume
1625788800000,1.04142000,1.06950000,1.00265000,1.05200000,111501986.40000000,1625875199999,116076124.72087100,192411,56573841.60000000,58905607.02292700,0
