Open Time,Open,High,Low,Close,Volume,Close Time,Quote Asset Volume,Number of trades,Taker Buy Base Asset Volume,Taker Buy Quote Asset volume
1631145600000,1.33400000,1.45500000,1.28200000,1.36700000,209323000.10000000,1631231999999,288163497.75190000,484583,104297070.30000000,143737886.69480000,0
