Open Time,Open,High,Low,Close,Volume,Close Time,Quote Asset Volume,Number of trades,Taker Buy Base Asset Volume,Taker Buy Quote Asset volume
1623888000000,1.47892000,1.55824000,1.45331000,1.50324000,265325604.40000000,1623974399999,399639419.11707700,577483,134769136.00000000,203020639.14523800,0
