Open Time,Open,High,Low,Close,Volume,Close Time,Quote Asset Volume,Number of trades,Taker Buy Base Asset Volume,Taker Buy Quote Asset volume
1614643200000,0.24928000,0.25050000,0.21026000,0.23264000,498124592.50000000,1614729599999,114357176.04512600,232165,248273944.90000000,57009282.79803900,0
