Open Time,Open,High,Low,Close,Volume,Close Time,Quote Asset Volume,Number of trades,Taker Buy Base Asset Volume,Taker Buy Quote Asset volume
1614556800000,0.23291000,0.25402000,0.21607000,0.25010000,923912729.70000000,1614643199999,215985392.63907300,383171,473014038.80000000,110525787.39847000,0
