Open Time,Open,High,Low,Close,Volume,Close Time,Quote Asset Volume,Number of trades,Taker Buy Base Asset Volume,Taker Buy Quote Asset volume
1633910400000,1.24300000,1.30900000,1.21300000,1.24200000,64238057.10000000,1633996799999,81017466.35120000,182825,31170928.40000000,39324097.98360000,0
