Open Time,Open,High,Low,Close,Volume,Close Time,Quote Asset Volume,Number of trades,Taker Buy Base Asset Volume,Taker Buy Quote Asset volume
1617926400000,0.35576000,0.38360000,0.34968000,0.36713000,134530015.20000000,1618012799999,49068865.86954300,110825,67344615.60000000,24573751.89189700,0
