Open Time,Open,High,Low,Close,Volume,Close Time,Quote Asset Volume,Number of trades,Taker Buy Base Asset Volume,Taker Buy Quote Asset volume
1627430400000,1.04059000,1.05860000,0.99110000,1.01803000,200269460.60000000,1627516799999,205031768.36825300,356146,98376796.10000000,100773299.44766100,0
