Open Time,Open,High,Low,Close,Volume,Close Time,Quote Asset Volume,Number of trades,Taker Buy Base Asset Volume,Taker Buy Quote Asset volume
1636070400000,1.91500000,1.95000000,1.86500000,1.89600000,62769656.50000000,1636156799999,119482290.21780000,252128,30780109.30000000,58595817.25910000,0
