Open Time,Open,High,Low,Close,Volume,Close Time,Quote Asset Volume,Number of trades,Taker Buy Base Asset Volume,Taker Buy Quote Asset volume
1633219200000,1.29200000,1.34600000,1.27400000,1.32600000,100812246.80000000,1633305599999,132611243.35650000,250295,49719116.70000000,65409686.63330000,0
