Open Time,Open,High,Low,Close,Volume,Close Time,Quote Asset Volume,Number of trades,Taker Buy Base Asset Volume,Taker Buy Quote Asset volume
1636848000000,1.75100000,1.77500000,1.68600000,1.72800000,43426724.10000000,1636934399999,74985472.13740000,159737,20353234.00000000,35148278.16550000,0
