Open Time,Open,High,Low,Close,Volume,Close Time,Quote Asset Volume,Number of trades,Taker Buy Base Asset Volume,Taker Buy Quote Asset volume
1640649600000,2.72800000,2.73300000,2.44300000,2.49200000,160784463.40000000,1640735999999,416763807.38610000,905704,77148579.60000000,200019761.89130000,0
