Open Time,Open,High,Low,Close,Volume,Close Time,Quote Asset Volume,Number of trades,Taker Buy Base Asset Volume,Taker Buy Quote Asset volume
1620086400000,0.79469000,0.79891000,0.68720000,0.70375000,305417946.10000000,1620172799999,227601691.01845900,471523,143312833.10000000,106731430.10560100,0
