Open Time,Open,High,Low,Close,Volume,Close Time,Quote Asset Volume,Number of trades,Taker Buy Base Asset Volume,Taker Buy Quote Asset volume
1612569600000,0.05487000,0.05572000,0.04646000,0.05250000,490949915.70000000,1612655999999,24931191.24715400,73458,230755697.90000000,11719876.78124100,0
