Open Time,Open,High,Low,Close,Volume,Close Time,Quote Asset Volume,Number of trades,Taker Buy Base Asset Volume,Taker Buy Quote Asset volume
1620691200000,0.87522000,1.09000000,0.80000000,1.06343000,493680497.00000000,1620777599999,465286524.44919900,745029,251704319.30000000,237714912.09041700,0
