Open Time,Open,High,Low,Close,Volume,Close Time,Quote Asset Volume,Number of trades,Taker Buy Base Asset Volume,Taker Buy Quote Asset volume
1626739200000,0.73322000,0.73850000,0.62100000,0.68892000,370871474.80000000,1626825599999,251912832.44120400,459521,180425586.00000000,122513844.47112500,0
