Open Time,Open,High,Low,Close,Volume,Close Time,Quote Asset Volume,Number of trades,Taker Buy Base Asset Volume,Taker Buy Quote Asset volume
1640044800000,2.13000000,2.41200000,2.10700000,2.37200000,148482305.10000000,1640131199999,340736398.92180000,769245,75350973.60000000,172817225.04360000,0
