Open Time,Open,High,Low,Close,Volume,Close Time,Quote Asset Volume,Number of trades,Taker Buy Base Asset Volume,Taker Buy Quote Asset volume
1615334400000,0.29921000,0.34050000,0.28000000,0.28678000,859362194.30000000,1615420799999,268081812.89738100,459628,425634413.10000000,132919864.83443300,0
