Open Time,Open,High,Low,Close,Volume,Close Time,Quote Asset Volume,Number of trades,Taker Buy Base Asset Volume,Taker Buy Quote Asset volume
1609804800000,0.02468000,0.02708000,0.02351000,0.02440000,915763524.60000000,1609891199999,22784374.65038300,75159,479549746.40000000,11939649.85338000,0
