Open Time,Open,High,Low,Close,Volume,Close Time,Quote Asset Volume,Number of trades,Taker Buy Base Asset Volume,Taker Buy Quote Asset volume
1619049600000,0.35702000,0.42159000,0.34340000,0.34929000,534467505.20000000,1619135999999,209307361.48482400,403211,265761261.00000000,104232169.19203500,0
