Open Time,Open,High,Low,Close,Volume,Close Time,Quote Asset Volume,Number of trades,Taker Buy Base Asset Volume,Taker Buy Quote Asset volume
1613779200000,0.15339000,0.20100000,0.13000000,0.14443000,1518699825.90000000,1613865599999,260674198.81302600,501592,769168228.50000000,131984001.70460400,0
