Open Time,Open,High,Low,Close,Volume,Close Time,Quote Asset Volume,Number of trades,Taker Buy Base Asset Volume,Taker Buy Quote Asset volume
1621555200000,1.82785000,1.97000000,1.19222000,1.48350000,925730809.10000000,1621641599999,1464737369.52377100,2086897,451020215.40000000,714984033.92963100,0
