Open Time,Open,High,Low,Close,Volume,Close Time,Quote Asset Volume,Number of trades,Taker Buy Base Asset Volume,Taker Buy Quote Asset volume
1621900800000,1.74730000,1.94800000,1.51100000,1.93463000,1411469800.10000000,1621987199999,2416797573.39668700,3638992,704415967.30000000,1208433228.19509700,0
