Open Time,Open,High,Low,Close,Volume,Close Time,Quote Asset Volume,Number of trades,Taker Buy Base Asset Volume,Taker Buy Quote Asset volume
1628121600000,1.05341000,1.07453000,1.01100000,1.06558000,138199453.00000000,1628207999999,144707902.60999900,254041,65696586.00000000,68827838.03923500,0
