Open Time,Open,High,Low,Close,Volume,Close Time,Quote Asset Volume,Number of trades,Taker Buy Base Asset Volume,Taker Buy Quote Asset volume
1611705600000,0.04335000,0.04833000,0.03748000,0.04175000,1282626953.00000000,1611791999999,54881319.18361600,120568,656749127.10000000,28122615.07788800,0
