Open Time,Open,High,Low,Close,Volume,Close Time,Quote Asset Volume,Number of trades,Taker Buy Base Asset Volume,Taker Buy Quote Asset volume
1622678400000,1.79913000,1.88500000,1.76100000,1.82434000,311112075.60000000,1622764799999,566256409.40350900,783839,155370734.30000000,282942503.31026900,0
