Open Time,Open,High,Low,Close,Volume,Close Time,Quote Asset Volume,Number of trades,Taker Buy Base Asset Volume,Taker Buy Quote Asset volume
1632441600000,1.22500000,1.23000000,1.04700000,1.12600000,147894771.30000000,1632527999999,167224244.89900000,303967,71846216.50000000,81310915.48830000,0
