Open Time,Open,High,Low,Close,Volume,Close Time,Quote Asset Volume,Number of trades,Taker Buy Base Asset Volume,Taker Buy Quote Asset volume
1638662400000,1.97400000,2.19900000,1.88200000,2.05100000,310626335.90000000,1638748799999,634901759.85740000,1254071,154765767.20000000,316654321.20420000,0
