Open Time,Open,High,Low,Close,Volume,Close Time,Quote Asset Volume,Number of trades,Taker Buy Base Asset Volume,Taker Buy Quote Asset volume
1627603200000,1.02787000,1.07133000,0.99496000,1.06595000,176127462.80000000,1627689599999,181626803.45863800,323026,87218045.10000000,89983567.04345800,0
