Open Time,Open,High,Low,Close,Volume,Close Time,Quote Asset Volume,Number of trades,Taker Buy Base Asset Volume,Taker Buy Quote Asset volume
1613952000000,0.16233000,0.16757000,0.11996000,0.15217000,794306581.20000000,1614038399999,119623098.64765300,256004,405834213.20000000,61255333.01299300,0
