Open Time,Open,High,Low,Close,Volume,Close Time,Quote Asset Volume,Number of trades,Taker Buy Base Asset Volume,Taker Buy Quote Asset volume
1634169600000,1.24100000,1.29000000,1.22800000,1.26400000,67744720.00000000,1634255999999,85404464.82870000,189495,34229718.80000000,43168275.27030000,0
