Open Time,Open,High,Low,Close,Volume,Close Time,Quote Asset Volume,Number of trades,Taker Buy Base Asset Volume,Taker Buy Quote Asset volume
1639094400000,2.08400000,2.29100000,2.03800000,2.09200000,337275662.10000000,1639180799999,730950303.68300000,1210963,165514928.20000000,359142018.57920000,0
