Open Time,Open,High,Low,Close,Volume,Close Time,Quote Asset Volume,Number of trades,Taker Buy Base Asset Volume,Taker Buy Quote Asset volume
1628553600000,1.12626000,1.17888000,1.10852000,1.15611000,198586008.10000000,1628639999999,226869072.34930800,410525,99797158.60000000,114066383.14075800,0
