Open Time,Open,High,Low,Close,Volume,Close Time,Quote Asset Volume,Number of trades,Taker Buy Base Asset Volume,Taker Buy Quote Asset volume
1638230400000,1.81700000,1.88000000,1.69600000,1.78500000,125119085.10000000,1638316799999,223987169.67370000,701347,61353972.40000000,109827526.35990000,0
