Open Time,Open,High,Low,Close,Volume,Close Time,Quote Asset Volume,Number of trades,Taker Buy Base Asset Volume,Taker Buy Quote Asset volume
1625961600000,1.03009000,1.05989000,1.02020000,1.04231000,57655857.30000000,1626047999999,59905739.65827700,104448,29118366.60000000,30257689.37246300,0
