Open Time,Open,High,Low,Close,Volume,Close Time,Quote Asset Volume,Number of trades,Taker Buy Base Asset Volume,Taker Buy Quote Asset volume
1621814400000,1.07306000,1.98152000,1.06163000,1.74861000,2248051319.40000000,1621900799999,3470132411.75283500,5095166,1137917264.60000000,1759531049.49460400,0
