Open Time,Open,High,Low,Close,Volume,Close Time,Quote Asset Volume,Number of trades,Taker Buy Base Asset Volume,Taker Buy Quote Asset volume
1634947200000,1.51800000,1.67700000,1.49700000,1.64100000,167979804.60000000,1635033599999,270126168.55370000,621278,85218685.20000000,137180231.56910000,0
