Open Time,Open,High,Low,Close,Volume,Close Time,Quote Asset Volume,Number of trades,Taker Buy Base Asset Volume,Taker Buy Quote Asset volume
1638316800000,1.78400000,2.09400000,1.77000000,2.00500000,236434812.70000000,1638403199999,465389291.37170000,1649355,117842826.90000000,231726774.31310000,0
