Open Time,Open,High,Low,Close,Volume,Close Time,Quote Asset Volume,Number of trades,Taker Buy Base Asset Volume,Taker Buy Quote Asset volume
1634083200000,1.22300000,1.26300000,1.18800000,1.24100000,70321411.80000000,1634169599999,86051816.66870000,186003,34935858.10000000,42772161.37140000,0
