Open Time,Open,High,Low,Close,Volume,Close Time,Quote Asset Volume,Number of trades,Taker Buy Base Asset Volume,Taker Buy Quote Asset volume
1638144000000,1.65200000,1.83400000,1.62900000,1.81600000,84572444.80000000,1638230399999,145436066.37330000,415230,42031798.10000000,72289867.36910000,0
