Open Time,Open,High,Low,Close,Volume,Close Time,Quote Asset Volume,Number of trades,Taker Buy Base Asset Volume,Taker Buy Quote Asset volume
1628985600000,1.44134000,1.48600000,1.36739000,1.46666000,165026629.90000000,1629071999999,235544572.49977600,418776,81051807.80000000,115700293.96558400,0
