Open Time,Open,High,Low,Close,Volume,Close Time,Quote Asset Volume,Number of trades,Taker Buy Base Asset Volume,Taker Buy Quote Asset volume
1614384000000,0.19067000,0.23171000,0.18833000,0.19710000,988975732.90000000,1614470399999,208931402.46290200,365609,500243460.60000000,105833684.89777700,0
