Open Time,Open,High,Low,Close,Volume,Close Time,Quote Asset Volume,Number of trades,Taker Buy Base Asset Volume,Taker Buy Quote Asset volume
1624060800000,1.37972000,1.43257000,1.34835000,1.35812000,231250441.00000000,1624147199999,321715645.71763500,498047,115498516.20000000,160725258.31258300,0
