Open Time,Open,High,Low,Close,Volume,Close Time,Quote Asset Volume,Number of trades,Taker Buy Base Asset Volume,Taker Buy Quote Asset volume
1613260800000,0.11155000,0.11597000,0.09422000,0.10002000,435675175.30000000,1613347199999,45667668.79024100,116468,214751525.00000000,22523990.53670500,0
