Open Time,Open,High,Low,Close,Volume,Close Time,Quote Asset Volume,Number of trades,Taker Buy Base Asset Volume,Taker Buy Quote Asset volume
1621468800000,1.62000000,2.19999000,1.33000000,1.83289000,1123879996.60000000,1621555199999,2083222195.67518800,3102412,557724580.70000000,1035250564.56987800,0
