Open Time,Open,High,Low,Close,Volume,Close Time,Quote Asset Volume,Number of trades,Taker Buy Base Asset Volume,Taker Buy Quote Asset volume
1635379200000,1.75500000,2.17800000,1.75500000,2.13400000,411270337.70000000,1635465599999,802716879.66225700,2191109,208755749.70000000,407909567.80955700,0
