Open Time,Open,High,Low,Close,Volume,Close Time,Quote Asset Volume,Number of trades,Taker Buy Base Asset Volume,Taker Buy Quote Asset volume
1619913600000,0.78531000,0.82795000,0.74000000,0.82132000,312057554.60000000,1619999999999,246364794.02294100,471706,149878591.80000000,118356566.49963200,0
