Open Time,Open,High,Low,Close,Volume,Close Time,Quote Asset Volume,Number of trades,Taker Buy Base Asset Volume,Taker Buy Quote Asset volume
1629504000000,1.54942000,1.70000000,1.51182000,1.58324000,260862252.00000000,1629590399999,426229904.50757800,939213,128095142.70000000,209365218.02123200,0
