Open Time,Open,High,Low,Close,Volume,Close Time,Quote Asset Volume,Number of trades,Taker Buy Base Asset Volume,Taker Buy Quote Asset volume
1632787200000,1.08500000,1.11200000,1.04600000,1.05000000,70008132.70000000,1632873599999,75322513.57070000,125689,34451692.70000000,37075780.43230000,0
