Open Time,Open,High,Low,Close,Volume,Close Time,Quote Asset Volume,Number of trades,Taker Buy Base Asset Volume,Taker Buy Quote Asset volume
1626134400000,0.99486000,0.99573000,0.93666000,0.94572000,104117684.50000000,1626220799999,100530233.19581300,184541,51500540.80000000,49730441.93661500,0
