Open Time,Open,High,Low,Close,Volume,Close Time,Quote Asset Volume,Number of trades,Taker Buy Base Asset Volume,Taker Buy Quote Asset volume
1636156800000,1.89600000,1.92600000,1.80900000,1.88300000,52407084.30000000,1636243199999,98013811.83710000,231829,25751585.60000000,48175715.83020000,0
