Open Time,Open,High,Low,Close,Volume,Close Time,Quote Asset Volume,Number of trades,Taker Buy Base Asset Volume,Taker Buy Quote Asset volume
1629763200000,1.62367000,1.63000000,1.43515000,1.47371000,168472769.10000000,1629849599999,258650411.21140600,471419,83345693.40000000,127890317.43526700,0
