Open Time,Open,High,Low,Close,Volume,Close Time,Quote Asset Volume,Number of trades,Taker Buy Base Asset Volume,Taker Buy Quote Asset volume
1632873600000,1.05000000,1.11200000,1.04300000,1.09900000,73483897.10000000,1632959999999,79857542.05060000,132093,35954220.90000000,39077969.13050000,0
