Open Time,Open,High,Low,Close,Volume,Close Time,Quote Asset Volume,Number of trades,Taker Buy Base Asset Volume,Taker Buy Quote Asset volume
1628380800000,1.16647000,1.17960000,1.06844000,1.08129000,165071670.00000000,1628467199999,186372988.74633100,330580,78575021.10000000,88787756.34580300,0
