Open Time,Open,High,Low,Close,Volume,Close Time,Quote Asset Volume,Number of trades,Taker Buy Base Asset Volume,Taker Buy Quote Asset volume
1613347200000,0.10055000,0.11977000,0.08149000,0.10717000,795291029.10000000,1613433599999,82506590.79542300,198032,390771584.10000000,40633580.50546600,0
