Open Time,Open,High,Low,Close,Volume,Close Time,Quote Asset Volume,Number of trades,Taker Buy Base Asset Volume,Taker Buy Quote Asset volume
1620518400000,0.84888000,1.05798000,0.78762000,0.96945000,1049416756.00000000,1620604799999,998767265.69454200,1461911,533907134.20000000,508016912.54199400,0
