Open Time,Open,High,Low,Close,Volume,Close Time,Quote Asset Volume,Number of trades,Taker Buy Base Asset Volume,Taker Buy Quote Asset volume
1625356800000,1.11819000,1.17947000,1.09466000,1.14733000,132086411.30000000,1625443199999,151639385.31026300,284987,67653352.10000000,77665838.00588400,0
