Open Time,Open,High,Low,Close,Volume,Close Time,Quote Asset Volume,Number of trades,Taker Buy Base Asset Volume,Taker Buy Quote Asset volume
1636502400000,1.77500000,1.89300000,1.52700000,1.70000000,187475989.50000000,1636588799999,328663728.40740000,841276,90256749.30000000,158428514.95920000,0
