Open Time,Open,High,Low,Close,Volume,Close Time,Quote Asset Volume,Number of trades,Taker Buy Base Asset Volume,Taker Buy Quote Asset volume
1615766400000,0.38041000,0.43098000,0.37823000,0.39110000,412939725.40000000,1615852799999,168502735.10508400,311338,206133251.90000000,84231499.61021000,0
