Open Time,Open,High,Low,Close,Volume,Close Time,Quote Asset Volume,Number of trades,Taker Buy Base Asset Volume,Taker Buy Quote Asset volume
1612656000000,0.05255000,0.06900000,0.04783000,0.06646000,750740437.70000000,1612742399999,43586298.72338200,109112,387524850.40000000,22579674.33041400,0
