Open Time,Open,High,Low,Close,Volume,Close Time,Quote Asset Volume,Number of trades,Taker Buy Base Asset Volume,Taker Buy Quote Asset volume
1613088000000,0.12332000,0.12980000,0.11354000,0.12071000,458722829.40000000,1613174399999,55895187.62876000,133756,240500927.00000000,29331278.80881900,0
