Open Time,Open,High,Low,Close,Volume,Close Time,Quote Asset Volume,Number of trades,Taker Buy Base Asset Volume,Taker Buy Quote Asset volume
1616371200000,0.38044000,0.38422000,0.32100000,0.34594000,152178072.50000000,1616457599999,55067401.56185300,116166,73233945.70000000,26531765.12690700,0
