Open Time,Open,High,Low,Close,Volume,Close Time,Quote Asset Volume,Number of trades,Taker Buy Base Asset Volume,Taker Buy Quote Asset volume
1628035200000,1.02249000,1.07096000,1.00844000,1.05387000,112676829.20000000,1628121599999,117364997.16617200,202657,58979373.60000000,61458332.15846700,0
