Open Time,Open,High,Low,Close,Volume,Close Time,Quote Asset Volume,Number of trades,Taker Buy Base Asset Volume,Taker Buy Quote Asset volume
1629158400000,1.41924000,1.53300000,1.33000000,1.34998000,248378838.60000000,1629244799999,356880741.12499400,626779,122897401.80000000,176628749.69980800,0
