Open Time,Open,High,Low,Close,Volume,Close Time,Quote Asset Volume,Number of trades,Taker Buy Base Asset Volume,Taker Buy Quote Asset volume
1635206400000,1.67400000,1.85800000,1.65600000,1.73400000,220852197.60000000,1635292799999,392702771.37995900,1147078,112092146.60000000,199352365.90525900,0
