Open Time,Open,High,Low,Close,Volume,Close Time,Quote Asset Volume,Number of trades,Taker Buy Base Asset Volume,Taker Buy Quote Asset volume
1640131200000,2.37200000,2.65300000,2.36700000,2.50100000,215598006.70000000,1640217599999,547865077.35754200,1902897,108704134.50000000,276261282.82844200,0
