Open Time,Open,High,Low,Close,Volume,Close Time,Quote Asset Volume,Number of trades,Taker Buy Base Asset Volume,Taker Buy Quote Asset volume
1658361600000,0.83180000,0.92890000,0.79660000,0.90570000,242710579.00000000,1658447999999,210937746.81900000,538109,120513980.90000000,104853638.64148000,0
