Open Time,Open,High,Low,Close,Volume,Close Time,Quote Asset Volume,Number of trades,Taker Buy Base Asset Volume,Taker Buy Quote Asset volume
1642550400000,2.12100000,2.14300000,2.01300000,2.03000000,92522186.70000000,1642636799999,192206020.09700000,348139,44937609.60000000,93423585.89560000,0
