Open Time,Open,High,Low,Close,Volume,Close Time,Quote Asset Volume,Number of trades,Taker Buy Base Asset Volume,Taker Buy Quote Asset volume
1652140800000,0.81000000,0.99000000,0.79000000,0.88900000,272210112.00000000,1652227199999,246387187.96690000,373612,138146993.90000000,125161697.87740000,0
