Open Time,Open,High,Low,Close,Volume,Close Time,Quote Asset Volume,Number of trades,Taker Buy Base Asset Volume,Taker Buy Quote Asset volume
1649030400000,1.68700000,1.68900000,1.60600000,1.64800000,43208078.20000000,1649116799999,71340229.30730000,148960,20988650.00000000,34662747.23750000,0
