Open Time,Open,High,Low,Close,Volume,Close Time,Quote Asset Volume,Number of trades,Taker Buy Base Asset Volume,Taker Buy Quote Asset volume
1653868800000,0.59900000,0.66100000,0.59500000,0.65800000,86675025.60000000,1653955199999,54923779.90930000,95848,41162117.30000000,26090649.04290000,0
