Open Time,Open,High,Low,Close,Volume,Close Time,Quote Asset Volume,Number of trades,Taker Buy Base Asset Volume,Taker Buy Quote Asset volume
1649721600000,1.33400000,1.47500000,1.32600000,1.39400000,64754216.80000000,1649807999999,90793144.17950000,181824,32571390.00000000,45643736.04750000,0
