Open Time,Open,High,Low,Close,Volume,Close Time,Quote Asset Volume,Number of trades,Taker Buy Base Asset Volume,Taker Buy Quote Asset volume
1647907200000,1.46500000,1.53400000,1.45800000,1.50600000,49106145.20000000,1647993599999,73992373.51870000,131261,25012345.80000000,37689848.79950000,0
