Open Time,Open,High,Low,Close,Volume,Close Time,Quote Asset Volume,Number of trades,Taker Buy Base Asset Volume,Taker Buy Quote Asset volume
1647820800000,1.46600000,1.49800000,1.44200000,1.46500000,39193447.10000000,1647907199999,57580052.05020000,103702,19136385.80000000,28125026.51740000,0
