Open Time,Open,High,Low,Close,Volume,Close Time,Quote Asset Volume,Number of trades,Taker Buy Base Asset Volume,Taker Buy Quote Asset volume
1643414400000,1.67300000,1.74000000,1.64900000,1.69600000,59414339.50000000,1643500799999,101047242.71680000,240072,28546145.80000000,48567869.59240000,0
