Open Time,Open,High,Low,Close,Volume,Close Time,Quote Asset Volume,Number of trades,Taker Buy Base Asset Volume,Taker Buy Quote Asset volume
1671667200000,0.79390000,0.79760000,0.76980000,0.79660000,47522907.20000000,1671753599999,37389458.48310000,77652,23617613.60000000,18582168.41496000,0
