Open Time,Open,High,Low,Close,Volume,Close Time,Quote Asset Volume,Number of trades,Taker Buy Base Asset Volume,Taker Buy Quote Asset volume
1646438400000,1.47700000,1.51600000,1.44800000,1.50800000,41939605.60000000,1646524799999,62302818.66710000,107629,20423138.40000000,30357882.11040000,0
