Open Time,Open,High,Low,Close,Volume,Close Time,Quote Asset Volume,Number of trades,Taker Buy Base Asset Volume,Taker Buy Quote Asset volume
1668729600000,0.87430000,0.89970000,0.86820000,0.87950000,67124443.70000000,1668815999999,59437822.78536000,166500,34774117.70000000,30785723.57775000,0
