Open Time,Open,High,Low,Close,Volume,Close Time,Quote Asset Volume,Number of trades,Taker Buy Base Asset Volume,Taker Buy Quote Asset volume
1647734400000,1.53000000,1.53700000,1.45800000,1.46500000,30710783.60000000,1647820799999,45773851.08840000,97352,14309205.80000000,21337889.08280000,0
