Open Time,Open,High,Low,Close,Volume,Close Time,Quote Asset Volume,Number of trades,Taker Buy Base Asset Volume,Taker Buy Quote Asset volume
1641686400000,1.98400000,2.16900000,1.96000000,2.11400000,65727897.00000000,1641772799999,135305006.16600000,286950,31543460.80000000,64953031.58250000,0
