Open Time,Open,High,Low,Close,Volume,Close Time,Quote Asset Volume,Number of trades,Taker Buy Base Asset Volume,Taker Buy Quote Asset volume
1655683200000,0.38400000,0.41100000,0.35900000,0.40000000,114184332.30000000,1655769599999,44466812.36210000,104544,58984990.30000000,22991487.68630000,0
