Open Time,Open,High,Low,Close,Volume,Close Time,Quote Asset Volume,Number of trades,Taker Buy Base Asset Volume,Taker Buy Quote Asset volume
1650326400000,1.41800000,1.45000000,1.39300000,1.42700000,45777866.80000000,1650412799999,65011396.47480000,125666,22990043.10000000,32652819.35440000,0
