Open Time,Open,High,Low,Close,Volume,Close Time,Quote Asset Volume,Number of trades,Taker Buy Base Asset Volume,Taker Buy Quote Asset volume
1648252800000,1.57900000,1.61600000,1.56700000,1.61100000,22458476.10000000,1648339199999,35767475.44330000,72648,11620084.50000000,18515647.18380000,0
