Open Time,Open,High,Low,Close,Volume,Close Time,Quote Asset Volume,Number of trades,Taker Buy Base Asset Volume,Taker Buy Quote Asset volume
1657497600000,0.57170000,0.59840000,0.53630000,0.56300000,168479902.20000000,1657583999999,95385324.26201000,312769,81462759.90000000,46180690.69085000,0
