Open Time,Open,High,Low,Close,Volume,Close Time,Quote Asset Volume,Number of trades,Taker Buy Base Asset Volume,Taker Buy Quote Asset volume
1644364800000,1.94200000,2.06000000,1.88900000,2.03700000,92733530.60000000,1644451199999,183681820.14510000,368224,45595722.10000000,90301636.62560000,0
