Open Time,Open,High,Low,Close,Volume,Close Time,Quote Asset Volume,Number of trades,Taker Buy Base Asset Volume,Taker Buy Quote Asset volume
1650153600000,1.38800000,1.39000000,1.33200000,1.33700000,20188054.40000000,1650239999999,27665464.09130000,61509,9964590.80000000,13657668.23990000,0
