Open Time,Open,High,Low,Close,Volume,Close Time,Quote Asset Volume,Number of trades,Taker Buy Base Asset Volume,Taker Buy Quote Asset volume
1654819200000,0.63400000,0.66300000,0.59000000,0.59400000,84427247.70000000,1654905599999,52795041.73100000,102926,42201683.60000000,26428108.80970000,0
