Open Time,Open,High,Low,Close,Volume,Close Time,Quote Asset Volume,Number of trades,Taker Buy Base Asset Volume,Taker Buy Quote Asset volume
1653350400000,0.64200000,0.66900000,0.61100000,0.66300000,75641116.00000000,1653436799999,48328186.54000000,87041,36555106.10000000,23371806.10170000,0
