Open Time,Open,High,Low,Close,Volume,Close Time,Quote Asset Volume,Number of trades,Taker Buy Base Asset Volume,Taker Buy Quote Asset volume
1654041600000,0.66200000,0.67100000,0.58500000,0.60000000,92155393.90000000,1654127999999,58036692.66760000,102364,43707836.70000000,27506920.85040000,0
