Open Time,Open,High,Low,Close,Volume,Close Time,Quote Asset Volume,Number of trades,Taker Buy Base Asset Volume,Taker Buy Quote Asset volume
1651104000000,1.25700000,1.28000000,1.22600000,1.23700000,45259868.30000000,1651190399999,56660663.98470000,100505,22709482.60000000,28432318.36460000,0
