Open Time,Open,High,Low,Close,Volume,Close Time,Quote Asset Volume,Number of trades,Taker Buy Base Asset Volume,Taker Buy Quote Asset volume
1659657600000,0.89150000,0.93790000,0.88900000,0.92800000,70273119.40000000,1659743999999,64398405.74391000,202894,35253754.10000000,32316576.37975000,0
