Open Time,Open,High,Low,Close,Volume,Close Time,Quote Asset Volume,Number of trades,Taker Buy Base Asset Volume,Taker Buy Quote Asset volume
1671148800000,0.87870000,0.89100000,0.78130000,0.79530000,101403720.70000000,1671235199999,84944651.10726000,205947,47089450.10000000,39488276.34976000,0
