Open Time,Open,High,Low,Close,Volume,Close Time,Quote Asset Volume,Number of trades,Taker Buy Base Asset Volume,Taker Buy Quote Asset volume
1664236800000,0.75570000,0.79370000,0.72610000,0.73890000,99429969.00000000,1664323199999,76024934.68091000,181056,49559198.80000000,37836012.73073000,0
