Open Time,Open,High,Low,Close,Volume,Close Time,Quote Asset Volume,Number of trades,Taker Buy Base Asset Volume,Taker Buy Quote Asset volume
1665360000000,0.82550000,0.84310000,0.81160000,0.81360000,52677506.30000000,1665446399999,43767935.13103000,98118,27057905.50000000,22489985.41504000,0
