Open Time,Open,High,Low,Close,Volume,Close Time,Quote Asset Volume,Number of trades,Taker Buy Base Asset Volume,Taker Buy Quote Asset volume
1662681600000,0.84490000,0.90100000,0.84210000,0.89050000,71296589.80000000,1662767999999,62738367.78249000,175307,36061155.00000000,31726655.31500000,0
