Open Time,Open,High,Low,Close,Volume,Close Time,Quote Asset Volume,Number of trades,Taker Buy Base Asset Volume,Taker Buy Quote Asset volume
1663113600000,0.84600000,0.86820000,0.83020000,0.86450000,59338753.10000000,1663199999999,50573516.80836000,149172,28846586.80000000,24582616.85117000,0
