Open Time,Open,High,Low,Close,Volume,Close Time,Quote Asset Volume,Number of trades,Taker Buy Base Asset Volume,Taker Buy Quote Asset volume
1655596800000,0.34600000,0.38500000,0.32700000,0.38400000,112312742.80000000,1655683199999,39550390.27440000,99575,57517243.90000000,20267240.58480000,0
