Open Time,Open,High,Low,Close,Volume,Close Time,Quote Asset Volume,Number of trades,Taker Buy Base Asset Volume,Taker Buy Quote Asset volume
1643673600000,1.64200000,1.67900000,1.61300000,1.64700000,65117122.00000000,1643759999999,107209047.17170000,250932,33452574.40000000,55065273.27280000,0
