Open Time,Open,High,Low,Close,Volume,Close Time,Quote Asset Volume,Number of trades,Taker Buy Base Asset Volume,Taker Buy Quote Asset volume
1642204800000,2.33400000,2.39800000,2.29500000,2.34600000,54115900.40000000,1642291199999,127414017.30630000,289132,27747514.20000000,65347955.75360000,0
