Open Time,Open,High,Low,Close,Volume,Close Time,Quote Asset Volume,Number of trades,Taker Buy Base Asset Volume,Taker Buy Quote Asset volume
1656633600000,0.48080000,0.49820000,0.44960000,0.46210000,296499618.20000000,1656719999999,140719600.79108000,328379,148686339.40000000,70549965.01971000,0
