Open Time,Open,High,Low,Close,Volume,Close Time,Quote Asset Volume,Number of trades,Taker Buy Base Asset Volume,Taker Buy Quote Asset volume
1665705600000,0.77480000,0.82280000,0.77470000,0.79330000,56700990.90000000,1665791999999,45514763.05958000,138600,28764185.40000000,23087463.12235000,0
