Open Time,Open,High,Low,Close,Volume,Close Time,Quote Asset Volume,Number of trades,Taker Buy Base Asset Volume,Taker Buy Quote Asset volume
1662336000000,0.89500000,0.90340000,0.86200000,0.88190000,44151340.30000000,1662422399999,38781040.01225000,109307,21415320.60000000,18810597.23550000,0
