Open Time,Open,High,Low,Close,Volume,Close Time,Quote Asset Volume,Number of trades,Taker Buy Base Asset Volume,Taker Buy Quote Asset volume
1653004800000,0.65900000,0.68000000,0.61700000,0.63400000,76951665.10000000,1653091199999,49890493.36540000,93338,38024527.00000000,24687673.01270000,0
