Open Time,Open,High,Low,Close,Volume,Close Time,Quote Asset Volume,Number of trades,Taker Buy Base Asset Volume,Taker Buy Quote Asset volume
1658016000000,0.72920000,0.79000000,0.71870000,0.75290000,155085808.80000000,1658102399999,118077971.39904000,315931,77514414.40000000,59012044.40380000,0
