Open Time,Open,High,Low,Close,Volume,Close Time,Quote Asset Volume,Number of trades,Taker Buy Base Asset Volume,Taker Buy Quote Asset volume
1653782400000,0.58800000,0.60200000,0.57400000,0.60000000,45902271.00000000,1653868799999,27024438.33950000,49649,22144937.70000000,13041823.74800000,0
