Open Time,Open,High,Low,Close,Volume,Close Time,Quote Asset Volume,Number of trades,Taker Buy Base Asset Volume,Taker Buy Quote Asset volume
1667174400000,0.90840000,0.92980000,0.89310000,0.90260000,59360219.50000000,1667260799999,54011618.44960000,133600,29980626.80000000,27275392.52023000,0
