Open Time,Open,High,Low,Close,Volume,Close Time,Quote Asset Volume,Number of trades,Taker Buy Base Asset Volume,Taker Buy Quote Asset volume
1671840000000,0.79920000,0.80110000,0.79300000,0.79580000,16152930.60000000,1671926399999,12878966.91154000,32994,7572414.30000000,6037574.74593000,0
