Open Time,Open,High,Low,Close,Volume,Close Time,Quote Asset Volume,Number of trades,Taker Buy Base Asset Volume,Taker Buy Quote Asset volume
1648598400000,1.67500000,1.72700000,1.62700000,1.68200000,59119929.30000000,1648684799999,99503275.14370000,194421,30433149.70000000,51259633.80450000,0
