Open Time,Open,High,Low,Close,Volume,Close Time,Quote Asset Volume,Number of trades,Taker Buy Base Asset Volume,Taker Buy Quote Asset volume
1662163200000,0.87200000,0.89030000,0.86650000,0.88900000,42944128.20000000,1662249599999,37707804.64416000,111468,20256756.30000000,17787633.86465000,0
