Open Time,Open,High,Low,Close,Volume,Close Time,Quote Asset Volume,Number of trades,Taker Buy Base Asset Volume,Taker Buy Quote Asset volume
1645660800000,1.43600000,1.51500000,1.24500000,1.44100000,272876939.50000000,1645747199999,367906659.51390000,510363,136494189.30000000,184024425.33700000,0
