Open Time,Open,High,Low,Close,Volume,Close Time,Quote Asset Volume,Number of trades,Taker Buy Base Asset Volume,Taker Buy Quote Asset volume
1668643200000,0.89810000,0.91230000,0.86260000,0.87430000,101835293.20000000,1668729599999,89998051.19366000,252240,50854505.90000000,44921855.04390000,0
