Open Time,Open,High,Low,Close,Volume,Close Time,Quote Asset Volume,Number of trades,Taker Buy Base Asset Volume,Taker Buy Quote Asset volume
1651708800000,1.17300000,1.18700000,1.02900000,1.06400000,86554618.80000000,1651795199999,95327757.30360000,153343,41165556.00000000,45367211.27080000,0
