Open Time,Open,High,Low,Close,Volume,Close Time,Quote Asset Volume,Number of trades,Taker Buy Base Asset Volume,Taker Buy Quote Asset volume
1651536000000,1.07700000,1.11700000,1.05400000,1.07600000,53733584.20000000,1651622399999,58565136.19420000,87943,27885605.40000000,30408255.51820000,0
