Open Time,Open,High,Low,Close,Volume,Close Time,Quote Asset Volume,Number of trades,Taker Buy Base Asset Volume,Taker Buy Quote Asset volume
1662940800000,0.89340000,0.94040000,0.87170000,0.93010000,102118481.70000000,1663027199999,93200538.44075000,271807,52053632.90000000,47491403.49623000,0
