Open Time,Open,High,Low,Close,Volume,Close Time,Quote Asset Volume,Number of trades,Taker Buy Base Asset Volume,Taker Buy Quote Asset volume
1653177600000,0.65000000,0.68300000,0.64000000,0.67600000,45693696.30000000,1653263999999,30263396.70930000,59706,23574320.20000000,15619370.08550000,0
