Open Time,Open,High,Low,Close,Volume,Close Time,Quote Asset Volume,Number of trades,Taker Buy Base Asset Volume,Taker Buy Quote Asset volume
1655164800000,0.43100000,0.45400000,0.39600000,0.41500000,158226148.40000000,1655251199999,67277439.56209900,160756,75580693.00000000,32173840.24930000,0
