Open Time,Open,High,Low,Close,Volume,Close Time,Quote Asset Volume,Number of trades,Taker Buy Base Asset Volume,Taker Buy Quote Asset volume
1671235200000,0.79530000,0.81880000,0.78160000,0.81560000,59801878.40000000,1671321599999,48035418.84564000,109204,28523361.40000000,22910811.19494000,0
