Open Time,Open,High,Low,Close,Volume,Close Time,Quote Asset Volume,Number of trades,Taker Buy Base Asset Volume,Taker Buy Quote Asset volume
1647129600000,1.39700000,1.42100000,1.35200000,1.36000000,30337041.00000000,1647215999999,42303197.65720000,84571,14581580.70000000,20342829.50220000,0
