Open Time,Open,High,Low,Close,Volume,Close Time,Quote Asset Volume,Number of trades,Taker Buy Base Asset Volume,Taker Buy Quote Asset volume
1660521600000,1.00040000,1.03430000,0.93150000,0.95050000,83213360.70000000,1660607999999,80951849.18403000,252055,42471053.50000000,41332226.76471000,0
