Open Time,Open,High,Low,Close,Volume,Close Time,Quote Asset Volume,Number of trades,Taker Buy Base Asset Volume,Taker Buy Quote Asset volume
1643500800000,1.69700000,1.70900000,1.57600000,1.60400000,60973806.80000000,1643587199999,99978189.43670000,213529,30100260.80000000,49407661.49590000,0
