Open Time,Open,High,Low,Close,Volume,Close Time,Quote Asset Volume,Number of trades,Taker Buy Base Asset Volume,Taker Buy Quote Asset volume
1658448000000,0.90570000,0.93500000,0.84500000,0.85080000,161751526.10000000,1658534399999,144230596.90405000,394096,79085601.20000000,70595523.45884000,0
