Open Time,Open,High,Low,Close,Volume,Close Time,Quote Asset Volume,Number of trades,Taker Buy Base Asset Volume,Taker Buy Quote Asset volume
1659052800000,0.93400000,0.99310000,0.90450000,0.93870000,183513393.10000000,1659139199999,174367921.46818000,464552,91585665.30000000,87068391.34761000,0
