Open Time,Open,High,Low,Close,Volume,Close Time,Quote Asset Volume,Number of trades,Taker Buy Base Asset Volume,Taker Buy Quote Asset volume
1666224000000,0.84450000,0.84830000,0.80540000,0.80940000,71430587.00000000,1666310399999,59315490.42902000,170248,35262943.80000000,29249294.41504000,0
