Open Time,Open,High,Low,Close,Volume,Close Time,Quote Asset Volume,Number of trades,Taker Buy Base Asset Volume,Taker Buy Quote Asset volume
1657152000000,0.52560000,0.57300000,0.51130000,0.56280000,185981194.00000000,1657238399999,100966097.79446000,249378,92324228.60000000,50108033.20820000,0
