Open Time,Open,High,Low,Close,Volume,Close Time,Quote Asset Volume,Number of trades,Taker Buy Base Asset Volume,Taker Buy Quote Asset volume
1664755200000,0.76320000,0.80730000,0.75440000,0.80020000,64369980.30000000,1664841599999,50463164.61171000,117450,32531446.80000000,25502661.92986000,0
