Open Time,Open,High,Low,Close,Volume,Close Time,Quote Asset Volume,Number of trades,Taker Buy Base Asset Volume,Taker Buy Quote Asset volume
1672012800000,0.79520000,0.81680000,0.79360000,0.81540000,27562698.70000000,1672099199999,22150194.31359000,52842,13989556.10000000,11244757.72016000,0
