Open Time,Open,High,Low,Close,Volume,Close Time,Quote Asset Volume,Number of trades,Taker Buy Base Asset Volume,Taker Buy Quote Asset volume
1667952000000,1.04420000,1.07080000,0.76240000,0.81650000,380019927.50000000,1668038399999,344263814.56267000,1127566,182815348.20000000,165831396.38404000,0
