Open Time,Open,High,Low,Close,Volume,Close Time,Quote Asset Volume,Number of trades,Taker Buy Base Asset Volume,Taker Buy Quote Asset volume
1661126400000,0.82060000,0.82290000,0.76850000,0.80990000,67647891.80000000,1661212799999,53671558.01167000,193056,32978897.20000000,26168616.73382000,0
