Open Time,Open,High,Low,Close,Volume,Close Time,Quote Asset Volume,Number of trades,Taker Buy Base Asset Volume,Taker Buy Quote Asset volume
1664582400000,0.77810000,0.78130000,0.75930000,0.76700000,25219685.50000000,1664668799999,19442983.89553000,53974,11494550.00000000,8862082.69043000,0
