Open Time,Open,High,Low,Close,Volume,Close Time,Quote Asset Volume,Number of trades,Taker Buy Base Asset Volume,Taker Buy Quote Asset volume
1660176000000,0.93820000,0.95620000,0.91540000,0.92110000,61842165.80000000,1660262399999,57990414.38113000,189581,31451971.40000000,29501029.71051000,0
