Open Time,Open,High,Low,Close,Volume,Close Time,Quote Asset Volume,Number of trades,Taker Buy Base Asset Volume,Taker Buy Quote Asset volume
1646697600000,1.41000000,1.47500000,1.40300000,1.44700000,67592015.30000000,1646783999999,97801065.14810000,161319,34460313.40000000,49872045.40730000,0
