Open Time,Open,High,Low,Close,Volume,Close Time,Quote Asset Volume,Number of trades,Taker Buy Base Asset Volume,Taker Buy Quote Asset volume
1657411200000,0.58990000,0.59020000,0.55260000,0.57170000,85080378.20000000,1657497599999,48608939.47257000,154374,41388144.30000000,23652199.95135000,0
