Open Time,Open,High,Low,Close,Volume,Close Time,Quote Asset Volume,Number of trades,Taker Buy Base Asset Volume,Taker Buy Quote Asset volume
1660694400000,0.93440000,0.96420000,0.87710000,0.88480000,77598129.40000000,1660780799999,71142548.08048000,225096,36682528.50000000,33597946.77754000,0
