Open Time,Open,High,Low,Close,Volume,Close Time,Quote Asset Volume,Number of trades,Taker Buy Base Asset Volume,Taker Buy Quote Asset volume
1671408000000,0.81270000,0.82180000,0.75700000,0.77370000,82625037.10000000,1671494399999,65210500.02081000,151058,42474766.60000000,33549593.81130000,0
