Open Time,Open,High,Low,Close,Volume,Close Time,Quote Asset Volume,Number of trades,Taker Buy Base Asset Volume,Taker Buy Quote Asset volume
1643155200000,1.55800000,1.82200000,1.52500000,1.59000000,207512832.00000000,1643241599999,343969788.00740000,662240,102255831.80000000,169143437.04950000,0
