Open Time,Open,High,Low,Close,Volume,Close Time,Quote Asset Volume,Number of trades,Taker Buy Base Asset Volume,Taker Buy Quote Asset volume
1649376000000,1.51100000,1.52700000,1.42300000,1.43400000,41686592.70000000,1649462399999,62065759.75530000,120355,19586018.00000000,29169668.16340000,0
