Open Time,Open,High,Low,Close,Volume,Close Time,Quote Asset Volume,Number of trades,Taker Buy Base Asset Volume,Taker Buy Quote Asset volume
1669334400000,0.84890000,0.84960000,0.81960000,0.84420000,51619516.30000000,1669420799999,43218765.79239000,127325,25110932.50000000,21027729.29828000,0
