Open Time,Open,High,Low,Close,Volume,Close Time,Quote Asset Volume,Number of trades,Taker Buy Base Asset Volume,Taker Buy Quote Asset volume
1643846400000,1.53900000,1.56200000,1.47500000,1.55600000,62800626.40000000,1643932799999,95206576.16740000,208880,30305223.10000000,45955400.50250000,0
