Open Time,Open,High,Low,Close,Volume,Close Time,Quote Asset Volume,Number of trades,Taker Buy Base Asset Volume,Taker Buy Quote Asset volume
1645574400000,1.46200000,1.59500000,1.43200000,1.43600000,117998438.60000000,1645660799999,179395820.83720000,273132,57194670.60000000,86964856.06650000,0
