Open Time,Open,High,Low,Close,Volume,Close Time,Quote Asset Volume,Number of trades,Taker Buy Base Asset Volume,Taker Buy Quote Asset volume
1646611200000,1.43500000,1.49600000,1.36900000,1.41100000,85656899.30000000,1646697599999,122316853.03120000,205694,43269000.90000000,61809961.91770000,0
