Open Time,Open,High,Low,Close,Volume,Close Time,Quote Asset Volume,Number of trades,Taker Buy Base Asset Volume,Taker Buy Quote Asset volume
1661817600000,0.81650000,0.84410000,0.78270000,0.81530000,85386455.60000000,1661903999999,69640191.08685000,204794,43733889.70000000,35681588.36105000,0
