Open Time,Open,High,Low,Close,Volume,Close Time,Quote Asset Volume,Number of trades,Taker Buy Base Asset Volume,Taker Buy Quote Asset volume
1660867200000,0.85710000,0.85810000,0.76340000,0.76950000,137111673.10000000,1660953599999,109513746.62550000,347556,66641372.80000000,53238952.73052000,0
