Open Time,Open,High,Low,Close,Volume,Close Time,Quote Asset Volume,Number of trades,Taker Buy Base Asset Volume,Taker Buy Quote Asset volume
1647475200000,1.46800000,1.49900000,1.43700000,1.44600000,47442509.10000000,1647561599999,69308064.01110000,125926,22978262.20000000,33574338.94110000,0
