Open Time,Open,High,Low,Close,Volume,Close Time,Quote Asset Volume,Number of trades,Taker Buy Base Asset Volume,Taker Buy Quote Asset volume
1670976000000,0.92440000,0.93830000,0.89360000,0.90260000,72757384.50000000,1671062399999,66826851.56437000,137799,34956138.30000000,32121582.24101000,0
