Open Time,Open,High,Low,Close,Volume,Close Time,Quote Asset Volume,Number of trades,Taker Buy Base Asset Volume,Taker Buy Quote Asset volume
1649808000000,1.39400000,1.43800000,1.36500000,1.42000000,42580666.70000000,1649894399999,60077054.37130000,120024,21866097.10000000,30856860.56440000,0
