Open Time,Open,High,Low,Close,Volume,Close Time,Quote Asset Volume,Number of trades,Taker Buy Base Asset Volume,Taker Buy Quote Asset volume
1648166400000,1.63000000,1.66400000,1.56300000,1.57800000,56585178.30000000,1648252799999,91717943.62360000,191719,27091351.60000000,43953177.70210000,0
