Open Time,Open,High,Low,Close,Volume,Close Time,Quote Asset Volume,Number of trades,Taker Buy Base Asset Volume,Taker Buy Quote Asset volume
1653091200000,0.63400000,0.66000000,0.62100000,0.65000000,35782020.10000000,1653177599999,22984384.26770000,53578,17805517.90000000,11439331.04090000,0
