Open Time,Open,High,Low,Close,Volume,Close Time,Quote Asset Volume,Number of trades,Taker Buy Base Asset Volume,Taker Buy Quote Asset volume
1665878400000,0.78920000,0.80990000,0.78810000,0.79840000,21642765.80000000,1665964799999,17273966.70842000,60394,11282071.70000000,9004281.98599000,0
