Open Time,Open,High,Low,Close,Volume,Close Time,Quote Asset Volume,Number of trades,Taker Buy Base Asset Volume,Taker Buy Quote Asset volume
1665446400000,0.81360000,0.81360000,0.78450000,0.79090000,47553455.40000000,1665532799999,38034777.67489000,93930,23594702.20000000,18871907.43251000,0
