Open Time,Open,High,Low,Close,Volume,Close Time,Quote Asset Volume,Number of trades,Taker Buy Base Asset Volume,Taker Buy Quote Asset volume
1644883200000,1.65600000,1.87900000,1.65200000,1.87100000,79165758.40000000,1644969599999,140546416.15640000,309088,40838858.10000000,72447380.95520000,0
