Open Time,Open,High,Low,Close,Volume,Close Time,Quote Asset Volume,Number of trades,Taker Buy Base Asset Volume,Taker Buy Quote Asset volume
1659225600000,0.93100000,1.01970000,0.91070000,0.92790000,139366466.40000000,1659311999999,133495719.11202000,362912,69234309.90000000,66365061.38294000,0
