Open Time,Open,High,Low,Close,Volume,Close Time,Quote Asset Volume,Number of trades,Taker Buy Base Asset Volume,Taker Buy Quote Asset volume
1653523200000,0.64500000,0.66100000,0.57600000,0.59800000,121100003.70000000,1653609599999,74551441.05430000,129737,58188351.10000000,35853962.99560000,0
