Open Time,Open,High,Low,Close,Volume,Close Time,Quote Asset Volume,Number of trades,Taker Buy Base Asset Volume,Taker Buy Quote Asset volume
1666310400000,0.80940000,0.83360000,0.77470000,0.83200000,74134213.30000000,1666396799999,59664873.00680000,165226,35310699.90000000,28403396.85809000,0
