Open Time,Open,High,Low,Close,Volume,Close Time,Quote Asset Volume,Number of trades,Taker Buy Base Asset Volume,Taker Buy Quote Asset volume
1661385600000,0.81360000,0.83230000,0.80480000,0.81830000,43571146.10000000,1661471999999,35684531.51941000,129902,20370424.40000000,16689074.00628000,0
