Open Time,Open,High,Low,Close,Volume,Close Time,Quote Asset Volume,Number of trades,Taker Buy Base Asset Volume,Taker Buy Quote Asset volume
1658793600000,0.77030000,0.78490000,0.72210000,0.78330000,154988735.00000000,1658879999999,116698567.22685000,327371,77333820.90000000,58222558.79848000,0
