Open Time,Open,High,Low,Close,Volume,Close Time,Quote Asset Volume,Number of trades,Taker Buy Base Asset Volume,Taker Buy Quote Asset volume
1644278400000,2.01800000,2.04800000,1.85900000,1.94100000,132565496.20000000,1644364799999,258391627.79980000,551598,64630531.40000000,125955800.60870000,0
