Open Time,Open,High,Low,Close,Volume,Close Time,Quote Asset Volume,Number of trades,Taker Buy Base Asset Volume,Taker Buy Quote Asset volume
1659484800000,0.87670000,0.92600000,0.85640000,0.88830000,76434171.50000000,1659571199999,68742559.84679000,225139,37748828.60000000,33957910.38285000,0
