Open Time,Open,High,Low,Close,Volume,Close Time,Quote Asset Volume,Number of trades,Taker Buy Base Asset Volume,Taker Buy Quote Asset volume
1658966400000,0.89660000,0.97500000,0.84480000,0.93390000,236707802.10000000,1659052799999,214645558.55582000,543258,116714712.70000000,105916524.86024000,0
