Open Time,Open,High,Low,Close,Volume,Close Time,Quote Asset Volume,Number of trades,Taker Buy Base Asset Volume,Taker Buy Quote Asset volume
1661990400000,0.83220000,0.89560000,0.82180000,0.88440000,108922083.80000000,1662076799999,92848142.79035000,269589,55467217.30000000,47326002.10346000,0
