Open Time,Open,High,Low,Close,Volume,Close Time,Quote Asset Volume,Number of trades,Taker Buy Base Asset Volume,Taker Buy Quote Asset volume
1663977600000,0.77840000,0.78240000,0.75000000,0.75270000,42348151.60000000,1664063999999,32588484.59220000,92391,20728374.90000000,15950780.12148000,0
