Open Time,Open,High,Low,Close,Volume,Close Time,Quote Asset Volume,Number of trades,Taker Buy Base Asset Volume,Taker Buy Quote Asset volume
1663372800000,0.80680000,0.83110000,0.80490000,0.82790000,27039758.30000000,1663459199999,22105313.19655000,66821,12831834.10000000,10492694.27839000,0
