Open Time,Open,High,Low,Close,Volume,Close Time,Quote Asset Volume,Number of trades,Taker Buy Base Asset Volume,Taker Buy Quote Asset volume
1666569600000,0.89860000,0.90880000,0.87190000,0.89310000,92087558.50000000,1666655999999,82089448.80911000,212540,46804200.40000000,41718760.23884000,0
