Open Time,Open,High,Low,Close,Volume,Close Time,Quote Asset Volume,Number of trades,Taker Buy Base Asset Volume,Taker Buy Quote Asset volume
1671580800000,0.80120000,0.80360000,0.78570000,0.79380000,37724415.80000000,1671667199999,29938651.61776000,65627,18521330.20000000,14696522.21340000,0
