Open Time,Open,High,Low,Close,Volume,Close Time,Quote Asset Volume,Number of trades,Taker Buy Base Asset Volume,Taker Buy Quote Asset volume
1668470400000,0.91770000,0.97350000,0.90670000,0.94170000,138509381.40000000,1668556799999,130636205.43733000,413893,72204436.50000000,68106087.47786000,0
