Open Time,Open,High,Low,Close,Volume,Close Time,Quote Asset Volume,Number of trades,Taker Buy Base Asset Volume,Taker Buy Quote Asset volume
1652918400000,0.62600000,0.67400000,0.60900000,0.65900000,107205341.40000000,1653004799999,68573350.05520000,122352,53317084.40000000,34102833.51610000,0
