Open Time,Open,High,Low,Close,Volume,Close Time,Quote Asset Volume,Number of trades,Taker Buy Base Asset Volume,Taker Buy Quote Asset volume
1656979200000,0.49170000,0.53550000,0.48570000,0.51270000,335931980.80000000,1657065599999,171920866.82535000,412806,170009772.20000000,87022890.04288000,0
