Open Time,Open,High,Low,Close,Volume,Close Time,Quote Asset Volume,Number of trades,Taker Buy Base Asset Volume,Taker Buy Quote Asset volume
1650499200000,1.41700000,1.46800000,1.35800000,1.37800000,52021660.20000000,1650585599999,74154515.16510000,138974,25938164.00000000,36971892.28150000,0
