Open Time,Open,High,Low,Close,Volume,Close Time,Quote Asset Volume,Number of trades,Taker Buy Base Asset Volume,Taker Buy Quote Asset volume
1646006400000,1.45300000,1.61800000,1.42200000,1.61400000,89337683.70000000,1646092799999,135244621.78150000,251249,47001691.40000000,71182862.15510000,0
