Open Time,Open,High,Low,Close,Volume,Close Time,Quote Asset Volume,Number of trades,Taker Buy Base Asset Volume,Taker Buy Quote Asset volume
1669075200000,0.79610000,0.86680000,0.77840000,0.85130000,175588937.20000000,1669161599999,145661370.73012000,376967,89007306.20000000,73872243.20403000,0
