Open Time,Open,High,Low,Close,Volume,Close Time,Quote Asset Volume,Number of trades,Taker Buy Base Asset Volume,Taker Buy Quote Asset volume
1660608000000,0.95050000,0.96810000,0.92390000,0.93430000,57048653.00000000,1660694399999,53926224.99189000,168512,27410604.40000000,25915342.84511000,0
