Open Time,Open,High,Low,Close,Volume,Close Time,Quote Asset Volume,Number of trades,Taker Buy Base Asset Volume,Taker Buy Quote Asset volume
1666396800000,0.83210000,0.84070000,0.81270000,0.83190000,37710089.00000000,1666483199999,31214389.25404000,77096,17887648.40000000,14805607.14057000,0
