Open Time,Open,High,Low,Close,Volume,Close Time,Quote Asset Volume,Number of trades,Taker Buy Base Asset Volume,Taker Buy Quote Asset volume
1658620800000,0.87120000,0.90920000,0.84590000,0.87950000,102480809.30000000,1658707199999,89912586.23383000,249876,51313768.10000000,45023022.93742000,0
