Open Time,Open,High,Low,Close,Volume,Close Time,Quote Asset Volume,Number of trades,Taker Buy Base Asset Volume,Taker Buy Quote Asset volume
1665014400000,0.85120000,0.85960000,0.83030000,0.83360000,56063871.00000000,1665100799999,47326051.97601000,101241,27972891.70000000,23610731.18000000,0
