Open Time,Open,High,Low,Close,Volume,Close Time,Quote Asset Volume,Number of trades,Taker Buy Base Asset Volume,Taker Buy Quote Asset volume
1653436800000,0.66400000,0.67400000,0.62800000,0.64600000,67784409.40000000,1653523199999,43923726.21680000,78224,31184121.20000000,20216186.12970000,0
