Open Time,Open,High,Low,Close,Volume,Close Time,Quote Asset Volume,Number of trades,Taker Buy Base Asset Volume,Taker Buy Quote Asset volume
1646784000000,1.44600000,1.54500000,1.44400000,1.50500000,76279564.00000000,1646870399999,115180647.11030000,187631,39031978.70000000,58938645.54560000,0
