Open Time,Open,High,Low,Close,Volume,Close Time,Quote Asset Volume,Number of trades,Taker Buy Base Asset Volume,Taker Buy Quote Asset volume
1645142400000,1.66100000,1.71300000,1.58100000,1.59300000,72127998.50000000,1645228799999,118592270.09100000,225736,35139373.00000000,57789759.69430000,0
