Open Time,Open,High,Low,Close,Volume,Close Time,Quote Asset Volume,Number of trades,Taker Buy Base Asset Volume,Taker Buy Quote Asset volume
1654473600000,0.59800000,0.65600000,0.59500000,0.63300000,72763913.40000000,1654559999999,46291459.06500000,88415,39256053.20000000,24982436.83160000,0
