Open Time,Open,High,Low,Close,Volume,Close Time,Quote Asset Volume,Number of trades,Taker Buy Base Asset Volume,Taker Buy Quote Asset volume
1670544000000,0.92760000,0.93470000,0.90810000,0.90970000,46265511.10000000,1670630399999,42629091.53356000,94917,22719960.00000000,20935596.92191000,0
