Open Time,Open,High,Low,Close,Volume,Close Time,Quote Asset Volume,Number of trades,Taker Buy Base Asset Volume,Taker Buy Quote Asset volume
1667865600000,1.25740000,1.27500000,0.90000000,1.04400000,429018153.60000000,1667951999999,476943590.18661000,1332502,211303263.90000000,235279483.19184000,0
