Open Time,Open,High,Low,Close,Volume,Close Time,Quote Asset Volume,Number of trades,Taker Buy Base Asset Volume,Taker Buy Quote Asset volume
1641081600000,2.57200000,2.59000000,2.49600000,2.55000000,49037033.70000000,1641167999999,124377674.54180000,207816,23816099.20000000,60443631.94070000,0
