Open Time,Open,High,Low,Close,Volume,Close Time,Quote Asset Volume,Number of trades,Taker Buy Base Asset Volume,Taker Buy Quote Asset volume
1648080000000,1.55600000,1.63700000,1.54400000,1.62900000,63085734.60000000,1648166399999,100684756.31150000,210920,32407739.80000000,51710625.15730000,0
