Open Time,Open,High,Low,Close,Volume,Close Time,Quote Asset Volume,Number of trades,Taker Buy Base Asset Volume,Taker Buy Quote Asset volume
1667692800000,1.18490000,1.21500000,1.13260000,1.13500000,108660119.20000000,1667779199999,126637668.85627000,338156,53273491.30000000,62114161.16534000,0
