Open Time,Open,High,Low,Close,Volume,Close Time,Quote Asset Volume,Number of trades,Taker Buy Base Asset Volume,Taker Buy Quote Asset volume
1642809600000,1.69800000,1.75600000,1.39600000,1.53600000,257211366.60000000,1642895999999,400754989.56700000,651068,125317500.30000000,195268013.11440000,0
