Open Time,Open,High,Low,Close,Volume,Close Time,Quote Asset Volume,Number of trades,Taker Buy Base Asset Volume,Taker Buy Quote Asset volume
1644019200000,1.69400000,1.75800000,1.67300000,1.71100000,64562494.10000000,1644105599999,111044679.65260000,271875,32697070.90000000,56238967.84550000,0
