Open Time,Open,High,Low,Close,Volume,Close Time,Quote Asset Volume,Number of trades,Taker Buy Base Asset Volume,Taker Buy Quote Asset volume
1655424000000,0.38300000,0.40900000,0.37800000,0.39900000,55750718.00000000,1655510399999,22093052.29780000,57913,28539581.90000000,11312114.83110000,0
