Open Time,Open,High,Low,Close,Volume,Close Time,Quote Asset Volume,Number of trades,Taker Buy Base Asset Volume,Taker Buy Quote Asset volume
1665792000000,0.79330000,0.81000000,0.78590000,0.78920000,27921576.10000000,1665878399999,22271252.08863000,80660,13296315.80000000,10608672.15334000,0
