Open Time,Open,High,Low,Close,Volume,Close Time,Quote Asset Volume,Number of trades,Taker Buy Base Asset Volume,Taker Buy Quote Asset volume
1663804800000,0.70060000,0.76280000,0.70030000,0.75210000,70671776.60000000,1663891199999,52268747.86924000,146806,35784843.50000000,26483786.54961000,0
