Open Time,Open,High,Low,Close,Volume,Close Time,Quote Asset Volume,Number of trades,Taker Buy Base Asset Volume,Taker Buy Quote Asset volume
1664496000000,0.76350000,0.78970000,0.76050000,0.77780000,74769580.50000000,1664582399999,57971958.08167000,142495,36871302.40000000,28592717.28624000,0
