Open Time,Open,High,Low,Close,Volume,Close Time,Quote Asset Volume,Number of trades,Taker Buy Base Asset Volume,Taker Buy Quote Asset volume
1661299200000,0.83220000,0.84000000,0.80220000,0.81360000,52393901.70000000,1661385599999,42949526.77086000,144850,25848466.20000000,21190932.95699000,0
