Open Time,Open,High,Low,Close,Volume,Close Time,Quote Asset Volume,Number of trades,Taker Buy Base Asset Volume,Taker Buy Quote Asset volume
1652832000000,0.72700000,0.73800000,0.62300000,0.62600000,100406529.90000000,1652918399999,67356669.36250000,125846,49098410.40000000,32908592.58170000,0
