Open Time,Open,High,Low,Close,Volume,Close Time,Quote Asset Volume,Number of trades,Taker Buy Base Asset Volume,Taker Buy Quote Asset volume
1648684800000,1.68200000,1.75000000,1.60800000,1.61800000,70232470.80000000,1648771199999,118169847.24910000,245390,35166162.70000000,59218583.67550000,0
