Open Time,Open,High,Low,Close,Volume,Close Time,Quote Asset Volume,Number of trades,Taker Buy Base Asset Volume,Taker Buy Quote Asset volume
1657670400000,0.53620000,0.64540000,0.52030000,0.63890000,254696666.10000000,1657756799999,144699512.72263000,444235,126338901.80000000,71873682.00468000,0
