Open Time,Open,High,Low,Close,Volume,Close Time,Quote Asset Volume,Number of trades,Taker Buy Base Asset Volume,Taker Buy Quote Asset volume
1644192000000,1.73800000,2.10000000,1.69800000,2.01800000,171047453.10000000,1644278399999,327696751.07740000,791275,87442193.20000000,167627376.45380000,0
