Open Time,Open,High,Low,Close,Volume,Close Time,Quote Asset Volume,Number of trades,Taker Buy Base Asset Volume,Taker Buy Quote Asset volume
1665532800000,0.79090000,0.80180000,0.78190000,0.78290000,25450425.70000000,1665619199999,20160912.25043000,59487,12578354.70000000,9964751.38866000,0
