Open Time,Open,High,Low,Close,Volume,Close Time,Quote Asset Volume,Number of trades,Taker Buy Base Asset Volume,Taker Buy Quote Asset volume
1650672000000,1.39700000,1.41200000,1.34300000,1.36200000,42684882.10000000,1650758399999,58770038.45960000,107764,19370012.60000000,26681677.70500000,0
