Open Time,Open,High,Low,Close,Volume,Close Time,Quote Asset Volume,Number of trades,Taker Buy Base Asset Volume,Taker Buy Quote Asset volume
1654214400000,0.62000000,0.62100000,0.57600000,0.58900000,38172169.40000000,1654300799999,22653419.34940000,52061,18340028.50000000,10885898.06390000,0
