Open Time,Open,High,Low,Close,Volume,Close Time,Quote Asset Volume,Number of trades,Taker Buy Base Asset Volume,Taker Buy Quote Asset volume
1654128000000,0.60000000,0.62200000,0.59100000,0.62000000,55084190.60000000,1654214399999,33294187.48560000,65391,27563410.90000000,16665882.77040000,0
