Open Time,Open,High,Low,Close,Volume,Close Time,Quote Asset Volume,Number of trades,Taker Buy Base Asset Volume,Taker Buy Quote Asset volume
1671926400000,0.79560000,0.79910000,0.78530000,0.79500000,21488619.90000000,1672012799999,17021958.36340000,40931,10388317.10000000,8229074.67818000,0
