Open Time,Open,High,Low,Close,Volume,Close Time,Quote Asset Volume,Number of trades,Taker Buy Base Asset Volume,Taker Buy Quote Asset volume
1658880000000,0.78330000,0.89870000,0.76200000,0.89680000,199984258.70000000,1658966399999,165866260.96866000,455367,103381484.60000000,85719647.65100000,0
