Open Time,Open,High,Low,Close,Volume,Close Time,Quote Asset Volume,Number of trades,Taker Buy Base Asset Volume,Taker Buy Quote Asset volume
1649289600000,1.45800000,1.52000000,1.43700000,1.51100000,46712069.40000000,1649375999999,69178264.05200000,135766,22718103.60000000,33635434.35040000,0
