Open Time,Open,High,Low,Close,Volume,Close Time,Quote Asset Volume,Number of trades,Taker Buy Base Asset Volume,Taker Buy Quote Asset volume
1666828800000,0.93720000,0.94800000,0.89360000,0.90360000,97730707.30000000,1666915199999,90484632.05950000,213259,49920591.60000000,46227451.47661000,0
