Open Time,Open,High,Low,Close,Volume,Close Time,Quote Asset Volume,Number of trades,Taker Buy Base Asset Volume,Taker Buy Quote Asset volume
1654732800000,0.60700000,0.65200000,0.60200000,0.63400000,47864999.00000000,1654819199999,30095235.25720000,65718,23249030.00000000,14622169.68270000,0
