Open Time,Open,High,Low,Close,Volume,Close Time,Quote Asset Volume,Number of trades,Taker Buy Base Asset Volume,Taker Buy Quote Asset volume
1660003200000,0.92190000,0.93110000,0.86880000,0.89080000,54242401.20000000,1660089599999,48864331.11455000,146832,26063350.00000000,23499437.69351000,0
