Open Time,Open,High,Low,Close,Volume,Close Time,Quote Asset Volume,Number of trades,Taker Buy Base Asset Volume,Taker Buy Quote Asset volume
1663200000000,0.86460000,0.87610000,0.81750000,0.82510000,72521132.70000000,1663286399999,61277913.72155000,186030,36301039.70000000,30672596.97453000,0
