Open Time,Open,High,Low,Close,Volume,Close Time,Quote Asset Volume,Number of trades,Taker Buy Base Asset Volume,Taker Buy Quote Asset volume
1652572800000,0.68500000,0.74400000,0.65600000,0.74200000,101688983.50000000,1652659199999,70178363.72590000,129381,51479023.70000000,35553587.60800000,0
