Open Time,Open,High,Low,Close,Volume,Close Time,Quote Asset Volume,Number of trades,Taker Buy Base Asset Volume,Taker Buy Quote Asset volume
1651622400000,1.07700000,1.17400000,1.07000000,1.17300000,77380068.20000000,1651708799999,86537431.81180000,122605,39970979.20000000,44698311.53430000,0
