Open Time,Open,High,Low,Close,Volume,Close Time,Quote Asset Volume,Number of trades,Taker Buy Base Asset Volume,Taker Buy Quote Asset volume
1671321600000,0.81560000,0.82640000,0.80260000,0.81260000,35962632.20000000,1671407999999,29278435.66487000,66379,17562771.40000000,14298401.51897000,0
