Open Time,Open,High,Low,Close,Volume,Close Time,Quote Asset Volume,Number of trades,Taker Buy Base Asset Volume,Taker Buy Quote Asset volume
1656374400000,0.53200000,0.57500000,0.50400000,0.51070000,227581109.80000000,1656460799999,120823795.51794000,259299,112036717.90000000,59454442.87855000,0
