Open Time,Open,High,Low,Close,Volume,Close Time,Quote Asset Volume,Number of trades,Taker Buy Base Asset Volume,Taker Buy Quote Asset volume
1647388800000,1.37800000,1.47100000,1.35500000,1.46700000,68598098.20000000,1647475199999,96302335.81270000,180772,34995277.70000000,49172919.04340000,0
