Open Time,Open,High,Low,Close,Volume,Close Time,Quote Asset Volume,Number of trades,Taker Buy Base Asset Volume,Taker Buy Quote Asset volume
1652054400000,0.97700000,0.99200000,0.78800000,0.81000000,142192703.40000000,1652140799999,124714130.67737300,224379,69950810.40000000,61287789.74681600,0
