Open Time,Open,High,Low,Close,Volume,Close Time,Quote Asset Volume,Number of trades,Taker Buy Base Asset Volume,Taker Buy Quote Asset volume
1650067200000,1.39800000,1.40300000,1.36500000,1.38800000,15800872.80000000,1650153599999,21902116.64980000,50852,7982522.30000000,11065872.63000000,0
