Open Time,Open,High,Low,Close,Volume,Close Time,Quote Asset Volume,Number of trades,Taker Buy Base Asset Volume,Taker Buy Quote Asset volume
1672185600000,0.80640000,0.80850000,0.77500000,0.78270000,50667384.90000000,1672271999999,39901871.86158000,92184,25121137.20000000,19782087.06242000,0
