Open Time,Open,High,Low,Close,Volume,Close Time,Quote Asset Volume,Number of trades,Taker Buy Base Asset Volume,Taker Buy Quote Asset volume
1655856000000,0.42000000,0.47200000,0.39400000,0.45500000,156352169.30000000,1655942399999,67666970.48480000,151358,78859264.10000000,34143344.19630000,0
