Open Time,Open,High,Low,Close,Volume,Close Time,Quote Asset Volume,Number of trades,Taker Buy Base Asset Volume,Taker Buy Quote Asset volume
1649980800000,1.37400000,1.39900000,1.36600000,1.39800000,20365967.40000000,1650067199999,28239956.39680000,61179,10640599.10000000,14756680.21670000,0
