Open Time,Open,High,Low,Close,Volume,Close Time,Quote Asset Volume,Number of trades,Taker Buy Base Asset Volume,Taker Buy Quote Asset volume
1657324800000,0.60580000,0.61190000,0.58220000,0.58990000,100052940.60000000,1657411199999,59471019.92621000,178698,49044083.40000000,29150538.96387000,0
