Open Time,Open,High,Low,Close,Volume,Close Time,Quote Asset Volume,Number of trades,Taker Buy Base Asset Volume,Taker Buy Quote Asset volume
1642464000000,2.21900000,2.24500000,2.05600000,2.12100000,110374557.10000000,1642550399999,236804044.23240000,413640,52844081.20000000,113578199.48070000,0
