Open Time,Open,High,Low,Close,Volume,Close Time,Quote Asset Volume,Number of trades,Taker Buy Base Asset Volume,Taker Buy Quote Asset volume
1656892800000,0.46210000,0.49530000,0.45130000,0.49180000,166121678.00000000,1656979199999,78184587.05269000,189049,83822802.50000000,39470732.05046000,0
