Open Time,Open,High,Low,Close,Volume,Close Time,Quote Asset Volume,Number of trades,Taker Buy Base Asset Volume,Taker Buy Quote Asset volume
1666742400000,0.91760000,0.96800000,0.91760000,0.93730000,104834000.10000000,1666828799999,98876903.22136000,229922,53073435.10000000,50053457.99470000,0
