Open Time,Open,High,Low,Close,Volume,Close Time,Quote Asset Volume,Number of trades,Taker Buy Base Asset Volume,Taker Buy Quote Asset volume
1656806400000,0.49310000,0.49420000,0.44910000,0.46210000,170900076.30000000,1656892799999,80454806.79457000,200466,85517929.30000000,40267711.22111000,0
