Open Time,Open,High,Low,Close,Volume,Close Time,Quote Asset Volume,Number of trades,Taker Buy Base Asset Volume,Taker Buy Quote Asset volume
1667433600000,0.87330000,0.98430000,0.86840000,0.95120000,174644970.20000000,1667519999999,165610833.17746000,425593,86982541.80000000,82418677.88167000,0
