Open Time,Open,High,Low,Close,Volume,Close Time,Quote Asset Volume,Number of trades,Taker Buy Base Asset Volume,Taker Buy Quote Asset volume
1661212800000,0.81000000,0.83690000,0.79120000,0.83220000,62552984.70000000,1661299199999,51090466.50370000,163612,32819124.30000000,26813011.96511000,0
