Open Time,Open,High,Low,Close,Volume,Close Time,Quote Asset Volume,Number of trades,Taker Buy Base Asset Volume,Taker Buy Quote Asset volume
1651795200000,1.06500000,1.07700000,1.01100000,1.04300000,88663343.30000000,1651881599999,92812372.74270000,130418,42567223.10000000,44549623.93130000,0
