Open Time,Open,High,Low,Close,Volume,Close Time,Quote Asset Volume,Number of trades,Taker Buy Base Asset Volume,Taker Buy Quote Asset volume
1662422400000,0.88200000,0.92400000,0.81120000,0.81570000,118115918.30000000,1662508799999,102927279.72122000,253106,58092824.40000000,50654342.14682000,0
