Open Time,Open,High,Low,Close,Volume,Close Time,Quote Asset Volume,Number of trades,Taker Buy Base Asset Volume,Taker Buy Quote Asset volume
1654560000000,0.63200000,0.63400000,0.58300000,0.61700000,61113363.70000000,1654646399999,36929254.35870000,76962,29934181.20000000,18089986.59560000,0
