Open Time,Open,High,Low,Close,Volume,Close Time,Quote Asset Volume,Number of trades,Taker Buy Base Asset Volume,Taker Buy Quote Asset volume
1641600000000,2.05400000,2.14500000,1.90000000,1.98500000,82923797.90000000,1641686399999,167644714.81860000,359121,39840166.00000000,80560129.23910000,0
