Open Time,Open,High,Low,Close,Volume,Close Time,Quote Asset Volume,Number of trades,Taker Buy Base Asset Volume,Taker Buy Quote Asset volume
1672358400000,0.77690000,0.78110000,0.74720000,0.76120000,48066470.60000000,1672444799999,36526193.79245000,83654,23225697.30000000,17650241.59705000,0
