Open Time,Open,High,Low,Close,Volume,Close Time,Quote Asset Volume,Number of trades,Taker Buy Base Asset Volume,Taker Buy Quote Asset volume
1648857600000,1.69500000,1.72900000,1.64600000,1.65300000,55583003.20000000,1648943999999,94277846.06150000,181492,26378320.20000000,44735649.17950000,0
