Open Time,Open,High,Low,Close,Volume,Close Time,Quote Asset Volume,Number of trades,Taker Buy Base Asset Volume,Taker Buy Quote Asset volume
1660780800000,0.88480000,0.91010000,0.85450000,0.85700000,68345203.70000000,1660867199999,60800111.71691000,174054,35190212.70000000,31304699.86000000,0
