Open Time,Open,High,Low,Close,Volume,Close Time,Quote Asset Volume,Number of trades,Taker Buy Base Asset Volume,Taker Buy Quote Asset volume
1650758400000,1.36300000,1.37500000,1.33200000,1.34300000,27580279.10000000,1650844799999,37286208.49000000,68763,13613459.60000000,18399700.87790000,0
