Open Time,Open,High,Low,Close,Volume,Close Time,Quote Asset Volume,Number of trades,Taker Buy Base Asset Volume,Taker Buy Quote Asset volume
1668124800000,1.12450000,1.16080000,0.96630000,1.06430000,252229352.60000000,1668211199999,266262995.78373000,773998,124653754.20000000,131620246.26084000,0
