Open Time,Open,High,Low,Close,Volume,Close Time,Quote Asset Volume,Number of trades,Taker Buy Base Asset Volume,Taker Buy Quote Asset volume
1656460800000,0.51080000,0.54650000,0.48510000,0.49740000,372676557.30000000,1656547199999,192177708.71653000,423546,184456125.00000000,95140852.93560000,0
