Open Time,Open,High,Low,Close,Volume,Close Time,Quote Asset Volume,Number of trades,Taker Buy Base Asset Volume,Taker Buy Quote Asset volume
1646179200000,1.62100000,1.69900000,1.58200000,1.63700000,106926527.00000000,1646265599999,175620449.23540000,307594,53788649.80000000,88412583.63820000,0
