Open Time,Open,High,Low,Close,Volume,Close Time,Quote Asset Volume,Number of trades,Taker Buy Base Asset Volume,Taker Buy Quote Asset volume
1669939200000,0.90890000,0.94900000,0.89770000,0.94880000,75021481.80000000,1670025599999,69007443.53004000,160435,37382284.00000000,34387112.63692000,0
