Open Time,Open,High,Low,Close,Volume,Close Time,Quote Asset Volume,Number of trades,Taker Buy Base Asset Volume,Taker Buy Quote Asset volume
1650240000000,1.33600000,1.42600000,1.29300000,1.41800000,62938926.60000000,1650326399999,85279697.01230000,164800,31789870.70000000,43137529.35670000,0
