Open Time,Open,High,Low,Close,Volume,Close Time,Quote Asset Volume,Number of trades,Taker Buy Base Asset Volume,Taker Buy Quote Asset volume
1647561600000,1.44700000,1.51000000,1.41700000,1.49700000,47850822.30000000,1647647999999,69551652.92620000,133593,23992567.80000000,34923672.18620000,0
