Open Time,Open,High,Low,Close,Volume,Close Time,Quote Asset Volume,Number of trades,Taker Buy Base Asset Volume,Taker Buy Quote Asset volume
1665187200000,0.83140000,0.83500000,0.80810000,0.81440000,22349110.00000000,1665273599999,18336713.47901000,47179,10690499.90000000,8772179.34438000,0
