Open Time,Open,High,Low,Close,Volume,Close Time,Quote Asset Volume,Number of trades,Taker Buy Base Asset Volume,Taker Buy Quote Asset volume
1642118400000,2.26400000,2.35100000,2.16800000,2.33400000,81154863.50000000,1642204799999,184074507.97390000,368529,39466820.60000000,89575056.93310000,0
