Open Time,Open,High,Low,Close,Volume,Close Time,Quote Asset Volume,Number of trades,Taker Buy Base Asset Volume,Taker Buy Quote Asset volume
1641772800000,2.11400000,2.14900000,1.91900000,2.07100000,105243094.30000000,1641859199999,214051182.39740000,447916,51459209.40000000,104671415.77850000,0
