Open Time,Open,High,Low,Close,Volume,Close Time,Quote Asset Volume,Number of trades,Taker Buy Base Asset Volume,Taker Buy Quote Asset volume
1652400000000,0.60100000,0.75300000,0.59000000,0.66700000,231738849.10000000,1652486399999,160157111.49680000,272209,116670912.10000000,80589938.58420000,0
