Open Time,Open,High,Low,Close,Volume,Close Time,Quote Asset Volume,Number of trades,Taker Buy Base Asset Volume,Taker Buy Quote Asset volume
1653609600000,0.59800000,0.61100000,0.56400000,0.57400000,97233765.30000000,1653695999999,56892613.89770000,114782,47978379.20000000,28087321.22000000,0
