Open Time,Open,High,Low,Close,Volume,Close Time,Quote Asset Volume,Number of trades,Taker Buy Base Asset Volume,Taker Buy Quote Asset volume
1655337600000,0.43900000,0.44600000,0.37500000,0.38400000,97621973.20000000,1655423999999,39353203.47370000,96223,48404625.50000000,19522698.98520000,0
