Open Time,Open,High,Low,Close,Volume,Close Time,Quote Asset Volume,Number of trades,Taker Buy Base Asset Volume,Taker Buy Quote Asset volume
1642723200000,1.95900000,2.02600000,1.64000000,1.69900000,203319818.10000000,1642809599999,373938339.65280000,702240,100088538.30000000,184348699.19980000,0
