Open Time,Open,High,Low,Close,Volume,Close Time,Quote Asset Volume,Number of trades,Taker Buy Base Asset Volume,Taker Buy Quote Asset volume
1649548800000,1.46300000,1.49000000,1.41900000,1.42700000,19402659.40000000,1649635199999,28313425.16740000,69332,9456536.10000000,13809188.79440000,0
