Open Time,Open,High,Low,Close,Volume,Close Time,Quote Asset Volume,Number of trades,Taker Buy Base Asset Volume,Taker Buy Quote Asset volume
1661558400000,0.76500000,0.81500000,0.75560000,0.80490000,88047062.70000000,1661644799999,69473746.98244000,219475,44638646.60000000,35215132.78737000,0
