Open Time,Open,High,Low,Close,Volume,Close Time,Quote Asset Volume,Number of trades,Taker Buy Base Asset Volume,Taker Buy Quote Asset volume
1668211200000,1.06450000,1.06800000,0.92630000,0.93960000,168096609.60000000,1668297599999,163354807.87907000,557169,83254876.90000000,80935752.82778000,0
