Open Time,Open,High,Low,Close,Volume,Close Time,Quote Asset Volume,Number of trades,Taker Buy Base Asset Volume,Taker Buy Quote Asset volume
1644105600000,1.71100000,1.75400000,1.66600000,1.73800000,46183793.80000000,1644191999999,79126698.50350000,191708,23309094.30000000,39968540.27160000,0
