Open Time,Open,High,Low,Close,Volume,Close Time,Quote Asset Volume,Number of trades,Taker Buy Base Asset Volume,Taker Buy Quote Asset volume
1651276800000,1.14100000,1.16600000,1.01100000,1.03200000,67942141.70000000,1651363199999,74539161.39406800,132767,33426074.10000000,36693260.38650000,0
