Open Time,Open,High,Low,Close,Volume,Close Time,Quote Asset Volume,Number of trades,Taker Buy Base Asset Volume,Taker Buy Quote Asset volume
1650412800000,1.42700000,1.46600000,1.39600000,1.41700000,50063787.80000000,1650499199999,71783547.76460000,128363,24522066.90000000,35172108.37120000,0
