Open Time,Open,High,Low,Close,Volume,Close Time,Quote Asset Volume,Number of trades,Taker Buy Base Asset Volume,Taker Buy Quote Asset volume
1654992000000,0.54100000,0.54700000,0.49600000,0.49700000,86742685.90000000,1655078399999,45119047.75237600,99373,40837440.80000000,21246169.92820000,0
