Open Time,Open,High,Low,Close,Volume,Close Time,Quote Asset Volume,Number of trades,Taker Buy Base Asset Volume,Taker Buy Quote Asset volume
1671494400000,0.77360000,0.80880000,0.76780000,0.80120000,75702229.40000000,1671580799999,60226813.83826000,124900,40673078.20000000,32357357.15594000,0
