Open Time,Open,High,Low,Close,Volume,Close Time,Quote Asset Volume,Number of trades,Taker Buy Base Asset Volume,Taker Buy Quote Asset volume
1665619200000,0.78270000,0.78750000,0.71560000,0.77500000,70217913.90000000,1665705599999,52764022.02755000,168725,34011542.00000000,25555938.55560000,0
