Open Time,Open,High,Low,Close,Volume,Close Time,Quote Asset Volume,Number of trades,Taker Buy Base Asset Volume,Taker Buy Quote Asset volume
1652486400000,0.66700000,0.71200000,0.61500000,0.68600000,131101411.80000000,1652572799999,86686991.53340000,156804,66356429.00000000,43877238.84210000,0
