Open Time,Open,High,Low,Close,Volume,Close Time,Quote Asset Volume,Number of trades,Taker Buy Base Asset Volume,Taker Buy Quote Asset volume
1647302400000,1.37900000,1.41000000,1.33000000,1.37800000,40716252.80000000,1647388799999,55685294.71830000,114810,20524736.30000000,28085705.51460000,0
