Open Time,Open,High,Low,Close,Volume,Close Time,Quote Asset Volume,Number of trades,Taker Buy Base Asset Volume,Taker Buy Quote Asset volume
1665100800000,0.83350000,0.84820000,0.81860000,0.83150000,43204613.60000000,1665187199999,36126776.05471000,88529,22089308.30000000,18473959.69190000,0
