Open Time,Open,High,Low,Close,Volume,Close Time,Quote Asset Volume,Number of trades,Taker Buy Base Asset Volume,Taker Buy Quote Asset volume
1657843200000,0.70960000,0.73500000,0.67700000,0.70370000,231240627.90000000,1657929599999,162301427.67107000,453950,111295983.40000000,78152174.82603000,0
