Open Time,Open,High,Low,Close,Volume,Close Time,Quote Asset Volume,Number of trades,Taker Buy Base Asset Volume,Taker Buy Quote Asset volume
1645056000000,1.83600000,1.86400000,1.64600000,1.66100000,77223017.10000000,1645142399999,135097933.04610000,326340,35750664.00000000,62562554.82490000,0
