Open Time,Open,High,Low,Close,Volume,Close Time,Quote Asset Volume,Number of trades,Taker Buy Base Asset Volume,Taker Buy Quote Asset volume
1664150400000,0.73950000,0.76160000,0.72620000,0.75570000,66516406.60000000,1664236799999,49571658.45858000,140893,33195156.00000000,24741297.97749000,0
