Open Time,Open,High,Low,Close,Volume,Close Time,Quote Asset Volume,Number of trades,Taker Buy Base Asset Volume,Taker Buy Quote Asset volume
1670457600000,0.89730000,0.93150000,0.88740000,0.92760000,56439864.50000000,1670543999999,51263906.98583000,117995,28585769.40000000,25968198.67478000,0
