Open Time,Open,High,Low,Close,Volume,Close Time,Quote Asset Volume,Number of trades,Taker Buy Base Asset Volume,Taker Buy Quote Asset volume
1650844800000,1.34300000,1.35600000,1.26300000,1.35300000,61468472.30000000,1650931199999,80180660.88610000,146221,29716464.60000000,38777664.93640000,0
