Open Time,Open,High,Low,Close,Volume,Close Time,Quote Asset Volume,Number of trades,Taker Buy Base Asset Volume,Taker Buy Quote Asset volume
1662508800000,0.81560000,0.85130000,0.79130000,0.84040000,74934469.50000000,1662595199999,61253641.83122000,168654,36734468.80000000,30033458.07090000,0
