Open Time,Open,High,Low,Close,Volume,Close Time,Quote Asset Volume,Number of trades,Taker Buy Base Asset Volume,Taker Buy Quote Asset volume
1669593600000,0.84380000,0.84910000,0.80420000,0.82130000,67820385.30000000,1669679999999,55704715.11197000,158116,32580361.40000000,26757869.24221000,0
