Open Time,Open,High,Low,Close,Volume,Close Time,Quote Asset Volume,Number of trades,Taker Buy Base Asset Volume,Taker Buy Quote Asset volume
1664064000000,0.75280000,0.76710000,0.73100000,0.73970000,37385050.30000000,1664150399999,28122616.59885000,82484,18771084.40000000,14122445.20901000,0
