Open Time,Open,High,Low,Close,Volume,Close Time,Quote Asset Volume,Number of trades,Taker Buy Base Asset Volume,Taker Buy Quote Asset volume
1670284800000,0.91170000,0.92120000,0.89400000,0.91760000,50335479.40000000,1670371199999,45816001.18293000,98233,24824364.80000000,22597984.48574000,0
