Open Time,Open,High,Low,Close,Volume,Close Time,Quote Asset Volume,Number of trades,Taker Buy Base Asset Volume,Taker Buy Quote Asset volume
1642377600000,2.33200000,2.45200000,2.16300000,2.21900000,114289288.70000000,1642463999999,265763269.99080000,592925,57904465.40000000,134764868.42280000,0
