Open Time,Open,High,Low,Close,Volume,Close Time,Quote Asset Volume,Number of trades,Taker Buy Base Asset Volume,Taker Buy Quote Asset volume
1664323200000,0.73900000,0.75490000,0.71200000,0.74730000,55942554.10000000,1664409599999,41115362.67441000,117617,27116867.40000000,19937792.39415000,0
