Open Time,Open,High,Low,Close,Volume,Close Time,Quote Asset Volume,Number of trades,Taker Buy Base Asset Volume,Taker Buy Quote Asset volume
1646524800000,1.50800000,1.51900000,1.43100000,1.43500000,44816887.70000000,1646611199999,66014445.71300000,113735,21649809.10000000,31905686.24090000,0
