Open Time,Open,High,Low,Close,Volume,Close Time,Quote Asset Volume,Number of trades,Taker Buy Base Asset Volume,Taker Buy Quote Asset volume
1669161600000,0.85140000,0.87320000,0.83630000,0.86140000,110245680.90000000,1669247999999,94330703.97270000,244970,55949777.20000000,47867291.41088000,0
