Open Time,Open,High,Low,Close,Volume,Close Time,Quote Asset Volume,Number of trades,Taker Buy Base Asset Volume,Taker Buy Quote Asset volume
1651017600000,1.24400000,1.29200000,1.23500000,1.25700000,40904675.40000000,1651103999999,51622614.83620000,91003,20343985.60000000,25673897.69400000,0
