Open Time,Open,High,Low,Close,Volume,Close Time,Quote Asset Volume,Number of trades,Taker Buy Base Asset Volume,Taker Buy Quote Asset volume
1652745600000,0.67800000,0.73600000,0.67400000,0.72600000,114713520.10000000,1652831999999,80824456.39000000,137882,57735718.40000000,40683686.33240000,0
