Open Time,Open,High,Low,Close,Volume,Close Time,Quote Asset Volume,Number of trades,Taker Buy Base Asset Volume,Taker Buy Quote Asset volume
1663459200000,0.82800000,0.83670000,0.75000000,0.75330000,64802222.70000000,1663545599999,51932252.56498000,145785,30334802.00000000,24295611.72547000,0
