Open Time,Open,High,Low,Close,Volume,Close Time,Quote Asset Volume,Number of trades,Taker Buy Base Asset Volume,Taker Buy Quote Asset volume
1649203200000,1.59300000,1.59300000,1.45300000,1.45700000,70018240.20000000,1649289599999,107004048.02870000,230473,34476855.10000000,52687318.16480000,0
