Open Time,Open,High,Low,Close,Volume,Close Time,Quote Asset Volume,Number of trades,Taker Buy Base Asset Volume,Taker Buy Quote Asset volume
1671753600000,0.79660000,0.80720000,0.79060000,0.79910000,37371721.90000000,1671839999999,29879025.89640000,70475,18547183.60000000,14827672.35293000,0
