Open Time,Open,High,Low,Close,Volume,Close Time,Quote Asset Volume,Number of trades,Taker Buy Base Asset Volume,Taker Buy Quote Asset volume
1659139200000,0.93880000,0.98380000,0.91330000,0.93090000,106413447.50000000,1659225599999,100833072.77511000,275994,53266000.50000000,50484963.17297000,0
