Open Time,Open,High,Low,Close,Volume,Close Time,Quote Asset Volume,Number of trades,Taker Buy Base Asset Volume,Taker Buy Quote Asset volume
1672099200000,0.81540000,0.81960000,0.79730000,0.80630000,36924059.60000000,1672185599999,29914021.35104000,67763,17825325.10000000,14441392.89235000,0
