Open Time,Open,High,Low,Close,Volume,Close Time,Quote Asset Volume,Number of trades,Taker Buy Base Asset Volume,Taker Buy Quote Asset volume
1661040000000,0.78620000,0.83000000,0.77840000,0.82050000,64321326.00000000,1661126399999,51783650.46859000,169093,33219133.80000000,26751338.21228000,0
