Open Time,Open,High,Low,Close,Volume,Close Time,Quote Asset Volume,Number of trades,Taker Buy Base Asset Volume,Taker Buy Quote Asset volume
1664409600000,0.74730000,0.76480000,0.73110000,0.76310000,59553845.50000000,1664495999999,44545926.96782000,110870,28662161.30000000,21442820.00171000,0
