Open Time,Open,High,Low,Close,Volume,Close Time,Quote Asset Volume,Number of trades,Taker Buy Base Asset Volume,Taker Buy Quote Asset volume
1669766400000,0.83850000,0.94440000,0.83700000,0.93300000,105463856.60000000,1669852799999,93468625.63814000,249032,53600372.40000000,47531877.10047000,0
