Open Time,Open,High,Low,Close,Volume,Close Time,Quote Asset Volume,Number of trades,Taker Buy Base Asset Volume,Taker Buy Quote Asset volume
1645920000000,1.51700000,1.54700000,1.42200000,1.45300000,84362806.00000000,1646006399999,124895915.28680000,200801,41633677.00000000,61683280.87320000,0
