Open Time,Open,High,Low,Close,Volume,Close Time,Quote Asset Volume,Number of trades,Taker Buy Base Asset Volume,Taker Buy Quote Asset volume
1669420800000,0.84420000,0.87180000,0.83850000,0.84640000,50094639.30000000,1669507199999,42924500.52187000,125729,25219989.10000000,21612683.63112000,0
