Open Time,Open,High,Low,Close,Volume,Close Time,Quote Asset Volume,Number of trades,Taker Buy Base Asset Volume,Taker Buy Quote Asset volume
1657238400000,0.56300000,0.61990000,0.55540000,0.60590000,273623248.20000000,1657324799999,159227520.28273000,432974,137913810.60000000,80245089.26465000,0
