Open Time,Open,High,Low,Close,Volume,Close Time,Quote Asset Volume,Number of trades,Taker Buy Base Asset Volume,Taker Buy Quote Asset volume
1641168000000,2.55000000,2.55200000,2.36100000,2.43200000,65676503.50000000,1641254399999,161778141.97440000,306028,31452426.50000000,77478612.43320000,0
