Open Time,Open,High,Low,Close,Volume,Close Time,Quote Asset Volume,Number of trades,Taker Buy Base Asset Volume,Taker Buy Quote Asset volume
1658102400000,0.75290000,0.98490000,0.74500000,0.95830000,385575448.90000000,1658188799999,345839133.03676000,883684,196662770.90000000,176406317.75366000,0
