Open Time,Open,High,Low,Close,Volume,Close Time,Quote Asset Volume,Number of trades,Taker Buy Base Asset Volume,Taker Buy Quote Asset volume
1645228800000,1.59200000,1.64300000,1.55800000,1.63200000,43942448.10000000,1645315199999,70575805.55660000,159313,22934055.20000000,36853373.61590000,0
