Open Time,Open,High,Low,Close,Volume,Close Time,Quote Asset Volume,Number of trades,Taker Buy Base Asset Volume,Taker Buy Quote Asset volume
1654300800000,0.58900000,0.60100000,0.57600000,0.59600000,22906167.90000000,1654387199999,13534544.87210000,35125,12219460.30000000,7220762.54570000,0
