Open Time,Open,High,Low,Close,Volume,Close Time,Quote Asset Volume,Number of trades,Taker Buy Base Asset Volume,Taker Buy Quote Asset volume
1651190400000,1.23800000,1.24600000,1.12700000,1.14000000,73403513.30000000,1651276799999,86724659.54930000,133082,36955499.90000000,43620884.41030000,0
