Open Time,Open,High,Low,Close,Volume,Close Time,Quote Asset Volume,Number of trades,Taker Buy Base Asset Volume,Taker Buy Quote Asset volume
1641859200000,2.07200000,2.37300000,2.04600000,2.36000000,133945252.30000000,1641945599999,299455676.83090000,614124,68295546.20000000,152677046.25140000,0
