Open Time,Open,High,Low,Close,Volume,Close Time,Quote Asset Volume,Number of trades,Taker Buy Base Asset Volume,Taker Buy Quote Asset volume
1642291200000,2.34600000,2.37300000,2.28200000,2.33200000,49800594.20000000,1642377599999,115869595.83440000,239436,24485449.30000000,56995151.76760000,0
