Open Time,Open,High,Low,Close,Volume,Close Time,Quote Asset Volume,Number of trades,Taker Buy Base Asset Volume,Taker Buy Quote Asset volume
1663286400000,0.82520000,0.83130000,0.78730000,0.80690000,52889683.60000000,1663372799999,42776715.43352000,142528,26695955.00000000,21594388.38406000,0
