Open Time,Open,High,Low,Close,Volume,Close Time,Quote Asset Volume,Number of trades,Taker Buy Base Asset Volume,Taker Buy Quote Asset volume
1660262400000,0.92100000,0.93520000,0.90560000,0.93440000,37271224.20000000,1660348799999,34333855.82704000,115088,17438482.40000000,16073640.35554000,0
