Open Time,Open,High,Low,Close,Volume,Close Time,Quote Asset Volume,Number of trades,Taker Buy Base Asset Volume,Taker Buy Quote Asset volume
1652313600000,0.67600000,0.71800000,0.50100000,0.60000000,330454002.90000000,1652399999999,196071124.37060700,424753,160165120.40000000,95064701.52230000,0
