Open Time,Open,High,Low,Close,Volume,Close Time,Quote Asset Volume,Number of trades,Taker Buy Base Asset Volume,Taker Buy Quote Asset volume
1647993600000,1.50700000,1.55900000,1.49200000,1.55600000,44521965.50000000,1648079999999,67874143.64810000,138352,23088345.60000000,35221779.51330000,0
