Open Time,Open,High,Low,Close,Volume,Close Time,Quote Asset Volume,Number of trades,Taker Buy Base Asset Volume,Taker Buy Quote Asset volume
1657756800000,0.63910000,0.71900000,0.61290000,0.70960000,371814316.70000000,1657843199999,243456273.48287000,709188,189292657.60000000,124081231.52945000,0
