Open Time,Open,High,Low,Close,Volume,Close Time,Quote Asset Volume,Number of trades,Taker Buy Base Asset Volume,Taker Buy Quote Asset volume
1654387200000,0.59600000,0.60700000,0.58400000,0.59800000,24801520.70000000,1654473599999,14745185.02360000,33077,12943020.10000000,7701394.03950000,0
