Open Time,Open,High,Low,Close,Volume,Close Time,Quote Asset Volume,Number of trades,Taker Buy Base Asset Volume,Taker Buy Quote Asset volume
1662076800000,0.88440000,0.91360000,0.86270000,0.87190000,91872437.50000000,1662163199999,81541758.70542000,225002,45593720.50000000,40466356.55676000,0
