Open Time,Open,High,Low,Close,Volume,Close Time,Quote Asset Volume,Number of trades,Taker Buy Base Asset Volume,Taker Buy Quote Asset volume
1670716800000,0.90820000,0.91500000,0.88880000,0.89220000,25372990.40000000,1670803199999,22939861.87814000,56067,12029867.80000000,10877602.72118000,0
