Open Time,Open,High,Low,Close,Volume,Close Time,Quote Asset Volume,Number of trades,Taker Buy Base Asset Volume,Taker Buy Quote Asset volume
1641254400000,2.43400000,2.50800000,2.35200000,2.36500000,75096431.90000000,1641340799999,182892650.08350000,369192,35574132.20000000,86700016.63120000,0
