Open Time,Open,High,Low,Close,Volume,Close Time,Quote Asset Volume,Number of trades,Taker Buy Base Asset Volume,Taker Buy Quote Asset volume
1683504000000,0.96330000,0.96720000,0.87500000,0.90050000,80695793.60000000,1683590399999,74302432.97075000,203974,37083876.50000000,34173866.03930000,0
