Open Time,Open,High,Low,Close,Volume,Close Time,Quote Asset Volume,Number of trades,Taker Buy Base Asset Volume,Taker Buy Quote Asset volume
1687737600000,0.66640000,0.67110000,0.63600000,0.64560000,64736820.80000000,1687823999999,42374867.19982000,135340,31858944.20000000,20847476.33128000,0
