Open Time,Open,High,Low,Close,Volume,Close Time,Quote Asset Volume,Number of trades,Taker Buy Base Asset Volume,Taker Buy Quote Asset volume
1684281600000,0.84550000,0.90170000,0.83990000,0.88680000,70737812.20000000,1684367999999,61450520.73947000,159405,36329668.80000000,31593643.01729000,0
