Open Time,Open,High,Low,Close,Volume,Close Time,Quote Asset Volume,Number of trades,Taker Buy Base Asset Volume,Taker Buy Quote Asset volume
1676073600000,1.22970000,1.25760000,1.21300000,1.24930000,67441924.30000000,1676159999999,83404956.94864000,208467,32087354.20000000,39687404.09148000,0
