Open Time,Open,High,Low,Close,Volume,Close Time,Quote Asset Volume,Number of trades,Taker Buy Base Asset Volume,Taker Buy Quote Asset volume
1675123200000,1.08740000,1.12320000,1.07740000,1.10940000,63558466.30000000,1675209599999,69992359.82299000,187892,31921680.40000000,35164895.23452000,0
