Open Time,Open,High,Low,Close,Volume,Close Time,Quote Asset Volume,Number of trades,Taker Buy Base Asset Volume,Taker Buy Quote Asset volume
1681084800000,1.10080000,1.12410000,1.08640000,1.12070000,36381653.10000000,1681171199999,40233727.07133000,107178,18514929.80000000,20485557.30227000,0
