Open Time,Open,High,Low,Close,Volume,Close Time,Quote Asset Volume,Number of trades,Taker Buy Base Asset Volume,Taker Buy Quote Asset volume
1688169600000,0.66150000,0.67730000,0.64840000,0.67680000,48995556.30000000,1688255999999,32602022.91632000,103049,24379065.30000000,16228820.71716000,0
