Open Time,Open,High,Low,Close,Volume,Close Time,Quote Asset Volume,Number of trades,Taker Buy Base Asset Volume,Taker Buy Quote Asset volume
1689379200000,0.80760000,0.82570000,0.79450000,0.79970000,44281166.30000000,1689465599999,35814608.39042000,98006,22497156.90000000,18193073.56408000,0
