Open Time,Open,High,Low,Close,Volume,Close Time,Quote Asset Volume,Number of trades,Taker Buy Base Asset Volume,Taker Buy Quote Asset volume
1687651200000,0.65420000,0.67990000,0.64830000,0.66630000,63458535.70000000,1687737599999,42387216.05382000,130882,31533207.10000000,21063754.28577000,0
