Open Time,Open,High,Low,Close,Volume,Close Time,Quote Asset Volume,Number of trades,Taker Buy Base Asset Volume,Taker Buy Quote Asset volume
1673395200000,0.85850000,0.90120000,0.84430000,0.89140000,63992519.90000000,1673481599999,55312637.60111000,131660,32183201.90000000,27834766.74001000,0
