Open Time,Open,High,Low,Close,Volume,Close Time,Quote Asset Volume,Number of trades,Taker Buy Base Asset Volume,Taker Buy Quote Asset volume
1678233600000,1.15020000,1.15760000,1.03850000,1.05070000,99004188.90000000,1678319999999,108654492.60863000,231822,47854313.80000000,52546339.95088000,0
