Open Time,Open,High,Low,Close,Volume,Close Time,Quote Asset Volume,Number of trades,Taker Buy Base Asset Volume,Taker Buy Quote Asset volume
1674691200000,0.99220000,1.12800000,0.98620000,1.12400000,154935443.10000000,1674777599999,164248988.28374000,437364,75907769.30000000,80461778.17110000,0
