Open Time,Open,High,Low,Close,Volume,Close Time,Quote Asset Volume,Number of trades,Taker Buy Base Asset Volume,Taker Buy Quote Asset volume
1681516800000,1.15980000,1.18470000,1.14260000,1.17020000,56850756.60000000,1681603199999,66353375.69767000,148953,26005396.90000000,30345616.67133000,0
