Open Time,Open,High,Low,Close,Volume,Close Time,Quote Asset Volume,Number of trades,Taker Buy Base Asset Volume,Taker Buy Quote Asset volume
1680220800000,1.09300000,1.12350000,1.07320000,1.11760000,56752022.70000000,1680307199999,62448974.79156000,154106,28147043.10000000,30968332.50314000,0
