Open Time,Open,High,Low,Close,Volume,Close Time,Quote Asset Volume,Number of trades,Taker Buy Base Asset Volume,Taker Buy Quote Asset volume
1675641600000,1.20280000,1.23780000,1.17260000,1.19100000,59505122.90000000,1675727999999,71782201.41916000,185251,28658161.90000000,34579320.73198000,0
