Open Time,Open,High,Low,Close,Volume,Close Time,Quote Asset Volume,Number of trades,Taker Buy Base Asset Volume,Taker Buy Quote Asset volume
1674172800000,0.95290000,1.02780000,0.93720000,1.02600000,73706577.50000000,1674259199999,72049919.25793000,168465,36674888.70000000,35846252.83806000,0
