Open Time,Open,High,Low,Close,Volume,Close Time,Quote Asset Volume,Number of trades,Taker Buy Base Asset Volume,Taker Buy Quote Asset volume
1682294400000,1.00370000,1.02490000,0.97260000,0.98890000,60968224.40000000,1682380799999,60663980.45072000,159631,30937507.10000000,30787624.55626000,0
