Open Time,Open,High,Low,Close,Volume,Close Time,Quote Asset Volume,Number of trades,Taker Buy Base Asset Volume,Taker Buy Quote Asset volume
1682812800000,1.00320000,1.01590000,0.97420000,0.98070000,43418304.30000000,1682899199999,43282433.35464000,116211,21897010.20000000,21847018.12218000,0
