Open Time,Open,High,Low,Close,Volume,Close Time,Quote Asset Volume,Number of trades,Taker Buy Base Asset Volume,Taker Buy Quote Asset volume
1679875200000,1.10390000,1.10860000,1.02550000,1.04550000,82884293.30000000,1679961599999,87985608.30705000,222090,39822365.00000000,42262331.45620000,0
