Open Time,Open,High,Low,Close,Volume,Close Time,Quote Asset Volume,Number of trades,Taker Buy Base Asset Volume,Taker Buy Quote Asset volume
1675382400000,1.18130000,1.25380000,1.16620000,1.24600000,111965351.40000000,1675468799999,135208372.37570000,301752,54828517.60000000,66196924.48309000,0
