Open Time,Open,High,Low,Close,Volume,Close Time,Quote Asset Volume,Number of trades,Taker Buy Base Asset Volume,Taker Buy Quote Asset volume
1685059200000,0.88910000,0.97130000,0.88740000,0.91070000,101620588.70000000,1685145599999,93678635.91419000,225138,51196080.00000000,47194296.69672000,0
