Open Time,Open,High,Low,Close,Volume,Close Time,Quote Asset Volume,Number of trades,Taker Buy Base Asset Volume,Taker Buy Quote Asset volume
1686182400000,0.76520000,0.78560000,0.75500000,0.78130000,44660286.10000000,1686268799999,34536306.31200000,92227,22829310.10000000,17650971.01602000,0
