Open Time,Open,High,Low,Close,Volume,Close Time,Quote Asset Volume,Number of trades,Taker Buy Base Asset Volume,Taker Buy Quote Asset volume
1683417600000,0.97530000,0.98520000,0.96070000,0.96360000,32707806.10000000,1683503999999,31887058.18140000,78213,17101570.30000000,16672869.63567000,0
