Open Time,Open,High,Low,Close,Volume,Close Time,Quote Asset Volume,Number of trades,Taker Buy Base Asset Volume,Taker Buy Quote Asset volume
1682380800000,0.98900000,1.01680000,0.94950000,1.00430000,68309773.10000000,1682467199999,66488474.92775000,167761,33892359.80000000,32995157.72853000,0
