Open Time,Open,High,Low,Close,Volume,Close Time,Quote Asset Volume,Number of trades,Taker Buy Base Asset Volume,Taker Buy Quote Asset volume
1689292800000,0.85030000,0.88000000,0.77770000,0.80770000,130675279.50000000,1689379199999,109332177.40721000,308668,62411440.40000000,52165267.69116000,0
