Open Time,Open,High,Low,Close,Volume,Close Time,Quote Asset Volume,Number of trades,Taker Buy Base Asset Volume,Taker Buy Quote Asset volume
1678924800000,1.11180000,1.15680000,1.09710000,1.14780000,92359555.30000000,1679011199999,104288377.18052000,252034,44676338.40000000,50437975.42357000,0
