Open Time,Open,High,Low,Close,Volume,Close Time,Quote Asset Volume,Number of trades,Taker Buy Base Asset Volume,Taker Buy Quote Asset volume
1677456000000,1.28170000,1.28740000,1.21350000,1.23450000,91008779.10000000,1677542399999,114017060.17606000,249946,44134925.20000000,55263261.58222000,0
