Open Time,Open,High,Low,Close,Volume,Close Time,Quote Asset Volume,Number of trades,Taker Buy Base Asset Volume,Taker Buy Quote Asset volume
1680998400000,1.10190000,1.10990000,1.08340000,1.10080000,29136430.20000000,1681084799999,31932495.33957000,96394,14370449.40000000,15754754.65277000,0
