Open Time,Open,High,Low,Close,Volume,Close Time,Quote Asset Volume,Number of trades,Taker Buy Base Asset Volume,Taker Buy Quote Asset volume
1672790400000,0.77970000,0.81430000,0.77720000,0.80680000,68453752.50000000,1672876799999,54886910.69803000,113266,34587857.30000000,27730489.70706000,0
