Open Time,Open,High,Low,Close,Volume,Close Time,Quote Asset Volume,Number of trades,Taker Buy Base Asset Volume,Taker Buy Quote Asset volume
1689120000000,0.74260000,0.75980000,0.71510000,0.72340000,67772831.90000000,1689206399999,49935306.57582000,138638,34733848.20000000,25604884.25232000,0
