Open Time,Open,High,Low,Close,Volume,Close Time,Quote Asset Volume,Number of trades,Taker Buy Base Asset Volume,Taker Buy Quote Asset volume
1688688000000,0.66040000,0.68050000,0.65210000,0.67650000,52918366.60000000,1688774399999,35386343.63102000,99406,25709330.20000000,17193617.18642000,0
