Open Time,Open,High,Low,Close,Volume,Close Time,Quote Asset Volume,Number of trades,Taker Buy Base Asset Volume,Taker Buy Quote Asset volume
1675814400000,1.26980000,1.35220000,1.25440000,1.30620000,131414783.70000000,1675900799999,170679068.05999000,420139,65894944.80000000,85601464.63065000,0
