Open Time,Open,High,Low,Close,Volume,Close Time,Quote Asset Volume,Number of trades,Taker Buy Base Asset Volume,Taker Buy Quote Asset volume
1678838400000,1.19600000,1.22800000,1.07480000,1.11150000,139105773.60000000,1678924799999,160548015.41080000,417084,66990471.90000000,77307989.54188000,0
