Open Time,Open,High,Low,Close,Volume,Close Time,Quote Asset Volume,Number of trades,Taker Buy Base Asset Volume,Taker Buy Quote Asset volume
1689206400000,0.72340000,0.89160000,0.71250000,0.85020000,236690682.60000000,1689292799999,189382466.53653000,509627,122730443.40000000,98171293.16489000,0
