Open Time,Open,High,Low,Close,Volume,Close Time,Quote Asset Volume,Number of trades,Taker Buy Base Asset Volume,Taker Buy Quote Asset volume
1673913600000,1.01950000,1.03840000,0.99120000,0.99410000,71496887.30000000,1673999999999,72448132.77248000,189005,35041804.60000000,35509733.30533000,0
