Open Time,Open,High,Low,Close,Volume,Close Time,Quote Asset Volume,Number of trades,Taker Buy Base Asset Volume,Taker Buy Quote Asset volume
1678060800000,1.13600000,1.14740000,1.11440000,1.13090000,47628646.60000000,1678147199999,53798102.13044000,118097,24208094.60000000,27344553.97261000,0
