Open Time,Open,High,Low,Close,Volume,Close Time,Quote Asset Volume,Number of trades,Taker Buy Base Asset Volume,Taker Buy Quote Asset volume
1677024000000,1.38660000,1.40180000,1.31950000,1.39560000,109389336.30000000,1677110399999,148506874.27040000,317485,54240609.90000000,73660363.44208000,0
