Open Time,Open,High,Low,Close,Volume,Close Time,Quote Asset Volume,Number of trades,Taker Buy Base Asset Volume,Taker Buy Quote Asset volume
1686873600000,0.59080000,0.59980000,0.55780000,0.59030000,154169874.20000000,1686959999999,89721878.46269000,224184,73915368.30000000,43029584.43897000,0
