Open Time,Open,High,Low,Close,Volume,Close Time,Quote Asset Volume,Number of trades,Taker Buy Base Asset Volume,Taker Buy Quote Asset volume
1690416000000,0.72230000,0.73640000,0.71170000,0.71710000,36405510.10000000,1690502399999,26371725.52158000,71984,17045609.90000000,12351597.14288000,0
