Open Time,Open,High,Low,Close,Volume,Close Time,Quote Asset Volume,Number of trades,Taker Buy Base Asset Volume,Taker Buy Quote Asset volume
1676678400000,1.52380000,1.56810000,1.47340000,1.48470000,96263833.50000000,1676764799999,146575287.20971000,328051,48230884.70000000,73451839.87792000,0
