Open Time,Open,High,Low,Close,Volume,Close Time,Quote Asset Volume,Number of trades,Taker Buy Base Asset Volume,Taker Buy Quote Asset volume
1675036800000,1.17820000,1.18000000,1.06500000,1.08750000,105616115.30000000,1675123199999,117923312.61559000,293227,50557531.10000000,56371621.96486000,0
