Open Time,Open,High,Low,Close,Volume,Close Time,Quote Asset Volume,Number of trades,Taker Buy Base Asset Volume,Taker Buy Quote Asset volume
1679011200000,1.14780000,1.22830000,1.13480000,1.22250000,97688607.80000000,1679097599999,115995716.85718000,307231,51259400.70000000,60857960.74482000,0
