Open Time,Open,High,Low,Close,Volume,Close Time,Quote Asset Volume,Number of trades,Taker Buy Base Asset Volume,Taker Buy Quote Asset volume
1681603200000,1.17030000,1.18850000,1.15050000,1.18280000,39211719.30000000,1681689599999,45770219.46987000,116798,18628857.00000000,21743789.43664000,0
