Open Time,Open,High,Low,Close,Volume,Close Time,Quote Asset Volume,Number of trades,Taker Buy Base Asset Volume,Taker Buy Quote Asset volume
1680307200000,1.11760000,1.12840000,1.09710000,1.11200000,33675594.50000000,1680393599999,37390504.62712000,112222,16702138.40000000,18549111.25085000,0
