Open Time,Open,High,Low,Close,Volume,Close Time,Quote Asset Volume,Number of trades,Taker Buy Base Asset Volume,Taker Buy Quote Asset volume
1685836800000,0.89960000,0.90720000,0.88970000,0.89240000,22627518.80000000,1685923199999,20391460.95814000,45019,10590178.10000000,9542967.15605000,0
