Open Time,Open,High,Low,Close,Volume,Close Time,Quote Asset Volume,Number of trades,Taker Buy Base Asset Volume,Taker Buy Quote Asset volume
1686960000000,0.59040000,0.63550000,0.58500000,0.61350000,110877305.00000000,1687046399999,68176742.89972000,176542,54715387.20000000,33629438.88220000,0
