Open Time,Open,High,Low,Close,Volume,Close Time,Quote Asset Volume,Number of trades,Taker Buy Base Asset Volume,Taker Buy Quote Asset volume
1684627200000,0.87680000,0.88000000,0.85280000,0.85650000,22006913.90000000,1684713599999,19095946.16967000,53725,11155853.70000000,9681222.92869000,0
