Open Time,Open,High,Low,Close,Volume,Close Time,Quote Asset Volume,Number of trades,Taker Buy Base Asset Volume,Taker Buy Quote Asset volume
1677628800000,1.19630000,1.26400000,1.19030000,1.24890000,73272414.30000000,1677715199999,90681614.95752000,186482,35922596.00000000,44448437.80745000,0
