Open Time,Open,High,Low,Close,Volume,Close Time,Quote Asset Volume,Number of trades,Taker Buy Base Asset Volume,Taker Buy Quote Asset volume
1690502400000,0.71700000,0.72160000,0.71260000,0.71360000,4816358.70000000,1690588799999,3454422.87358000,9847,2377761.70000000,1705900.97217000,0
