Open Time,Open,High,Low,Close,Volume,Close Time,Quote Asset Volume,Number of trades,Taker Buy Base Asset Volume,Taker Buy Quote Asset volume
1679961600000,1.04540000,1.10560000,1.03270000,1.08600000,65145868.60000000,1680047999999,69239379.54968000,191757,32070966.30000000,34083150.00094000,0
