Open Time,Open,High,Low,Close,Volume,Close Time,Quote Asset Volume,Number of trades,Taker Buy Base Asset Volume,Taker Buy Quote Asset volume
1679702400000,1.09690000,1.11290000,1.06190000,1.07860000,57706854.30000000,1679788799999,62900091.32740000,172784,30145128.10000000,32838395.58359000,0
