Open Time,Open,High,Low,Close,Volume,Close Time,Quote Asset Volume,Number of trades,Taker Buy Base Asset Volume,Taker Buy Quote Asset volume
1689811200000,0.74370000,0.80200000,0.74220000,0.76800000,95828528.80000000,1689897599999,74185397.31561000,170436,47868367.50000000,37076412.08441000,0
