Open Time,Open,High,Low,Close,Volume,Close Time,Quote Asset Volume,Number of trades,Taker Buy Base Asset Volume,Taker Buy Quote Asset volume
1690243200000,0.72810000,0.72930000,0.70190000,0.70800000,45690199.30000000,1690329599999,32779997.90688000,82524,21314087.20000000,15294360.71234000,0
