Open Time,Open,High,Low,Close,Volume,Close Time,Quote Asset Volume,Number of trades,Taker Buy Base Asset Volume,Taker Buy Quote Asset volume
1677801600000,1.22730000,1.22860000,1.12240000,1.16900000,101223835.40000000,1677887999999,117825916.09799000,246062,48396217.50000000,56342112.28349000,0
