Open Time,Open,High,Low,Close,Volume,Close Time,Quote Asset Volume,Number of trades,Taker Buy Base Asset Volume,Taker Buy Quote Asset volume
1682640000000,1.01220000,1.01610000,0.97970000,0.99840000,51748452.10000000,1682726399999,51685368.33800000,121645,27722736.70000000,27699418.94706000,0
