Open Time,Open,High,Low,Close,Volume,Close Time,Quote Asset Volume,Number of trades,Taker Buy Base Asset Volume,Taker Buy Quote Asset volume
1683331200000,0.99780000,1.00500000,0.95000000,0.97530000,51505951.90000000,1683417599999,50132119.61061000,126549,25558356.00000000,24902019.99663000,0
