Open Time,Open,High,Low,Close,Volume,Close Time,Quote Asset Volume,Number of trades,Taker Buy Base Asset Volume,Taker Buy Quote Asset volume
1682467200000,1.00440000,1.05950000,0.94350000,0.98590000,112722354.70000000,1682553599999,113448261.72856000,281061,55524825.70000000,55941158.46041000,0
