Open Time,Open,High,Low,Close,Volume,Close Time,Quote Asset Volume,Number of trades,Taker Buy Base Asset Volume,Taker Buy Quote Asset volume
1683244800000,0.98260000,1.00850000,0.97500000,0.99790000,44738112.90000000,1683331199999,44481643.54626000,108347,22885536.60000000,22756085.22428000,0
