Open Time,Open,High,Low,Close,Volume,Close Time,Quote Asset Volume,Number of trades,Taker Buy Base Asset Volume,Taker Buy Quote Asset volume
1687996800000,0.61310000,0.64400000,0.61080000,0.62390000,56212251.90000000,1688083199999,35208221.19972000,93803,28228084.60000000,17675419.97254000,0
