Open Time,Open,High,Low,Close,Volume,Close Time,Quote Asset Volume,Number of trades,Taker Buy Base Asset Volume,Taker Buy Quote Asset volume
1674864000000,1.15830000,1.16940000,1.09100000,1.14420000,104492642.80000000,1674950399999,118625062.25957000,287381,50481487.10000000,57289653.41311000,0
