Open Time,Open,High,Low,Close,Volume,Close Time,Quote Asset Volume,Number of trades,Taker Buy Base Asset Volume,Taker Buy Quote Asset volume
1674259200000,1.02590000,1.04090000,0.98600000,0.98970000,96255117.80000000,1674345599999,97900403.76265000,223707,45491186.00000000,46285171.46621000,0
