Open Time,Open,High,Low,Close,Volume,Close Time,Quote Asset Volume,Number of trades,Taker Buy Base Asset Volume,Taker Buy Quote Asset volume
1681776000000,1.15300000,1.18400000,1.14220000,1.17180000,50427246.30000000,1681862399999,58894862.89527000,127728,25455039.20000000,29732362.90974000,0
