Open Time,Open,High,Low,Close,Volume,Close Time,Quote Asset Volume,Number of trades,Taker Buy Base Asset Volume,Taker Buy Quote Asset volume
1673049600000,0.79930000,0.81130000,0.79810000,0.80630000,30097362.30000000,1673135999999,24211717.47300000,53099,14674999.30000000,11805067.53351000,0
