Open Time,Open,High,Low,Close,Volume,Close Time,Quote Asset Volume,Number of trades,Taker Buy Base Asset Volume,Taker Buy Quote Asset volume
1688601600000,0.67060000,0.70030000,0.64720000,0.66040000,97144803.70000000,1688687999999,65619844.20168000,181832,48486087.20000000,32754193.51571000,0
