Open Time,Open,High,Low,Close,Volume,Close Time,Quote Asset Volume,Number of trades,Taker Buy Base Asset Volume,Taker Buy Quote Asset volume
1681430400000,1.13350000,1.19000000,1.13330000,1.15990000,103734364.40000000,1681516799999,121086297.95876000,280035,55581550.70000000,64873200.62302000,0
