Open Time,Open,High,Low,Close,Volume,Close Time,Quote Asset Volume,Number of trades,Taker Buy Base Asset Volume,Taker Buy Quote Asset volume
1675468800000,1.24580000,1.28410000,1.21550000,1.25450000,78517005.30000000,1675555199999,98043696.71857000,240939,37767834.50000000,47155753.11404000,0
