Open Time,Open,High,Low,Close,Volume,Close Time,Quote Asset Volume,Number of trades,Taker Buy Base Asset Volume,Taker Buy Quote Asset volume
1677715200000,1.24890000,1.25380000,1.19170000,1.22740000,56731954.30000000,1677801599999,68897671.29193000,140645,27423878.80000000,33300466.23169000,0
