Open Time,Open,High,Low,Close,Volume,Close Time,Quote Asset Volume,Number of trades,Taker Buy Base Asset Volume,Taker Buy Quote Asset volume
1687305600000,0.63140000,0.67750000,0.62740000,0.66830000,118557715.00000000,1687391999999,77551370.80242000,217788,60006069.50000000,39257154.85604000,0
