Open Time,Open,High,Low,Close,Volume,Close Time,Quote Asset Volume,Number of trades,Taker Buy Base Asset Volume,Taker Buy Quote Asset volume
1686700800000,0.64490000,0.66210000,0.60750000,0.61930000,82033029.10000000,1686787199999,52528883.57276000,142482,41297669.70000000,26438104.72295000,0
