Open Time,Open,High,Low,Close,Volume,Close Time,Quote Asset Volume,Number of trades,Taker Buy Base Asset Volume,Taker Buy Quote Asset volume
1685232000000,0.92020000,0.95530000,0.91760000,0.94060000,37512694.80000000,1685318399999,34966871.38046000,90264,17225588.30000000,16055596.15805000,0
