Open Time,Open,High,Low,Close,Volume,Close Time,Quote Asset Volume,Number of trades,Taker Buy Base Asset Volume,Taker Buy Quote Asset volume
1676851200000,1.47850000,1.50730000,1.43110000,1.47530000,86154559.20000000,1676937599999,127205685.17376000,272162,41692713.80000000,61566679.69401000,0
