Open Time,Open,High,Low,Close,Volume,Close Time,Quote Asset Volume,Number of trades,Taker Buy Base Asset Volume,Taker Buy Quote Asset volume
1685491200000,0.90090000,0.90540000,0.87860000,0.89210000,35748529.20000000,1685577599999,31758841.00212000,79089,16889939.70000000,15004310.17934000,0
