Open Time,Open,High,Low,Close,Volume,Close Time,Quote Asset Volume,Number of trades,Taker Buy Base Asset Volume,Taker Buy Quote Asset volume
1679529600000,1.10780000,1.15790000,1.09910000,1.13600000,72673660.70000000,1679615999999,81671217.89253000,238497,36755905.60000000,41312403.53681000,0
