Open Time,Open,High,Low,Close,Volume,Close Time,Quote Asset Volume,Number of trades,Taker Buy Base Asset Volume,Taker Buy Quote Asset volume
1688947200000,0.68840000,0.74890000,0.67100000,0.73510000,132699133.70000000,1689033599999,94577366.48709000,252196,69658717.50000000,49667340.58910000,0
