Open Time,Open,High,Low,Close,Volume,Close Time,Quote Asset Volume,Number of trades,Taker Buy Base Asset Volume,Taker Buy Quote Asset volume
1676764800000,1.48480000,1.53630000,1.46130000,1.47850000,100615653.50000000,1676851199999,151485974.06537000,318329,49009779.60000000,73788226.55282000,0
