Open Time,Open,High,Low,Close,Volume,Close Time,Quote Asset Volume,Number of trades,Taker Buy Base Asset Volume,Taker Buy Quote Asset volume
1673481600000,0.89140000,0.92400000,0.85400000,0.91520000,128894981.80000000,1673567999999,115095514.67716000,222998,64431801.80000000,57555052.09744000,0
