Open Time,Open,High,Low,Close,Volume,Close Time,Quote Asset Volume,Number of trades,Taker Buy Base Asset Volume,Taker Buy Quote Asset volume
1689897600000,0.76790000,0.78220000,0.75800000,0.76930000,44630628.50000000,1689983999999,34319931.20784000,90362,21189665.00000000,16296677.97389000,0
