Open Time,Open,High,Low,Close,Volume,Close Time,Quote Asset Volume,Number of trades,Taker Buy Base Asset Volume,Taker Buy Quote Asset volume
1679356800000,1.10270000,1.16960000,1.07880000,1.15260000,106479343.20000000,1679443199999,120198260.28459000,310714,54592481.90000000,61644738.75183000,0
