Open Time,Open,High,Low,Close,Volume,Close Time,Quote Asset Volume,Number of trades,Taker Buy Base Asset Volume,Taker Buy Quote Asset volume
1679270400000,1.16630000,1.17170000,1.09720000,1.10270000,137013592.30000000,1679356799999,155930013.89475000,360302,67866825.50000000,77227529.70765000,0
