Open Time,Open,High,Low,Close,Volume,Close Time,Quote Asset Volume,Number of trades,Taker Buy Base Asset Volume,Taker Buy Quote Asset volume
1675987200000,1.22950000,1.31360000,1.21060000,1.22980000,146245466.10000000,1676073599999,185373557.84733000,458925,70398989.00000000,89261945.68433000,0
