Open Time,Open,High,Low,Close,Volume,Close Time,Quote Asset Volume,Number of trades,Taker Buy Base Asset Volume,Taker Buy Quote Asset volume
1677110400000,1.39590000,1.41880000,1.33310000,1.35330000,76204290.90000000,1677196799999,104897302.66578000,234850,36600327.80000000,50422930.29562000,0
