Open Time,Open,High,Low,Close,Volume,Close Time,Quote Asset Volume,Number of trades,Taker Buy Base Asset Volume,Taker Buy Quote Asset volume
1684540800000,0.87160000,0.87940000,0.86400000,0.87680000,23244447.50000000,1684627199999,20246879.85885000,51068,11903465.60000000,10367681.96844000,0
