Open Time,Open,High,Low,Close,Volume,Close Time,Quote Asset Volume,Number of trades,Taker Buy Base Asset Volume,Taker Buy Quote Asset volume
1687132800000,0.59710000,0.62400000,0.59030000,0.61470000,60302670.90000000,1687219199999,36473956.63360000,93384,32391422.40000000,19596839.41938000,0
