Open Time,Open,High,Low,Close,Volume,Close Time,Quote Asset Volume,Number of trades,Taker Buy Base Asset Volume,Taker Buy Quote Asset volume
1687910400000,0.66210000,0.66300000,0.60000000,0.61310000,96981095.20000000,1687996799999,61305337.63221000,175346,47792827.90000000,30227193.93569000,0
