Open Time,Open,High,Low,Close,Volume,Close Time,Quote Asset Volume,Number of trades,Taker Buy Base Asset Volume,Taker Buy Quote Asset volume
1672876800000,0.80690000,0.81080000,0.78500000,0.78900000,37847137.90000000,1672963199999,30127394.78258000,66687,18780334.50000000,14952057.29589000,0
