Open Time,Open,High,Low,Close,Volume,Close Time,Quote Asset Volume,Number of trades,Taker Buy Base Asset Volume,Taker Buy Quote Asset volume
1676505600000,1.32820000,1.46690000,1.31910000,1.37110000,182353199.10000000,1676591999999,253546744.05445000,586293,91292364.50000000,126839335.03942000,0
