Open Time,Open,High,Low,Close,Volume,Close Time,Quote Asset Volume,Number of trades,Taker Buy Base Asset Volume,Taker Buy Quote Asset volume
1684108800000,0.85910000,0.87780000,0.84650000,0.85920000,37803653.20000000,1684195199999,32735408.82443000,93781,20072035.70000000,17380453.41674000,0
