Open Time,Open,High,Low,Close,Volume,Close Time,Quote Asset Volume,Number of trades,Taker Buy Base Asset Volume,Taker Buy Quote Asset volume
1682121600000,1.01160000,1.02840000,1.00550000,1.02450000,31886638.10000000,1682207999999,32452445.21799000,89593,16062925.40000000,16345224.18315000,0
