Open Time,Open,High,Low,Close,Volume,Close Time,Quote Asset Volume,Number of trades,Taker Buy Base Asset Volume,Taker Buy Quote Asset volume
1676937600000,1.47530000,1.50240000,1.36210000,1.38670000,114835224.20000000,1677023999999,163472280.56921000,328343,55373044.70000000,78826399.39672000,0
