Open Time,Open,High,Low,Close,Volume,Close Time,Quote Asset Volume,Number of trades,Taker Buy Base Asset Volume,Taker Buy Quote Asset volume
1689638400000,0.77750000,0.78400000,0.73030000,0.73830000,85709755.50000000,1689724799999,64593576.29008000,144611,38635971.60000000,29137774.32207000,0
