Open Time,Open,High,Low,Close,Volume,Close Time,Quote Asset Volume,Number of trades,Taker Buy Base Asset Volume,Taker Buy Quote Asset volume
1685750400000,0.89940000,0.90660000,0.89240000,0.89950000,17283126.80000000,1685836799999,15554056.10178000,39219,8597366.10000000,7736006.24865000,0
