Open Time,Open,High,Low,Close,Volume,Close Time,Quote Asset Volume,Number of trades,Taker Buy Base Asset Volume,Taker Buy Quote Asset volume
1684886400000,0.88930000,0.89060000,0.85510000,0.87300000,49021661.20000000,1684972799999,42639835.10696000,93205,24937413.60000000,21691998.11198000,0
