Open Time,Open,High,Low,Close,Volume,Close Time,Quote Asset Volume,Number of trades,Taker Buy Base Asset Volume,Taker Buy Quote Asset volume
1679443200000,1.15280000,1.16000000,1.08600000,1.10770000,105165344.90000000,1679529599999,119057006.63619000,319942,52852275.60000000,59860798.32857000,0
