Open Time,Open,High,Low,Close,Volume,Close Time,Quote Asset Volume,Number of trades,Taker Buy Base Asset Volume,Taker Buy Quote Asset volume
1673568000000,0.91520000,0.93940000,0.89550000,0.93040000,72814357.70000000,1673654399999,66565801.81007000,145144,36684373.60000000,33529261.15580000,0
