Open Time,Open,High,Low,Close,Volume,Close Time,Quote Asset Volume,Number of trades,Taker Buy Base Asset Volume,Taker Buy Quote Asset volume
1686787200000,0.61930000,0.62710000,0.55950000,0.59070000,191591607.40000000,1686873599999,113803687.18476000,278108,88206616.80000000,52372314.18624000,0
