Open Time,Open,High,Low,Close,Volume,Close Time,Quote Asset Volume,Number of trades,Taker Buy Base Asset Volume,Taker Buy Quote Asset volume
1681171200000,1.12080000,1.13140000,1.10860000,1.11200000,41221811.90000000,1681257599999,46248413.51252000,116790,20454054.20000000,22943740.43451000,0
