Open Time,Open,High,Low,Close,Volume,Close Time,Quote Asset Volume,Number of trades,Taker Buy Base Asset Volume,Taker Buy Quote Asset volume
1683590400000,0.90050000,0.90760000,0.86660000,0.87630000,63629210.30000000,1683676799999,56295771.01110000,128359,30908682.90000000,27355413.87375000,0
