Open Time,Open,High,Low,Close,Volume,Close Time,Quote Asset Volume,Number of trades,Taker Buy Base Asset Volume,Taker Buy Quote Asset volume
1673654400000,0.93050000,1.05510000,0.92920000,0.99810000,185014275.60000000,1673740799999,182802572.68735000,421446,92882680.50000000,91839731.06524000,0
