Open Time,Open,High,Low,Close,Volume,Close Time,Quote Asset Volume,Number of trades,Taker Buy Base Asset Volume,Taker Buy Quote Asset volume
1680480000000,1.09530000,1.11920000,1.06870000,1.09690000,65527596.10000000,1680566399999,71946264.98267000,224351,32560997.40000000,35749852.11745000,0
