Open Time,Open,High,Low,Close,Volume,Close Time,Quote Asset Volume,Number of trades,Taker Buy Base Asset Volume,Taker Buy Quote Asset volume
1686096000000,0.82260000,0.82410000,0.76030000,0.76510000,79826685.00000000,1686182399999,62802105.44472000,157332,42224075.80000000,33225673.50636000,0
