Open Time,Open,High,Low,Close,Volume,Close Time,Quote Asset Volume,Number of trades,Taker Buy Base Asset Volume,Taker Buy Quote Asset volume
1678320000000,1.05070000,1.09430000,0.97000000,1.01720000,134098922.30000000,1678406399999,139960169.54125000,296300,65293784.00000000,68198105.86788000,0
