Open Time,Open,High,Low,Close,Volume,Close Time,Quote Asset Volume,Number of trades,Taker Buy Base Asset Volume,Taker Buy Quote Asset volume
1674000000000,0.99410000,1.01980000,0.92500000,0.93800000,100446124.10000000,1674086399999,98065066.56774000,263012,48212844.20000000,47034025.07267000,0
