Open Time,Open,High,Low,Close,Volume,Close Time,Quote Asset Volume,Number of trades,Taker Buy Base Asset Volume,Taker Buy Quote Asset volume
1686441600000,0.60910000,0.66000000,0.59090000,0.63480000,156063187.30000000,1686527999999,97504649.85656000,274626,77745051.30000000,48621473.85429000,0
