Open Time,Open,High,Low,Close,Volume,Close Time,Quote Asset Volume,Number of trades,Taker Buy Base Asset Volume,Taker Buy Quote Asset volume
1687219200000,0.61480000,0.63300000,0.59170000,0.63140000,68435890.60000000,1687305599999,41828572.49219000,115263,34898874.00000000,21325623.26780000,0
