Open Time,Open,High,Low,Close,Volume,Close Time,Quote Asset Volume,Number of trades,Taker Buy Base Asset Volume,Taker Buy Quote Asset volume
1680739200000,1.14020000,1.14170000,1.10680000,1.11480000,34323644.40000000,1680825599999,38451542.47932000,123520,16986641.20000000,19030818.30473000,0
