Open Time,Open,High,Low,Close,Volume,Close Time,Quote Asset Volume,Number of trades,Taker Buy Base Asset Volume,Taker Buy Quote Asset volume
1688774400000,0.67650000,0.68680000,0.67070000,0.67970000,38187226.00000000,1688860799999,25939533.15665000,76821,19518817.70000000,13258839.98523000,0
