Open Time,Open,High,Low,Close,Volume,Close Time,Quote Asset Volume,Number of trades,Taker Buy Base Asset Volume,Taker Buy Quote Asset volume
1678579200000,1.05630000,1.15400000,1.03800000,1.14910000,130111687.80000000,1678665599999,141499735.97052000,376412,66563215.60000000,72420202.50533000,0
