Open Time,Open,High,Low,Close,Volume,Close Time,Quote Asset Volume,Number of trades,Taker Buy Base Asset Volume,Taker Buy Quote Asset volume
1676592000000,1.37120000,1.54960000,1.36930000,1.52390000,183569259.10000000,1676678399999,267801660.84646000,603162,93252147.50000000,135991078.29668000,0
