Open Time,Open,High,Low,Close,Volume,Close Time,Quote Asset Volume,Number of trades,Taker Buy Base Asset Volume,Taker Buy Quote Asset volume
1690156800000,0.75700000,0.76200000,0.71110000,0.72800000,61362447.40000000,1690243199999,44847459.49964000,111635,30435563.70000000,22245684.89082000,0
