Open Time,Open,High,Low,Close,Volume,Close Time,Quote Asset Volume,Number of trades,Taker Buy Base Asset Volume,Taker Buy Quote Asset volume
1680134400000,1.12220000,1.14250000,1.07900000,1.09300000,69415954.40000000,1680220799999,76826796.26059000,210887,33522685.20000000,37118609.37150000,0
