Open Time,Open,High,Low,Close,Volume,Close Time,Quote Asset Volume,Number of trades,Taker Buy Base Asset Volume,Taker Buy Quote Asset volume
1683936000000,0.86480000,0.86640000,0.84740000,0.84870000,36767487.20000000,1684022399999,31502276.22767000,69086,18154101.40000000,15550187.43033000,0
