Open Time,Open,High,Low,Close,Volume,Close Time,Quote Asset Volume,Number of trades,Taker Buy Base Asset Volume,Taker Buy Quote Asset volume
1685404800000,0.90830000,0.91590000,0.88330000,0.90110000,58951166.00000000,1685491199999,53317348.93088000,111744,28592440.00000000,25864136.30180000,0
