Open Time,Open,High,Low,Close,Volume,Close Time,Quote Asset Volume,Number of trades,Taker Buy Base Asset Volume,Taker Buy Quote Asset volume
1674777600000,1.12400000,1.19000000,1.06220000,1.15880000,161355791.90000000,1674863999999,180539910.36130000,453730,79964774.30000000,89515339.50031000,0
