Open Time,Open,High,Low,Close,Volume,Close Time,Quote Asset Volume,Number of trades,Taker Buy Base Asset Volume,Taker Buy Quote Asset volume
1676332800000,1.18490000,1.26020000,1.15600000,1.25790000,123684987.30000000,1676419199999,149598971.18264000,323260,62828893.30000000,76092362.84671000,0
