Open Time,Open,High,Low,Close,Volume,Close Time,Quote Asset Volume,Number of trades,Taker Buy Base Asset Volume,Taker Buy Quote Asset volume
1682726400000,0.99830000,1.02330000,0.99220000,1.00320000,36255695.00000000,1682812799999,36555214.50665000,99017,19584080.40000000,19747852.59142000,0
