Open Time,Open,High,Low,Close,Volume,Close Time,Quote Asset Volume,Number of trades,Taker Buy Base Asset Volume,Taker Buy Quote Asset volume
1673136000000,0.80640000,0.84500000,0.79650000,0.84070000,49373795.70000000,1673222399999,40234353.77661000,90546,25064382.50000000,20434241.72161000,0
