Open Time,Open,High,Low,Close,Volume,Close Time,Quote Asset Volume,Number of trades,Taker Buy Base Asset Volume,Taker Buy Quote Asset volume
1684972800000,0.87310000,0.90130000,0.85440000,0.88900000,60386476.80000000,1685059199999,53189912.36081000,113359,30427638.30000000,26811005.38938000,0
