Open Time,Open,High,Low,Close,Volume,Close Time,Quote Asset Volume,Number of trades,Taker Buy Base Asset Volume,Taker Buy Quote Asset volume
1679788800000,1.07860000,1.11960000,1.07250000,1.10400000,47511889.40000000,1679875199999,52135288.02101000,147355,23559470.70000000,25852420.99671000,0
