Open Time,Open,High,Low,Close,Volume,Close Time,Quote Asset Volume,Number of trades,Taker Buy Base Asset Volume,Taker Buy Quote Asset volume
1673827200000,0.98310000,1.04770000,0.96660000,1.01950000,134817061.50000000,1673913599999,135757779.82523000,299456,67125057.30000000,67630260.65622000,0
