Open Time,Open,High,Low,Close,Volume,Close Time,Quote Asset Volume,Number of trades,Taker Buy Base Asset Volume,Taker Buy Quote Asset volume
1686614400000,0.64320000,0.67790000,0.62420000,0.64510000,109782265.60000000,1686700799999,71137621.40404000,181870,56422413.70000000,36572805.81473000,0
