Open Time,Open,High,Low,Close,Volume,Close Time,Quote Asset Volume,Number of trades,Taker Buy Base Asset Volume,Taker Buy Quote Asset volume
1680912000000,1.10690000,1.11760000,1.09950000,1.10200000,18119817.90000000,1680998399999,20110832.53351000,69864,8875906.10000000,9851197.08328000,0
