Open Time,Open,High,Low,Close,Volume,Close Time,Quote Asset Volume,Number of trades,Taker Buy Base Asset Volume,Taker Buy Quote Asset volume
1686009600000,0.83550000,0.83670000,0.78960000,0.82260000,89918988.80000000,1686095999999,73377398.63206000,182700,46277456.50000000,37777636.55892000,0
