Open Time,Open,High,Low,Close,Volume,Close Time,Quote Asset Volume,Number of trades,Taker Buy Base Asset Volume,Taker Buy Quote Asset volume
1679097600000,1.22250000,1.24990000,1.16410000,1.17040000,98060311.70000000,1679183999999,119189608.80283000,309762,48192662.40000000,58609834.98601000,0
