Open Time,Open,High,Low,Close,Volume,Close Time,Quote Asset Volume,Number of trades,Taker Buy Base Asset Volume,Taker Buy Quote Asset volume
1673308800000,0.84260000,0.86090000,0.83190000,0.85850000,52018558.70000000,1673395199999,44120488.02986000,97666,25740147.60000000,21829940.62746000,0
