Open Time,Open,High,Low,Close,Volume,Close Time,Quote Asset Volume,Number of trades,Taker Buy Base Asset Volume,Taker Buy Quote Asset volume
1681689600000,1.18290000,1.18450000,1.14620000,1.15290000,57261192.60000000,1681775999999,66703699.83702000,153231,25749388.20000000,29986519.67742000,0
