Open Time,Open,High,Low,Close,Volume,Close Time,Quote Asset Volume,Number of trades,Taker Buy Base Asset Volume,Taker Buy Quote Asset volume
1686528000000,0.63490000,0.65670000,0.61580000,0.64320000,114944938.70000000,1686614399999,73176687.93357000,197941,56167363.20000000,35747390.09564000,0
