Open Time,Open,High,Low,Close,Volume,Close Time,Quote Asset Volume,Number of trades,Taker Buy Base Asset Volume,Taker Buy Quote Asset volume
1689724800000,0.73830000,0.75750000,0.72800000,0.74360000,65863803.70000000,1689811199999,49092287.00842000,123123,28902245.90000000,21545438.87956000,0
