Open Time,Open,High,Low,Close,Volume,Close Time,Quote Asset Volume,Number of trades,Taker Buy Base Asset Volume,Taker Buy Quote Asset volume
1681344000000,1.10370000,1.13900000,1.09590000,1.13340000,47157902.60000000,1681430399999,53112007.79602000,132934,25145874.40000000,28322669.21942000,0
