Open Time,Open,High,Low,Close,Volume,Close Time,Quote Asset Volume,Number of trades,Taker Buy Base Asset Volume,Taker Buy Quote Asset volume
1684454400000,0.87220000,0.88090000,0.86290000,0.87160000,40340967.60000000,1684540799999,35138952.13389000,78240,20735030.70000000,18061074.04742000,0
