Open Time,Open,High,Low,Close,Volume,Close Time,Quote Asset Volume,Number of trades,Taker Buy Base Asset Volume,Taker Buy Quote Asset volume
1685664000000,0.88900000,0.90890000,0.88160000,0.89940000,31846938.80000000,1685750399999,28630949.64514000,68056,15762228.80000000,14169597.24438000,0
