Open Time,Open,High,Low,Close,Volume,Close Time,Quote Asset Volume,Number of trades,Taker Buy Base Asset Volume,Taker Buy Quote Asset volume
1683072000000,0.97680000,1.01790000,0.96250000,1.00590000,70885685.70000000,1683158399999,70005925.27556000,181492,37278471.00000000,36810699.27303000,0
