Open Time,Open,High,Low,Close,Volume,Close Time,Quote Asset Volume,Number of trades,Taker Buy Base Asset Volume,Taker Buy Quote Asset volume
1679184000000,1.17040000,1.21750000,1.15630000,1.16620000,74870824.90000000,1679270399999,89029319.27536000,237171,39413934.40000000,46872489.13595000,0
