Open Time,Open,High,Low,Close,Volume,Close Time,Quote Asset Volume,Number of trades,Taker Buy Base Asset Volume,Taker Buy Quote Asset volume
1678406400000,1.01720000,1.06900000,0.94260000,1.05750000,158147999.30000000,1678492799999,159895387.66405000,387461,79625463.80000000,80541110.77697000,0
