Open Time,Open,High,Low,Close,Volume,Close Time,Quote Asset Volume,Number of trades,Taker Buy Base Asset Volume,Taker Buy Quote Asset volume
1687478400000,0.65570000,0.69750000,0.65520000,0.67580000,88045879.10000000,1687564799999,59372800.71364000,164325,42346671.80000000,28557319.11961000,0
