Open Time,Open,High,Low,Close,Volume,Close Time,Quote Asset Volume,Number of trades,Taker Buy Base Asset Volume,Taker Buy Quote Asset volume
1682899200000,0.98070000,0.98810000,0.94500000,0.95940000,50236668.50000000,1682985599999,48746382.18221000,133059,24120103.50000000,23419311.08176000,0
