Open Time,Open,High,Low,Close,Volume,Close Time,Quote Asset Volume,Number of trades,Taker Buy Base Asset Volume,Taker Buy Quote Asset volume
1565913600000,0.00491000,0.00520000,0.00440000,0.00445000,139442740.70000000,1565999999999,655822.28665600,3398,46882759.20000000,221449.22669700,0
