Open Time,Open,High,Low,Close,Volume,Close Time,Quote Asset Volume,Number of trades,Taker Buy Base Asset Volume,Taker Buy Quote Asset volume
1568505600000,0.00303600,0.00316600,0.00296800,0.00299500,40222296.00000000,1568591999999,123282.85759200,1583,20941493.00000000,64212.03022900,0
