Open Time,Open,High,Low,Close,Volume,Close Time,Quote Asset Volume,Number of trades,Taker Buy Base Asset Volume,Taker Buy Quote Asset volume
1563926400000,0.00803000,0.00804000,0.00663000,0.00664000,139395238.10000000,1564012799999,1022236.07811200,3261,53067108.20000000,394002.00052200,0
