Open Time,Open,High,Low,Close,Volume,Close Time,Quote Asset Volume,Number of trades,Taker Buy Base Asset Volume,Taker Buy Quote Asset volume
1572134400000,0.00203900,0.00217900,0.00200200,0.00214500,30656958.00000000,1572220799999,64247.35967600,1397,19393163.00000000,40749.21027800,0
