Open Time,Open,High,Low,Close,Volume,Close Time,Quote Asset Volume,Number of trades,Taker Buy Base Asset Volume,Taker Buy Quote Asset volume
1566518400000,0.00391000,0.00399000,0.00381000,0.00388000,40287997.00000000,1566604799999,156494.87689800,924,17316030.50000000,67358.80332600,0
