Open Time,Open,High,Low,Close,Volume,Close Time,Quote Asset Volume,Number of trades,Taker Buy Base Asset Volume,Taker Buy Quote Asset volume
1575763200000,0.00185200,0.00192500,0.00182000,0.00186500,49628976.00000000,1575849599999,92651.58830600,1003,21363539.00000000,40172.34896600,0
