Open Time,Open,High,Low,Close,Volume,Close Time,Quote Asset Volume,Number of trades,Taker Buy Base Asset Volume,Taker Buy Quote Asset volume
1577318400000,0.00157300,0.00166900,0.00153200,0.00161400,44349420.00000000,1577404799999,70908.68341600,1183,25904104.00000000,41552.92438700,0
