Open Time,Open,High,Low,Close,Volume,Close Time,Quote Asset Volume,Number of trades,Taker Buy Base Asset Volume,Taker Buy Quote Asset volume
1565136000000,0.00582000,0.00600000,0.00549000,0.00578000,299426620.80000000,1565222399999,1718304.81130700,12705,165379811.90000000,948159.19296900,0
