Open Time,Open,High,Low,Close,Volume,Close Time,Quote Asset Volume,Number of trades,Taker Buy Base Asset Volume,Taker Buy Quote Asset volume
1566259200000,0.00467000,0.00473000,0.00438000,0.00445000,54114047.80000000,1566345599999,245224.51362000,2151,23512326.20000000,107252.62676700,0
