Open Time,Open,High,Low,Close,Volume,Close Time,Quote Asset Volume,Number of trades,Taker Buy Base Asset Volume,Taker Buy Quote Asset volume
1569283200000,0.00268400,0.00274100,0.00205200,0.00217700,32844377.00000000,1569369599999,81613.21495700,1898,17274197.00000000,43258.14082600,0
