Open Time,Open,High,Low,Close,Volume,Close Time,Quote Asset Volume,Number of trades,Taker Buy Base Asset Volume,Taker Buy Quote Asset volume
1565308800000,0.00636000,0.00646000,0.00474000,0.00484000,373156710.70000000,1565395199999,2010626.00576500,13965,157909904.80000000,853979.17064000,0
