Open Time,Open,High,Low,Close,Volume,Close Time,Quote Asset Volume,Number of trades,Taker Buy Base Asset Volume,Taker Buy Quote Asset volume
1570579200000,0.00257300,0.00269500,0.00245800,0.00258700,56332422.00000000,1570665599999,146316.49483500,3266,24972494.00000000,64784.38607800,0
