Open Time,Open,High,Low,Close,Volume,Close Time,Quote Asset Volume,Number of trades,Taker Buy Base Asset Volume,Taker Buy Quote Asset volume
1577059200000,0.00160600,0.00165200,0.00154800,0.00160000,21327085.00000000,1577145599999,34187.53540500,904,12439442.00000000,19937.54037600,0
