Open Time,Open,High,Low,Close,Volume,Close Time,Quote Asset Volume,Number of trades,Taker Buy Base Asset Volume,Taker Buy Quote Asset volume
1575504000000,0.00179100,0.00186200,0.00171400,0.00182100,42259876.00000000,1575590399999,74884.31330100,1181,17489617.00000000,31013.43904800,0
