Open Time,Open,High,Low,Close,Volume,Close Time,Quote Asset Volume,Number of trades,Taker Buy Base Asset Volume,Taker Buy Quote Asset volume
1568678400000,0.00300800,0.00314100,0.00286000,0.00302300,47495979.00000000,1568764799999,142006.58311000,1973,25898312.00000000,77331.78146900,0
