Open Time,Open,High,Low,Close,Volume,Close Time,Quote Asset Volume,Number of trades,Taker Buy Base Asset Volume,Taker Buy Quote Asset volume
1567468800000,0.00319000,0.00324000,0.00302000,0.00304000,41713887.70000000,1567555199999,130897.48778600,793,11801670.20000000,37096.29955400,0
