Open Time,Open,High,Low,Close,Volume,Close Time,Quote Asset Volume,Number of trades,Taker Buy Base Asset Volume,Taker Buy Quote Asset volume
1571011200000,0.00237800,0.00239800,0.00229000,0.00235100,15677007.00000000,1571097599999,36757.80121000,910,7390313.00000000,17354.37712800,0
