Open Time,Open,High,Low,Close,Volume,Close Time,Quote Asset Volume,Number of trades,Taker Buy Base Asset Volume,Taker Buy Quote Asset volume
1571702400000,0.00228800,0.00232900,0.00222200,0.00222900,27313250.00000000,1571788799999,62259.47552300,1115,11993590.00000000,27459.40629700,0
