Open Time,Open,High,Low,Close,Volume,Close Time,Quote Asset Volume,Number of trades,Taker Buy Base Asset Volume,Taker Buy Quote Asset volume
1567641600000,0.00338000,0.00342000,0.00302300,0.00308600,118506562.30000000,1567727999999,382060.56788360,2050,31204715.50000000,100535.43103020,0
