Open Time,Open,High,Low,Close,Volume,Close Time,Quote Asset Volume,Number of trades,Taker Buy Base Asset Volume,Taker Buy Quote Asset volume
1570060800000,0.00222100,0.00225000,0.00215600,0.00223200,15144785.00000000,1570147199999,33603.68598700,910,7113131.00000000,15789.33587000,0
