Open Time,Open,High,Low,Close,Volume,Close Time,Quote Asset Volume,Number of trades,Taker Buy Base Asset Volume,Taker Buy Quote Asset volume
1572998400000,0.00235600,0.00262800,0.00232100,0.00241200,63151241.00000000,1573084799999,154570.52488800,2035,30506923.00000000,74326.19026400,0
