Open Time,Open,High,Low,Close,Volume,Close Time,Quote Asset Volume,Number of trades,Taker Buy Base Asset Volume,Taker Buy Quote Asset volume
1575936000000,0.00184200,0.00185100,0.00172300,0.00177000,23986982.00000000,1576022399999,42818.10702400,889,10808116.00000000,19268.07712700,0
