Open Time,Open,High,Low,Close,Volume,Close Time,Quote Asset Volume,Number of trades,Taker Buy Base Asset Volume,Taker Buy Quote Asset volume
1574812800000,0.00186800,0.00198700,0.00180700,0.00194300,26569552.00000000,1574899199999,50809.97389500,947,16136887.00000000,30806.68018100,0
