Open Time,Open,High,Low,Close,Volume,Close Time,Quote Asset Volume,Number of trades,Taker Buy Base Asset Volume,Taker Buy Quote Asset volume
1576195200000,0.00174000,0.00177200,0.00172500,0.00175700,13510558.00000000,1576281599999,23545.08418400,728,8296471.00000000,14453.52567300,0
