Open Time,Open,High,Low,Close,Volume,Close Time,Quote Asset Volume,Number of trades,Taker Buy Base Asset Volume,Taker Buy Quote Asset volume
1576022400000,0.00176900,0.00178900,0.00172600,0.00174600,18152827.00000000,1576108799999,31919.27222500,799,7416022.00000000,13031.61302900,0
