Open Time,Open,High,Low,Close,Volume,Close Time,Quote Asset Volume,Number of trades,Taker Buy Base Asset Volume,Taker Buy Quote Asset volume
1568332800000,0.00303400,0.00303900,0.00289000,0.00297500,6846490.00000000,1568419199999,20351.07329900,259,2704179.00000000,8067.15111800,0
