Open Time,Open,High,Low,Close,Volume,Close Time,Quote Asset Volume,Number of trades,Taker Buy Base Asset Volume,Taker Buy Quote Asset volume
1573084800000,0.00241900,0.00245600,0.00233700,0.00239000,33020974.00000000,1573171199999,79037.00511500,1122,11857473.00000000,28435.42355300,0
