Open Time,Open,High,Low,Close,Volume,Close Time,Quote Asset Volume,Number of trades,Taker Buy Base Asset Volume,Taker Buy Quote Asset volume
1564272000000,0.00652000,0.00653000,0.00550000,0.00572000,39123142.60000000,1564358399999,231028.58739100,1261,14483511.80000000,85323.09815300,0
