Open Time,Open,High,Low,Close,Volume,Close Time,Quote Asset Volume,Number of trades,Taker Buy Base Asset Volume,Taker Buy Quote Asset volume
1577664000000,0.00154800,0.00154900,0.00148100,0.00148800,20475896.00000000,1577750399999,31071.47620000,808,8081604.00000000,12308.74320300,0
