Open Time,Open,High,Low,Close,Volume,Close Time,Quote Asset Volume,Number of trades,Taker Buy Base Asset Volume,Taker Buy Quote Asset volume
1576281600000,0.00175700,0.00177300,0.00167000,0.00169500,22596614.00000000,1576367999999,38872.17862200,872,12141458.00000000,20872.91571600,0
