Open Time,Open,High,Low,Close,Volume,Close Time,Quote Asset Volume,Number of trades,Taker Buy Base Asset Volume,Taker Buy Quote Asset volume
1570233600000,0.00223800,0.00254100,0.00222700,0.00245100,40070781.00000000,1570319999999,97008.72308700,2090,17141446.00000000,41093.46883200,0
