Open Time,Open,High,Low,Close,Volume,Close Time,Quote Asset Volume,Number of trades,Taker Buy Base Asset Volume,Taker Buy Quote Asset volume
1574640000000,0.00180000,0.00189900,0.00164500,0.00186200,37556914.00000000,1574726399999,66839.52410200,1139,13203381.00000000,23595.35826600,0
