Open Time,Open,High,Low,Close,Volume,Close Time,Quote Asset Volume,Number of trades,Taker Buy Base Asset Volume,Taker Buy Quote Asset volume
1567296000000,0.00308000,0.00313000,0.00295000,0.00302000,20130713.60000000,1567382399999,60745.93062600,640,6960183.10000000,21104.41772700,0
