Open Time,Open,High,Low,Close,Volume,Close Time,Quote Asset Volume,Number of trades,Taker Buy Base Asset Volume,Taker Buy Quote Asset volume
1572566400000,0.00222000,0.00229400,0.00218800,0.00228800,20952669.00000000,1572652799999,46918.94374700,881,8983105.00000000,20163.35780400,0
