Open Time,Open,High,Low,Close,Volume,Close Time,Quote Asset Volume,Number of trades,Taker Buy Base Asset Volume,Taker Buy Quote Asset volume
1565222400000,0.00579000,0.00749000,0.00568000,0.00635000,849196493.90000000,1565308799999,5524938.65863800,30217,466957767.80000000,3036253.50016900,0
