Open Time,Open,High,Low,Close,Volume,Close Time,Quote Asset Volume,Number of trades,Taker Buy Base Asset Volume,Taker Buy Quote Asset volume
1575590400000,0.00181800,0.00191200,0.00176500,0.00181000,41417910.00000000,1575676799999,75277.09572700,1146,22800373.00000000,41640.50878800,0
