Open Time,Open,High,Low,Close,Volume,Close Time,Quote Asset Volume,Number of trades,Taker Buy Base Asset Volume,Taker Buy Quote Asset volume
1565481600000,0.00479000,0.00522000,0.00478000,0.00491000,235124170.00000000,1565567999999,1186453.04572900,11527,102367187.60000000,516541.41950700,0
