Open Time,Open,High,Low,Close,Volume,Close Time,Quote Asset Volume,Number of trades,Taker Buy Base Asset Volume,Taker Buy Quote Asset volume
1572480000000,0.00215600,0.00225900,0.00212400,0.00222100,22016151.00000000,1572566399999,48136.87429700,1038,10866389.00000000,23810.42216300,0
