Open Time,Open,High,Low,Close,Volume,Close Time,Quote Asset Volume,Number of trades,Taker Buy Base Asset Volume,Taker Buy Quote Asset volume
1576540800000,0.00165800,0.00167900,0.00154500,0.00157300,29257309.00000000,1576627199999,47638.48664800,971,15756213.00000000,25772.94241600,0
