Open Time,Open,High,Low,Close,Volume,Close Time,Quote Asset Volume,Number of trades,Taker Buy Base Asset Volume,Taker Buy Quote Asset volume
1566691200000,0.00377000,0.00410000,0.00367000,0.00376000,78484370.80000000,1566777599999,300775.87468800,1497,32270487.10000000,124047.27560700,0
