Open Time,Open,High,Low,Close,Volume,Close Time,Quote Asset Volume,Number of trades,Taker Buy Base Asset Volume,Taker Buy Quote Asset volume
1576368000000,0.00169300,0.00183800,0.00166500,0.00177200,38423490.00000000,1576454399999,67616.14736300,1085,16609449.00000000,29365.59971400,0
