Open Time,Open,High,Low,Close,Volume,Close Time,Quote Asset Volume,Number of trades,Taker Buy Base Asset Volume,Taker Buy Quote Asset volume
1573776000000,0.00223100,0.00230000,0.00217000,0.00223300,19160511.00000000,1573862399999,42815.69524000,394,10116618.00000000,22578.42957900,0
