Open Time,Open,High,Low,Close,Volume,Close Time,Quote Asset Volume,Number of trades,Taker Buy Base Asset Volume,Taker Buy Quote Asset volume
1569110400000,0.00300200,0.00300700,0.00283000,0.00287900,28108733.00000000,1569196799999,81767.76273500,1413,15126826.00000000,43921.78394700,0
