Open Time,Open,High,Low,Close,Volume,Close Time,Quote Asset Volume,Number of trades,Taker Buy Base Asset Volume,Taker Buy Quote Asset volume
1569715200000,0.00230700,0.00231800,0.00206600,0.00213800,28543849.00000000,1569801599999,62121.50178900,1616,16839074.00000000,36885.82245900,0
