Open Time,Open,High,Low,Close,Volume,Close Time,Quote Asset Volume,Number of trades,Taker Buy Base Asset Volume,Taker Buy Quote Asset volume
1569801600000,0.00213800,0.00232200,0.00206900,0.00224100,28106837.00000000,1569887999999,61364.51806800,1612,19811943.00000000,43296.96095600,0
