Open Time,Open,High,Low,Close,Volume,Close Time,Quote Asset Volume,Number of trades,Taker Buy Base Asset Volume,Taker Buy Quote Asset volume
1567123200000,0.00313000,0.00326000,0.00301000,0.00321000,28548744.90000000,1567209599999,89780.10612800,846,13661285.80000000,43082.04806200,0
