Open Time,Open,High,Low,Close,Volume,Close Time,Quote Asset Volume,Number of trades,Taker Buy Base Asset Volume,Taker Buy Quote Asset volume
1576108800000,0.00175000,0.00175000,0.00170700,0.00173700,26207316.00000000,1576195199999,45096.86786400,972,14868715.00000000,25591.56089000,0
