Open Time,Open,High,Low,Close,Volume,Close Time,Quote Asset Volume,Number of trades,Taker Buy Base Asset Volume,Taker Buy Quote Asset volume
1573689600000,0.00226300,0.00226300,0.00216900,0.00223100,15976322.00000000,1573775999999,35407.91674600,269,6084110.00000000,13445.28145200,0
