Open Time,Open,High,Low,Close,Volume,Close Time,Quote Asset Volume,Number of trades,Taker Buy Base Asset Volume,Taker Buy Quote Asset volume
1575158400000,0.00191100,0.00191200,0.00181700,0.00185900,22234700.00000000,1575244799999,40982.55236300,667,8153900.00000000,15139.32301300,0
