Open Time,Open,High,Low,Close,Volume,Close Time,Quote Asset Volume,Number of trades,Taker Buy Base Asset Volume,Taker Buy Quote Asset volume
1577750400000,0.00148800,0.00149800,0.00142600,0.00144200,19236247.00000000,1577836799999,28071.35885400,767,9122901.00000000,13363.69613100,0
