Open Time,Open,High,Low,Close,Volume,Close Time,Quote Asset Volume,Number of trades,Taker Buy Base Asset Volume,Taker Buy Quote Asset volume
1577491200000,0.00159700,0.00162200,0.00153400,0.00154700,33524364.00000000,1577577599999,52370.28475500,895,16622973.00000000,25921.61004700,0
