Open Time,Open,High,Low,Close,Volume,Close Time,Quote Asset Volume,Number of trades,Taker Buy Base Asset Volume,Taker Buy Quote Asset volume
1567900800000,0.00314700,0.00318000,0.00294000,0.00300700,14208952.00000000,1567987199999,43200.37673000,593,6417689.00000000,19571.05245400,0
