Open Time,Open,High,Low,Close,Volume,Close Time,Quote Asset Volume,Number of trades,Taker Buy Base Asset Volume,Taker Buy Quote Asset volume
1570752000000,0.00248300,0.00252100,0.00235900,0.00239200,31043985.00000000,1570838399999,75355.94066900,1964,12133870.00000000,29494.57764700,0
