Open Time,Open,High,Low,Close,Volume,Close Time,Quote Asset Volume,Number of trades,Taker Buy Base Asset Volume,Taker Buy Quote Asset volume
1564185600000,0.00687000,0.00714000,0.00630000,0.00652000,23463041.40000000,1564271999999,156885.45522200,822,7809857.40000000,52425.58240400,0
