Open Time,Open,High,Low,Close,Volume,Close Time,Quote Asset Volume,Number of trades,Taker Buy Base Asset Volume,Taker Buy Quote Asset volume
1573862400000,0.00222200,0.00238700,0.00217800,0.00235400,61080587.00000000,1573948799999,141357.26093400,1287,22880850.00000000,53096.20981600,0
