Open Time,Open,High,Low,Close,Volume,Close Time,Quote Asset Volume,Number of trades,Taker Buy Base Asset Volume,Taker Buy Quote Asset volume
1565049600000,0.00608000,0.00630000,0.00550000,0.00581000,137146187.30000000,1565135999999,804190.86166200,8662,63330220.70000000,372326.93188400,0
