Open Time,Open,High,Low,Close,Volume,Close Time,Quote Asset Volume,Number of trades,Taker Buy Base Asset Volume,Taker Buy Quote Asset volume
1574294400000,0.00223400,0.00224000,0.00196000,0.00202300,18461987.00000000,1574380799999,38214.45462500,620,6804606.00000000,14068.70864100,0
