Open Time,Open,High,Low,Close,Volume,Close Time,Quote Asset Volume,Number of trades,Taker Buy Base Asset Volume,Taker Buy Quote Asset volume
1576454400000,0.00177200,0.00182500,0.00165000,0.00165800,30206161.00000000,1576540799999,52453.58151200,1193,16533203.00000000,28710.80883200,0
