Open Time,Open,High,Low,Close,Volume,Close Time,Quote Asset Volume,Number of trades,Taker Buy Base Asset Volume,Taker Buy Quote Asset volume
1574035200000,0.00230000,0.00231300,0.00217600,0.00221200,17162117.00000000,1574121599999,38672.21588500,463,6612232.00000000,14960.38309800,0
