Open Time,Open,High,Low,Close,Volume,Close Time,Quote Asset Volume,Number of trades,Taker Buy Base Asset Volume,Taker Buy Quote Asset volume
1574553600000,0.00199000,0.00200000,0.00178000,0.00179900,31831904.00000000,1574639999999,60918.52526000,913,10537785.00000000,20203.84249800,0
