Open Time,Open,High,Low,Close,Volume,Close Time,Quote Asset Volume,Number of trades,Taker Buy Base Asset Volume,Taker Buy Quote Asset volume
1573171200000,0.00238900,0.00242900,0.00221300,0.00226300,34790142.00000000,1573257599999,79222.47080300,1059,16556479.00000000,37825.11949300,0
