Open Time,Open,High,Low,Close,Volume,Close Time,Quote Asset Volume,Number of trades,Taker Buy Base Asset Volume,Taker Buy Quote Asset volume
1568592000000,0.00298700,0.00308400,0.00297000,0.00300500,29559754.00000000,1568678399999,89149.73656500,1299,15517851.00000000,46779.93581000,0
