Open Time,Open,High,Low,Close,Volume,Close Time,Quote Asset Volume,Number of trades,Taker Buy Base Asset Volume,Taker Buy Quote Asset volume
1571097600000,0.00235100,0.00238400,0.00203500,0.00221400,32982444.00000000,1571183999999,73542.60429000,1465,13398508.00000000,30293.88578900,0
