Open Time,Open,High,Low,Close,Volume,Close Time,Quote Asset Volume,Number of trades,Taker Buy Base Asset Volume,Taker Buy Quote Asset volume
1568246400000,0.00296700,0.00303900,0.00282800,0.00303500,15602366.00000000,1568332799999,45456.89357100,548,8753472.00000000,25483.35350300,0
