Open Time,Open,High,Low,Close,Volume,Close Time,Quote Asset Volume,Number of trades,Taker Buy Base Asset Volume,Taker Buy Quote Asset volume
1568160000000,0.00310700,0.00313900,0.00292900,0.00294600,13870079.00000000,1568246399999,42473.65952100,431,4701559.00000000,14489.77244800,0
