Open Time,Open,High,Low,Close,Volume,Close Time,Quote Asset Volume,Number of trades,Taker Buy Base Asset Volume,Taker Buy Quote Asset volume
1574208000000,0.00213900,0.00227900,0.00212800,0.00223200,24210291.00000000,1574294399999,53354.73517900,552,12071077.00000000,26688.91252400,0
