Open Time,Open,High,Low,Close,Volume,Close Time,Quote Asset Volume,Number of trades,Taker Buy Base Asset Volume,Taker Buy Quote Asset volume
1567209600000,0.00321000,0.00322000,0.00304000,0.00309000,11021425.30000000,1567295999999,34522.46424900,412,5548140.90000000,17445.43800200,0
