Open Time,Open,High,Low,Close,Volume,Close Time,Quote Asset Volume,Number of trades,Taker Buy Base Asset Volume,Taker Buy Quote Asset volume
1572048000000,0.00212900,0.00224600,0.00198900,0.00203900,36141540.00000000,1572134399999,76672.52435200,1400,18658454.00000000,39933.07960600,0
