Open Time,Open,High,Low,Close,Volume,Close Time,Quote Asset Volume,Number of trades,Taker Buy Base Asset Volume,Taker Buy Quote Asset volume
1574380800000,0.00202100,0.00211700,0.00180100,0.00199600,37852460.00000000,1574467199999,74982.60372100,1306,11218693.00000000,22210.35542600,0
