Open Time,Open,High,Low,Close,Volume,Close Time,Quote Asset Volume,Number of trades,Taker Buy Base Asset Volume,Taker Buy Quote Asset volume
1573344000000,0.00230400,0.00234500,0.00226400,0.00231500,19343949.00000000,1573430399999,44486.89591800,958,11045111.00000000,25455.27832700,0
