Open Time,Open,High,Low,Close,Volume,Close Time,Quote Asset Volume,Number of trades,Taker Buy Base Asset Volume,Taker Buy Quote Asset volume
1567382400000,0.00299000,0.00325000,0.00290000,0.00317000,33575187.80000000,1567468799999,102951.05412900,957,13350013.70000000,40762.29735700,0
