Open Time,Open,High,Low,Close,Volume,Close Time,Quote Asset Volume,Number of trades,Taker Buy Base Asset Volume,Taker Buy Quote Asset volume
1571270400000,0.00248800,0.00250400,0.00231000,0.00241900,42453092.00000000,1571356799999,101973.29016800,1176,14511571.00000000,34735.35333000,0
