Open Time,Open,High,Low,Close,Volume,Close Time,Quote Asset Volume,Number of trades,Taker Buy Base Asset Volume,Taker Buy Quote Asset volume
1571356800000,0.00242100,0.00242600,0.00216500,0.00227000,50557510.00000000,1571443199999,114509.64157700,1492,16778446.00000000,38199.54214100,0
