Open Time,Open,High,Low,Close,Volume,Close Time,Quote Asset Volume,Number of trades,Taker Buy Base Asset Volume,Taker Buy Quote Asset volume
1570320000000,0.00245700,0.00264000,0.00224200,0.00229100,46561809.00000000,1570406399999,114017.96028000,1904,21357153.00000000,53645.77475200,0
