Open Time,Open,High,Low,Close,Volume,Close Time,Quote Asset Volume,Number of trades,Taker Buy Base Asset Volume,Taker Buy Quote Asset volume
1569196800000,0.00287900,0.00288600,0.00265000,0.00268800,29342644.00000000,1569283199999,81448.64495200,1613,15199658.00000000,42247.59894100,0
