Open Time,Open,High,Low,Close,Volume,Close Time,Quote Asset Volume,Number of trades,Taker Buy Base Asset Volume,Taker Buy Quote Asset volume
1577577600000,0.00154700,0.00158600,0.00153800,0.00154800,20097454.00000000,1577663999999,31134.75057100,689,9441994.00000000,14664.17445400,0
