Open Time,Open,High,Low,Close,Volume,Close Time,Quote Asset Volume,Number of trades,Taker Buy Base Asset Volume,Taker Buy Quote Asset volume
1564358400000,0.00573000,0.00603000,0.00534000,0.00542000,42413610.60000000,1564444799999,240989.03073600,1134,14912389.80000000,85187.99204000,0
