Open Time,Open,High,Low,Close,Volume,Close Time,Quote Asset Volume,Number of trades,Taker Buy Base Asset Volume,Taker Buy Quote Asset volume
1566086400000,0.00442000,0.00448000,0.00420000,0.00447000,68031573.00000000,1566172799999,296192.97219800,2240,30231091.40000000,132233.57480700,0
