Open Time,Open,High,Low,Close,Volume,Close Time,Quote Asset Volume,Number of trades,Taker Buy Base Asset Volume,Taker Buy Quote Asset volume
1574985600000,0.00190600,0.00201100,0.00187200,0.00199200,67012948.00000000,1575071999999,129950.11955500,1689,33145794.00000000,64573.81863700,0
