Open Time,Open,High,Low,Close,Volume,Close Time,Quote Asset Volume,Number of trades,Taker Buy Base Asset Volume,Taker Buy Quote Asset volume
1575244800000,0.00185800,0.00188600,0.00179000,0.00183300,21493062.00000000,1575331199999,39360.95104600,871,11482243.00000000,21002.97939200,0
