Open Time,Open,High,Low,Close,Volume,Close Time,Quote Asset Volume,Number of trades,Taker Buy Base Asset Volume,Taker Buy Quote Asset volume
1575676800000,0.00181400,0.00188500,0.00180900,0.00184300,18516801.00000000,1575763199999,34117.06866300,891,7540711.00000000,13908.93165900,0
