Open Time,Open,High,Low,Close,Volume,Close Time,Quote Asset Volume,Number of trades,Taker Buy Base Asset Volume,Taker Buy Quote Asset volume
1565654400000,0.00522000,0.00527000,0.00476000,0.00492000,143544627.00000000,1565740799999,719756.40121100,3883,57353401.50000000,288142.45693600,0
