Open Time,Open,High,Low,Close,Volume,Close Time,Quote Asset Volume,Number of trades,Taker Buy Base Asset Volume,Taker Buy Quote Asset volume
1566950400000,0.00375000,0.00394000,0.00338000,0.00350000,58220553.10000000,1567036799999,211756.42563600,1326,23329271.80000000,84745.97908500,0
