Open Time,Open,High,Low,Close,Volume,Close Time,Quote Asset Volume,Number of trades,Taker Buy Base Asset Volume,Taker Buy Quote Asset volume
1564876800000,0.00582000,0.00597000,0.00560000,0.00570000,31277767.50000000,1564963199999,181186.78720300,1161,10355215.10000000,59942.75379300,0
