Open Time,Open,High,Low,Close,Volume,Close Time,Quote Asset Volume,Number of trades,Taker Buy Base Asset Volume,Taker Buy Quote Asset volume
1575417600000,0.00182300,0.00187600,0.00175700,0.00179200,44525505.00000000,1575503999999,80179.93428600,1258,26476845.00000000,47613.22630700,0
