Open Time,Open,High,Low,Close,Volume,Close Time,Quote Asset Volume,Number of trades,Taker Buy Base Asset Volume,Taker Buy Quote Asset volume
1566172800000,0.00447000,0.00492000,0.00440000,0.00467000,147456703.40000000,1566259199999,682611.12343600,4539,76644911.60000000,355099.73356500,0
