Open Time,Open,High,Low,Close,Volume,Close Time,Quote Asset Volume,Number of trades,Taker Buy Base Asset Volume,Taker Buy Quote Asset volume
1572825600000,0.00241500,0.00245000,0.00234500,0.00240400,35595406.00000000,1572911999999,85084.22543400,1292,18483557.00000000,44265.49748100,0
