Open Time,Open,High,Low,Close,Volume,Close Time,Quote Asset Volume,Number of trades,Taker Buy Base Asset Volume,Taker Buy Quote Asset volume
1567728000000,0.00308500,0.00331800,0.00252000,0.00301400,91905493.70000000,1567814399999,283564.91006100,1843,44735951.80000000,139459.60583100,0
