Open Time,Open,High,Low,Close,Volume,Close Time,Quote Asset Volume,Number of trades,Taker Buy Base Asset Volume,Taker Buy Quote Asset volume
1573257600000,0.00226400,0.00232400,0.00225800,0.00230500,20032928.00000000,1573343999999,45816.19265600,808,12570058.00000000,28792.50989400,0
