Open Time,Open,High,Low,Close,Volume,Close Time,Quote Asset Volume,Number of trades,Taker Buy Base Asset Volume,Taker Buy Quote Asset volume
1576886400000,0.00166400,0.00167900,0.00157500,0.00158400,43324444.00000000,1576972799999,70414.83827900,979,12606454.00000000,20560.62519800,0
