Open Time,Open,High,Low,Close,Volume,Close Time,Quote Asset Volume,Number of trades,Taker Buy Base Asset Volume,Taker Buy Quote Asset volume
1572220800000,0.00214500,0.00230200,0.00212800,0.00225500,42337865.00000000,1572307199999,93391.13240400,1525,22295596.00000000,49327.99593100,0
