Open Time,Open,High,Low,Close,Volume,Close Time,Quote Asset Volume,Number of trades,Taker Buy Base Asset Volume,Taker Buy Quote Asset volume
1574467200000,0.00198400,0.00204000,0.00192600,0.00199100,25996400.00000000,1574553599999,51617.35209400,934,8443480.00000000,16758.17896500,0
