Open Time,Open,High,Low,Close,Volume,Close Time,Quote Asset Volume,Number of trades,Taker Buy Base Asset Volume,Taker Buy Quote Asset volume
1572912000000,0.00241300,0.00243000,0.00230100,0.00235700,31817688.00000000,1572998399999,74897.14319400,921,9575877.00000000,22651.98265200,0
