Open Time,Open,High,Low,Close,Volume,Close Time,Quote Asset Volume,Number of trades,Taker Buy Base Asset Volume,Taker Buy Quote Asset volume
1568937600000,0.00298900,0.00312900,0.00289700,0.00303700,42405727.00000000,1569023999999,127075.40704500,1639,22829967.00000000,68382.61487800,0
