Open Time,Open,High,Low,Close,Volume,Close Time,Quote Asset Volume,Number of trades,Taker Buy Base Asset Volume,Taker Buy Quote Asset volume
1602547200000,0.00714800,0.00860200,0.00700800,0.00798900,709843927.00000000,1602633599999,5692748.48627400,27179,358155385.00000000,2877054.75328500,0
