Open Time,Open,High,Low,Close,Volume,Close Time,Quote Asset Volume,Number of trades,Taker Buy Base Asset Volume,Taker Buy Quote Asset volume
1590192000000,0.00198500,0.00203300,0.00184400,0.00190300,126446229.00000000,1590278399999,242842.30744200,1657,62477557.00000000,120075.56268500,0
