Open Time,Open,High,Low,Close,Volume,Close Time,Quote Asset Volume,Number of trades,Taker Buy Base Asset Volume,Taker Buy Quote Asset volume
1579046400000,0.00133200,0.00135400,0.00130000,0.00131800,63433281.00000000,1579132799999,83993.06263800,1947,26823916.00000000,35589.02261400,0
