Open Time,Open,High,Low,Close,Volume,Close Time,Quote Asset Volume,Number of trades,Taker Buy Base Asset Volume,Taker Buy Quote Asset volume
1583539200000,0.00228800,0.00235600,0.00212000,0.00215800,92429241.00000000,1583625599999,207517.47016300,1429,47636187.00000000,106560.12963900,0
