Open Time,Open,High,Low,Close,Volume,Close Time,Quote Asset Volume,Number of trades,Taker Buy Base Asset Volume,Taker Buy Quote Asset volume
1606608000000,0.00952400,0.00968800,0.00912200,0.00942400,224906594.00000000,1606694399999,2120860.66926600,13168,101507508.00000000,956914.41404000,0
