Open Time,Open,High,Low,Close,Volume,Close Time,Quote Asset Volume,Number of trades,Taker Buy Base Asset Volume,Taker Buy Quote Asset volume
1578182400000,0.00141700,0.00160300,0.00140000,0.00141000,137755839.00000000,1578268799999,203263.47967500,2340,71893421.00000000,106846.53008100,0
