Open Time,Open,High,Low,Close,Volume,Close Time,Quote Asset Volume,Number of trades,Taker Buy Base Asset Volume,Taker Buy Quote Asset volume
1606348800000,0.01024100,0.01068800,0.00796000,0.00892000,584706855.00000000,1606435199999,5251674.47119300,31309,275008964.00000000,2479588.80561200,0
