Open Time,Open,High,Low,Close,Volume,Close Time,Quote Asset Volume,Number of trades,Taker Buy Base Asset Volume,Taker Buy Quote Asset volume
1592438400000,0.00243800,0.00269700,0.00242800,0.00254200,275171931.00000000,1592524799999,706716.65716400,5362,133713049.00000000,344054.73039000,0
