Open Time,Open,High,Low,Close,Volume,Close Time,Quote Asset Volume,Number of trades,Taker Buy Base Asset Volume,Taker Buy Quote Asset volume
1598832000000,0.01479900,0.01485000,0.01320100,0.01337100,854807994.00000000,1598918399999,11806416.07003900,34920,415575965.00000000,5740841.81941700,0
