Open Time,Open,High,Low,Close,Volume,Close Time,Quote Asset Volume,Number of trades,Taker Buy Base Asset Volume,Taker Buy Quote Asset volume
1583193600000,0.00210200,0.00212500,0.00200000,0.00206700,42755318.00000000,1583279999999,88050.47107600,1215,19115804.00000000,39567.51415000,0
