Open Time,Open,High,Low,Close,Volume,Close Time,Quote Asset Volume,Number of trades,Taker Buy Base Asset Volume,Taker Buy Quote Asset volume
1597363200000,0.01335000,0.01410000,0.01269200,0.01320600,645112428.00000000,1597449599999,8546218.13625000,25420,305366020.00000000,4053497.22621600,0
