Open Time,Open,High,Low,Close,Volume,Close Time,Quote Asset Volume,Number of trades,Taker Buy Base Asset Volume,Taker Buy Quote Asset volume
1597276800000,0.01453500,0.01515000,0.01279100,0.01335000,776430328.00000000,1597363199999,10708059.12238500,31550,376233933.00000000,5205901.37501000,0
