Open Time,Open,High,Low,Close,Volume,Close Time,Quote Asset Volume,Number of trades,Taker Buy Base Asset Volume,Taker Buy Quote Asset volume
1579651200000,0.00126700,0.00128200,0.00125000,0.00126100,26779195.00000000,1579737599999,33862.27328300,715,10587806.00000000,13440.71131700,0
