Open Time,Open,High,Low,Close,Volume,Close Time,Quote Asset Volume,Number of trades,Taker Buy Base Asset Volume,Taker Buy Quote Asset volume
1587772800000,0.00138000,0.00149700,0.00137200,0.00141500,72338982.00000000,1587859199999,102802.15823500,945,37455603.00000000,53303.72388300,0
