Open Time,Open,High,Low,Close,Volume,Close Time,Quote Asset Volume,Number of trades,Taker Buy Base Asset Volume,Taker Buy Quote Asset volume
1589846400000,0.00185500,0.00185600,0.00173700,0.00176600,123443495.00000000,1589932799999,219163.09127700,1402,48591463.00000000,86207.18532000,0
