Open Time,Open,High,Low,Close,Volume,Close Time,Quote Asset Volume,Number of trades,Taker Buy Base Asset Volume,Taker Buy Quote Asset volume
1608768000000,0.00924300,0.00941900,0.00773600,0.00920800,618785562.00000000,1608854399999,5264687.15133300,31820,284866350.00000000,2422787.43747100,0
