Open Time,Open,High,Low,Close,Volume,Close Time,Quote Asset Volume,Number of trades,Taker Buy Base Asset Volume,Taker Buy Quote Asset volume
1579305600000,0.00133400,0.00135800,0.00132000,0.00133600,17912582.00000000,1579391999999,23981.54146700,367,6647716.00000000,8920.18117900,0
