Open Time,Open,High,Low,Close,Volume,Close Time,Quote Asset Volume,Number of trades,Taker Buy Base Asset Volume,Taker Buy Quote Asset volume
1582934400000,0.00214500,0.00225800,0.00203000,0.00215500,92779808.00000000,1583020799999,197346.86974500,1818,53847742.00000000,114362.91756000,0
