Open Time,Open,High,Low,Close,Volume,Close Time,Quote Asset Volume,Number of trades,Taker Buy Base Asset Volume,Taker Buy Quote Asset volume
1579392000000,0.00133200,0.00134100,0.00124600,0.00130800,34136067.00000000,1579478399999,44060.08531800,1027,16767909.00000000,21734.22008900,0
