Open Time,Open,High,Low,Close,Volume,Close Time,Quote Asset Volume,Number of trades,Taker Buy Base Asset Volume,Taker Buy Quote Asset volume
1608163200000,0.00985200,0.00993200,0.00901100,0.00927300,460720043.00000000,1608249599999,4331485.20766900,31019,206469805.00000000,1943152.04514100,0
