Open Time,Open,High,Low,Close,Volume,Close Time,Quote Asset Volume,Number of trades,Taker Buy Base Asset Volume,Taker Buy Quote Asset volume
1609113600000,0.00899900,0.00921000,0.00865500,0.00888700,260747770.00000000,1609199999999,2320643.67908600,16216,130862487.00000000,1165880.61916000,0
