Open Time,Open,High,Low,Close,Volume,Close Time,Quote Asset Volume,Number of trades,Taker Buy Base Asset Volume,Taker Buy Quote Asset volume
1590796800000,0.00216800,0.00220700,0.00211700,0.00218300,98744327.00000000,1590883199999,212919.10388200,1510,40284426.00000000,87061.09548300,0
