Open Time,Open,High,Low,Close,Volume,Close Time,Quote Asset Volume,Number of trades,Taker Buy Base Asset Volume,Taker Buy Quote Asset volume
1593561600000,0.00341300,0.00341300,0.00320500,0.00330700,260700679.00000000,1593647999999,858401.27306400,5488,116095133.00000000,382498.70416900,0
