Open Time,Open,High,Low,Close,Volume,Close Time,Quote Asset Volume,Number of trades,Taker Buy Base Asset Volume,Taker Buy Quote Asset volume
1596758400000,0.00794100,0.00839000,0.00701600,0.00811800,609071248.00000000,1596844799999,4714387.20660000,19579,316771091.00000000,2462365.89592600,0
