Open Time,Open,High,Low,Close,Volume,Close Time,Quote Asset Volume,Number of trades,Taker Buy Base Asset Volume,Taker Buy Quote Asset volume
1598486400000,0.01254800,0.01271400,0.01141200,0.01188900,383037199.00000000,1598572799999,4650547.36079000,15275,173521653.00000000,2110208.81734400,0
