Open Time,Open,High,Low,Close,Volume,Close Time,Quote Asset Volume,Number of trades,Taker Buy Base Asset Volume,Taker Buy Quote Asset volume
1582329600000,0.00221700,0.00223300,0.00205900,0.00213800,107868768.00000000,1582415999999,229757.92805000,2124,44681538.00000000,95172.90154000,0
