Open Time,Open,High,Low,Close,Volume,Close Time,Quote Asset Volume,Number of trades,Taker Buy Base Asset Volume,Taker Buy Quote Asset volume
1606694400000,0.00942500,0.00981000,0.00916200,0.00964800,334455094.00000000,1606780799999,3176872.38567200,18667,151796603.00000000,1443159.96067800,0
