Open Time,Open,High,Low,Close,Volume,Close Time,Quote Asset Volume,Number of trades,Taker Buy Base Asset Volume,Taker Buy Quote Asset volume
1588982400000,0.00169800,0.00172000,0.00164500,0.00165300,32267748.00000000,1589068799999,54419.71485200,471,18517166.00000000,31311.95486600,0
