Open Time,Open,High,Low,Close,Volume,Close Time,Quote Asset Volume,Number of trades,Taker Buy Base Asset Volume,Taker Buy Quote Asset volume
1585526400000,0.00139400,0.00150900,0.00137300,0.00148400,134344051.00000000,1585612799999,192592.83614000,1413,62110295.00000000,89950.36492900,0
