Open Time,Open,High,Low,Close,Volume,Close Time,Quote Asset Volume,Number of trades,Taker Buy Base Asset Volume,Taker Buy Quote Asset volume
1588636800000,0.00160400,0.00208300,0.00159500,0.00182400,914582418.00000000,1588723199999,1685504.40033200,12859,438302703.00000000,809376.07263500,0
