Open Time,Open,High,Low,Close,Volume,Close Time,Quote Asset Volume,Number of trades,Taker Buy Base Asset Volume,Taker Buy Quote Asset volume
1597536000000,0.01290300,0.01534100,0.01266000,0.01409400,808452731.00000000,1597622399999,11534368.41240600,36014,412687513.00000000,5889682.56137600,0
