Open Time,Open,High,Low,Close,Volume,Close Time,Quote Asset Volume,Number of trades,Taker Buy Base Asset Volume,Taker Buy Quote Asset volume
1585699200000,0.00147000,0.00147600,0.00136400,0.00145500,55957327.00000000,1585785599999,79010.07434400,856,24414907.00000000,34604.21932800,0
