Open Time,Open,High,Low,Close,Volume,Close Time,Quote Asset Volume,Number of trades,Taker Buy Base Asset Volume,Taker Buy Quote Asset volume
1607817600000,0.00841700,0.00891300,0.00841700,0.00876300,186405981.00000000,1607903999999,1625456.41625900,11948,103733132.00000000,904764.64811700,0
