Open Time,Open,High,Low,Close,Volume,Close Time,Quote Asset Volume,Number of trades,Taker Buy Base Asset Volume,Taker Buy Quote Asset volume
1603584000000,0.00981000,0.00985000,0.00915300,0.00977600,347066936.00000000,1603670399999,3292158.85313600,13794,166841795.00000000,1583646.77552700,0
