Open Time,Open,High,Low,Close,Volume,Close Time,Quote Asset Volume,Number of trades,Taker Buy Base Asset Volume,Taker Buy Quote Asset volume
1579564800000,0.00126100,0.00127500,0.00125000,0.00127100,21786939.00000000,1579651199999,27523.17060700,638,9966754.00000000,12599.86582700,0
