Open Time,Open,High,Low,Close,Volume,Close Time,Quote Asset Volume,Number of trades,Taker Buy Base Asset Volume,Taker Buy Quote Asset volume
1579132800000,0.00131600,0.00132900,0.00127700,0.00130300,38625109.00000000,1579219199999,50273.87073800,2162,14923793.00000000,19489.08624400,0
