Open Time,Open,High,Low,Close,Volume,Close Time,Quote Asset Volume,Number of trades,Taker Buy Base Asset Volume,Taker Buy Quote Asset volume
1599609600000,0.00756900,0.00831200,0.00722600,0.00779000,309367435.00000000,1599695999999,2431217.38873800,11384,145198274.00000000,1141137.79804200,0
