Open Time,Open,High,Low,Close,Volume,Close Time,Quote Asset Volume,Number of trades,Taker Buy Base Asset Volume,Taker Buy Quote Asset volume
1601856000000,0.00724500,0.00733900,0.00684600,0.00708400,128447798.00000000,1601942399999,902708.77830900,4543,57232405.00000000,402427.98572200,0
