Open Time,Open,High,Low,Close,Volume,Close Time,Quote Asset Volume,Number of trades,Taker Buy Base Asset Volume,Taker Buy Quote Asset volume
1592006400000,0.00238600,0.00253700,0.00235700,0.00246700,87538125.00000000,1592092799999,214972.50279100,1879,43113202.00000000,106065.70545700,0
