Open Time,Open,High,Low,Close,Volume,Close Time,Quote Asset Volume,Number of trades,Taker Buy Base Asset Volume,Taker Buy Quote Asset volume
1583020800000,0.00215400,0.00221700,0.00197600,0.00202100,65438627.00000000,1583107199999,137046.53445800,1093,30638713.00000000,63915.88335000,0
