Open Time,Open,High,Low,Close,Volume,Close Time,Quote Asset Volume,Number of trades,Taker Buy Base Asset Volume,Taker Buy Quote Asset volume
1598745600000,0.01300300,0.01480000,0.01254000,0.01480000,704575923.00000000,1598831999999,9589297.06745000,26025,362113635.00000000,4941566.99597600,0
