Open Time,Open,High,Low,Close,Volume,Close Time,Quote Asset Volume,Number of trades,Taker Buy Base Asset Volume,Taker Buy Quote Asset volume
1600646400000,0.00614100,0.00628400,0.00505000,0.00523100,337735443.00000000,1600732799999,1856404.10174600,10927,158897928.00000000,873338.09360800,0
