Open Time,Open,High,Low,Close,Volume,Close Time,Quote Asset Volume,Number of trades,Taker Buy Base Asset Volume,Taker Buy Quote Asset volume
1583884800000,0.00189400,0.00192500,0.00168700,0.00177700,63823395.00000000,1583971199999,115304.55829700,1187,33809137.00000000,60973.55511500,0
