Open Time,Open,High,Low,Close,Volume,Close Time,Quote Asset Volume,Number of trades,Taker Buy Base Asset Volume,Taker Buy Quote Asset volume
1609027200000,0.00848400,0.00983100,0.00829900,0.00898700,705511290.00000000,1609113599999,6359497.65459600,35116,326918363.00000000,2941991.83060900,0
