Open Time,Open,High,Low,Close,Volume,Close Time,Quote Asset Volume,Number of trades,Taker Buy Base Asset Volume,Taker Buy Quote Asset volume
1608595200000,0.01118400,0.01226300,0.00985500,0.01074300,755407566.00000000,1608681599999,8231740.42446700,39062,359772875.00000000,3936712.51550100,0
