Open Time,Open,High,Low,Close,Volume,Close Time,Quote Asset Volume,Number of trades,Taker Buy Base Asset Volume,Taker Buy Quote Asset volume
1593388800000,0.00299900,0.00357500,0.00291400,0.00328100,900190230.00000000,1593475199999,2962431.93824800,17491,424020082.00000000,1402354.39435200,0
