Open Time,Open,High,Low,Close,Volume,Close Time,Quote Asset Volume,Number of trades,Taker Buy Base Asset Volume,Taker Buy Quote Asset volume
1586822400000,0.00131500,0.00144000,0.00126200,0.00140900,100280094.00000000,1586908799999,135909.94779000,1321,62860334.00000000,84769.87726900,0
