Open Time,Open,High,Low,Close,Volume,Close Time,Quote Asset Volume,Number of trades,Taker Buy Base Asset Volume,Taker Buy Quote Asset volume
1603756800000,0.00924500,0.00930500,0.00848800,0.00898000,247269143.00000000,1603843199999,2186461.03695800,11211,113859545.00000000,1005566.83498900,0
