Open Time,Open,High,Low,Close,Volume,Close Time,Quote Asset Volume,Number of trades,Taker Buy Base Asset Volume,Taker Buy Quote Asset volume
1581897600000,0.00276200,0.00281400,0.00237400,0.00267900,116752266.00000000,1581983999999,299244.40727100,2631,63310143.00000000,163097.96785200,0
