Open Time,Open,High,Low,Close,Volume,Close Time,Quote Asset Volume,Number of trades,Taker Buy Base Asset Volume,Taker Buy Quote Asset volume
1579910400000,0.00123500,0.00130200,0.00120400,0.00127600,36328387.00000000,1579996799999,45532.27233600,829,18855228.00000000,23667.45910400,0
