Open Time,Open,High,Low,Close,Volume,Close Time,Quote Asset Volume,Number of trades,Taker Buy Base Asset Volume,Taker Buy Quote Asset volume
1595376000000,0.00646000,0.00792000,0.00645100,0.00759000,1074150063.70000000,1595462399999,7836273.49051900,35579,533431230.70000000,3899877.87538800,0
