Open Time,Open,High,Low,Close,Volume,Close Time,Quote Asset Volume,Number of trades,Taker Buy Base Asset Volume,Taker Buy Quote Asset volume
1606176000000,0.00956500,0.01094300,0.00932400,0.01019000,799504822.00000000,1606262399999,8057937.94314700,43856,385947370.00000000,3894783.34477500,0
