Open Time,Open,High,Low,Close,Volume,Close Time,Quote Asset Volume,Number of trades,Taker Buy Base Asset Volume,Taker Buy Quote Asset volume
1603324800000,0.00820100,0.01129000,0.00820100,0.01072500,951127168.00000000,1603411199999,9314190.19079100,32939,502392233.00000000,4940494.64915100,0
