Open Time,Open,High,Low,Close,Volume,Close Time,Quote Asset Volume,Number of trades,Taker Buy Base Asset Volume,Taker Buy Quote Asset volume
1605744000000,0.00811000,0.00860000,0.00768500,0.00838700,383015153.00000000,1605830399999,3103649.36580300,17011,186468612.00000000,1512106.70240000,0
