Open Time,Open,High,Low,Close,Volume,Close Time,Quote Asset Volume,Number of trades,Taker Buy Base Asset Volume,Taker Buy Quote Asset volume
1605571200000,0.00842100,0.00863600,0.00828400,0.00847700,273346438.00000000,1605657599999,2308243.64684900,13519,119947702.00000000,1013802.28501700,0
