Open Time,Open,High,Low,Close,Volume,Close Time,Quote Asset Volume,Number of trades,Taker Buy Base Asset Volume,Taker Buy Quote Asset volume
1592179200000,0.00232100,0.00235100,0.00205000,0.00228600,135672617.00000000,1592265599999,294974.86815300,2336,58348567.00000000,127588.88871200,0
