Open Time,Open,High,Low,Close,Volume,Close Time,Quote Asset Volume,Number of trades,Taker Buy Base Asset Volume,Taker Buy Quote Asset volume
1593907200000,0.00368100,0.00374700,0.00323200,0.00336200,213814532.00000000,1593993599999,734120.86182700,5324,87944152.00000000,302583.47254100,0
