Open Time,Open,High,Low,Close,Volume,Close Time,Quote Asset Volume,Number of trades,Taker Buy Base Asset Volume,Taker Buy Quote Asset volume
1586563200000,0.00133600,0.00139200,0.00132900,0.00137800,42471951.00000000,1586649599999,57824.16240100,598,24800407.00000000,33842.30821700,0
