Open Time,Open,High,Low,Close,Volume,Close Time,Quote Asset Volume,Number of trades,Taker Buy Base Asset Volume,Taker Buy Quote Asset volume
1582588800000,0.00214900,0.00215700,0.00194800,0.00200200,54474861.00000000,1582675199999,111213.61743700,1432,26054105.00000000,53423.76865900,0
