Open Time,Open,High,Low,Close,Volume,Close Time,Quote Asset Volume,Number of trades,Taker Buy Base Asset Volume,Taker Buy Quote Asset volume
1582675200000,0.00199000,0.00203000,0.00167700,0.00174600,70252330.00000000,1582761599999,129020.18253500,1574,36787171.00000000,67464.81923500,0
