Open Time,Open,High,Low,Close,Volume,Close Time,Quote Asset Volume,Number of trades,Taker Buy Base Asset Volume,Taker Buy Quote Asset volume
1578700800000,0.00132900,0.00138100,0.00131100,0.00134200,35510703.00000000,1578787199999,47821.36006000,364,20469902.00000000,27615.94771600,0
