Open Time,Open,High,Low,Close,Volume,Close Time,Quote Asset Volume,Number of trades,Taker Buy Base Asset Volume,Taker Buy Quote Asset volume
1577923200000,0.00143900,0.00144600,0.00137900,0.00139700,26941937.00000000,1578009599999,38167.36475200,1007,16299597.00000000,23142.28049400,0
