Open Time,Open,High,Low,Close,Volume,Close Time,Quote Asset Volume,Number of trades,Taker Buy Base Asset Volume,Taker Buy Quote Asset volume
1591833600000,0.00256800,0.00274300,0.00220000,0.00220900,247145749.00000000,1591919999999,621407.17669200,4838,107411745.00000000,272691.97088600,0
