Open Time,Open,High,Low,Close,Volume,Close Time,Quote Asset Volume,Number of trades,Taker Buy Base Asset Volume,Taker Buy Quote Asset volume
1595721600000,0.00657200,0.00667300,0.00592500,0.00638900,480613329.00000000,1595807999999,3000894.24640800,15099,216956724.00000000,1354317.09443700,0
