Open Time,Open,High,Low,Close,Volume,Close Time,Quote Asset Volume,Number of trades,Taker Buy Base Asset Volume,Taker Buy Quote Asset volume
1592524800000,0.00254100,0.00255800,0.00239600,0.00246600,104452243.00000000,1592611199999,256445.44227800,1953,45142572.00000000,111015.93552200,0
