Open Time,Open,High,Low,Close,Volume,Close Time,Quote Asset Volume,Number of trades,Taker Buy Base Asset Volume,Taker Buy Quote Asset volume
1599004800000,0.01310400,0.01380500,0.01136000,0.01192000,709102748.00000000,1599091199999,8868954.24299100,33039,337722572.00000000,4229756.70455800,0
