Open Time,Open,High,Low,Close,Volume,Close Time,Quote Asset Volume,Number of trades,Taker Buy Base Asset Volume,Taker Buy Quote Asset volume
1597968000000,0.01278500,0.01350000,0.01149900,0.01150200,564561540.00000000,1598054399999,7177768.88459500,23734,277250973.00000000,3532182.78783700,0
