Open Time,Open,High,Low,Close,Volume,Close Time,Quote Asset Volume,Number of trades,Taker Buy Base Asset Volume,Taker Buy Quote Asset volume
1600473600000,0.00627000,0.00647400,0.00623100,0.00634800,156928491.00000000,1600559999999,995565.45361800,5988,81155077.00000000,515412.87891900,0
