Open Time,Open,High,Low,Close,Volume,Close Time,Quote Asset Volume,Number of trades,Taker Buy Base Asset Volume,Taker Buy Quote Asset volume
1598140800000,0.01230700,0.01364000,0.01209100,0.01313800,479680585.00000000,1598227199999,6182756.39725600,22126,237812415.00000000,3065099.62331900,0
