Open Time,Open,High,Low,Close,Volume,Close Time,Quote Asset Volume,Number of trades,Taker Buy Base Asset Volume,Taker Buy Quote Asset volume
1589932800000,0.00176800,0.00176800,0.00165300,0.00170200,110944806.00000000,1590019199999,190335.32794300,1214,41301009.00000000,71313.37223400,0
