Open Time,Open,High,Low,Close,Volume,Close Time,Quote Asset Volume,Number of trades,Taker Buy Base Asset Volume,Taker Buy Quote Asset volume
1594512000000,0.00403900,0.00445000,0.00396100,0.00422700,422975576.00000000,1594598399999,1753081.79513600,11980,206198554.00000000,856611.33008000,0
