Open Time,Open,High,Low,Close,Volume,Close Time,Quote Asset Volume,Number of trades,Taker Buy Base Asset Volume,Taker Buy Quote Asset volume
1586736000000,0.00137400,0.00137400,0.00113900,0.00131400,156652999.00000000,1586822399999,201944.43174600,1482,52347215.00000000,68486.03297600,0
