Open Time,Open,High,Low,Close,Volume,Close Time,Quote Asset Volume,Number of trades,Taker Buy Base Asset Volume,Taker Buy Quote Asset volume
1597449600000,0.01325500,0.01366000,0.01240000,0.01290400,469772558.00000000,1597535999999,6062637.23881200,21328,223068677.00000000,2881098.63352200,0
