Open Time,Open,High,Low,Close,Volume,Close Time,Quote Asset Volume,Number of trades,Taker Buy Base Asset Volume,Taker Buy Quote Asset volume
1607558400000,0.00855100,0.00861400,0.00807200,0.00832700,97605602.00000000,1607644799999,813265.79459800,6337,46823439.00000000,389643.12858600,0
