Open Time,Open,High,Low,Close,Volume,Close Time,Quote Asset Volume,Number of trades,Taker Buy Base Asset Volume,Taker Buy Quote Asset volume
1602374400000,0.00692300,0.00697500,0.00655400,0.00671000,143164640.00000000,1602460799999,963974.52660300,4382,63899618.00000000,431233.94065600,0
