Open Time,Open,High,Low,Close,Volume,Close Time,Quote Asset Volume,Number of trades,Taker Buy Base Asset Volume,Taker Buy Quote Asset volume
1607904000000,0.00876300,0.00879700,0.00841400,0.00867800,106352790.00000000,1607990399999,915627.69662600,6720,44688377.00000000,385181.50000400,0
