Open Time,Open,High,Low,Close,Volume,Close Time,Quote Asset Volume,Number of trades,Taker Buy Base Asset Volume,Taker Buy Quote Asset volume
1580688000000,0.00139200,0.00142400,0.00138000,0.00141300,29776629.00000000,1580774399999,41802.18954100,786,18092600.00000000,25424.70560700,0
