Open Time,Open,High,Low,Close,Volume,Close Time,Quote Asset Volume,Number of trades,Taker Buy Base Asset Volume,Taker Buy Quote Asset volume
1593734400000,0.00320300,0.00371600,0.00313000,0.00358300,385175214.00000000,1593820799999,1318876.49050900,9229,194923173.00000000,666844.43282900,0
