Open Time,Open,High,Low,Close,Volume,Close Time,Quote Asset Volume,Number of trades,Taker Buy Base Asset Volume,Taker Buy Quote Asset volume
1599955200000,0.00834800,0.00870000,0.00736600,0.00765200,269979133.00000000,1600041599999,2152130.54888000,12063,130251459.00000000,1037612.19380100,0
