Open Time,Open,High,Low,Close,Volume,Close Time,Quote Asset Volume,Number of trades,Taker Buy Base Asset Volume,Taker Buy Quote Asset volume
1591920000000,0.00219500,0.00243700,0.00218500,0.00239200,122522648.00000000,1592006399999,287654.79790500,2011,58390995.00000000,136643.81001900,0
