Open Time,Open,High,Low,Close,Volume,Close Time,Quote Asset Volume,Number of trades,Taker Buy Base Asset Volume,Taker Buy Quote Asset volume
1583107200000,0.00201800,0.00215400,0.00198400,0.00210200,52565947.00000000,1583193599999,108748.67674400,1156,33106676.00000000,68620.98806800,0
