Open Time,Open,High,Low,Close,Volume,Close Time,Quote Asset Volume,Number of trades,Taker Buy Base Asset Volume,Taker Buy Quote Asset volume
1587859200000,0.00141500,0.00168900,0.00141500,0.00148800,296888576.00000000,1587945599999,456282.69931100,3096,123806945.00000000,190345.39181100,0
