Open Time,Open,High,Low,Close,Volume,Close Time,Quote Asset Volume,Number of trades,Taker Buy Base Asset Volume,Taker Buy Quote Asset volume
1578528000000,0.00137700,0.00141400,0.00131300,0.00132100,44730281.00000000,1578614399999,60559.99575500,1053,18984468.00000000,25798.62783500,0
