Open Time,Open,High,Low,Close,Volume,Close Time,Quote Asset Volume,Number of trades,Taker Buy Base Asset Volume,Taker Buy Quote Asset volume
1595808000000,0.00639100,0.00650000,0.00540800,0.00579600,539255331.00000000,1595894399999,3193300.79420200,14905,257635182.00000000,1525863.89525300,0
