Open Time,Open,High,Low,Close,Volume,Close Time,Quote Asset Volume,Number of trades,Taker Buy Base Asset Volume,Taker Buy Quote Asset volume
1604448000000,0.00665500,0.00754300,0.00634600,0.00723700,263202245.00000000,1604534399999,1845186.58254900,10654,128810948.00000000,904013.59600400,0
