Open Time,Open,High,Low,Close,Volume,Close Time,Quote Asset Volume,Number of trades,Taker Buy Base Asset Volume,Taker Buy Quote Asset volume
1603411200000,0.01075900,0.01097700,0.00940800,0.00967800,639798509.00000000,1603497599999,6312129.66578200,22711,295118880.00000000,2914842.11821600,0
