Open Time,Open,High,Low,Close,Volume,Close Time,Quote Asset Volume,Number of trades,Taker Buy Base Asset Volume,Taker Buy Quote Asset volume
1600560000000,0.00636100,0.00650000,0.00602200,0.00615300,151170382.00000000,1600646399999,949043.76948000,6196,72181367.00000000,453467.64144600,0
