Open Time,Open,High,Low,Close,Volume,Close Time,Quote Asset Volume,Number of trades,Taker Buy Base Asset Volume,Taker Buy Quote Asset volume
1578960000000,0.00132100,0.00136000,0.00127900,0.00133200,86361491.00000000,1579046399999,113304.31177800,1435,45914762.00000000,60286.89745900,0
