Open Time,Open,High,Low,Close,Volume,Close Time,Quote Asset Volume,Number of trades,Taker Buy Base Asset Volume,Taker Buy Quote Asset volume
1603843200000,0.00897600,0.00910000,0.00784900,0.00806100,328820068.00000000,1603929599999,2704934.20462800,13538,158299391.00000000,1303490.52771800,0
