Open Time,Open,High,Low,Close,Volume,Close Time,Quote Asset Volume,Number of trades,Taker Buy Base Asset Volume,Taker Buy Quote Asset volume
1606521600000,0.00886300,0.00977000,0.00864700,0.00952900,347335394.00000000,1606607999999,3229183.57569700,20615,177558340.00000000,1652995.80445500,0
