Open Time,Open,High,Low,Close,Volume,Close Time,Quote Asset Volume,Number of trades,Taker Buy Base Asset Volume,Taker Buy Quote Asset volume
1587168000000,0.00138300,0.00141900,0.00138200,0.00139500,38188621.00000000,1587254399999,53471.32874800,392,23233873.00000000,32561.21144100,0
