Open Time,Open,High,Low,Close,Volume,Close Time,Quote Asset Volume,Number of trades,Taker Buy Base Asset Volume,Taker Buy Quote Asset volume
1608940800000,0.00873400,0.00882000,0.00831500,0.00847900,210854406.00000000,1609027199999,1791738.46921500,14621,97476482.00000000,828140.54928400,0
