Open Time,Open,High,Low,Close,Volume,Close Time,Quote Asset Volume,Number of trades,Taker Buy Base Asset Volume,Taker Buy Quote Asset volume
1586476800000,0.00147700,0.00148000,0.00131300,0.00133800,86091385.00000000,1586563199999,118695.30318300,1051,30201518.00000000,41299.53658300,0
