Open Time,Open,High,Low,Close,Volume,Close Time,Quote Asset Volume,Number of trades,Taker Buy Base Asset Volume,Taker Buy Quote Asset volume
1599868800000,0.00829200,0.00855000,0.00818300,0.00832600,169931286.00000000,1599955199999,1418992.03112100,7864,79374769.00000000,663310.06609900,0
