Open Time,Open,High,Low,Close,Volume,Close Time,Quote Asset Volume,Number of trades,Taker Buy Base Asset Volume,Taker Buy Quote Asset volume
1596153600000,0.00582600,0.00616300,0.00568000,0.00585200,259478949.00000000,1596239999999,1526609.53353900,6140,121569960.00000000,714757.52510400,0
