Open Time,Open,High,Low,Close,Volume,Close Time,Quote Asset Volume,Number of trades,Taker Buy Base Asset Volume,Taker Buy Quote Asset volume
1590019200000,0.00168600,0.00196600,0.00168600,0.00182900,403743973.00000000,1590105599999,733415.39428400,5602,199829279.00000000,363826.71947100,0
