Open Time,Open,High,Low,Close,Volume,Close Time,Quote Asset Volume,Number of trades,Taker Buy Base Asset Volume,Taker Buy Quote Asset volume
1577836800000,0.00144100,0.00153000,0.00142800,0.00143900,34804981.00000000,1577923199999,50903.50921100,929,15864364.00000000,23293.56362500,0
