Open Time,Open,High,Low,Close,Volume,Close Time,Quote Asset Volume,Number of trades,Taker Buy Base Asset Volume,Taker Buy Quote Asset volume
1599091200000,0.01192600,0.01196700,0.00858000,0.00879700,780946168.00000000,1599177599999,8118071.26193300,30994,362124230.00000000,3771251.30120100,0
