Open Time,Open,High,Low,Close,Volume,Close Time,Quote Asset Volume,Number of trades,Taker Buy Base Asset Volume,Taker Buy Quote Asset volume
1598227200000,0.01313800,0.01413100,0.01295700,0.01372700,480978487.00000000,1598313599999,6533361.60514400,20320,228114001.00000000,3099703.02782700,0
