Open Time,Open,High,Low,Close,Volume,Close Time,Quote Asset Volume,Number of trades,Taker Buy Base Asset Volume,Taker Buy Quote Asset volume
1587945600000,0.00149800,0.00168000,0.00149000,0.00159000,205135978.00000000,1588031999999,325545.61957900,2704,110019665.00000000,174887.63303200,0
