Open Time,Open,High,Low,Close,Volume,Close Time,Quote Asset Volume,Number of trades,Taker Buy Base Asset Volume,Taker Buy Quote Asset volume
1584316800000,0.00122500,0.00125300,0.00093900,0.00106100,144809823.00000000,1584403199999,156138.31255400,1726,100595622.00000000,108465.24606900,0
