Open Time,Open,High,Low,Close,Volume,Close Time,Quote Asset Volume,Number of trades,Taker Buy Base Asset Volume,Taker Buy Quote Asset volume
1608336000000,0.01113400,0.01194400,0.01067700,0.01116200,515182223.00000000,1608422399999,5795160.86640700,31141,269079208.00000000,3035865.23233800,0
