Open Time,Open,High,Low,Close,Volume,Close Time,Quote Asset Volume,Number of trades,Taker Buy Base Asset Volume,Taker Buy Quote Asset volume
1581811200000,0.00327300,0.00327300,0.00240300,0.00277500,276811819.00000000,1581897599999,805630.00795200,4790,132884621.00000000,388169.52733800,0
