Open Time,Open,High,Low,Close,Volume,Close Time,Quote Asset Volume,Number of trades,Taker Buy Base Asset Volume,Taker Buy Quote Asset volume
1586995200000,0.00132100,0.00142000,0.00130600,0.00139600,63078766.00000000,1587081599999,86670.54937100,861,39685980.00000000,54573.08429700,0
