Open Time,Open,High,Low,Close,Volume,Close Time,Quote Asset Volume,Number of trades,Taker Buy Base Asset Volume,Taker Buy Quote Asset volume
1589587200000,0.00156500,0.00183000,0.00155300,0.00169200,180830382.00000000,1589673599999,305982.28227300,2675,85371980.00000000,144961.73601000,0
