Open Time,Open,High,Low,Close,Volume,Close Time,Quote Asset Volume,Number of trades,Taker Buy Base Asset Volume,Taker Buy Quote Asset volume
1586908800000,0.00141900,0.00149500,0.00132100,0.00133600,124618272.00000000,1586995199999,176439.79098100,1538,62503386.00000000,88851.16903700,0
