Open Time,Open,High,Low,Close,Volume,Close Time,Quote Asset Volume,Number of trades,Taker Buy Base Asset Volume,Taker Buy Quote Asset volume
1602806400000,0.00775800,0.00811800,0.00724600,0.00747000,254405934.00000000,1602892799999,1938403.53516400,10533,126126182.00000000,961431.69085500,0
