Open Time,Open,High,Low,Close,Volume,Close Time,Quote Asset Volume,Number of trades,Taker Buy Base Asset Volume,Taker Buy Quote Asset volume
1595116800000,0.00649600,0.00663300,0.00600100,0.00612300,303086792.00000000,1595203199999,1899838.05634500,10759,144654535.00000000,908581.62707800,0
