Open Time,Open,High,Low,Close,Volume,Close Time,Quote Asset Volume,Number of trades,Taker Buy Base Asset Volume,Taker Buy Quote Asset volume
1591401600000,0.00240500,0.00249400,0.00232900,0.00245500,142525588.00000000,1591487999999,341466.42376600,2130,50769879.00000000,121849.55584300,0
