Open Time,Open,High,Low,Close,Volume,Close Time,Quote Asset Volume,Number of trades,Taker Buy Base Asset Volume,Taker Buy Quote Asset volume
1599177600000,0.00879500,0.00918100,0.00787300,0.00910500,589896210.00000000,1599263999999,5041654.16233800,21717,290957519.00000000,2488104.76375200,0
