Open Time,Open,High,Low,Close,Volume,Close Time,Quote Asset Volume,Number of trades,Taker Buy Base Asset Volume,Taker Buy Quote Asset volume
1607126400000,0.00891100,0.00942000,0.00873600,0.00924000,105503781.00000000,1607212799999,960287.03799900,8454,55515926.00000000,507030.69730400,0
