Open Time,Open,High,Low,Close,Volume,Close Time,Quote Asset Volume,Number of trades,Taker Buy Base Asset Volume,Taker Buy Quote Asset volume
1601337600000,0.00658800,0.00821400,0.00657500,0.00809100,571797971.00000000,1601423999999,4249410.66845900,24065,295186855.00000000,2198560.25311700,0
