Open Time,Open,High,Low,Close,Volume,Close Time,Quote Asset Volume,Number of trades,Taker Buy Base Asset Volume,Taker Buy Quote Asset volume
1585008000000,0.00129900,0.00132100,0.00121300,0.00128000,74858801.00000000,1585094399999,95088.60670700,1271,40957124.00000000,52046.08202700,0
