Open Time,Open,High,Low,Close,Volume,Close Time,Quote Asset Volume,Number of trades,Taker Buy Base Asset Volume,Taker Buy Quote Asset volume
1602979200000,0.00797900,0.00881900,0.00795000,0.00868800,317608971.00000000,1603065599999,2698707.24784900,12380,165866072.00000000,1412334.53670900,0
