Open Time,Open,High,Low,Close,Volume,Close Time,Quote Asset Volume,Number of trades,Taker Buy Base Asset Volume,Taker Buy Quote Asset volume
1609200000000,0.00886500,0.00895600,0.00820000,0.00846400,303484725.00000000,1609286399999,2577276.07663500,20029,146399098.00000000,1243767.77305100,0
