Open Time,Open,High,Low,Close,Volume,Close Time,Quote Asset Volume,Number of trades,Taker Buy Base Asset Volume,Taker Buy Quote Asset volume
1607472000000,0.00832700,0.00856300,0.00778800,0.00854900,188782161.00000000,1607558399999,1556602.48931500,11575,86293144.00000000,710418.91671300,0
