Open Time,Open,High,Low,Close,Volume,Close Time,Quote Asset Volume,Number of trades,Taker Buy Base Asset Volume,Taker Buy Quote Asset volume
1578355200000,0.00144000,0.00147600,0.00135800,0.00138400,79187590.00000000,1578441599999,112027.82390200,1673,38995010.00000000,55347.22085900,0
