Open Time,Open,High,Low,Close,Volume,Close Time,Quote Asset Volume,Number of trades,Taker Buy Base Asset Volume,Taker Buy Quote Asset volume
1579737600000,0.00126300,0.00127600,0.00121000,0.00122600,31039775.00000000,1579823999999,38292.17030800,771,14380604.00000000,17789.26448700,0
