Open Time,Open,High,Low,Close,Volume,Close Time,Quote Asset Volume,Number of trades,Taker Buy Base Asset Volume,Taker Buy Quote Asset volume
1584403200000,0.00107100,0.00119100,0.00106700,0.00113100,114451120.00000000,1584489599999,129543.68474300,1470,89213580.00000000,101059.46194700,0
