Open Time,Open,High,Low,Close,Volume,Close Time,Quote Asset Volume,Number of trades,Taker Buy Base Asset Volume,Taker Buy Quote Asset volume
1581552000000,0.00193000,0.00229300,0.00182600,0.00220900,310492768.00000000,1581638399999,629155.78331100,4281,152273275.00000000,308619.38978900,0
