Open Time,Open,High,Low,Close,Volume,Close Time,Quote Asset Volume,Number of trades,Taker Buy Base Asset Volume,Taker Buy Quote Asset volume
1587254400000,0.00140300,0.00141000,0.00137000,0.00138100,42405130.00000000,1587340799999,58798.28010800,621,24783338.00000000,34362.19410000,0
