Open Time,Open,High,Low,Close,Volume,Close Time,Quote Asset Volume,Number of trades,Taker Buy Base Asset Volume,Taker Buy Quote Asset volume
1601164800000,0.00698400,0.00749400,0.00657600,0.00689600,319848567.00000000,1601251199999,2244634.23646000,10557,155668130.00000000,1097404.94324600,0
