Open Time,Open,High,Low,Close,Volume,Close Time,Quote Asset Volume,Number of trades,Taker Buy Base Asset Volume,Taker Buy Quote Asset volume
1607731200000,0.00788000,0.00884200,0.00783600,0.00842600,199941718.00000000,1607817599999,1691238.68689300,11014,96934590.00000000,818776.66908600,0
