Open Time,Open,High,Low,Close,Volume,Close Time,Quote Asset Volume,Number of trades,Taker Buy Base Asset Volume,Taker Buy Quote Asset volume
1605830400000,0.00838500,0.01008900,0.00817600,0.00972000,1011324161.00000000,1605916799999,9537555.54741600,45633,498005866.00000000,4690465.01418300,0
