Open Time,Open,High,Low,Close,Volume,Close Time,Quote Asset Volume,Number of trades,Taker Buy Base Asset Volume,Taker Buy Quote Asset volume
1581984000000,0.00269700,0.00288300,0.00259500,0.00281800,119438536.00000000,1582070399999,326824.96411100,2342,53025866.00000000,145260.54372800,0
