Open Time,Open,High,Low,Close,Volume,Close Time,Quote Asset Volume,Number of trades,Taker Buy Base Asset Volume,Taker Buy Quote Asset volume
1589328000000,0.00151200,0.00156200,0.00150200,0.00155700,39668855.00000000,1589414399999,61095.93396700,638,23509779.00000000,36255.26622800,0
