Open Time,Open,High,Low,Close,Volume,Close Time,Quote Asset Volume,Number of trades,Taker Buy Base Asset Volume,Taker Buy Quote Asset volume
1594598400000,0.00422700,0.00569200,0.00388900,0.00502400,1354007864.10000000,1594684799999,6597596.65998390,29296,679253593.70000000,3307080.10015190,0
