Open Time,Open,High,Low,Close,Volume,Close Time,Quote Asset Volume,Number of trades,Taker Buy Base Asset Volume,Taker Buy Quote Asset volume
1603497600000,0.00971300,0.01061300,0.00953300,0.00981100,383593058.00000000,1603583999999,3845213.32476800,14598,184249004.00000000,1851090.16413800,0
