Open Time,Open,High,Low,Close,Volume,Close Time,Quote Asset Volume,Number of trades,Taker Buy Base Asset Volume,Taker Buy Quote Asset volume
1594425600000,0.00415000,0.00470300,0.00380100,0.00404700,1049503544.10000000,1594511999999,4459873.37579580,23943,467215719.10000000,1991896.97097940,0
