Open Time,Open,High,Low,Close,Volume,Close Time,Quote Asset Volume,Number of trades,Taker Buy Base Asset Volume,Taker Buy Quote Asset volume
1606780800000,0.00964000,0.01053500,0.00885800,0.00943800,459271179.00000000,1606867199999,4482636.89611600,24532,235396323.00000000,2299680.04840100,0
