Open Time,Open,High,Low,Close,Volume,Close Time,Quote Asset Volume,Number of trades,Taker Buy Base Asset Volume,Taker Buy Quote Asset volume
1586390400000,0.00149000,0.00149900,0.00145800,0.00147500,38054600.00000000,1586476799999,56265.40120300,501,25201243.00000000,37312.67803800,0
