Open Time,Open,High,Low,Close,Volume,Close Time,Quote Asset Volume,Number of trades,Taker Buy Base Asset Volume,Taker Buy Quote Asset volume
1594684800000,0.00503400,0.00673300,0.00498500,0.00646000,2463350932.90000000,1594771199999,14582494.75761730,57498,1204676626.60000000,7144121.99943300,0
