Open Time,Open,High,Low,Close,Volume,Close Time,Quote Asset Volume,Number of trades,Taker Buy Base Asset Volume,Taker Buy Quote Asset volume
1602460800000,0.00671100,0.00771300,0.00660000,0.00714600,302398999.00000000,1602547199999,2143200.36901900,10778,139081258.00000000,987616.19085100,0
