Open Time,Open,High,Low,Close,Volume,Close Time,Quote Asset Volume,Number of trades,Taker Buy Base Asset Volume,Taker Buy Quote Asset volume
1602633600000,0.00801400,0.00899000,0.00780000,0.00835300,610312845.00000000,1602719999999,5138367.67743900,23440,296819311.00000000,2499085.39346500,0
