Open Time,Open,High,Low,Close,Volume,Close Time,Quote Asset Volume,Number of trades,Taker Buy Base Asset Volume,Taker Buy Quote Asset volume
1588118400000,0.00153000,0.00159000,0.00150800,0.00156300,106511416.00000000,1588204799999,164750.01915600,1583,58791615.00000000,91327.37936100,0
