Open Time,Open,High,Low,Close,Volume,Close Time,Quote Asset Volume,Number of trades,Taker Buy Base Asset Volume,Taker Buy Quote Asset volume
1602288000000,0.00686000,0.00714100,0.00679100,0.00694400,116595410.00000000,1602374399999,816015.84537500,4935,59789516.00000000,418152.61838400,0
