Open Time,Open,High,Low,Close,Volume,Close Time,Quote Asset Volume,Number of trades,Taker Buy Base Asset Volume,Taker Buy Quote Asset volume
1581292800000,0.00166000,0.00169000,0.00161400,0.00167200,73082859.00000000,1581379199999,120660.30819600,1733,33516771.00000000,55433.66211700,0
