Open Time,Open,High,Low,Close,Volume,Close Time,Quote Asset Volume,Number of trades,Taker Buy Base Asset Volume,Taker Buy Quote Asset volume
1588377600000,0.00156700,0.00161100,0.00155500,0.00159700,36268019.00000000,1588463999999,57579.24335200,519,24130381.00000000,38400.31970700,0
