Open Time,Open,High,Low,Close,Volume,Close Time,Quote Asset Volume,Number of trades,Taker Buy Base Asset Volume,Taker Buy Quote Asset volume
1600819200000,0.00531800,0.00536100,0.00446200,0.00465200,180636850.00000000,1600905599999,894201.66006300,5284,83630282.00000000,412700.94391200,0
