Open Time,Open,High,Low,Close,Volume,Close Time,Quote Asset Volume,Number of trades,Taker Buy Base Asset Volume,Taker Buy Quote Asset volume
1600041600000,0.00768700,0.00808200,0.00746200,0.00765900,308693004.00000000,1600127999999,2389768.54199700,11514,139436578.00000000,1080057.79381700,0
