Open Time,Open,High,Low,Close,Volume,Close Time,Quote Asset Volume,Number of trades,Taker Buy Base Asset Volume,Taker Buy Quote Asset volume
1606262400000,0.01018000,0.01188800,0.00967000,0.01024200,684998844.00000000,1606348799999,7405931.42701500,42420,355614368.00000000,3859777.41291000,0
