Open Time,Open,High,Low,Close,Volume,Close Time,Quote Asset Volume,Number of trades,Taker Buy Base Asset Volume,Taker Buy Quote Asset volume
1599264000000,0.00903600,0.00944400,0.00697700,0.00758100,459560689.00000000,1599350399999,3769381.79302900,15635,228642319.00000000,1882542.77219400,0
