Open Time,Open,High,Low,Close,Volume,Close Time,Quote Asset Volume,Number of trades,Taker Buy Base Asset Volume,Taker Buy Quote Asset volume
1582848000000,0.00200100,0.00219600,0.00190800,0.00212400,169536722.00000000,1582934399999,350595.66601700,2401,83650828.00000000,173614.44698800,0
