Open Time,Open,High,Low,Close,Volume,Close Time,Quote Asset Volume,Number of trades,Taker Buy Base Asset Volume,Taker Buy Quote Asset volume
1596326400000,0.00552800,0.00553400,0.00486200,0.00523500,300541359.00000000,1596412799999,1585407.41766300,8509,127618434.00000000,673479.09615400,0
