Open Time,Open,High,Low,Close,Volume,Close Time,Quote Asset Volume,Number of trades,Taker Buy Base Asset Volume,Taker Buy Quote Asset volume
1596844800000,0.00811400,0.00985000,0.00809400,0.00950300,872765050.50000000,1596931199999,7906958.70394640,28901,447324314.50000000,4057284.38594800,0
