Open Time,Open,High,Low,Close,Volume,Close Time,Quote Asset Volume,Number of trades,Taker Buy Base Asset Volume,Taker Buy Quote Asset volume
1606089600000,0.00927300,0.00987900,0.00895200,0.00955900,546454533.00000000,1606175999999,5192047.47024300,27945,254348309.00000000,2420729.18400100,0
