Open Time,Open,High,Low,Close,Volume,Close Time,Quote Asset Volume,Number of trades,Taker Buy Base Asset Volume,Taker Buy Quote Asset volume
1605657600000,0.00847400,0.00859600,0.00775000,0.00809200,416470763.00000000,1605743999999,3363510.58651100,17072,197331895.00000000,1594661.30674900,0
