Open Time,Open,High,Low,Close,Volume,Close Time,Quote Asset Volume,Number of trades,Taker Buy Base Asset Volume,Taker Buy Quote Asset volume
1604361600000,0.00705500,0.00705500,0.00625700,0.00665600,151107301.00000000,1604447999999,989523.04981400,6679,71913776.00000000,471083.20868100,0
