Open Time,Open,High,Low,Close,Volume,Close Time,Quote Asset Volume,Number of trades,Taker Buy Base Asset Volume,Taker Buy Quote Asset volume
1580256000000,0.00131200,0.00131800,0.00126300,0.00130800,30577662.00000000,1580342399999,39298.45703600,847,15382799.00000000,19830.81529900,0
