Open Time,Open,High,Low,Close,Volume,Close Time,Quote Asset Volume,Number of trades,Taker Buy Base Asset Volume,Taker Buy Quote Asset volume
1594166400000,0.00342000,0.00354800,0.00331000,0.00349300,201759557.00000000,1594252799999,684014.56310000,5163,100751831.00000000,342513.30099900,0
