Open Time,Open,High,Low,Close,Volume,Close Time,Quote Asset Volume,Number of trades,Taker Buy Base Asset Volume,Taker Buy Quote Asset volume
1588896000000,0.00168600,0.00177900,0.00163400,0.00169800,85300798.00000000,1588982399999,144367.70837400,1644,36069318.00000000,61208.90253100,0
