Open Time,Open,High,Low,Close,Volume,Close Time,Quote Asset Volume,Number of trades,Taker Buy Base Asset Volume,Taker Buy Quote Asset volume
1604188800000,0.00716100,0.00733700,0.00697600,0.00733500,110159937.00000000,1604275199999,784641.02729800,4941,51410335.00000000,366999.15126000,0
