Open Time,Open,High,Low,Close,Volume,Close Time,Quote Asset Volume,Number of trades,Taker Buy Base Asset Volume,Taker Buy Quote Asset volume
1578614400000,0.00132100,0.00137000,0.00131100,0.00132900,38854335.00000000,1578700799999,51691.91224600,475,22027098.00000000,29372.32484100,0
