Open Time,Open,High,Low,Close,Volume,Close Time,Quote Asset Volume,Number of trades,Taker Buy Base Asset Volume,Taker Buy Quote Asset volume
1591660800000,0.00239900,0.00255600,0.00234900,0.00253900,172686568.00000000,1591747199999,422690.70488900,2750,91245689.00000000,223153.31923200,0
