Open Time,Open,High,Low,Close,Volume,Close Time,Quote Asset Volume,Number of trades,Taker Buy Base Asset Volume,Taker Buy Quote Asset volume
1580601600000,0.00137400,0.00148000,0.00135700,0.00138000,88633385.00000000,1580687999999,125845.38795900,1550,43332337.00000000,61571.69162800,0
