Open Time,Open,High,Low,Close,Volume,Close Time,Quote Asset Volume,Number of trades,Taker Buy Base Asset Volume,Taker Buy Quote Asset volume
1593129600000,0.00297900,0.00317000,0.00287600,0.00298600,289843019.00000000,1593215999999,872722.54727400,4306,138949469.00000000,418409.40838000,0
