Open Time,Open,High,Low,Close,Volume,Close Time,Quote Asset Volume,Number of trades,Taker Buy Base Asset Volume,Taker Buy Quote Asset volume
1607299200000,0.00905000,0.00933800,0.00895000,0.00922300,130070095.00000000,1607385599999,1189903.36459300,10367,65164357.00000000,597130.95373100,0
