Open Time,Open,High,Low,Close,Volume,Close Time,Quote Asset Volume,Number of trades,Taker Buy Base Asset Volume,Taker Buy Quote Asset volume
1604966400000,0.00842600,0.00929700,0.00824500,0.00929700,367458252.00000000,1605052799999,3228883.79968400,14345,178391267.00000000,1568247.57160500,0
