Open Time,Open,High,Low,Close,Volume,Close Time,Quote Asset Volume,Number of trades,Taker Buy Base Asset Volume,Taker Buy Quote Asset volume
1590105600000,0.00182600,0.00198500,0.00178100,0.00198500,198619237.00000000,1590191999999,369887.78855900,3003,99396254.00000000,185391.78178100,0
