Open Time,Open,High,Low,Close,Volume,Close Time,Quote Asset Volume,Number of trades,Taker Buy Base Asset Volume,Taker Buy Quote Asset volume
1592265600000,0.00228200,0.00237800,0.00224100,0.00237500,89159517.00000000,1592351999999,206168.49772200,1239,46304843.00000000,107352.08588000,0
