Open Time,Open,High,Low,Close,Volume,Close Time,Quote Asset Volume,Number of trades,Taker Buy Base Asset Volume,Taker Buy Quote Asset volume
1596585600000,0.00578300,0.00668300,0.00570000,0.00662700,496110364.00000000,1596671999999,2996547.52476500,12331,239038265.00000000,1448089.44777100,0
