Open Time,Open,High,Low,Close,Volume,Close Time,Quote Asset Volume,Number of trades,Taker Buy Base Asset Volume,Taker Buy Quote Asset volume
1583366400000,0.00195600,0.00236600,0.00195000,0.00226000,172940767.00000000,1583452799999,378295.48816600,2871,97844360.00000000,211734.88524400,0
