Open Time,Open,High,Low,Close,Volume,Close Time,Quote Asset Volume,Number of trades,Taker Buy Base Asset Volume,Taker Buy Quote Asset volume
1588550400000,0.00155200,0.00165600,0.00147200,0.00160400,182737923.00000000,1588636799999,288055.71665200,2718,92833661.00000000,146827.97886100,0
