Open Time,Open,High,Low,Close,Volume,Close Time,Quote Asset Volume,Number of trades,Taker Buy Base Asset Volume,Taker Buy Quote Asset volume
1603670400000,0.00977600,0.00981200,0.00866800,0.00926700,263621556.00000000,1603756799999,2431098.44804700,12403,124729304.00000000,1151568.20764300,0
