Open Time,Open,High,Low,Close,Volume,Close Time,Quote Asset Volume,Number of trades,Taker Buy Base Asset Volume,Taker Buy Quote Asset volume
1596412800000,0.00523500,0.00631100,0.00520000,0.00585900,647924746.00000000,1596499199999,3795324.11611100,15824,328791605.00000000,1926941.78432100,0
