Open Time,Open,High,Low,Close,Volume,Close Time,Quote Asset Volume,Number of trades,Taker Buy Base Asset Volume,Taker Buy Quote Asset volume
1594252800000,0.00348400,0.00351200,0.00322100,0.00332900,138291496.00000000,1594339199999,464522.18962900,4089,54927126.00000000,184864.76274100,0
