Open Time,Open,High,Low,Close,Volume,Close Time,Quote Asset Volume,Number of trades,Taker Buy Base Asset Volume,Taker Buy Quote Asset volume
1595980800000,0.00600200,0.00630000,0.00581400,0.00608600,297892144.00000000,1596067199999,1808205.75887600,8632,139715393.00000000,849170.42517600,0
