Open Time,Open,High,Low,Close,Volume,Close Time,Quote Asset Volume,Number of trades,Taker Buy Base Asset Volume,Taker Buy Quote Asset volume
1590624000000,0.00241200,0.00243700,0.00209900,0.00222600,390422009.00000000,1590710399999,884377.04831200,5910,198214753.00000000,451596.92640500,0
