Open Time,Open,High,Low,Close,Volume,Close Time,Quote Asset Volume,Number of trades,Taker Buy Base Asset Volume,Taker Buy Quote Asset volume
1594857600000,0.00689300,0.00700000,0.00575300,0.00586300,862942683.00000000,1594943999999,5380878.40110900,25023,381260729.00000000,2381828.58164100,0
