Open Time,Open,High,Low,Close,Volume,Close Time,Quote Asset Volume,Number of trades,Taker Buy Base Asset Volume,Taker Buy Quote Asset volume
1580774400000,0.00141400,0.00163300,0.00140000,0.00157800,102238770.00000000,1580860799999,153780.67014800,2148,50309970.00000000,76151.26277700,0
