Open Time,Open,High,Low,Close,Volume,Close Time,Quote Asset Volume,Number of trades,Taker Buy Base Asset Volume,Taker Buy Quote Asset volume
1593043200000,0.00285000,0.00317300,0.00271100,0.00298900,514864336.00000000,1593129599999,1532525.75477000,7440,238618192.00000000,709707.00863300,0
