Open Time,Open,High,Low,Close,Volume,Close Time,Quote Asset Volume,Number of trades,Taker Buy Base Asset Volume,Taker Buy Quote Asset volume
1606867200000,0.00940800,0.01011800,0.00922500,0.00993700,292494482.00000000,1606953599999,2853554.30820000,17118,139311490.00000000,1360731.01057300,0
