Open Time,Open,High,Low,Close,Volume,Close Time,Quote Asset Volume,Number of trades,Taker Buy Base Asset Volume,Taker Buy Quote Asset volume
1601683200000,0.00728400,0.00748500,0.00711900,0.00729800,125931970.00000000,1601769599999,924649.49937800,4024,68315701.00000000,502002.90838100,0
