Open Time,Open,High,Low,Close,Volume,Close Time,Quote Asset Volume,Number of trades,Taker Buy Base Asset Volume,Taker Buy Quote Asset volume
1578009600000,0.00139600,0.00146000,0.00137800,0.00140700,32853510.00000000,1578095999999,46702.07148100,834,9943163.00000000,14123.23518200,0
