Open Time,Open,High,Low,Close,Volume,Close Time,Quote Asset Volume,Number of trades,Taker Buy Base Asset Volume,Taker Buy Quote Asset volume
1601596800000,0.00753500,0.00814400,0.00685100,0.00728500,456739768.00000000,1601683199999,3378615.85960300,14387,219139971.00000000,1620403.02152800,0
