Open Time,Open,High,Low,Close,Volume,Close Time,Quote Asset Volume,Number of trades,Taker Buy Base Asset Volume,Taker Buy Quote Asset volume
1581724800000,0.00275500,0.00416700,0.00273000,0.00325900,799150979.00000000,1581811199999,2548988.48022300,14179,372985169.60000000,1185629.72165140,0
