Open Time,Open,High,Low,Close,Volume,Close Time,Quote Asset Volume,Number of trades,Taker Buy Base Asset Volume,Taker Buy Quote Asset volume
1596931200000,0.00952400,0.01398700,0.00906600,0.01319800,1273963007.10000000,1597017599999,14239833.39923300,49297,640999046.10000000,7147996.04819800,0
