Open Time,Open,High,Low,Close,Volume,Close Time,Quote Asset Volume,Number of trades,Taker Buy Base Asset Volume,Taker Buy Quote Asset volume
1592870400000,0.00282600,0.00336200,0.00271700,0.00302700,517844834.00000000,1592956799999,1565864.36380100,9989,212387041.00000000,641486.63151100,0
