Open Time,Open,High,Low,Close,Volume,Close Time,Quote Asset Volume,Number of trades,Taker Buy Base Asset Volume,Taker Buy Quote Asset volume
1589068800000,0.00165300,0.00165300,0.00143100,0.00151500,97499271.00000000,1589155199999,147223.95029100,1556,47586822.00000000,71736.49508800,0
