Open Time,Open,High,Low,Close,Volume,Close Time,Quote Asset Volume,Number of trades,Taker Buy Base Asset Volume,Taker Buy Quote Asset volume
1578873600000,0.00132400,0.00134000,0.00130800,0.00131100,28497224.00000000,1578959999999,37567.21113700,355,8669054.00000000,11480.55665900,0
