Open Time,Open,High,Low,Close,Volume,Close Time,Quote Asset Volume,Number of trades,Taker Buy Base Asset Volume,Taker Buy Quote Asset volume
1578268800000,0.00140700,0.00145000,0.00139800,0.00144000,45279153.00000000,1578355199999,64617.40452000,1128,25549258.00000000,36540.74688800,0
