Open Time,Open,High,Low,Close,Volume,Close Time,Quote Asset Volume,Number of trades,Taker Buy Base Asset Volume,Taker Buy Quote Asset volume
1609372800000,0.00827600,0.00845300,0.00800000,0.00842500,143868376.00000000,1609459199999,1177042.20232800,9184,75598832.00000000,619203.27471100,0
