Open Time,Open,High,Low,Close,Volume,Close Time,Quote Asset Volume,Number of trades,Taker Buy Base Asset Volume,Taker Buy Quote Asset volume
1597881600000,0.01212300,0.01315000,0.01195900,0.01278800,330273109.00000000,1597967999999,4146003.24945300,14261,157875343.00000000,1984547.65885800,0
