Open Time,Open,High,Low,Close,Volume,Close Time,Quote Asset Volume,Number of trades,Taker Buy Base Asset Volume,Taker Buy Quote Asset volume
1584662400000,0.00125600,0.00139500,0.00117600,0.00127100,170181120.00000000,1584748799999,221670.68391400,2586,105540258.00000000,137348.11120700,0
