Open Time,Open,High,Low,Close,Volume,Close Time,Quote Asset Volume,Number of trades,Taker Buy Base Asset Volume,Taker Buy Quote Asset volume
1590278400000,0.00188900,0.00201500,0.00182300,0.00185600,205018723.00000000,1590364799999,392504.72947600,3159,94914398.00000000,182285.42893300,0
