Open Time,Open,High,Low,Close,Volume,Close Time,Quote Asset Volume,Number of trades,Taker Buy Base Asset Volume,Taker Buy Quote Asset volume
1595548800000,0.00738100,0.00751900,0.00630000,0.00654400,607835847.00000000,1595635199999,4133356.76443400,19857,276094478.00000000,1875018.87938200,0
