Open Time,Open,High,Low,Close,Volume,Close Time,Quote Asset Volume,Number of trades,Taker Buy Base Asset Volume,Taker Buy Quote Asset volume
1589241600000,0.00144700,0.00153500,0.00143600,0.00151000,68967220.00000000,1589327999999,103144.25265800,889,33373780.00000000,50097.07328700,0
