Open Time,Open,High,Low,Close,Volume,Close Time,Quote Asset Volume,Number of trades,Taker Buy Base Asset Volume,Taker Buy Quote Asset volume
1585958400000,0.00144300,0.00148700,0.00141300,0.00145100,38634814.00000000,1586044799999,55668.75587300,514,19855803.00000000,28695.29024200,0
