Open Time,Open,High,Low,Close,Volume,Close Time,Quote Asset Volume,Number of trades,Taker Buy Base Asset Volume,Taker Buy Quote Asset volume
1600905600000,0.00464700,0.00648900,0.00454300,0.00598000,362245725.00000000,1600991999999,1947882.37527000,11398,181021138.00000000,981984.77826500,0
