Open Time,Open,High,Low,Close,Volume,Close Time,Quote Asset Volume,Number of trades,Taker Buy Base Asset Volume,Taker Buy Quote Asset volume
1585785600000,0.00145500,0.00153500,0.00141700,0.00145500,75572871.00000000,1585871999999,111365.26697900,961,33985163.00000000,50015.95395300,0
