Open Time,Open,High,Low,Close,Volume,Close Time,Quote Asset Volume,Number of trades,Taker Buy Base Asset Volume,Taker Buy Quote Asset volume
1593216000000,0.00297900,0.00301300,0.00275200,0.00280000,181517737.00000000,1593302399999,522901.64575100,2697,87386011.00000000,251787.38949900,0
