Open Time,Open,High,Low,Close,Volume,Close Time,Quote Asset Volume,Number of trades,Taker Buy Base Asset Volume,Taker Buy Quote Asset volume
1581033600000,0.00167100,0.00173300,0.00161500,0.00164400,120128846.00000000,1581119999999,199090.76763000,2151,48008557.00000000,79860.55859200,0
