Open Time,Open,High,Low,Close,Volume,Close Time,Quote Asset Volume,Number of trades,Taker Buy Base Asset Volume,Taker Buy Quote Asset volume
1584835200000,0.00125900,0.00138500,0.00116000,0.00120100,81388602.00000000,1584921599999,104178.30925000,1112,53421736.00000000,68833.04492700,0
