Open Time,Open,High,Low,Close,Volume,Close Time,Quote Asset Volume,Number of trades,Taker Buy Base Asset Volume,Taker Buy Quote Asset volume
1601769600000,0.00729500,0.00758000,0.00704300,0.00724300,131368644.00000000,1601855999999,954572.63517300,4279,66697340.00000000,486171.27224500,0
