Open Time,Open,High,Low,Close,Volume,Close Time,Quote Asset Volume,Number of trades,Taker Buy Base Asset Volume,Taker Buy Quote Asset volume
1600387200000,0.00689100,0.00689500,0.00616300,0.00628600,243216993.00000000,1600473599999,1597279.23455100,7937,114445115.00000000,752330.20723700,0
