Open Time,Open,High,Low,Close,Volume,Close Time,Quote Asset Volume,Number of trades,Taker Buy Base Asset Volume,Taker Buy Quote Asset volume
1580083200000,0.00127200,0.00133000,0.00125800,0.00131100,29743408.00000000,1580169599999,38470.80698000,888,12093822.00000000,15628.71012600,0
