Open Time,Open,High,Low,Close,Volume,Close Time,Quote Asset Volume,Number of trades,Taker Buy Base Asset Volume,Taker Buy Quote Asset volume
1603238400000,0.00788100,0.00862000,0.00772600,0.00818000,291973017.00000000,1603324799999,2397953.15948300,11304,140831355.00000000,1157104.50836700,0
