Open Time,Open,High,Low,Close,Volume,Close Time,Quote Asset Volume,Number of trades,Taker Buy Base Asset Volume,Taker Buy Quote Asset volume
1597190400000,0.01356300,0.01570800,0.01207900,0.01454600,1200110380.00000000,1597276799999,16871078.30983000,46403,573518569.00000000,8083060.32695700,0
