Open Time,Open,High,Low,Close,Volume,Close Time,Quote Asset Volume,Number of trades,Taker Buy Base Asset Volume,Taker Buy Quote Asset volume
1586304000000,0.00147300,0.00150500,0.00145200,0.00149000,31317226.00000000,1586390399999,46302.77742500,409,19676990.00000000,29123.40501200,0
