Open Time,Open,High,Low,Close,Volume,Close Time,Quote Asset Volume,Number of trades,Taker Buy Base Asset Volume,Taker Buy Quote Asset volume
1592092800000,0.00245000,0.00249400,0.00231100,0.00232300,92507848.00000000,1592179199999,222301.84662200,1585,32344603.00000000,77672.33830000,0
