Open Time,Open,High,Low,Close,Volume,Close Time,Quote Asset Volume,Number of trades,Taker Buy Base Asset Volume,Taker Buy Quote Asset volume
1602720000000,0.00835500,0.00838500,0.00756900,0.00775800,385022402.00000000,1602806399999,3030689.12418800,13266,177799868.00000000,1402944.23167500,0
