Open Time,Open,High,Low,Close,Volume,Close Time,Quote Asset Volume,Number of trades,Taker Buy Base Asset Volume,Taker Buy Quote Asset volume
1582070400000,0.00282300,0.00282800,0.00245600,0.00253600,60461730.00000000,1582156799999,161329.18632500,1422,28499738.00000000,76282.15902500,0
