Open Time,Open,High,Low,Close,Volume,Close Time,Quote Asset Volume,Number of trades,Taker Buy Base Asset Volume,Taker Buy Quote Asset volume
1586217600000,0.00150900,0.00155100,0.00146100,0.00146900,94034906.00000000,1586303999999,142087.69376800,1236,49632418.00000000,75277.16899200,0
