Open Time,Open,High,Low,Close,Volume,Close Time,Quote Asset Volume,Number of trades,Taker Buy Base Asset Volume,Taker Buy Quote Asset volume
1592697600000,0.00311200,0.00314200,0.00279800,0.00279800,367681299.00000000,1592783999999,1097567.42229100,4704,171599861.00000000,514213.58528800,0
