Open Time,Open,High,Low,Close,Volume,Close Time,Quote Asset Volume,Number of trades,Taker Buy Base Asset Volume,Taker Buy Quote Asset volume
1591574400000,0.00239200,0.00244500,0.00233500,0.00238700,74530431.00000000,1591660799999,178304.50046300,1591,44066925.00000000,105633.74302900,0
