Open Time,Open,High,Low,Close,Volume,Close Time,Quote Asset Volume,Number of trades,Taker Buy Base Asset Volume,Taker Buy Quote Asset volume
1597622400000,0.01409400,0.01577000,0.01345200,0.01475100,791110676.00000000,1597708799999,11746593.92698000,39061,381151805.00000000,5662040.63198000,0
