Open Time,Open,High,Low,Close,Volume,Close Time,Quote Asset Volume,Number of trades,Taker Buy Base Asset Volume,Taker Buy Quote Asset volume
1584057600000,0.00089500,0.00113600,0.00063700,0.00104400,83828030.00000000,1584143999999,78530.55595400,1080,45686912.00000000,43652.05435900,0
