Open Time,Open,High,Low,Close,Volume,Close Time,Quote Asset Volume,Number of trades,Taker Buy Base Asset Volume,Taker Buy Quote Asset volume
1590537600000,0.00216500,0.00261000,0.00215900,0.00240100,755214443.00000000,1590623999999,1825594.10354100,12307,344812398.00000000,833734.57500800,0
