Open Time,Open,High,Low,Close,Volume,Close Time,Quote Asset Volume,Number of trades,Taker Buy Base Asset Volume,Taker Buy Quote Asset volume
1586131200000,0.00144200,0.00150900,0.00143600,0.00150200,69038415.00000000,1586217599999,102043.24703300,790,39023772.00000000,57820.40690600,0
