Open Time,Open,High,Low,Close,Volume,Close Time,Quote Asset Volume,Number of trades,Taker Buy Base Asset Volume,Taker Buy Quote Asset volume
1581465600000,0.00180700,0.00205800,0.00176300,0.00193500,203947129.00000000,1581551999999,381309.65439700,3412,86597503.00000000,161953.97808100,0
