Open Time,Open,High,Low,Close,Volume,Close Time,Quote Asset Volume,Number of trades,Taker Buy Base Asset Volume,Taker Buy Quote Asset volume
1602201600000,0.00662100,0.00727700,0.00641200,0.00688800,205867815.00000000,1602287999999,1399455.94467100,8061,98960902.00000000,674296.40455900,0
