Open Time,Open,High,Low,Close,Volume,Close Time,Quote Asset Volume,Number of trades,Taker Buy Base Asset Volume,Taker Buy Quote Asset volume
1597017600000,0.01319000,0.01863500,0.01139100,0.01650000,3247794362.30000000,1597103999999,50303590.82330300,121179,1631290773.80000000,25349708.81169200,0
