Open Time,Open,High,Low,Close,Volume,Close Time,Quote Asset Volume,Number of trades,Taker Buy Base Asset Volume,Taker Buy Quote Asset volume
1608681600000,0.01071600,0.01073000,0.00858500,0.00923900,338898007.00000000,1608767999999,3282190.67232100,23691,143880540.00000000,1394196.62889600,0
