Open Time,Open,High,Low,Close,Volume,Close Time,Quote Asset Volume,Number of trades,Taker Buy Base Asset Volume,Taker Buy Quote Asset volume
1607212800000,0.00923900,0.00926400,0.00889400,0.00901800,117124027.00000000,1607299199999,1057672.01797500,7220,50325535.00000000,454427.80487700,0
