Open Time,Open,High,Low,Close,Volume,Close Time,Quote Asset Volume,Number of trades,Taker Buy Base Asset Volume,Taker Buy Quote Asset volume
1587340800000,0.00138400,0.00140400,0.00132100,0.00134300,45973886.00000000,1587427199999,62593.89857500,819,25079116.00000000,34190.44090200,0
