Open Time,Open,High,Low,Close,Volume,Close Time,Quote Asset Volume,Number of trades,Taker Buy Base Asset Volume,Taker Buy Quote Asset volume
1593993600000,0.00336200,0.00360200,0.00329900,0.00343600,291403059.00000000,1594079999999,994941.96810600,6484,133856599.00000000,458328.54917200,0
