Open Time,Open,High,Low,Close,Volume,Close Time,Quote Asset Volume,Number of trades,Taker Buy Base Asset Volume,Taker Buy Quote Asset volume
1605916800000,0.00973400,0.01069900,0.00900000,0.00955000,746630672.00000000,1606003199999,7138789.28069500,35195,369445259.00000000,3534060.86638800,0
