Open Time,Open,High,Low,Close,Volume,Close Time,Quote Asset Volume,Number of trades,Taker Buy Base Asset Volume,Taker Buy Quote Asset volume
1582761600000,0.00174700,0.00231100,0.00160000,0.00200400,245728256.00000000,1582847999999,494013.36179400,3991,111886166.00000000,223419.94695400,0
