Open Time,Open,High,Low,Close,Volume,Close Time,Quote Asset Volume,Number of trades,Taker Buy Base Asset Volume,Taker Buy Quote Asset volume
1598918400000,0.01339700,0.01352000,0.01275500,0.01313600,457363760.00000000,1599004799999,5979570.44416300,19549,220478997.00000000,2883873.34916600,0
