Open Time,Open,High,Low,Close,Volume,Close Time,Quote Asset Volume,Number of trades,Taker Buy Base Asset Volume,Taker Buy Quote Asset volume
1605312000000,0.00857800,0.00869400,0.00813400,0.00864200,155300978.00000000,1605398399999,1305877.22950900,6916,70557201.00000000,594624.96123400,0
