Open Time,Open,High,Low,Close,Volume,Close Time,Quote Asset Volume,Number of trades,Taker Buy Base Asset Volume,Taker Buy Quote Asset volume
1594771200000,0.00647000,0.00730000,0.00573600,0.00689300,1426192593.40000000,1594857599999,9375395.33981500,37146,689088774.50000000,4542447.11494100,0
