Open Time,Open,High,Low,Close,Volume,Close Time,Quote Asset Volume,Number of trades,Taker Buy Base Asset Volume,Taker Buy Quote Asset volume
1604534400000,0.00723600,0.00890000,0.00722600,0.00865800,810293784.00000000,1604620799999,6644661.34300100,31478,413065499.00000000,3393760.94230500,0
