Open Time,Open,High,Low,Close,Volume,Close Time,Quote Asset Volume,Number of trades,Taker Buy Base Asset Volume,Taker Buy Quote Asset volume
1589414400000,0.00155700,0.00159500,0.00151500,0.00154900,94823361.00000000,1589500799999,146418.53616600,1216,45441999.00000000,70335.09069000,0
