Open Time,Open,High,Low,Close,Volume,Close Time,Quote Asset Volume,Number of trades,Taker Buy Base Asset Volume,Taker Buy Quote Asset volume
1589760000000,0.00167900,0.00202300,0.00167900,0.00184800,281459271.00000000,1589846399999,527800.72976900,4090,129539760.00000000,242264.92598900,0
