Open Time,Open,High,Low,Close,Volume,Close Time,Quote Asset Volume,Number of trades,Taker Buy Base Asset Volume,Taker Buy Quote Asset volume
1605398400000,0.00864200,0.00874900,0.00801800,0.00823400,293726173.00000000,1605484799999,2473399.16652900,15038,134357907.00000000,1130815.77082300,0
