Open Time,Open,High,Low,Close,Volume,Close Time,Quote Asset Volume,Number of trades,Taker Buy Base Asset Volume,Taker Buy Quote Asset volume
1594339200000,0.00332900,0.00433200,0.00320000,0.00415000,722552420.00000000,1594425599999,2764823.32564800,18109,345024644.00000000,1320338.85476700,0
