Open Time,Open,High,Low,Close,Volume,Close Time,Quote Asset Volume,Number of trades,Taker Buy Base Asset Volume,Taker Buy Quote Asset volume
1583712000000,0.00189500,0.00200000,0.00177200,0.00195500,119045027.00000000,1583798399999,220959.45990000,1891,73288128.00000000,135907.81403000,0
