Open Time,Open,High,Low,Close,Volume,Close Time,Quote Asset Volume,Number of trades,Taker Buy Base Asset Volume,Taker Buy Quote Asset volume
1607644800000,0.00832500,0.00832500,0.00781300,0.00786700,112735729.00000000,1607731199999,901876.41841100,7183,55543835.00000000,444488.82465000,0
