Open Time,Open,High,Low,Close,Volume,Close Time,Quote Asset Volume,Number of trades,Taker Buy Base Asset Volume,Taker Buy Quote Asset volume
1619568000000,0.15353000,0.18230000,0.15321000,0.17280000,531888665.60000000,1619654399999,90654115.80367300,294772,274646534.50000000,46845539.23147200,0
