Open Time,Open,High,Low,Close,Volume,Close Time,Quote Asset Volume,Number of trades,Taker Buy Base Asset Volume,Taker Buy Quote Asset volume
1630972800000,0.12425000,0.12657000,0.08253000,0.09942000,342087957.90000000,1631059199999,36523525.49740700,112043,161864710.90000000,17365939.38606900,0
