Open Time,Open,High,Low,Close,Volume,Close Time,Quote Asset Volume,Number of trades,Taker Buy Base Asset Volume,Taker Buy Quote Asset volume
1637625600000,0.12620000,0.12847000,0.12288000,0.12589000,164383170.10000000,1637711999999,20610827.60870400,48432,77589787.70000000,9729280.02164100,0
