Open Time,Open,High,Low,Close,Volume,Close Time,Quote Asset Volume,Number of trades,Taker Buy Base Asset Volume,Taker Buy Quote Asset volume
1640563200000,0.11325000,0.11941000,0.11316000,0.11500000,142960083.00000000,1640649599999,16752547.49843200,47098,69464431.40000000,8139530.39468300,0
