Open Time,Open,High,Low,Close,Volume,Close Time,Quote Asset Volume,Number of trades,Taker Buy Base Asset Volume,Taker Buy Quote Asset volume
1631059200000,0.09946000,0.10309000,0.08744000,0.10020000,185483011.20000000,1631145599999,17693258.33013300,55135,90611039.60000000,8641099.60946100,0
