Open Time,Open,High,Low,Close,Volume,Close Time,Quote Asset Volume,Number of trades,Taker Buy Base Asset Volume,Taker Buy Quote Asset volume
1630713600000,0.10832000,0.12023000,0.10772000,0.11483000,309374463.00000000,1630799999999,35442126.49059200,97105,153035946.60000000,17545122.19485000,0
