Open Time,Open,High,Low,Close,Volume,Close Time,Quote Asset Volume,Number of trades,Taker Buy Base Asset Volume,Taker Buy Quote Asset volume
1610409600000,0.00821000,0.00871400,0.00780000,0.00810000,147844783.00000000,1610495999999,1221333.92958800,10502,76401699.00000000,631653.73897000,0
