Open Time,Open,High,Low,Close,Volume,Close Time,Quote Asset Volume,Number of trades,Taker Buy Base Asset Volume,Taker Buy Quote Asset volume
1629763200000,0.10728000,0.10975000,0.09709000,0.09906000,166053117.20000000,1629849599999,17389316.08313300,54242,81939772.40000000,8577819.54490100,0
