Open Time,Open,High,Low,Close,Volume,Close Time,Quote Asset Volume,Number of trades,Taker Buy Base Asset Volume,Taker Buy Quote Asset volume
1611360000000,0.01078300,0.01090000,0.00972700,0.01049900,303753607.00000000,1611446399999,3144532.14950600,21493,149946735.00000000,1555214.60671600,0
