Open Time,Open,High,Low,Close,Volume,Close Time,Quote Asset Volume,Number of trades,Taker Buy Base Asset Volume,Taker Buy Quote Asset volume
1612656000000,0.01603700,0.01849600,0.01450000,0.01734000,2008158265.00000000,1612742399999,33748487.24574200,149315,1051292632.00000000,17743205.06515000,0
