Open Time,Open,High,Low,Close,Volume,Close Time,Quote Asset Volume,Number of trades,Taker Buy Base Asset Volume,Taker Buy Quote Asset volume
1626134400000,0.06978000,0.07058000,0.06678000,0.06820000,31575573.10000000,1626220799999,2172912.63548800,10714,18140029.80000000,1248602.84117300,0
