Open Time,Open,High,Low,Close,Volume,Close Time,Quote Asset Volume,Number of trades,Taker Buy Base Asset Volume,Taker Buy Quote Asset volume
1615075200000,0.03292200,0.03740000,0.03176800,0.03531500,601208033.00000000,1615161599999,20639494.90159100,75530,307440011.00000000,10566194.85249500,0
