Open Time,Open,High,Low,Close,Volume,Close Time,Quote Asset Volume,Number of trades,Taker Buy Base Asset Volume,Taker Buy Quote Asset volume
1630022400000,0.10377000,0.10710000,0.09701000,0.10698000,149155650.30000000,1630108799999,15254449.14436000,46827,74782987.50000000,7659989.20939100,0
