Open Time,Open,High,Low,Close,Volume,Close Time,Quote Asset Volume,Number of trades,Taker Buy Base Asset Volume,Taker Buy Quote Asset volume
1621296000000,0.13208000,0.16318000,0.13108000,0.15518000,385533922.80000000,1621382399999,57718453.94631600,155398,193676040.40000000,28953597.79776100,0
