Open Time,Open,High,Low,Close,Volume,Close Time,Quote Asset Volume,Number of trades,Taker Buy Base Asset Volume,Taker Buy Quote Asset volume
1617494400000,0.15248300,0.16337200,0.14919700,0.16129000,377213943.00000000,1617580799999,59835795.17562900,125642,188640515.00000000,29958776.98522600,0
