Open Time,Open,High,Low,Close,Volume,Close Time,Quote Asset Volume,Number of trades,Taker Buy Base Asset Volume,Taker Buy Quote Asset volume
1636675200000,0.12000000,0.12980000,0.11712000,0.12382000,417627733.20000000,1636761599999,51659785.75901900,108602,202225175.30000000,25020683.71087900,0
