Open Time,Open,High,Low,Close,Volume,Close Time,Quote Asset Volume,Number of trades,Taker Buy Base Asset Volume,Taker Buy Quote Asset volume
1630108800000,0.10697000,0.11500000,0.10390000,0.11170000,254690381.00000000,1630195199999,27896863.85065100,76117,125217246.90000000,13719987.74591100,0
