Open Time,Open,High,Low,Close,Volume,Close Time,Quote Asset Volume,Number of trades,Taker Buy Base Asset Volume,Taker Buy Quote Asset volume
1633824000000,0.09273000,0.09420000,0.08981000,0.09062000,86937375.00000000,1633910399999,8019433.46236900,23854,45407023.70000000,4191201.08968400,0
