Open Time,Open,High,Low,Close,Volume,Close Time,Quote Asset Volume,Number of trades,Taker Buy Base Asset Volume,Taker Buy Quote Asset volume
1639353600000,0.10879000,0.11005000,0.09441000,0.09633000,145706498.80000000,1639439999999,14776924.92722600,40883,67596930.80000000,6855672.00175000,0
