Open Time,Open,High,Low,Close,Volume,Close Time,Quote Asset Volume,Number of trades,Taker Buy Base Asset Volume,Taker Buy Quote Asset volume
1613692800000,0.02781000,0.03072000,0.02656000,0.02896200,606456452.00000000,1613779199999,17310814.73251300,76455,322541818.00000000,9221952.44015800,0
