Open Time,Open,High,Low,Close,Volume,Close Time,Quote Asset Volume,Number of trades,Taker Buy Base Asset Volume,Taker Buy Quote Asset volume
1624924800000,0.07331000,0.08209000,0.07230000,0.07882000,135064313.30000000,1625011199999,10563134.69931400,44723,64726739.30000000,5061455.36050900,0
