Open Time,Open,High,Low,Close,Volume,Close Time,Quote Asset Volume,Number of trades,Taker Buy Base Asset Volume,Taker Buy Quote Asset volume
1612396800000,0.01434400,0.01990000,0.01419000,0.01674300,2421011924.00000000,1612483199999,42072284.91785200,157686,1220653437.00000000,21195974.90184400,0
