Open Time,Open,High,Low,Close,Volume,Close Time,Quote Asset Volume,Number of trades,Taker Buy Base Asset Volume,Taker Buy Quote Asset volume
1617667200000,0.15680700,0.15743100,0.13787200,0.14930500,467778453.00000000,1617753599999,69754709.99922700,168478,217715193.00000000,32425458.86917200,0
