Open Time,Open,High,Low,Close,Volume,Close Time,Quote Asset Volume,Number of trades,Taker Buy Base Asset Volume,Taker Buy Quote Asset volume
1633305600000,0.08638000,0.08641000,0.08015000,0.08277000,86111444.00000000,1633391999999,7149247.74464500,18825,46245402.60000000,3840183.17119200,0
