Open Time,Open,High,Low,Close,Volume,Close Time,Quote Asset Volume,Number of trades,Taker Buy Base Asset Volume,Taker Buy Quote Asset volume
1634342400000,0.09022000,0.09340000,0.08918000,0.09031000,126168976.90000000,1634428799999,11532686.00753200,35826,59412747.90000000,5431190.92757700,0
