Open Time,Open,High,Low,Close,Volume,Close Time,Quote Asset Volume,Number of trades,Taker Buy Base Asset Volume,Taker Buy Quote Asset volume
1618444800000,0.15598100,0.17400000,0.15366800,0.17239000,322657903.00000000,1618531199999,52909636.92466000,180901,170044944.00000000,27909000.29761300,0
