Open Time,Open,High,Low,Close,Volume,Close Time,Quote Asset Volume,Number of trades,Taker Buy Base Asset Volume,Taker Buy Quote Asset volume
1609891200000,0.00851200,0.00918100,0.00845300,0.00915100,312210178.00000000,1609977599999,2745971.10556800,19311,169521980.00000000,1491761.81622500,0
