Open Time,Open,High,Low,Close,Volume,Close Time,Quote Asset Volume,Number of trades,Taker Buy Base Asset Volume,Taker Buy Quote Asset volume
1624320000000,0.05662000,0.06296000,0.04761000,0.05468000,213466755.70000000,1624406399999,11869492.03689100,57539,101108379.70000000,5613324.13339400,0
