Open Time,Open,High,Low,Close,Volume,Close Time,Quote Asset Volume,Number of trades,Taker Buy Base Asset Volume,Taker Buy Quote Asset volume
1625529600000,0.07363000,0.07620000,0.07217000,0.07425000,59951263.20000000,1625615999999,4447016.25601400,20197,32359564.40000000,2399629.68471400,0
