Open Time,Open,High,Low,Close,Volume,Close Time,Quote Asset Volume,Number of trades,Taker Buy Base Asset Volume,Taker Buy Quote Asset volume
1611619200000,0.01080000,0.01094300,0.00981300,0.01053500,272534151.00000000,1611705599999,2813789.49774200,21477,141705137.00000000,1464117.64397200,0
