Open Time,Open,High,Low,Close,Volume,Close Time,Quote Asset Volume,Number of trades,Taker Buy Base Asset Volume,Taker Buy Quote Asset volume
1633910400000,0.09051000,0.09237000,0.08604000,0.08870000,81259490.50000000,1633996799999,7320479.15389400,20506,45077204.90000000,4064242.31284500,0
