Open Time,Open,High,Low,Close,Volume,Close Time,Quote Asset Volume,Number of trades,Taker Buy Base Asset Volume,Taker Buy Quote Asset volume
1613779200000,0.02897400,0.03110000,0.02456700,0.02716700,654830362.00000000,1613865599999,18874101.73928100,78359,326404759.00000000,9419027.72628500,0
