Open Time,Open,High,Low,Close,Volume,Close Time,Quote Asset Volume,Number of trades,Taker Buy Base Asset Volume,Taker Buy Quote Asset volume
1630540800000,0.10630000,0.10801000,0.10380000,0.10569000,107666151.30000000,1630627199999,11418918.84768900,32595,56715185.80000000,6014840.41026700,0
