Open Time,Open,High,Low,Close,Volume,Close Time,Quote Asset Volume,Number of trades,Taker Buy Base Asset Volume,Taker Buy Quote Asset volume
1627257600000,0.06385000,0.08550000,0.06360000,0.07260000,522765654.40000000,1627343999999,40661680.32301500,138370,261591056.00000000,20373413.94221100,0
