Open Time,Open,High,Low,Close,Volume,Close Time,Quote Asset Volume,Number of trades,Taker Buy Base Asset Volume,Taker Buy Quote Asset volume
1628726400000,0.09748000,0.10168000,0.09127000,0.09466000,160722760.40000000,1628812799999,15493414.37954200,50472,84810140.00000000,8162645.62840200,0
