Open Time,Open,High,Low,Close,Volume,Close Time,Quote Asset Volume,Number of trades,Taker Buy Base Asset Volume,Taker Buy Quote Asset volume
1629590400000,0.09993000,0.10287000,0.09665000,0.10017000,100882731.10000000,1629676799999,10113707.34427000,33778,49843928.90000000,5002776.97245200,0
