Open Time,Open,High,Low,Close,Volume,Close Time,Quote Asset Volume,Number of trades,Taker Buy Base Asset Volume,Taker Buy Quote Asset volume
1635292800000,0.09201000,0.09294000,0.08011000,0.08133000,224209696.30000000,1635379199999,19119389.42724900,59950,121193430.40000000,10338445.71356200,0
