Open Time,Open,High,Low,Close,Volume,Close Time,Quote Asset Volume,Number of trades,Taker Buy Base Asset Volume,Taker Buy Quote Asset volume
1617062400000,0.16489800,0.17410000,0.16091800,0.16515300,812883990.00000000,1617148799999,135800930.56901100,264158,403924829.00000000,67511494.05072000,0
