Open Time,Open,High,Low,Close,Volume,Close Time,Quote Asset Volume,Number of trades,Taker Buy Base Asset Volume,Taker Buy Quote Asset volume
1619654400000,0.17299000,0.17328000,0.15615000,0.16434000,247500697.20000000,1619740799999,40913425.87297600,116024,121043009.80000000,20003661.90338100,0
