Open Time,Open,High,Low,Close,Volume,Close Time,Quote Asset Volume,Number of trades,Taker Buy Base Asset Volume,Taker Buy Quote Asset volume
1610150400000,0.00880900,0.00990000,0.00869700,0.00952300,412132614.00000000,1610236799999,3872147.44063600,28142,210882490.00000000,1980066.90453500,0
