Open Time,Open,High,Low,Close,Volume,Close Time,Quote Asset Volume,Number of trades,Taker Buy Base Asset Volume,Taker Buy Quote Asset volume
1628899200000,0.10188000,0.10849000,0.09896000,0.10300000,194876961.10000000,1628985599999,20126780.93839500,58073,91489504.40000000,9439484.77918600,0
