Open Time,Open,High,Low,Close,Volume,Close Time,Quote Asset Volume,Number of trades,Taker Buy Base Asset Volume,Taker Buy Quote Asset volume
1630281600000,0.10775000,0.10800000,0.10058000,0.10112000,133415807.50000000,1630367999999,13813803.01608500,34655,69004729.50000000,7150899.21200800,0
