Open Time,Open,High,Low,Close,Volume,Close Time,Quote Asset Volume,Number of trades,Taker Buy Base Asset Volume,Taker Buy Quote Asset volume
1611705600000,0.01051400,0.01053400,0.00924000,0.00988000,360005556.00000000,1611791999999,3586127.69989700,25969,170156092.00000000,1698775.46106400,0
