Open Time,Open,High,Low,Close,Volume,Close Time,Quote Asset Volume,Number of trades,Taker Buy Base Asset Volume,Taker Buy Quote Asset volume
1615766400000,0.06803700,0.07729800,0.06110500,0.06884100,1309933445.00000000,1615852799999,89263233.89230600,240362,664837578.00000000,45353010.21658700,0
