Open Time,Open,High,Low,Close,Volume,Close Time,Quote Asset Volume,Number of trades,Taker Buy Base Asset Volume,Taker Buy Quote Asset volume
1620518400000,0.16058000,0.16199000,0.15258000,0.15808000,134592528.50000000,1620604799999,21199514.72246000,59210,65360090.80000000,10294587.45605800,0
