Open Time,Open,High,Low,Close,Volume,Close Time,Quote Asset Volume,Number of trades,Taker Buy Base Asset Volume,Taker Buy Quote Asset volume
1609718400000,0.00864200,0.00935000,0.00772100,0.00839700,338340499.00000000,1609804799999,2888107.92300200,24793,137588796.00000000,1176423.36263700,0
