Open Time,Open,High,Low,Close,Volume,Close Time,Quote Asset Volume,Number of trades,Taker Buy Base Asset Volume,Taker Buy Quote Asset volume
1628467200000,0.09361000,0.09646000,0.08904000,0.09516000,94163946.00000000,1628553599999,8840994.08955200,28802,50479914.70000000,4743323.23110200,0
