Open Time,Open,High,Low,Close,Volume,Close Time,Quote Asset Volume,Number of trades,Taker Buy Base Asset Volume,Taker Buy Quote Asset volume
1609804800000,0.00839500,0.00861600,0.00785000,0.00849900,259076105.00000000,1609891199999,2157449.15478100,15827,137683147.00000000,1147031.35502500,0
