Open Time,Open,High,Low,Close,Volume,Close Time,Quote Asset Volume,Number of trades,Taker Buy Base Asset Volume,Taker Buy Quote Asset volume
1619395200000,0.12591000,0.14739000,0.12400000,0.14609000,235325379.20000000,1619481599999,32712515.00139100,128778,117406521.30000000,16305902.94244600,0
