Open Time,Open,High,Low,Close,Volume,Close Time,Quote Asset Volume,Number of trades,Taker Buy Base Asset Volume,Taker Buy Quote Asset volume
1630454400000,0.10178000,0.10690000,0.09992000,0.10628000,125583073.60000000,1630540799999,13053081.41790400,34085,66765722.70000000,6939639.55320200,0
