Open Time,Open,High,Low,Close,Volume,Close Time,Quote Asset Volume,Number of trades,Taker Buy Base Asset Volume,Taker Buy Quote Asset volume
1631318400000,0.09538000,0.10235000,0.09331000,0.09838000,112793117.40000000,1631404799999,11135926.51515700,27849,55057070.40000000,5426674.19247900,0
