Open Time,Open,High,Low,Close,Volume,Close Time,Quote Asset Volume,Number of trades,Taker Buy Base Asset Volume,Taker Buy Quote Asset volume
1611187200000,0.01342900,0.01388300,0.01008200,0.01048400,1958066458.00000000,1611273599999,23289758.70295500,110301,964050658.00000000,11474855.57736600,0
