Open Time,Open,High,Low,Close,Volume,Close Time,Quote Asset Volume,Number of trades,Taker Buy Base Asset Volume,Taker Buy Quote Asset volume
1631491200000,0.10024000,0.10108000,0.08877000,0.09536000,107471791.20000000,1631577599999,10135290.22605300,28638,55780735.30000000,5261852.87427000,0
