Open Time,Open,High,Low,Close,Volume,Close Time,Quote Asset Volume,Number of trades,Taker Buy Base Asset Volume,Taker Buy Quote Asset volume
1612915200000,0.01994600,0.02050000,0.01672300,0.01848400,771766805.00000000,1613001599999,14433515.50141700,76321,366325533.00000000,6869810.71842100,0
