Open Time,Open,High,Low,Close,Volume,Close Time,Quote Asset Volume,Number of trades,Taker Buy Base Asset Volume,Taker Buy Quote Asset volume
1631577600000,0.09544000,0.09916000,0.09406000,0.09842000,78012679.40000000,1631663999999,7574617.60865800,21569,39818348.20000000,3868702.55453200,0
