Open Time,Open,High,Low,Close,Volume,Close Time,Quote Asset Volume,Number of trades,Taker Buy Base Asset Volume,Taker Buy Quote Asset volume
1635984000000,0.12794000,0.13495000,0.11902000,0.12408000,332217691.40000000,1636070399999,41601916.44910000,102911,164375153.20000000,20591212.53250200,0
