Open Time,Open,High,Low,Close,Volume,Close Time,Quote Asset Volume,Number of trades,Taker Buy Base Asset Volume,Taker Buy Quote Asset volume
1625443200000,0.07627000,0.07635000,0.07101000,0.07348000,60135874.20000000,1625529599999,4414241.99207400,20629,32282997.20000000,2369756.16234500,0
