Open Time,Open,High,Low,Close,Volume,Close Time,Quote Asset Volume,Number of trades,Taker Buy Base Asset Volume,Taker Buy Quote Asset volume
1625011200000,0.07884000,0.08349000,0.07258000,0.07931000,81081686.70000000,1625097599999,6277571.25089700,26868,43203013.40000000,3340333.73318700,0
