Open Time,Open,High,Low,Close,Volume,Close Time,Quote Asset Volume,Number of trades,Taker Buy Base Asset Volume,Taker Buy Quote Asset volume
1623283200000,0.09508000,0.09616000,0.08862000,0.08912000,88144423.00000000,1623369599999,8141033.22030000,24031,42459652.70000000,3930330.48412000,0
