Open Time,Open,High,Low,Close,Volume,Close Time,Quote Asset Volume,Number of trades,Taker Buy Base Asset Volume,Taker Buy Quote Asset volume
1632873600000,0.07403000,0.07867000,0.07288000,0.07461000,48028078.20000000,1632959999999,3646943.46097000,12732,24501158.30000000,1857921.46558400,0
