Open Time,Open,High,Low,Close,Volume,Close Time,Quote Asset Volume,Number of trades,Taker Buy Base Asset Volume,Taker Buy Quote Asset volume
1610064000000,0.00916900,0.00928700,0.00828000,0.00878900,218025688.00000000,1610150399999,1911914.91284900,16399,106990638.00000000,940405.25448400,0
