Open Time,Open,High,Low,Close,Volume,Close Time,Quote Asset Volume,Number of trades,Taker Buy Base Asset Volume,Taker Buy Quote Asset volume
1612224000000,0.01187600,0.01341600,0.01183400,0.01281100,413331854.00000000,1612310399999,5218033.90867100,39781,217399511.00000000,2746756.76431900,0
