Open Time,Open,High,Low,Close,Volume,Close Time,Quote Asset Volume,Number of trades,Taker Buy Base Asset Volume,Taker Buy Quote Asset volume
1635033600000,0.09342000,0.09360000,0.08851000,0.09146000,92471556.30000000,1635119999999,8451291.49164300,27136,52314947.00000000,4783410.57408000,0
