Open Time,Open,High,Low,Close,Volume,Close Time,Quote Asset Volume,Number of trades,Taker Buy Base Asset Volume,Taker Buy Quote Asset volume
1621209600000,0.14096000,0.14140000,0.12429000,0.13216000,176247181.30000000,1621295999999,23388171.18083800,74562,85588212.40000000,11358354.17610900,0
