Open Time,Open,High,Low,Close,Volume,Close Time,Quote Asset Volume,Number of trades,Taker Buy Base Asset Volume,Taker Buy Quote Asset volume
1627171200000,0.06341000,0.06425000,0.06141000,0.06390000,50612421.70000000,1627257599999,3177772.17789500,11970,26148971.00000000,1640453.46930000,0
