Open Time,Open,High,Low,Close,Volume,Close Time,Quote Asset Volume,Number of trades,Taker Buy Base Asset Volume,Taker Buy Quote Asset volume
1618272000000,0.15932600,0.16498900,0.15044500,0.16400000,336280784.00000000,1618358399999,53123942.12032300,147172,180696233.00000000,28561966.45576400,0
