Open Time,Open,High,Low,Close,Volume,Close Time,Quote Asset Volume,Number of trades,Taker Buy Base Asset Volume,Taker Buy Quote Asset volume
1614384000000,0.02629400,0.02949000,0.02560700,0.02795800,658182724.00000000,1614470399999,18042432.94984500,63045,336777470.00000000,9224010.25896000,0
