Open Time,Open,High,Low,Close,Volume,Close Time,Quote Asset Volume,Number of trades,Taker Buy Base Asset Volume,Taker Buy Quote Asset volume
1613347200000,0.02695600,0.03097200,0.02270000,0.02629200,1909387574.00000000,1613433599999,52556692.04751700,208539,953788554.00000000,26348889.17111600,0
