Open Time,Open,High,Low,Close,Volume,Close Time,Quote Asset Volume,Number of trades,Taker Buy Base Asset Volume,Taker Buy Quote Asset volume
1611964800000,0.01254700,0.01350000,0.01160600,0.01204000,707076963.00000000,1612051199999,8805447.75730200,62216,342132789.00000000,4271953.32566700,0
