Open Time,Open,High,Low,Close,Volume,Close Time,Quote Asset Volume,Number of trades,Taker Buy Base Asset Volume,Taker Buy Quote Asset volume
1621555200000,0.12522000,0.14317000,0.10170000,0.12151000,361926483.80000000,1621641599999,45611078.35835000,131974,188951846.70000000,23842246.26640000,0
