Open Time,Open,High,Low,Close,Volume,Close Time,Quote Asset Volume,Number of trades,Taker Buy Base Asset Volume,Taker Buy Quote Asset volume
1620259200000,0.16345000,0.17400000,0.15490000,0.15911000,186839954.30000000,1620345599999,30392481.05004000,96857,98343471.70000000,16000029.24259100,0
