Open Time,Open,High,Low,Close,Volume,Close Time,Quote Asset Volume,Number of trades,Taker Buy Base Asset Volume,Taker Buy Quote Asset volume
1640217600000,0.10570000,0.11578000,0.10456000,0.11465000,164257786.80000000,1640303999999,18195422.08829800,53807,84440850.30000000,9355671.42961600,0
