Open Time,Open,High,Low,Close,Volume,Close Time,Quote Asset Volume,Number of trades,Taker Buy Base Asset Volume,Taker Buy Quote Asset volume
1639267200000,0.10615000,0.11174000,0.10342000,0.10884000,106709354.90000000,1639353599999,11379533.64322600,28620,54084636.10000000,5769847.10123000,0
