Open Time,Open,High,Low,Close,Volume,Close Time,Quote Asset Volume,Number of trades,Taker Buy Base Asset Volume,Taker Buy Quote Asset volume
1624752000000,0.06852000,0.07149000,0.06659000,0.07088000,58461661.40000000,1624838399999,3997428.15788700,18092,27274711.20000000,1864221.64777200,0
