Open Time,Open,High,Low,Close,Volume,Close Time,Quote Asset Volume,Number of trades,Taker Buy Base Asset Volume,Taker Buy Quote Asset volume
1616025600000,0.06876900,0.07050000,0.06465400,0.06618100,520579917.00000000,1616111999999,34656469.74532900,102784,264421509.00000000,17610277.21763900,0
