Open Time,Open,High,Low,Close,Volume,Close Time,Quote Asset Volume,Number of trades,Taker Buy Base Asset Volume,Taker Buy Quote Asset volume
1633996800000,0.08874000,0.08876000,0.08148000,0.08527000,95581938.90000000,1634083199999,8074737.24190300,23842,45385052.30000000,3833971.05149100,0
