Open Time,Open,High,Low,Close,Volume,Close Time,Quote Asset Volume,Number of trades,Taker Buy Base Asset Volume,Taker Buy Quote Asset volume
1626998400000,0.06122000,0.06213000,0.05880000,0.06185000,43445286.90000000,1627084799999,2636167.35868800,11025,21443179.60000000,1301574.76929000,0
