Open Time,Open,High,Low,Close,Volume,Close Time,Quote Asset Volume,Number of trades,Taker Buy Base Asset Volume,Taker Buy Quote Asset volume
1635120000000,0.09153000,0.09500000,0.09078000,0.09320000,99291816.80000000,1635206399999,9254752.91774100,27974,50387514.40000000,4695989.34965000,0
