Open Time,Open,High,Low,Close,Volume,Close Time,Quote Asset Volume,Number of trades,Taker Buy Base Asset Volume,Taker Buy Quote Asset volume
1623456000000,0.08195000,0.08617000,0.07509000,0.08406000,145090622.20000000,1623542399999,11738026.95678400,49136,66484615.70000000,5400574.02573200,0
