Open Time,Open,High,Low,Close,Volume,Close Time,Quote Asset Volume,Number of trades,Taker Buy Base Asset Volume,Taker Buy Quote Asset volume
1632960000000,0.07466000,0.08215000,0.07420000,0.07930000,110559067.10000000,1633046399999,8644780.10064600,28181,56009660.80000000,4376794.13685400,0
