Open Time,Open,High,Low,Close,Volume,Close Time,Quote Asset Volume,Number of trades,Taker Buy Base Asset Volume,Taker Buy Quote Asset volume
1623715200000,0.08723000,0.08991000,0.08407000,0.08552000,104395821.30000000,1623801599999,9063904.47815000,29376,59358043.70000000,5150925.90424800,0
