Open Time,Open,High,Low,Close,Volume,Close Time,Quote Asset Volume,Number of trades,Taker Buy Base Asset Volume,Taker Buy Quote Asset volume
1634601600000,0.10282000,0.10390000,0.09366000,0.09518000,321305956.10000000,1634687999999,31460629.41322200,77711,154153545.80000000,15098512.13623200,0
