Open Time,Open,High,Low,Close,Volume,Close Time,Quote Asset Volume,Number of trades,Taker Buy Base Asset Volume,Taker Buy Quote Asset volume
1636848000000,0.12395000,0.15956000,0.12011000,0.13698000,1104678007.00000000,1636934399999,158224967.52850800,338151,572908334.90000000,82097295.56284000,0
