Open Time,Open,High,Low,Close,Volume,Close Time,Quote Asset Volume,Number of trades,Taker Buy Base Asset Volume,Taker Buy Quote Asset volume
1610582400000,0.00864700,0.00883300,0.00840800,0.00878800,133410727.00000000,1610668799999,1155021.90812400,10713,77392697.00000000,670410.72893300,0
