Open Time,Open,High,Low,Close,Volume,Close Time,Quote Asset Volume,Number of trades,Taker Buy Base Asset Volume,Taker Buy Quote Asset volume
1623801600000,0.08547000,0.08649000,0.07870000,0.07973000,114216558.00000000,1623887999999,9376425.29566000,31317,65812892.60000000,5406699.98455200,0
