Open Time,Open,High,Low,Close,Volume,Close Time,Quote Asset Volume,Number of trades,Taker Buy Base Asset Volume,Taker Buy Quote Asset volume
1620691200000,0.14287000,0.15950000,0.14020000,0.15838000,138320696.00000000,1620777599999,20576997.89720500,74727,68736163.00000000,10214244.67273100,0
