Open Time,Open,High,Low,Close,Volume,Close Time,Quote Asset Volume,Number of trades,Taker Buy Base Asset Volume,Taker Buy Quote Asset volume
1618012800000,0.15753100,0.16126800,0.14490700,0.14954000,322901191.00000000,1618099199999,49509406.43663300,115996,166143720.00000000,25478821.94745600,0
