Open Time,Open,High,Low,Close,Volume,Close Time,Quote Asset Volume,Number of trades,Taker Buy Base Asset Volume,Taker Buy Quote Asset volume
1614729600000,0.02899600,0.03293800,0.02804400,0.03233100,530001711.00000000,1614815999999,16521503.89732100,72904,288847431.00000000,9013463.94745000,0
