Open Time,Open,High,Low,Close,Volume,Close Time,Quote Asset Volume,Number of trades,Taker Buy Base Asset Volume,Taker Buy Quote Asset volume
1615680000000,0.06617500,0.07661300,0.05906000,0.06803700,1669124531.00000000,1615766399999,110803227.13735400,291460,854369951.00000000,56717290.75650200,0
