Open Time,Open,High,Low,Close,Volume,Close Time,Quote Asset Volume,Number of trades,Taker Buy Base Asset Volume,Taker Buy Quote Asset volume
1624147200000,0.07164000,0.07352000,0.06681000,0.07290000,74220512.10000000,1624233599999,5194628.97447900,23538,34527123.50000000,2414862.08582700,0
