Open Time,Open,High,Low,Close,Volume,Close Time,Quote Asset Volume,Number of trades,Taker Buy Base Asset Volume,Taker Buy Quote Asset volume
1621036800000,0.14381000,0.14554000,0.13181000,0.13425000,159771066.00000000,1621123199999,21968450.45795000,72350,79106933.00000000,10872809.65350800,0
