Open Time,Open,High,Low,Close,Volume,Close Time,Quote Asset Volume,Number of trades,Taker Buy Base Asset Volume,Taker Buy Quote Asset volume
1614297600000,0.02652400,0.02755500,0.02335900,0.02632500,871894911.00000000,1614383999999,22396885.84040800,76852,438736465.00000000,11263791.70146900,0
