Open Time,Open,High,Low,Close,Volume,Close Time,Quote Asset Volume,Number of trades,Taker Buy Base Asset Volume,Taker Buy Quote Asset volume
1619481600000,0.14581000,0.16000000,0.14194000,0.15349000,187467544.50000000,1619567999999,28377575.69180500,114827,94873809.90000000,14372605.45306200,0
