Open Time,Open,High,Low,Close,Volume,Close Time,Quote Asset Volume,Number of trades,Taker Buy Base Asset Volume,Taker Buy Quote Asset volume
1625961600000,0.07085000,0.07234000,0.06897000,0.07215000,26282467.60000000,1626047999999,1866228.14166900,10347,13836108.00000000,983656.28942800,0
