Open Time,Open,High,Low,Close,Volume,Close Time,Quote Asset Volume,Number of trades,Taker Buy Base Asset Volume,Taker Buy Quote Asset volume
1614211200000,0.02823600,0.03231900,0.02608600,0.02656000,1209882038.00000000,1614297599999,36002225.80091200,117534,616190053.00000000,18345452.01987800,0
