Open Time,Open,High,Low,Close,Volume,Close Time,Quote Asset Volume,Number of trades,Taker Buy Base Asset Volume,Taker Buy Quote Asset volume
1635206400000,0.09332000,0.09500000,0.09066000,0.09198000,104968812.30000000,1635292799999,9806666.37382600,30212,53662154.50000000,5011877.55824500,0
