Open Time,Open,High,Low,Close,Volume,Close Time,Quote Asset Volume,Number of trades,Taker Buy Base Asset Volume,Taker Buy Quote Asset volume
1624665600000,0.06770000,0.07033000,0.06384000,0.06851000,76747301.30000000,1624751999999,5143597.30528700,23294,42005639.10000000,2813402.39878800,0
