Open Time,Open,High,Low,Close,Volume,Close Time,Quote Asset Volume,Number of trades,Taker Buy Base Asset Volume,Taker Buy Quote Asset volume
1621900800000,0.11271000,0.11585000,0.09938000,0.10591000,254623026.10000000,1621987199999,27132554.35259000,78895,130556049.10000000,13916786.08748800,0
