Open Time,Open,High,Low,Close,Volume,Close Time,Quote Asset Volume,Number of trades,Taker Buy Base Asset Volume,Taker Buy Quote Asset volume
1619222400000,0.13691100,0.13841400,0.12350100,0.12446300,214473117.00000000,1619308799999,28186434.29563100,88871,106163789.00000000,13949224.73328000,0
