Open Time,Open,High,Low,Close,Volume,Close Time,Quote Asset Volume,Number of trades,Taker Buy Base Asset Volume,Taker Buy Quote Asset volume
1616803200000,0.13314300,0.19698000,0.12823900,0.19070300,2773496952.00000000,1616889599999,443306281.38440200,785734,1405419747.00000000,224904175.57638800,0
