Open Time,Open,High,Low,Close,Volume,Close Time,Quote Asset Volume,Number of trades,Taker Buy Base Asset Volume,Taker Buy Quote Asset volume
1626912000000,0.05907000,0.06142000,0.05840000,0.06123000,53556768.10000000,1626998399999,3205994.06396300,13415,26782768.30000000,1603380.81409000,0
