Open Time,Open,High,Low,Close,Volume,Close Time,Quote Asset Volume,Number of trades,Taker Buy Base Asset Volume,Taker Buy Quote Asset volume
1619049600000,0.14728900,0.15286000,0.12820100,0.13261500,296801437.00000000,1619135999999,42475450.84842100,143185,145841243.00000000,20868912.37919400,0
