Open Time,Open,High,Low,Close,Volume,Close Time,Quote Asset Volume,Number of trades,Taker Buy Base Asset Volume,Taker Buy Quote Asset volume
1616889600000,0.19075500,0.21661700,0.16211100,0.16641000,2743815202.00000000,1616975999999,513060841.91916600,816373,1372841499.00000000,257234759.58466500,0
