Open Time,Open,High,Low,Close,Volume,Close Time,Quote Asset Volume,Number of trades,Taker Buy Base Asset Volume,Taker Buy Quote Asset volume
1612569600000,0.01722700,0.01738300,0.01521400,0.01603800,803022427.00000000,1612655999999,12927175.96075400,78969,396580652.00000000,6391744.59078200,0
