Open Time,Open,High,Low,Close,Volume,Close Time,Quote Asset Volume,Number of trades,Taker Buy Base Asset Volume,Taker Buy Quote Asset volume
1611532800000,0.01132200,0.01162500,0.01054600,0.01080000,291924982.00000000,1611619199999,3264533.53479600,23565,146177785.00000000,1636291.84420800,0
