Open Time,Open,High,Low,Close,Volume,Close Time,Quote Asset Volume,Number of trades,Taker Buy Base Asset Volume,Taker Buy Quote Asset volume
1613952000000,0.02815800,0.04135100,0.02539500,0.03234400,3909870065.00000000,1614038399999,134059922.78500900,356023,2012370395.00000000,69080432.70920800,0
