Open Time,Open,High,Low,Close,Volume,Close Time,Quote Asset Volume,Number of trades,Taker Buy Base Asset Volume,Taker Buy Quote Asset volume
1622937600000,0.10123000,0.10518000,0.09977000,0.10333000,63438388.50000000,1623023999999,6488709.40586500,19984,34231040.30000000,3499399.58606800,0
