Open Time,Open,High,Low,Close,Volume,Close Time,Quote Asset Volume,Number of trades,Taker Buy Base Asset Volume,Taker Buy Quote Asset volume
1637452800000,0.13147000,0.13668000,0.12670000,0.12773000,239803468.00000000,1637539199999,31463732.52778300,78173,117838595.60000000,15458590.24174500,0
