Open Time,Open,High,Low,Close,Volume,Close Time,Quote Asset Volume,Number of trades,Taker Buy Base Asset Volume,Taker Buy Quote Asset volume
1627948800000,0.09816000,0.10376000,0.09229000,0.09398000,223957739.10000000,1628035199999,21901026.96587400,60400,114535493.20000000,11192758.99780100,0
