Open Time,Open,High,Low,Close,Volume,Close Time,Quote Asset Volume,Number of trades,Taker Buy Base Asset Volume,Taker Buy Quote Asset volume
1629072000000,0.10724000,0.11021000,0.10042000,0.10179000,197202817.40000000,1629158399999,21021409.71147300,68725,97819250.00000000,10426479.57379500,0
