Open Time,Open,High,Low,Close,Volume,Close Time,Quote Asset Volume,Number of trades,Taker Buy Base Asset Volume,Taker Buy Quote Asset volume
1632787200000,0.07531000,0.07896000,0.07335000,0.07412000,66361384.10000000,1632873599999,5026441.10839800,15558,34695203.70000000,2626544.12618400,0
