Open Time,Open,High,Low,Close,Volume,Close Time,Quote Asset Volume,Number of trades,Taker Buy Base Asset Volume,Taker Buy Quote Asset volume
1611878400000,0.01185600,0.01479000,0.01185600,0.01249200,1544039583.00000000,1611964799999,20223973.46754900,110081,781370262.00000000,10243037.94279900,0
