Open Time,Open,High,Low,Close,Volume,Close Time,Quote Asset Volume,Number of trades,Taker Buy Base Asset Volume,Taker Buy Quote Asset volume
1638576000000,0.13283000,0.13290000,0.08800000,0.11290000,636252860.00000000,1638662399999,68833374.78539800,162868,307162253.70000000,33149763.97421100,0
