Open Time,Open,High,Low,Close,Volume,Close Time,Quote Asset Volume,Number of trades,Taker Buy Base Asset Volume,Taker Buy Quote Asset volume
1631232000000,0.10214000,0.10590000,0.09308000,0.09536000,101405356.70000000,1631318399999,10068904.79703400,28584,51779784.20000000,5127528.20089700,0
