Open Time,Open,High,Low,Close,Volume,Close Time,Quote Asset Volume,Number of trades,Taker Buy Base Asset Volume,Taker Buy Quote Asset volume
1618963200000,0.15347100,0.15940000,0.14611700,0.14722500,214306596.00000000,1619049599999,32911085.56249900,112692,103264314.00000000,15861398.47293200,0
