Open Time,Open,High,Low,Close,Volume,Close Time,Quote Asset Volume,Number of trades,Taker Buy Base Asset Volume,Taker Buy Quote Asset volume
1632096000000,0.09367000,0.09375000,0.07784000,0.08088000,132063419.00000000,1632182399999,11179846.99386100,35879,65566531.90000000,5547581.27179900,0
