Open Time,Open,High,Low,Close,Volume,Close Time,Quote Asset Volume,Number of trades,Taker Buy Base Asset Volume,Taker Buy Quote Asset volume
1633392000000,0.08276000,0.09313000,0.08180000,0.09246000,218690572.30000000,1633478399999,18991895.11722900,44287,118134708.00000000,10235340.34222700,0
