Open Time,Open,High,Low,Close,Volume,Close Time,Quote Asset Volume,Number of trades,Taker Buy Base Asset Volume,Taker Buy Quote Asset volume
1635897600000,0.13950000,0.13984000,0.12216000,0.12791000,377547646.10000000,1635983999999,48708190.03772100,111605,189021502.50000000,24379427.22329300,0
