Open Time,Open,High,Low,Close,Volume,Close Time,Quote Asset Volume,Number of trades,Taker Buy Base Asset Volume,Taker Buy Quote Asset volume
1618185600000,0.14650500,0.16500000,0.14603900,0.15925500,463764023.00000000,1618271999999,72197030.37091300,180297,243391176.00000000,37894074.65429000,0
