Open Time,Open,High,Low,Close,Volume,Close Time,Quote Asset Volume,Number of trades,Taker Buy Base Asset Volume,Taker Buy Quote Asset volume
1611446400000,0.01051000,0.01168300,0.01021300,0.01136700,443956832.00000000,1611532799999,4809415.12782000,29901,218690456.00000000,2374003.86474900,0
