Open Time,Open,High,Low,Close,Volume,Close Time,Quote Asset Volume,Number of trades,Taker Buy Base Asset Volume,Taker Buy Quote Asset volume
1629676800000,0.10013000,0.11168000,0.09928000,0.10711000,243673834.30000000,1629763199999,25986468.01046900,75019,123599540.20000000,13181988.37653100,0
