Open Time,Open,High,Low,Close,Volume,Close Time,Quote Asset Volume,Number of trades,Taker Buy Base Asset Volume,Taker Buy Quote Asset volume
1637193600000,0.13150000,0.14299000,0.12207000,0.12300000,532077109.00000000,1637279999999,69609631.43613600,166573,268067585.10000000,35075219.16581000,0
