Open Time,Open,High,Low,Close,Volume,Close Time,Quote Asset Volume,Number of trades,Taker Buy Base Asset Volume,Taker Buy Quote Asset volume
1633219200000,0.08496000,0.08814000,0.08360000,0.08645000,68387667.40000000,1633305599999,5908829.82892100,19903,36772772.10000000,3177877.60393400,0
