Open Time,Open,High,Low,Close,Volume,Close Time,Quote Asset Volume,Number of trades,Taker Buy Base Asset Volume,Taker Buy Quote Asset volume
1617235200000,0.15750900,0.17248900,0.15420400,0.16170100,665290922.00000000,1617321599999,107506246.18420500,220157,329291475.00000000,53233050.28877200,0
