Open Time,Open,High,Low,Close,Volume,Close Time,Quote Asset Volume,Number of trades,Taker Buy Base Asset Volume,Taker Buy Quote Asset volume
1636156800000,0.12719000,0.13200000,0.12012000,0.12891000,184303127.50000000,1636243199999,23252494.34680400,57750,97054158.90000000,12237670.51400200,0
