Open Time,Open,High,Low,Close,Volume,Close Time,Quote Asset Volume,Number of trades,Taker Buy Base Asset Volume,Taker Buy Quote Asset volume
1631404800000,0.09834000,0.10213000,0.09581000,0.10026000,83405021.10000000,1631491199999,8317046.23306400,23042,42623458.80000000,4248743.87148800,0
