Open Time,Open,High,Low,Close,Volume,Close Time,Quote Asset Volume,Number of trades,Taker Buy Base Asset Volume,Taker Buy Quote Asset volume
1630886400000,0.12251000,0.13000000,0.11400000,0.12425000,221261119.60000000,1630972799999,27569423.82870700,88300,110129357.60000000,13720080.71820600,0
