Open Time,Open,High,Low,Close,Volume,Close Time,Quote Asset Volume,Number of trades,Taker Buy Base Asset Volume,Taker Buy Quote Asset volume
1621123200000,0.13425000,0.15267000,0.13102000,0.14089000,224669342.60000000,1621209599999,31837652.62543300,97855,110211112.50000000,15621194.98079200,0
