Open Time,Open,High,Low,Close,Volume,Close Time,Quote Asset Volume,Number of trades,Taker Buy Base Asset Volume,Taker Buy Quote Asset volume
1622505600000,0.10632000,0.11047000,0.10382000,0.10718000,83045296.80000000,1622591999999,8868795.78509400,36281,46094986.50000000,4923749.83829000,0
