Open Time,Open,High,Low,Close,Volume,Close Time,Quote Asset Volume,Number of trades,Taker Buy Base Asset Volume,Taker Buy Quote Asset volume
1640304000000,0.11468000,0.11775000,0.10888000,0.11010000,121895819.90000000,1640390399999,13949184.40701100,43214,61999911.50000000,7100613.48650500,0
