Open Time,Open,High,Low,Close,Volume,Close Time,Quote Asset Volume,Number of trades,Taker Buy Base Asset Volume,Taker Buy Quote Asset volume
1610236800000,0.00949000,0.00982000,0.00837700,0.00923000,328596089.00000000,1610323199999,3032867.64362300,21622,147441150.00000000,1359383.94538700,0
