Open Time,Open,High,Low,Close,Volume,Close Time,Quote Asset Volume,Number of trades,Taker Buy Base Asset Volume,Taker Buy Quote Asset volume
1639180800000,0.10291000,0.11113000,0.10065000,0.10614000,103585037.00000000,1639267199999,10813246.45675400,25926,53890980.50000000,5629152.48613800,0
