Open Time,Open,High,Low,Close,Volume,Close Time,Quote Asset Volume,Number of trades,Taker Buy Base Asset Volume,Taker Buy Quote Asset volume
1616630400000,0.08506300,0.12695000,0.07950000,0.11777900,3296699220.00000000,1616716799999,335217251.56674000,630214,1704278876.00000000,173347237.14993600,0
