Open Time,Open,High,Low,Close,Volume,Close Time,Quote Asset Volume,Number of trades,Taker Buy Base Asset Volume,Taker Buy Quote Asset volume
1613001600000,0.01848400,0.02260000,0.01803900,0.02166900,822617219.00000000,1613087999999,16626621.29620200,85743,420342328.00000000,8517201.78898000,0
