Open Time,Open,High,Low,Close,Volume,Close Time,Quote Asset Volume,Number of trades,Taker Buy Base Asset Volume,Taker Buy Quote Asset volume
1627516800000,0.08335000,0.08611000,0.08005000,0.08327000,131063724.50000000,1627603199999,10860658.83966000,33828,70709887.70000000,5856250.84815400,0
