Open Time,Open,High,Low,Close,Volume,Close Time,Quote Asset Volume,Number of trades,Taker Buy Base Asset Volume,Taker Buy Quote Asset volume
1634428800000,0.09028000,0.09150000,0.08535000,0.08780000,76197965.70000000,1634515199999,6817656.70287400,22623,37464421.40000000,3357433.41397100,0
