Open Time,Open,High,Low,Close,Volume,Close Time,Quote Asset Volume,Number of trades,Taker Buy Base Asset Volume,Taker Buy Quote Asset volume
1613433600000,0.02638300,0.02875100,0.02475000,0.02603000,566739500.00000000,1613519999999,15032919.67773100,69451,287717221.00000000,7653104.40201000,0
