Open Time,Open,High,Low,Close,Volume,Close Time,Quote Asset Volume,Number of trades,Taker Buy Base Asset Volume,Taker Buy Quote Asset volume
1616716800000,0.11762000,0.15178900,0.11213000,0.13310000,3314685783.00000000,1616803199999,423082892.15524700,741252,1679362756.00000000,214531673.07916900,0
