Open Time,Open,High,Low,Close,Volume,Close Time,Quote Asset Volume,Number of trades,Taker Buy Base Asset Volume,Taker Buy Quote Asset volume
1640131200000,0.10416000,0.10840000,0.10340000,0.10568000,125655749.20000000,1640217599999,13349725.84862000,38661,65748269.10000000,6982074.84234300,0
