Open Time,Open,High,Low,Close,Volume,Close Time,Quote Asset Volume,Number of trades,Taker Buy Base Asset Volume,Taker Buy Quote Asset volume
1624060800000,0.07361000,0.07477000,0.07154000,0.07172000,42749123.40000000,1624147199999,3126518.91406700,13737,20542756.80000000,1503221.60339700,0
