Open Time,Open,High,Low,Close,Volume,Close Time,Quote Asset Volume,Number of trades,Taker Buy Base Asset Volume,Taker Buy Quote Asset volume
1635552000000,0.09496000,0.11675000,0.09042000,0.09987000,630256895.90000000,1635638399999,65048431.61847900,181866,317539652.90000000,32713201.53518900,0
