Open Time,Open,High,Low,Close,Volume,Close Time,Quote Asset Volume,Number of trades,Taker Buy Base Asset Volume,Taker Buy Quote Asset volume
1637107200000,0.12621000,0.13549000,0.12570000,0.13153000,315723914.50000000,1637193599999,41242800.55091900,98264,163303880.10000000,21336145.57841000,0
