Open Time,Open,High,Low,Close,Volume,Close Time,Quote Asset Volume,Number of trades,Taker Buy Base Asset Volume,Taker Buy Quote Asset volume
1620345600000,0.15905000,0.17000000,0.15567000,0.16246000,172545264.40000000,1620431999999,28122141.19338800,101728,88833553.30000000,14472887.02777200,0
