Open Time,Open,High,Low,Close,Volume,Close Time,Quote Asset Volume,Number of trades,Taker Buy Base Asset Volume,Taker Buy Quote Asset volume
1623110400000,0.09382000,0.09557000,0.08527000,0.09032000,129734753.30000000,1623196799999,11709058.91760000,39702,58039810.70000000,5243168.10149600,0
