Open Time,Open,High,Low,Close,Volume,Close Time,Quote Asset Volume,Number of trades,Taker Buy Base Asset Volume,Taker Buy Quote Asset volume
1609459200000,0.00842600,0.00914800,0.00831300,0.00891200,216610749.00000000,1609545599999,1897180.27287400,15175,118562495.00000000,1038211.21539000,0
