Open Time,Open,High,Low,Close,Volume,Close Time,Quote Asset Volume,Number of trades,Taker Buy Base Asset Volume,Taker Buy Quote Asset volume
1617926400000,0.15442400,0.16940100,0.14669100,0.15733600,585696218.00000000,1618012799999,93282210.65197700,203311,295250381.00000000,47033239.67892800,0
