Open Time,Open,High,Low,Close,Volume,Close Time,Quote Asset Volume,Number of trades,Taker Buy Base Asset Volume,Taker Buy Quote Asset volume
1616198400000,0.07424600,0.08501000,0.06932000,0.06980900,1114001050.00000000,1616284799999,87838304.57433800,222773,523945523.00000000,41354435.47101100,0
