Open Time,Open,High,Low,Close,Volume,Close Time,Quote Asset Volume,Number of trades,Taker Buy Base Asset Volume,Taker Buy Quote Asset volume
1623888000000,0.07972000,0.08265000,0.07861000,0.08047000,76213084.20000000,1623974399999,6140969.19888300,28000,33146258.90000000,2672951.96912100,0
