Open Time,Open,High,Low,Close,Volume,Close Time,Quote Asset Volume,Number of trades,Taker Buy Base Asset Volume,Taker Buy Quote Asset volume
1627776000000,0.08518000,0.10727000,0.08343000,0.10379000,479482921.70000000,1627862399999,46070186.21499100,162008,248502174.80000000,23880011.34055000,0
