Open Time,Open,High,Low,Close,Volume,Close Time,Quote Asset Volume,Number of trades,Taker Buy Base Asset Volume,Taker Buy Quote Asset volume
1621641600000,0.12143000,0.12616000,0.10484000,0.11122000,204036389.50000000,1621727999999,23169141.26368900,65946,105444072.00000000,11978606.74188400,0
