Open Time,Open,High,Low,Close,Volume,Close Time,Quote Asset Volume,Number of trades,Taker Buy Base Asset Volume,Taker Buy Quote Asset volume
1639958400000,0.09992000,0.10153000,0.09378000,0.09938000,111583259.50000000,1640044799999,10886291.26689700,34351,55794387.30000000,5446600.32818600,0
