Open Time,Open,High,Low,Close,Volume,Close Time,Quote Asset Volume,Number of trades,Taker Buy Base Asset Volume,Taker Buy Quote Asset volume
1627862400000,0.10387000,0.10499000,0.09020000,0.09819000,477701616.50000000,1627948799999,46315315.11844400,135022,243961450.00000000,23623970.04336300,0
