Open Time,Open,High,Low,Close,Volume,Close Time,Quote Asset Volume,Number of trades,Taker Buy Base Asset Volume,Taker Buy Quote Asset volume
1634774400000,0.09789000,0.10161000,0.09152000,0.09389000,184227893.80000000,1634860799999,17799280.94734200,50680,99536154.50000000,9610140.07427800,0
