Open Time,Open,High,Low,Close,Volume,Close Time,Quote Asset Volume,Number of trades,Taker Buy Base Asset Volume,Taker Buy Quote Asset volume
1636329600000,0.12737000,0.13093000,0.12402000,0.12869000,190442934.60000000,1636415999999,24072596.63848400,60401,92655263.10000000,11713267.86598200,0
