Open Time,Open,High,Low,Close,Volume,Close Time,Quote Asset Volume,Number of trades,Taker Buy Base Asset Volume,Taker Buy Quote Asset volume
1613606400000,0.02593600,0.02895400,0.02592100,0.02776600,406061264.00000000,1613692799999,11188001.08880800,58296,226172388.00000000,6239529.29011900,0
