Open Time,Open,High,Low,Close,Volume,Close Time,Quote Asset Volume,Number of trades,Taker Buy Base Asset Volume,Taker Buy Quote Asset volume
1621468800000,0.10856000,0.13143000,0.09621000,0.12517000,298467287.20000000,1621555199999,34847729.14157200,110414,157190389.20000000,18350386.27822700,0
