Open Time,Open,High,Low,Close,Volume,Close Time,Quote Asset Volume,Number of trades,Taker Buy Base Asset Volume,Taker Buy Quote Asset volume
1624406400000,0.05479000,0.08167000,0.05306000,0.07629000,520609732.10000000,1624492799999,37554985.19447400,157094,248571764.30000000,17902136.92355000,0
