Open Time,Open,High,Low,Close,Volume,Close Time,Quote Asset Volume,Number of trades,Taker Buy Base Asset Volume,Taker Buy Quote Asset volume
1628380800000,0.10144000,0.10144000,0.09188000,0.09362000,116739373.00000000,1628467199999,11274431.74701100,34602,58470529.00000000,5642595.00602900,0
