Open Time,Open,High,Low,Close,Volume,Close Time,Quote Asset Volume,Number of trades,Taker Buy Base Asset Volume,Taker Buy Quote Asset volume
1620086400000,0.16998000,0.17354000,0.15100000,0.15403000,196100937.00000000,1620172799999,31762519.09726900,102961,96984219.70000000,15743427.46478900,0
