Open Time,Open,High,Low,Close,Volume,Close Time,Quote Asset Volume,Number of trades,Taker Buy Base Asset Volume,Taker Buy Quote Asset volume
1633651200000,0.08990000,0.09659000,0.08874000,0.09350000,215671407.60000000,1633737599999,20118279.86996200,55850,107844796.00000000,10060333.73378000,0
