Open Time,Open,High,Low,Close,Volume,Close Time,Quote Asset Volume,Number of trades,Taker Buy Base Asset Volume,Taker Buy Quote Asset volume
1610755200000,0.00879300,0.00950600,0.00872800,0.00903600,275498806.00000000,1610841599999,2532638.13908600,18332,140635537.00000000,1292077.67881300,0
