Open Time,Open,High,Low,Close,Volume,Close Time,Quote Asset Volume,Number of trades,Taker Buy Base Asset Volume,Taker Buy Quote Asset volume
1635638400000,0.09998000,0.18206000,0.09721000,0.11989000,5104872530.10000000,1635724799999,748233671.71706200,1627463,2576153930.60000000,378870712.62727000,0
