Open Time,Open,High,Low,Close,Volume,Close Time,Quote Asset Volume,Number of trades,Taker Buy Base Asset Volume,Taker Buy Quote Asset volume
1615420800000,0.04156200,0.04679700,0.04015700,0.04473000,639894660.00000000,1615507199999,27804416.75567900,105263,335224668.00000000,14584916.32904200,0
