Open Time,Open,High,Low,Close,Volume,Close Time,Quote Asset Volume,Number of trades,Taker Buy Base Asset Volume,Taker Buy Quote Asset volume
1616976000000,0.16640200,0.18797500,0.15768500,0.16498000,1318927765.00000000,1617062399999,224911643.03328100,407474,660101058.00000000,112710076.88545400,0
