Open Time,Open,High,Low,Close,Volume,Close Time,Quote Asset Volume,Number of trades,Taker Buy Base Asset Volume,Taker Buy Quote Asset volume
1623369600000,0.08912000,0.09063000,0.08068000,0.08191000,91581145.90000000,1623455999999,7990220.83122800,27162,50488634.10000000,4418129.67188600,0
