Open Time,Open,High,Low,Close,Volume,Close Time,Quote Asset Volume,Number of trades,Taker Buy Base Asset Volume,Taker Buy Quote Asset volume
1640822400000,0.09943000,0.10277000,0.09683000,0.10085000,75357404.20000000,1640908799999,7594494.85616900,27917,35215222.90000000,3549972.31276200,0
