Open Time,Open,High,Low,Close,Volume,Close Time,Quote Asset Volume,Number of trades,Taker Buy Base Asset Volume,Taker Buy Quote Asset volume
1626566400000,0.06186000,0.06392000,0.06074000,0.06219000,22639603.00000000,1626652799999,1413053.82506800,7025,10905023.30000000,680121.99438300,0
