Open Time,Open,High,Low,Close,Volume,Close Time,Quote Asset Volume,Number of trades,Taker Buy Base Asset Volume,Taker Buy Quote Asset volume
1617580800000,0.16131900,0.16579600,0.15178500,0.15680700,460255864.00000000,1617667199999,73082000.79625800,155492,210338735.00000000,33431594.08307600,0
