Open Time,Open,High,Low,Close,Volume,Close Time,Quote Asset Volume,Number of trades,Taker Buy Base Asset Volume,Taker Buy Quote Asset volume
1631664000000,0.09839000,0.10400000,0.09726000,0.10126000,109433413.30000000,1631750399999,10981677.19249700,30174,54389616.20000000,5462812.70321000,0
