Open Time,Open,High,Low,Close,Volume,Close Time,Quote Asset Volume,Number of trades,Taker Buy Base Asset Volume,Taker Buy Quote Asset volume
1611014400000,0.00971500,0.00974500,0.00923800,0.00939300,225851587.00000000,1611100799999,2159814.41999400,16008,106654449.00000000,1021660.10457600,0
