Open Time,Open,High,Low,Close,Volume,Close Time,Quote Asset Volume,Number of trades,Taker Buy Base Asset Volume,Taker Buy Quote Asset volume
1640476800000,0.11207000,0.11439000,0.10780000,0.11316000,98019609.80000000,1640563199999,10927370.46690600,35053,49484615.10000000,5515780.69699300,0
