Open Time,Open,High,Low,Close,Volume,Close Time,Quote Asset Volume,Number of trades,Taker Buy Base Asset Volume,Taker Buy Quote Asset volume
1635724800000,0.11993000,0.13225000,0.10650000,0.12050000,1385421744.30000000,1635811199999,165980605.61176200,360328,671229616.30000000,80458514.86249000,0
