Open Time,Open,High,Low,Close,Volume,Close Time,Quote Asset Volume,Number of trades,Taker Buy Base Asset Volume,Taker Buy Quote Asset volume
1610323200000,0.00917800,0.00928200,0.00722600,0.00822400,345456534.00000000,1610409599999,2797138.50614100,20764,163389755.00000000,1320056.31593300,0
