Open Time,Open,High,Low,Close,Volume,Close Time,Quote Asset Volume,Number of trades,Taker Buy Base Asset Volume,Taker Buy Quote Asset volume
1615939200000,0.07387700,0.07402700,0.06160100,0.06881300,885152965.00000000,1616025599999,58905565.47095900,173285,447664928.00000000,29803975.71081700,0
