Open Time,Open,High,Low,Close,Volume,Close Time,Quote Asset Volume,Number of trades,Taker Buy Base Asset Volume,Taker Buy Quote Asset volume
1632355200000,0.08607000,0.08866000,0.08226000,0.08765000,176144867.60000000,1632441599999,15107748.49062900,31850,99879397.70000000,8555333.81102500,0
