Open Time,Open,High,Low,Close,Volume,Close Time,Quote Asset Volume,Number of trades,Taker Buy Base Asset Volume,Taker Buy Quote Asset volume
1612828800000,0.01800700,0.02032700,0.01800400,0.01994600,781423000.00000000,1612915199999,15062178.07957900,75513,392990425.00000000,7573337.66259100,0
