Open Time,Open,High,Low,Close,Volume,Close Time,Quote Asset Volume,Number of trades,Taker Buy Base Asset Volume,Taker Buy Quote Asset volume
1627344000000,0.07254000,0.08992000,0.06670000,0.08400000,604739432.60000000,1627430399999,48473745.44944000,156552,302426483.30000000,24196494.56029000,0
