Open Time,Open,High,Low,Close,Volume,Close Time,Quote Asset Volume,Number of trades,Taker Buy Base Asset Volume,Taker Buy Quote Asset volume
1624838400000,0.07089000,0.07337000,0.06873000,0.07334000,69577702.50000000,1624924799999,4958624.52876900,23711,33677911.70000000,2400729.92895300,0
