Open Time,Open,High,Low,Close,Volume,Close Time,Quote Asset Volume,Number of trades,Taker Buy Base Asset Volume,Taker Buy Quote Asset volume
1614470400000,0.02795200,0.03112100,0.02361200,0.02612600,948093789.00000000,1614556799999,25530494.03633500,82745,479223725.00000000,12871068.41684400,0
