Open Time,Open,High,Low,Close,Volume,Close Time,Quote Asset Volume,Number of trades,Taker Buy Base Asset Volume,Taker Buy Quote Asset volume
1637971200000,0.17603000,0.21382000,0.16556000,0.17197000,2414698345.50000000,1638057599999,446179787.21380700,850824,1250672210.10000000,231264871.02401700,0
