Open Time,Open,High,Low,Close,Volume,Close Time,Quote Asset Volume,Number of trades,Taker Buy Base Asset Volume,Taker Buy Quote Asset volume
1639612800000,0.10112000,0.10782000,0.09935000,0.10004000,140844775.00000000,1639699199999,14589270.27685300,40243,68611583.90000000,7106917.30733600,0
