Open Time,Open,High,Low,Close,Volume,Close Time,Quote Asset Volume,Number of trades,Taker Buy Base Asset Volume,Taker Buy Quote Asset volume
1637539200000,0.12780000,0.13422000,0.12352000,0.12624000,253483746.30000000,1637625599999,32554670.20692700,76839,124599188.20000000,16001565.01992400,0
