Open Time,Open,High,Low,Close,Volume,Close Time,Quote Asset Volume,Number of trades,Taker Buy Base Asset Volume,Taker Buy Quote Asset volume
1640649600000,0.11506000,0.11506000,0.10207000,0.10239000,135183610.10000000,1640735999999,14589458.84357800,41379,63764697.30000000,6886272.49755900,0
