Open Time,Open,High,Low,Close,Volume,Close Time,Quote Asset Volume,Number of trades,Taker Buy Base Asset Volume,Taker Buy Quote Asset volume
1613174400000,0.02239600,0.02686900,0.02234000,0.02455800,1112588053.00000000,1613260799999,27337649.16951200,124383,568699117.00000000,13988854.60099600,0
