Open Time,Open,High,Low,Close,Volume,Close Time,Quote Asset Volume,Number of trades,Taker Buy Base Asset Volume,Taker Buy Quote Asset volume
1640736000000,0.10244000,0.10530000,0.09751000,0.09942000,105501540.50000000,1640822399999,10696586.98506500,33704,52488252.20000000,5327094.61899400,0
