Open Time,Open,High,Low,Close,Volume,Close Time,Quote Asset Volume,Number of trades,Taker Buy Base Asset Volume,Taker Buy Quote Asset volume
1621814400000,0.10092000,0.11325000,0.09653000,0.11287000,259553289.20000000,1621900799999,27456653.47138400,75100,137184881.50000000,14490526.85845100,0
