Open Time,Open,High,Low,Close,Volume,Close Time,Quote Asset Volume,Number of trades,Taker Buy Base Asset Volume,Taker Buy Quote Asset volume
1625875200000,0.07186000,0.07276000,0.06873000,0.07092000,26850814.40000000,1625961599999,1897338.64286400,10108,12312247.80000000,869431.34359800,0
