Open Time,Open,High,Low,Close,Volume,Close Time,Quote Asset Volume,Number of trades,Taker Buy Base Asset Volume,Taker Buy Quote Asset volume
1626739200000,0.05848000,0.05913000,0.05215000,0.05529000,103478208.30000000,1626825599999,5722103.04543500,24851,48606519.30000000,2686533.05853500,0
