Open Time,Open,High,Low,Close,Volume,Close Time,Quote Asset Volume,Number of trades,Taker Buy Base Asset Volume,Taker Buy Quote Asset volume
1637280000000,0.12300000,0.13159000,0.11469000,0.12851000,298979610.30000000,1637366399999,37125618.11366400,83735,153446140.60000000,19078115.49233800,0
