Open Time,Open,High,Low,Close,Volume,Close Time,Quote Asset Volume,Number of trades,Taker Buy Base Asset Volume,Taker Buy Quote Asset volume
1616371200000,0.07482700,0.07900000,0.06800000,0.06961800,612081680.00000000,1616457599999,45500647.58976600,131965,294327222.00000000,21889361.10527800,0
