Open Time,Open,High,Low,Close,Volume,Close Time,Quote Asset Volume,Number of trades,Taker Buy Base Asset Volume,Taker Buy Quote Asset volume
1625184000000,0.07483000,0.07589000,0.07023000,0.07387000,47257538.20000000,1625270399999,3421465.12255000,15408,25812071.40000000,1868833.51085200,0
