Open Time,Open,High,Low,Close,Volume,Close Time,Quote Asset Volume,Number of trades,Taker Buy Base Asset Volume,Taker Buy Quote Asset volume
1638403200000,0.14654000,0.14948000,0.13822000,0.14786000,205145867.80000000,1638489599999,29374845.89629500,67878,100164713.20000000,14347323.61954500,0
