Open Time,Open,High,Low,Close,Volume,Close Time,Quote Asset Volume,Number of trades,Taker Buy Base Asset Volume,Taker Buy Quote Asset volume
1636070400000,0.12396000,0.13881000,0.12393000,0.12722000,396613699.40000000,1636156799999,51371185.60985400,120631,197273045.20000000,25562796.75931700,0
