Open Time,Open,High,Low,Close,Volume,Close Time,Quote Asset Volume,Number of trades,Taker Buy Base Asset Volume,Taker Buy Quote Asset volume
1632268800000,0.07697000,0.08855000,0.07480000,0.08619000,74066711.60000000,1632355199999,6089749.22459200,21272,35213249.00000000,2896601.47969400,0
