Open Time,Open,High,Low,Close,Volume,Close Time,Quote Asset Volume,Number of trades,Taker Buy Base Asset Volume,Taker Buy Quote Asset volume
1622332800000,0.09448000,0.10448000,0.08833000,0.09998000,107728040.10000000,1622419199999,10585178.88732600,38789,53355700.10000000,5248331.64088900,0
