Open Time,Open,High,Low,Close,Volume,Close Time,Quote Asset Volume,Number of trades,Taker Buy Base Asset Volume,Taker Buy Quote Asset volume
1632009600000,0.09652000,0.09812000,0.09268000,0.09366000,48064631.10000000,1632095999999,4581333.00062200,14628,22989696.60000000,2191736.99457500,0
