Open Time,Open,High,Low,Close,Volume,Close Time,Quote Asset Volume,Number of trades,Taker Buy Base Asset Volume,Taker Buy Quote Asset volume
1639526400000,0.09863000,0.10348000,0.09228000,0.10120000,151455058.00000000,1639612799999,14895001.45865300,42902,74533414.90000000,7340847.52741800,0
