Open Time,Open,High,Low,Close,Volume,Close Time,Quote Asset Volume,Number of trades,Taker Buy Base Asset Volume,Taker Buy Quote Asset volume
1630195200000,0.11172000,0.11176000,0.10440000,0.10791000,128147920.60000000,1630281599999,13761467.98550800,39967,62582794.50000000,6718341.91299000,0
