Open Time,Open,High,Low,Close,Volume,Close Time,Quote Asset Volume,Number of trades,Taker Buy Base Asset Volume,Taker Buy Quote Asset volume
1629936000000,0.10441000,0.11787000,0.10035000,0.10383000,374693969.10000000,1630022399999,40277568.55783500,124456,186916869.70000000,20099013.54946300,0
