Open Time,Open,High,Low,Close,Volume,Close Time,Quote Asset Volume,Number of trades,Taker Buy Base Asset Volume,Taker Buy Quote Asset volume
1614038400000,0.03234500,0.03272000,0.01880000,0.02440000,1783151364.00000000,1614124799999,43717284.09681100,149980,847173005.00000000,20698863.81554200,0
