Open Time,Open,High,Low,Close,Volume,Close Time,Quote Asset Volume,Number of trades,Taker Buy Base Asset Volume,Taker Buy Quote Asset volume
1627603200000,0.08329000,0.08480000,0.07872000,0.08453000,83397127.20000000,1627689599999,6848194.71519600,26910,46078268.50000000,3787237.80677600,0
