Open Time,Open,High,Low,Close,Volume,Close Time,Quote Asset Volume,Number of trades,Taker Buy Base Asset Volume,Taker Buy Quote Asset volume
1612310400000,0.01284200,0.01551000,0.01250200,0.01432200,1080749234.00000000,1612396799999,15194571.17774900,83394,542824031.00000000,7636971.75856600,0
