Open Time,Open,High,Low,Close,Volume,Close Time,Quote Asset Volume,Number of trades,Taker Buy Base Asset Volume,Taker Buy Quote Asset volume
1617840000000,0.13687800,0.15624900,0.13550600,0.15438200,434356649.00000000,1617926399999,64999544.97796700,156966,217513329.00000000,32557074.65287000,0
