Open Time,Open,High,Low,Close,Volume,Close Time,Quote Asset Volume,Number of trades,Taker Buy Base Asset Volume,Taker Buy Quote Asset volume
1623628800000,0.08760000,0.08868000,0.08466000,0.08718000,75960255.40000000,1623715199999,6590440.12348100,22789,38560495.40000000,3342427.43192300,0
