Open Time,Open,High,Low,Close,Volume,Close Time,Quote Asset Volume,Number of trades,Taker Buy Base Asset Volume,Taker Buy Quote Asset volume
1632614400000,0.08086000,0.08087000,0.07330000,0.07898000,74040106.00000000,1632700799999,5760016.78014000,17122,37817089.00000000,2943159.93425500,0
