Open Time,Open,High,Low,Close,Volume,Close Time,Quote Asset Volume,Number of trades,Taker Buy Base Asset Volume,Taker Buy Quote Asset volume
1615161600000,0.03531400,0.03950000,0.03355000,0.03884700,640894860.00000000,1615247999999,23634602.32438400,107623,333491560.00000000,12309197.18674100,0
