Open Time,Open,High,Low,Close,Volume,Close Time,Quote Asset Volume,Number of trades,Taker Buy Base Asset Volume,Taker Buy Quote Asset volume
1637798400000,0.12055000,0.12586000,0.11840000,0.12458000,211954871.10000000,1637884799999,25936438.06948900,65934,107241452.60000000,13118907.81778800,0
