Open Time,Open,High,Low,Close,Volume,Close Time,Quote Asset Volume,Number of trades,Taker Buy Base Asset Volume,Taker Buy Quote Asset volume
1625702400000,0.07829000,0.07848000,0.06954000,0.07154000,87157244.00000000,1625788799999,6319726.89672800,31732,41855341.10000000,3035548.18130000,0
