Open Time,Open,High,Low,Close,Volume,Close Time,Quote Asset Volume,Number of trades,Taker Buy Base Asset Volume,Taker Buy Quote Asset volume
1632441600000,0.08758000,0.08803000,0.07530000,0.08120000,104250305.00000000,1632527999999,8419873.21140000,27339,52760971.20000000,4259783.69807800,0
