Open Time,Open,High,Low,Close,Volume,Close Time,Quote Asset Volume,Number of trades,Taker Buy Base Asset Volume,Taker Buy Quote Asset volume
1634256000000,0.09134000,0.09200000,0.08481000,0.09015000,154952974.60000000,1634342399999,13826743.00384600,40437,74012990.30000000,6606755.51444100,0
