Open Time,Open,High,Low,Close,Volume,Close Time,Quote Asset Volume,Number of trades,Taker Buy Base Asset Volume,Taker Buy Quote Asset volume
1615852800000,0.06885400,0.08045800,0.06230300,0.07387500,1297575532.00000000,1615939199999,92691037.89226400,252943,671700029.00000000,48015565.38317300,0
