Open Time,Open,High,Low,Close,Volume,Close Time,Quote Asset Volume,Number of trades,Taker Buy Base Asset Volume,Taker Buy Quote Asset volume
1619740800000,0.16446000,0.17774000,0.16039000,0.17705000,193874934.70000000,1619827199999,32533640.78192700,95621,93602762.00000000,15710215.76879500,0
