Open Time,Open,High,Low,Close,Volume,Close Time,Quote Asset Volume,Number of trades,Taker Buy Base Asset Volume,Taker Buy Quote Asset volume
1614124800000,0.02440000,0.03000000,0.02261100,0.02824400,1603500546.00000000,1614211199999,42106114.64606200,146871,807695787.00000000,21181350.91330000,0
