Open Time,Open,High,Low,Close,Volume,Close Time,Quote Asset Volume,Number of trades,Taker Buy Base Asset Volume,Taker Buy Quote Asset volume
1628208000000,0.09614000,0.09800000,0.09379000,0.09701000,128349030.60000000,1628294399999,12329277.88085700,34142,68726439.30000000,6603496.84650700,0
