Open Time,Open,High,Low,Close,Volume,Close Time,Quote Asset Volume,Number of trades,Taker Buy Base Asset Volume,Taker Buy Quote Asset volume
1629417600000,0.09974000,0.10332000,0.09790000,0.10275000,126574773.70000000,1629503999999,12766867.31586400,38065,63352517.60000000,6391832.30906300,0
