Open Time,Open,High,Low,Close,Volume,Close Time,Quote Asset Volume,Number of trades,Taker Buy Base Asset Volume,Taker Buy Quote Asset volume
1638144000000,0.16120000,0.16908000,0.15502000,0.15973000,360313446.70000000,1638230399999,57830283.27565000,122029,187331195.70000000,30071971.66674400,0
