Open Time,Open,High,Low,Close,Volume,Close Time,Quote Asset Volume,Number of trades,Taker Buy Base Asset Volume,Taker Buy Quote Asset volume
1626652800000,0.06219000,0.06520000,0.05815000,0.05847000,84646843.70000000,1626739199999,5255112.47529000,20580,43669077.40000000,2717215.37688500,0
