Open Time,Open,High,Low,Close,Volume,Close Time,Quote Asset Volume,Number of trades,Taker Buy Base Asset Volume,Taker Buy Quote Asset volume
1622678400000,0.10768000,0.11487000,0.10601000,0.11149000,90076297.90000000,1622764799999,9991686.03785600,34525,47317172.60000000,5244837.21797600,0
