Open Time,Open,High,Low,Close,Volume,Close Time,Quote Asset Volume,Number of trades,Taker Buy Base Asset Volume,Taker Buy Quote Asset volume
1637020800000,0.13501000,0.13513000,0.11601000,0.12622000,357599844.30000000,1637107199999,45009787.03950500,124922,179362276.50000000,22595591.00201800,0
