Open Time,Open,High,Low,Close,Volume,Close Time,Quote Asset Volume,Number of trades,Taker Buy Base Asset Volume,Taker Buy Quote Asset volume
1628035200000,0.09395000,0.09864000,0.09179000,0.09645000,137533206.70000000,1628121599999,13120424.74021600,34263,72282534.40000000,6897556.26002200,0
