Open Time,Open,High,Low,Close,Volume,Close Time,Quote Asset Volume,Number of trades,Taker Buy Base Asset Volume,Taker Buy Quote Asset volume
1639699200000,0.10004000,0.10660000,0.09785000,0.10162000,199547619.30000000,1639785599999,20424935.55232100,56215,99001871.40000000,10146721.65721500,0
