Open Time,Open,High,Low,Close,Volume,Close Time,Quote Asset Volume,Number of trades,Taker Buy Base Asset Volume,Taker Buy Quote Asset volume
1622073600000,0.11449000,0.11646000,0.10450000,0.10927000,138225796.60000000,1622159999999,15280186.78153100,46744,70967416.00000000,7843236.46701400,0
