Open Time,Open,High,Low,Close,Volume,Close Time,Quote Asset Volume,Number of trades,Taker Buy Base Asset Volume,Taker Buy Quote Asset volume
1628985600000,0.10298000,0.10981000,0.10100000,0.10738000,208359266.80000000,1629071999999,22022864.49569600,66923,104771525.30000000,11074159.85016900,0
