Open Time,Open,High,Low,Close,Volume,Close Time,Quote Asset Volume,Number of trades,Taker Buy Base Asset Volume,Taker Buy Quote Asset volume
1611792000000,0.00989200,0.01377700,0.00966100,0.01185600,1614554906.00000000,1611878399999,19392369.33302800,107432,796179114.00000000,9562027.50917100,0
