Open Time,Open,High,Low,Close,Volume,Close Time,Quote Asset Volume,Number of trades,Taker Buy Base Asset Volume,Taker Buy Quote Asset volume
1617408000000,0.16909700,0.17611200,0.15210000,0.15235700,448041927.00000000,1617494399999,74723277.50635800,164522,214924005.00000000,35922183.16587800,0
