Open Time,Open,High,Low,Close,Volume,Close Time,Quote Asset Volume,Number of trades,Taker Buy Base Asset Volume,Taker Buy Quote Asset volume
1638921600000,0.11179000,0.12349000,0.10388000,0.11634000,350470771.00000000,1639007999999,40603672.15930900,91488,171261051.40000000,19866393.00727900,0
