Open Time,Open,High,Low,Close,Volume,Close Time,Quote Asset Volume,Number of trades,Taker Buy Base Asset Volume,Taker Buy Quote Asset volume
1640995200000,0.10030000,0.10370000,0.10030000,0.10329000,50202848.50000000,1641081599999,5132531.51494100,23821,24223175.80000000,2477955.99454800,0
