Open Time,Open,High,Low,Close,Volume,Close Time,Quote Asset Volume,Number of trades,Taker Buy Base Asset Volume,Taker Buy Quote Asset volume
1686441600000,0.80432000,0.81466000,0.77344000,0.78248000,14801756.00000000,1686527999999,11743258.28108000,71111,7515602.00000000,5964394.29509000,0
