Open Time,Open,High,Low,Close,Volume,Close Time,Quote Asset Volume,Number of trades,Taker Buy Base Asset Volume,Taker Buy Quote Asset volume
1692057600000,0.59914000,0.60288000,0.53052000,0.55104000,7095297.00000000,1692143999999,4029135.09059000,21440,2636368.00000000,1500944.99024000,0
