Open Time,Open,High,Low,Close,Volume,Close Time,Quote Asset Volume,Number of trades,Taker Buy Base Asset Volume,Taker Buy Quote Asset volume
1691625600000,0.59326000,0.59416000,0.58170000,0.59051000,2926802.00000000,1691711999999,1722354.81414000,9339,1400065.00000000,824316.51490000,0
