Open Time,Open,High,Low,Close,Volume,Close Time,Quote Asset Volume,Number of trades,Taker Buy Base Asset Volume,Taker Buy Quote Asset volume
1682899200000,1.36081000,1.37624000,1.15111000,1.24982000,96813937.00000000,1682985599999,119014677.71184000,404884,46484445.00000000,57095180.83665000,0
