Open Time,Open,High,Low,Close,Volume,Close Time,Quote Asset Volume,Number of trades,Taker Buy Base Asset Volume,Taker Buy Quote Asset volume
1692921600000,0.42964000,0.42988000,0.41677000,0.42379000,4868650.00000000,1693007999999,2067269.77894000,22505,2311040.00000000,981452.30465000,0
