Open Time,Open,High,Low,Close,Volume,Close Time,Quote Asset Volume,Number of trades,Taker Buy Base Asset Volume,Taker Buy Quote Asset volume
1691193600000,0.57571000,0.57571000,0.52894000,0.53477000,11303681.00000000,1691279999999,6115141.00950000,28675,5062212.00000000,2737895.82681000,0
