Open Time,Open,High,Low,Close,Volume,Close Time,Quote Asset Volume,Number of trades,Taker Buy Base Asset Volume,Taker Buy Quote Asset volume
1686009600000,0.95402000,1.02661000,0.92944000,1.01724000,41754743.00000000,1686095999999,41261811.01709000,141127,21161290.00000000,20917925.38596000,0
