Open Time,Open,High,Low,Close,Volume,Close Time,Quote Asset Volume,Number of trades,Taker Buy Base Asset Volume,Taker Buy Quote Asset volume
1690588800000,0.59428000,0.60307000,0.58905000,0.60116000,2758092.00000000,1690675199999,1643381.66417000,8183,1413886.00000000,842679.62963000,0
