Open Time,Open,High,Low,Close,Volume,Close Time,Quote Asset Volume,Number of trades,Taker Buy Base Asset Volume,Taker Buy Quote Asset volume
1693958400000,0.43314000,0.46048000,0.42745000,0.45808000,5685101.00000000,1694044799999,2512954.95013000,28777,2770449.00000000,1224597.47593000,0
