Open Time,Open,High,Low,Close,Volume,Close Time,Quote Asset Volume,Number of trades,Taker Buy Base Asset Volume,Taker Buy Quote Asset volume
1687392000000,0.84854000,0.87771000,0.77812000,0.78825000,25973401.00000000,1687478399999,21443868.24955000,103501,11925294.00000000,9862194.95174000,0
