Open Time,Open,High,Low,Close,Volume,Close Time,Quote Asset Volume,Number of trades,Taker Buy Base Asset Volume,Taker Buy Quote Asset volume
1689120000000,0.67484000,0.68500000,0.65716000,0.66733000,5675637.00000000,1689206399999,3815488.42359000,22282,2577107.00000000,1733666.61705000,0
