Open Time,Open,High,Low,Close,Volume,Close Time,Quote Asset Volume,Number of trades,Taker Buy Base Asset Volume,Taker Buy Quote Asset volume
1684281600000,1.16287000,1.25015000,1.07846000,1.24000000,72675873.00000000,1684367999999,83293317.60183000,186595,35090426.00000000,40334688.53159000,0
