Open Time,Open,High,Low,Close,Volume,Close Time,Quote Asset Volume,Number of trades,Taker Buy Base Asset Volume,Taker Buy Quote Asset volume
1689811200000,0.63947000,0.66000000,0.62798000,0.63631000,6705766.00000000,1689897599999,4319459.48694000,20774,3200922.00000000,2063265.04423000,0
