Open Time,Open,High,Low,Close,Volume,Close Time,Quote Asset Volume,Number of trades,Taker Buy Base Asset Volume,Taker Buy Quote Asset volume
1692316800000,0.41474000,0.45057000,0.41306000,0.43206000,15202630.00000000,1692403199999,6625097.96398000,42684,7623327.00000000,3320516.30146000,0
