Open Time,Open,High,Low,Close,Volume,Close Time,Quote Asset Volume,Number of trades,Taker Buy Base Asset Volume,Taker Buy Quote Asset volume
1686268800000,0.93148000,0.95670000,0.91571000,0.93023000,11247658.00000000,1686355199999,10531051.18654000,59090,5714167.00000000,5352595.42679000,0
