Open Time,Open,High,Low,Close,Volume,Close Time,Quote Asset Volume,Number of trades,Taker Buy Base Asset Volume,Taker Buy Quote Asset volume
1688860800000,0.70189000,0.72370000,0.68561000,0.69929000,8093121.00000000,1688947199999,5695711.21330000,30092,3750221.00000000,2643351.58499000,0
