Open Time,Open,High,Low,Close,Volume,Close Time,Quote Asset Volume,Number of trades,Taker Buy Base Asset Volume,Taker Buy Quote Asset volume
1688774400000,0.67535000,0.73187000,0.67156000,0.70162000,18072850.00000000,1688860799999,12794618.34493000,70601,8990504.00000000,6366847.45490000,0
