Open Time,Open,High,Low,Close,Volume,Close Time,Quote Asset Volume,Number of trades,Taker Buy Base Asset Volume,Taker Buy Quote Asset volume
1684800000000,1.08573000,1.14414000,1.08032000,1.13768000,28218054.00000000,1684886399999,31512450.25046000,77222,14303083.00000000,15988599.26866000,0
