Open Time,Open,High,Low,Close,Volume,Close Time,Quote Asset Volume,Number of trades,Taker Buy Base Asset Volume,Taker Buy Quote Asset volume
1683763200000,1.23078000,1.24518000,0.99990000,1.04402000,78281806.00000000,1683849599999,87675712.19761000,275345,36916624.00000000,41392589.13323000,0
