Open Time,Open,High,Low,Close,Volume,Close Time,Quote Asset Volume,Number of trades,Taker Buy Base Asset Volume,Taker Buy Quote Asset volume
1693094400000,0.42028000,0.42254000,0.38731000,0.39432000,13264868.00000000,1693180799999,5262446.78776000,41471,7427372.00000000,2943729.08310000,0
