Open Time,Open,High,Low,Close,Volume,Close Time,Quote Asset Volume,Number of trades,Taker Buy Base Asset Volume,Taker Buy Quote Asset volume
1683849600000,1.04402000,1.14492000,0.97500000,1.14201000,57564269.00000000,1683935999999,59760313.94262000,205918,28579331.00000000,29737372.68590000,0
