Open Time,Open,High,Low,Close,Volume,Close Time,Quote Asset Volume,Number of trades,Taker Buy Base Asset Volume,Taker Buy Quote Asset volume
1685664000000,1.11675000,1.14411000,1.08022000,1.13747000,21748408.00000000,1685750399999,24316139.00045000,78704,10298289.00000000,11530812.69233000,0
