Open Time,Open,High,Low,Close,Volume,Close Time,Quote Asset Volume,Number of trades,Taker Buy Base Asset Volume,Taker Buy Quote Asset volume
1689465600000,0.68418000,0.69164000,0.65865000,0.66322000,4947543.00000000,1689551999999,3346683.72688000,17781,2272444.00000000,1538203.47744000,0
