Open Time,Open,High,Low,Close,Volume,Close Time,Quote Asset Volume,Number of trades,Taker Buy Base Asset Volume,Taker Buy Quote Asset volume
1683417600000,1.08480000,1.12697000,1.04000000,1.04891000,24601510.00000000,1683503999999,26643933.65684000,89824,11932259.00000000,12926630.74827000,0
