Open Time,Open,High,Low,Close,Volume,Close Time,Quote Asset Volume,Number of trades,Taker Buy Base Asset Volume,Taker Buy Quote Asset volume
1692489600000,0.45236000,0.46622000,0.44445000,0.44870000,5160357.00000000,1692575999999,2345918.76571000,10606,2428554.00000000,1105272.77335000,0
