Open Time,Open,High,Low,Close,Volume,Close Time,Quote Asset Volume,Number of trades,Taker Buy Base Asset Volume,Taker Buy Quote Asset volume
1691280000000,0.53457000,0.57657000,0.53261000,0.57138000,10922735.00000000,1691366399999,6061167.10766000,24207,5143840.00000000,2853510.26431000,0
