Open Time,Open,High,Low,Close,Volume,Close Time,Quote Asset Volume,Number of trades,Taker Buy Base Asset Volume,Taker Buy Quote Asset volume
1694563200000,0.41067000,0.42130000,0.40726000,0.41059000,3631952.00000000,1694649599999,1503999.59719000,11132,1778446.00000000,736647.86958000,0
