Open Time,Open,High,Low,Close,Volume,Close Time,Quote Asset Volume,Number of trades,Taker Buy Base Asset Volume,Taker Buy Quote Asset volume
1684540800000,1.14081000,1.14565000,1.10659000,1.14401000,21065633.00000000,1684627199999,23740333.11739000,59013,10077035.00000000,11367192.86089000,0
