Open Time,Open,High,Low,Close,Volume,Close Time,Quote Asset Volume,Number of trades,Taker Buy Base Asset Volume,Taker Buy Quote Asset volume
1691798400000,0.59271000,0.60461000,0.59195000,0.59945000,3164348.00000000,1691884799999,1895536.44746000,8559,1584970.00000000,949769.50436000,0
