Open Time,Open,High,Low,Close,Volume,Close Time,Quote Asset Volume,Number of trades,Taker Buy Base Asset Volume,Taker Buy Quote Asset volume
1692144000000,0.55080000,0.55110000,0.50123000,0.51566000,9745713.00000000,1692230399999,5153893.51104000,30684,4260682.00000000,2252812.62608000,0
