Open Time,Open,High,Low,Close,Volume,Close Time,Quote Asset Volume,Number of trades,Taker Buy Base Asset Volume,Taker Buy Quote Asset volume
1687737600000,0.76479000,0.77340000,0.72728000,0.74113000,14881708.00000000,1687823999999,11197844.11138000,62548,7000332.00000000,5275515.30466000,0
