Open Time,Open,High,Low,Close,Volume,Close Time,Quote Asset Volume,Number of trades,Taker Buy Base Asset Volume,Taker Buy Quote Asset volume
1686614400000,0.78008000,0.81792000,0.76550000,0.79044000,21091246.00000000,1686700799999,16668240.70043000,91715,9993679.00000000,7904194.20512000,0
