Open Time,Open,High,Low,Close,Volume,Close Time,Quote Asset Volume,Number of trades,Taker Buy Base Asset Volume,Taker Buy Quote Asset volume
1694390400000,0.42384000,0.43556000,0.39981000,0.40801000,7433999.00000000,1694476799999,3108893.24537000,37451,3511420.00000000,1467634.30248000,0
