Open Time,Open,High,Low,Close,Volume,Close Time,Quote Asset Volume,Number of trades,Taker Buy Base Asset Volume,Taker Buy Quote Asset volume
1692748800000,0.43528000,0.44948000,0.42700000,0.44292000,7693414.00000000,1692835199999,3380440.08237000,34766,3966447.00000000,1743701.95621000,0
