Open Time,Open,High,Low,Close,Volume,Close Time,Quote Asset Volume,Number of trades,Taker Buy Base Asset Volume,Taker Buy Quote Asset volume
1685232000000,1.17422000,1.48199000,1.15475000,1.41602000,109620773.00000000,1685318399999,145681610.30066000,332500,58031719.00000000,77290707.22123000,0
