Open Time,Open,High,Low,Close,Volume,Close Time,Quote Asset Volume,Number of trades,Taker Buy Base Asset Volume,Taker Buy Quote Asset volume
1683158400000,1.17707000,1.29765000,1.15176000,1.28058000,63172093.00000000,1683244799999,78786301.54022000,288087,31454645.00000000,39253792.48829000,0
