Open Time,Open,High,Low,Close,Volume,Close Time,Quote Asset Volume,Number of trades,Taker Buy Base Asset Volume,Taker Buy Quote Asset volume
1684368000000,1.23999000,1.23999000,1.10216000,1.13810000,47881172.00000000,1684454399999,55954090.73212000,131709,22316365.00000000,26054109.80227000,0
