Open Time,Open,High,Low,Close,Volume,Close Time,Quote Asset Volume,Number of trades,Taker Buy Base Asset Volume,Taker Buy Quote Asset volume
1687910400000,0.75628000,0.75695000,0.65000000,0.66058000,25301401.00000000,1687996799999,17642907.97209000,78640,10940842.00000000,7629877.01506000,0
