Open Time,Open,High,Low,Close,Volume,Close Time,Quote Asset Volume,Number of trades,Taker Buy Base Asset Volume,Taker Buy Quote Asset volume
1694044800000,0.45809000,0.47640000,0.43520000,0.45544000,9939207.00000000,1694131199999,4536747.85576000,48717,4777814.00000000,2182885.88421000,0
