Open Time,Open,High,Low,Close,Volume,Close Time,Quote Asset Volume,Number of trades,Taker Buy Base Asset Volume,Taker Buy Quote Asset volume
1684195200000,1.23502000,1.24189000,1.12699000,1.16360000,54058355.00000000,1684281599999,63820065.79846000,184604,26131856.00000000,30830405.52473000,0
