Open Time,Open,High,Low,Close,Volume,Close Time,Quote Asset Volume,Number of trades,Taker Buy Base Asset Volume,Taker Buy Quote Asset volume
1686873600000,0.75118000,0.76973000,0.71386000,0.76356000,15984719.00000000,1686959999999,11828417.01068000,59529,7798005.00000000,5776369.19066000,0
