Open Time,Open,High,Low,Close,Volume,Close Time,Quote Asset Volume,Number of trades,Taker Buy Base Asset Volume,Taker Buy Quote Asset volume
1692230400000,0.51557000,0.51744000,0.35580000,0.41474000,19189099.00000000,1692316799999,8814202.68906000,56639,9400782.00000000,4287455.50774000,0
