Open Time,Open,High,Low,Close,Volume,Close Time,Quote Asset Volume,Number of trades,Taker Buy Base Asset Volume,Taker Buy Quote Asset volume
1688342400000,0.64759000,0.68870000,0.64648000,0.66250000,15600735.00000000,1688428799999,10359697.16277000,54417,7400391.00000000,4915113.19963000,0
