Open Time,Open,High,Low,Close,Volume,Close Time,Quote Asset Volume,Number of trades,Taker Buy Base Asset Volume,Taker Buy Quote Asset volume
1685750400000,1.13755000,1.13801000,1.09397000,1.11129000,11482935.00000000,1685836799999,12788688.67028000,44324,5337709.00000000,5948385.07441000,0
