Open Time,Open,High,Low,Close,Volume,Close Time,Quote Asset Volume,Number of trades,Taker Buy Base Asset Volume,Taker Buy Quote Asset volume
1685318400000,1.41601000,1.55000000,1.19000000,1.21884000,157300722.00000000,1685404799999,213793383.63581000,427902,75352248.00000000,102845678.40341000,0
