Open Time,Open,High,Low,Close,Volume,Close Time,Quote Asset Volume,Number of trades,Taker Buy Base Asset Volume,Taker Buy Quote Asset volume
1688256000000,0.66647000,0.66896000,0.62472000,0.64745000,11514100.00000000,1688342399999,7392236.90602000,41741,5251168.00000000,3370506.64467000,0
