Open Time,Open,High,Low,Close,Volume,Close Time,Quote Asset Volume,Number of trades,Taker Buy Base Asset Volume,Taker Buy Quote Asset volume
1682726400000,1.37232000,1.69500000,1.31000000,1.40826000,243600269.00000000,1682812799999,361613025.63712000,1218493,121558727.00000000,180802648.75146000,0
