Open Time,Open,High,Low,Close,Volume,Close Time,Quote Asset Volume,Number of trades,Taker Buy Base Asset Volume,Taker Buy Quote Asset volume
1684713600000,1.12335000,1.13083000,1.05000000,1.08589000,36377032.00000000,1684799999999,39738184.85242000,101316,17260450.00000000,18853703.44836000,0
