Open Time,Open,High,Low,Close,Volume,Close Time,Quote Asset Volume,Number of trades,Taker Buy Base Asset Volume,Taker Buy Quote Asset volume
1693353600000,0.43975000,0.44926000,0.42320000,0.43181000,9765814.00000000,1693439999999,4252218.99314000,38353,4429754.00000000,1929656.12685000,0
