Open Time,Open,High,Low,Close,Volume,Close Time,Quote Asset Volume,Number of trades,Taker Buy Base Asset Volume,Taker Buy Quote Asset volume
1690416000000,0.59083000,0.60085000,0.58291000,0.59290000,3568723.00000000,1690502399999,2112040.39765000,11110,1596736.00000000,945826.52294000,0
