Open Time,Open,High,Low,Close,Volume,Close Time,Quote Asset Volume,Number of trades,Taker Buy Base Asset Volume,Taker Buy Quote Asset volume
1693267200000,0.40841000,0.44607000,0.39306000,0.43993000,13404622.00000000,1693353599999,5660939.70621000,61705,6559921.00000000,2774468.43242000,0
