Open Time,Open,High,Low,Close,Volume,Close Time,Quote Asset Volume,Number of trades,Taker Buy Base Asset Volume,Taker Buy Quote Asset volume
1689292800000,0.73179000,0.75592000,0.67834000,0.69239000,17446833.00000000,1689379199999,12521604.15750000,60410,8303476.00000000,5960712.50420000,0
