Open Time,Open,High,Low,Close,Volume,Close Time,Quote Asset Volume,Number of trades,Taker Buy Base Asset Volume,Taker Buy Quote Asset volume
1688688000000,0.66550000,0.68405000,0.64740000,0.67551000,12252640.00000000,1688774399999,8135077.29349000,46307,6107572.00000000,4057011.43390000,0
