Open Time,Open,High,Low,Close,Volume,Close Time,Quote Asset Volume,Number of trades,Taker Buy Base Asset Volume,Taker Buy Quote Asset volume
1683936000000,1.14251000,1.19888000,1.10526000,1.12543000,58098580.00000000,1684022399999,66939358.08096000,252854,29914262.00000000,34487274.74987000,0
