Open Time,Open,High,Low,Close,Volume,Close Time,Quote Asset Volume,Number of trades,Taker Buy Base Asset Volume,Taker Buy Quote Asset volume
1686700800000,0.79038000,0.80232000,0.72673000,0.73254000,15246289.00000000,1686787199999,11687884.78388000,71364,7149243.00000000,5486077.09222000,0
