Open Time,Open,High,Low,Close,Volume,Close Time,Quote Asset Volume,Number of trades,Taker Buy Base Asset Volume,Taker Buy Quote Asset volume
1691712000000,0.59057000,0.59597000,0.58470000,0.59275000,2500063.00000000,1691798399999,1475911.61541000,7988,1268152.00000000,748907.33160000,0
