Open Time,Open,High,Low,Close,Volume,Close Time,Quote Asset Volume,Number of trades,Taker Buy Base Asset Volume,Taker Buy Quote Asset volume
1685404800000,1.21937000,1.24600000,1.13001000,1.14636000,65050585.00000000,1685491199999,77807367.60890000,193516,30851556.00000000,36944208.08661000,0
