Open Time,Open,High,Low,Close,Volume,Close Time,Quote Asset Volume,Number of trades,Taker Buy Base Asset Volume,Taker Buy Quote Asset volume
1686960000000,0.76351000,0.80291000,0.74885000,0.77916000,15809121.00000000,1687046399999,12324409.35861000,60465,7938179.00000000,6189295.81486000,0
