Open Time,Open,High,Low,Close,Volume,Close Time,Quote Asset Volume,Number of trades,Taker Buy Base Asset Volume,Taker Buy Quote Asset volume
1693785600000,0.45049000,0.45856000,0.44105000,0.44816000,7447983.00000000,1693871999999,3349194.60020000,27757,3518773.00000000,1582941.21273000,0
