Open Time,Open,High,Low,Close,Volume,Close Time,Quote Asset Volume,Number of trades,Taker Buy Base Asset Volume,Taker Buy Quote Asset volume
1684972800000,1.18869000,1.29614000,1.13501000,1.22678000,87021762.00000000,1685059199999,105750117.95212000,258124,42935589.00000000,52223840.54995000,0
