Open Time,Open,High,Low,Close,Volume,Close Time,Quote Asset Volume,Number of trades,Taker Buy Base Asset Volume,Taker Buy Quote Asset volume
1687219200000,0.77258000,0.79946000,0.74427000,0.79646000,18667716.00000000,1687305599999,14523702.73152000,80185,8996111.00000000,7007892.38823000,0
