Open Time,Open,High,Low,Close,Volume,Close Time,Quote Asset Volume,Number of trades,Taker Buy Base Asset Volume,Taker Buy Quote Asset volume
1690070400000,0.60648000,0.61394000,0.59808000,0.60562000,6870818.00000000,1690156799999,4165118.77593000,19586,3417454.00000000,2070940.32806000,0
