Open Time,Open,High,Low,Close,Volume,Close Time,Quote Asset Volume,Number of trades,Taker Buy Base Asset Volume,Taker Buy Quote Asset volume
1693180800000,0.39432000,0.41182000,0.39012000,0.40826000,8032153.00000000,1693267199999,3219491.12239000,37403,3816568.00000000,1530735.03665000,0
