Open Time,Open,High,Low,Close,Volume,Close Time,Quote Asset Volume,Number of trades,Taker Buy Base Asset Volume,Taker Buy Quote Asset volume
1685059200000,1.22616000,1.25091000,1.16220000,1.19423000,44361708.00000000,1685145599999,53597646.69372000,140599,21946038.00000000,26537944.50064000,0
