Open Time,Open,High,Low,Close,Volume,Close Time,Quote Asset Volume,Number of trades,Taker Buy Base Asset Volume,Taker Buy Quote Asset volume
1683244800000,1.28116000,1.28199000,1.14888000,1.18559000,44912130.00000000,1683331199999,54121515.74333000,167940,20420680.00000000,24620427.22094000,0
