Open Time,Open,High,Low,Close,Volume,Close Time,Quote Asset Volume,Number of trades,Taker Buy Base Asset Volume,Taker Buy Quote Asset volume
1691884800000,0.59967000,0.61764000,0.58902000,0.59116000,4793139.00000000,1691971199999,2894838.39293000,12493,2182598.00000000,1319121.97296000,0
