Open Time,Open,High,Low,Close,Volume,Close Time,Quote Asset Volume,Number of trades,Taker Buy Base Asset Volume,Taker Buy Quote Asset volume
1685145600000,1.19423000,1.22558000,1.15028000,1.17420000,28077731.00000000,1685231999999,33254929.04436000,82531,13587443.00000000,16104954.24022000,0
