Open Time,Open,High,Low,Close,Volume,Close Time,Quote Asset Volume,Number of trades,Taker Buy Base Asset Volume,Taker Buy Quote Asset volume
1683331200000,1.18600000,1.19884000,1.02604000,1.08480000,41345430.00000000,1683417599999,45728546.00728000,136809,18951484.00000000,20959634.49250000,0
