Open Time,Open,High,Low,Close,Volume,Close Time,Quote Asset Volume,Number of trades,Taker Buy Base Asset Volume,Taker Buy Quote Asset volume
1692662400000,0.43414000,0.44934000,0.41274000,0.43486000,10496879.00000000,1692748799999,4469680.15323000,39763,5040201.00000000,2147631.23322000,0
