Open Time,Open,High,Low,Close,Volume,Close Time,Quote Asset Volume,Number of trades,Taker Buy Base Asset Volume,Taker Buy Quote Asset volume
1694304000000,0.48256000,0.48256000,0.40570000,0.42416000,9325237.00000000,1694390399999,4055639.17285000,41411,4165639.00000000,1807390.99390000,0
