Open Time,Open,High,Low,Close,Volume,Close Time,Quote Asset Volume,Number of trades,Taker Buy Base Asset Volume,Taker Buy Quote Asset volume
1690502400000,0.59254000,0.60464000,0.58819000,0.59400000,4147112.00000000,1690588799999,2473819.75657000,11907,2107857.00000000,1257562.45029000,0
