Open Time,Open,High,Low,Close,Volume,Close Time,Quote Asset Volume,Number of trades,Taker Buy Base Asset Volume,Taker Buy Quote Asset volume
1689897600000,0.63600000,0.64654000,0.62164000,0.63005000,5740853.00000000,1689983999999,3626077.60752000,16403,2645155.00000000,1671440.13929000,0
