Open Time,Open,High,Low,Close,Volume,Close Time,Quote Asset Volume,Number of trades,Taker Buy Base Asset Volume,Taker Buy Quote Asset volume
1687824000000,0.74130000,0.78764000,0.73382000,0.75622000,16505068.00000000,1687910399999,12609671.27799000,60865,7652070.00000000,5849753.54851000,0
