Open Time,Open,High,Low,Close,Volume,Close Time,Quote Asset Volume,Number of trades,Taker Buy Base Asset Volume,Taker Buy Quote Asset volume
1690934400000,0.60914000,0.61031000,0.57883000,0.58059000,5795793.00000000,1691020799999,3441478.23341000,13449,2334646.00000000,1385444.79249000,0
