Open Time,Open,High,Low,Close,Volume,Close Time,Quote Asset Volume,Number of trades,Taker Buy Base Asset Volume,Taker Buy Quote Asset volume
1682985600000,1.24922000,1.31754000,1.21100000,1.24248000,47361582.00000000,1683071999999,59617263.36970000,219129,23171635.00000000,29206066.70292000,0
