Open Time,Open,High,Low,Close,Volume,Close Time,Quote Asset Volume,Number of trades,Taker Buy Base Asset Volume,Taker Buy Quote Asset volume
1691452800000,0.57332000,0.60004000,0.56340000,0.59417000,8319712.00000000,1691539199999,4857935.12039000,21351,4216581.00000000,2461731.36064000,0
