Open Time,Open,High,Low,Close,Volume,Close Time,Quote Asset Volume,Number of trades,Taker Buy Base Asset Volume,Taker Buy Quote Asset volume
1691539200000,0.59417000,0.60129000,0.58600000,0.59279000,5364880.00000000,1691625599999,3177201.02019000,15920,2665824.00000000,1579165.81518000,0
