Open Time,Open,High,Low,Close,Volume,Close Time,Quote Asset Volume,Number of trades,Taker Buy Base Asset Volume,Taker Buy Quote Asset volume
1693612800000,0.42092000,0.47904000,0.42000000,0.43873000,33058221.00000000,1693699199999,15051292.84164000,114879,15406247.00000000,7016354.38361000,0
