Open Time,Open,High,Low,Close,Volume,Close Time,Quote Asset Volume,Number of trades,Taker Buy Base Asset Volume,Taker Buy Quote Asset volume
1682640000000,0.05000000,1.49000000,0.05000000,1.37239000,361053243.00000000,1682726399999,448582391.03943000,1421067,188686876.00000000,235224740.15169000,0
