Open Time,Open,High,Low,Close,Volume,Close Time,Quote Asset Volume,Number of trades,Taker Buy Base Asset Volume,Taker Buy Quote Asset volume
1691107200000,0.57493000,0.58300000,0.56800000,0.57617000,9635034.00000000,1691193599999,5547690.95420000,18629,4877889.00000000,2807903.83933000,0
