Open Time,Open,High,Low,Close,Volume,Close Time,Quote Asset Volume,Number of trades,Taker Buy Base Asset Volume,Taker Buy Quote Asset volume
1685923200000,1.11036000,1.16375000,0.92294000,0.95394000,62820036.00000000,1686009599999,65790150.20599000,215599,28303683.00000000,29689529.42825000,0
