Open Time,Open,High,Low,Close,Volume,Close Time,Quote Asset Volume,Number of trades,Taker Buy Base Asset Volume,Taker Buy Quote Asset volume
1687478400000,0.78825000,0.83720000,0.77700000,0.81953000,18663146.00000000,1687564799999,15085748.54484000,74116,8774337.00000000,7105079.06618000,0
