Open Time,Open,High,Low,Close,Volume,Close Time,Quote Asset Volume,Number of trades,Taker Buy Base Asset Volume,Taker Buy Quote Asset volume
1689552000000,0.66264000,0.68269000,0.65259000,0.67952000,6086466.00000000,1689638399999,4083733.07460000,23506,2882299.00000000,1935041.97158000,0
