Open Time,Open,High,Low,Close,Volume,Close Time,Quote Asset Volume,Number of trades,Taker Buy Base Asset Volume,Taker Buy Quote Asset volume
1686182400000,0.93743000,0.97898000,0.90604000,0.93150000,20461154.00000000,1686268799999,19302882.48191000,87101,10037257.00000000,9472038.61378000,0
