Open Time,Open,High,Low,Close,Volume,Close Time,Quote Asset Volume,Number of trades,Taker Buy Base Asset Volume,Taker Buy Quote Asset volume
1693872000000,0.44813000,0.45749000,0.42887000,0.43317000,4914489.00000000,1693958399999,2189228.89997000,21248,2120181.00000000,945274.05494000,0
