Open Time,Open,High,Low,Close,Volume,Close Time,Quote Asset Volume,Number of trades,Taker Buy Base Asset Volume,Taker Buy Quote Asset volume
1692576000000,0.44826000,0.45202000,0.41257000,0.43359000,5352991.00000000,1692662399999,2329942.99628000,11763,2386415.00000000,1039317.83654000,0
