Open Time,Open,High,Low,Close,Volume,Close Time,Quote Asset Volume,Number of trades,Taker Buy Base Asset Volume,Taker Buy Quote Asset volume
1684886400000,1.13759000,1.22000000,1.07000000,1.18869000,95560963.00000000,1684972799999,109505737.23770000,245664,47735141.00000000,54851815.32973000,0
