Open Time,Open,High,Low,Close,Volume,Close Time,Quote Asset Volume,Number of trades,Taker Buy Base Asset Volume,Taker Buy Quote Asset volume
1659484800000,1.63500000,2.19100000,1.54000000,1.99100000,118871511.54000000,1659571199999,217233552.12536000,366174,58116421.41000000,106427760.03451000,0
