Open Time,Open,High,Low,Close,Volume,Close Time,Quote Asset Volume,Number of trades,Taker Buy Base Asset Volume,Taker Buy Quote Asset volume
1654214400000,1.54600000,1.65300000,1.28900000,1.36200000,107910196.98000000,1654300799999,156184648.74616000,285323,50881607.98000000,73552316.92585000,0
