Open Time,Open,High,Low,Close,Volume,Close Time,Quote Asset Volume,Number of trades,Taker Buy Base Asset Volume,Taker Buy Quote Asset volume
1669593600000,0.88300000,0.89200000,0.83700000,0.87100000,11827877.03000000,1669679999999,10181756.66886000,36229,5918334.68000000,5094784.59031000,0
