Open Time,Open,High,Low,Close,Volume,Close Time,Quote Asset Volume,Number of trades,Taker Buy Base Asset Volume,Taker Buy Quote Asset volume
1662595200000,1.17200000,1.20200000,1.11400000,1.17800000,27060981.25000000,1662681599999,31396052.13246000,67495,13115256.09000000,15232215.62935000,0
