Open Time,Open,High,Low,Close,Volume,Close Time,Quote Asset Volume,Number of trades,Taker Buy Base Asset Volume,Taker Buy Quote Asset volume
1663459200000,1.13100000,1.13900000,0.90100000,0.93000000,24875331.52000000,1663545599999,25426613.19192000,56667,10711509.04000000,10959678.65161000,0
