Open Time,Open,High,Low,Close,Volume,Close Time,Quote Asset Volume,Number of trades,Taker Buy Base Asset Volume,Taker Buy Quote Asset volume
1671062400000,1.14700000,1.16700000,1.04300000,1.06700000,19433176.71000000,1671148799999,21490101.12850000,44920,9173017.78000000,10118393.39067000,0
