Open Time,Open,High,Low,Close,Volume,Close Time,Quote Asset Volume,Number of trades,Taker Buy Base Asset Volume,Taker Buy Quote Asset volume
1661126400000,1.17800000,1.20600000,1.09100000,1.16700000,40080875.03000000,1661212799999,45659578.88894000,79585,19585964.32000000,22337230.13760000,0
