Open Time,Open,High,Low,Close,Volume,Close Time,Quote Asset Volume,Number of trades,Taker Buy Base Asset Volume,Taker Buy Quote Asset volume
1661385600000,1.22700000,1.28300000,1.16200000,1.17800000,25533498.42000000,1661471999999,31211584.74820000,59288,11286599.60000000,13830665.31869000,0
