Open Time,Open,High,Low,Close,Volume,Close Time,Quote Asset Volume,Number of trades,Taker Buy Base Asset Volume,Taker Buy Quote Asset volume
1658707200000,0.91900000,0.92400000,0.79000000,0.79500000,52472011.77000000,1658793599999,45216810.23121000,65570,22765259.92000000,19666915.79869000,0
