Open Time,Open,High,Low,Close,Volume,Close Time,Quote Asset Volume,Number of trades,Taker Buy Base Asset Volume,Taker Buy Quote Asset volume
1658102400000,0.58100000,0.83300000,0.56300000,0.81700000,165781778.86000000,1658188799999,119493228.43213000,224936,82689798.63000000,59524132.60176000,0
