Open Time,Open,High,Low,Close,Volume,Close Time,Quote Asset Volume,Number of trades,Taker Buy Base Asset Volume,Taker Buy Quote Asset volume
1659830400000,1.90100000,2.00000000,1.89000000,1.91100000,34122133.52000000,1659916799999,66408561.86903000,96734,15563395.43000000,30313173.62449000,0
