Open Time,Open,High,Low,Close,Volume,Close Time,Quote Asset Volume,Number of trades,Taker Buy Base Asset Volume,Taker Buy Quote Asset volume
1670112000000,1.03900000,1.07700000,1.01200000,1.07100000,13612557.71000000,1670198399999,14192627.41432000,34642,6674216.79000000,6958027.42221000,0
