Open Time,Open,High,Low,Close,Volume,Close Time,Quote Asset Volume,Number of trades,Taker Buy Base Asset Volume,Taker Buy Quote Asset volume
1672099200000,0.94900000,0.96400000,0.92400000,0.94100000,11435674.67000000,1672185599999,10766311.70820000,24483,5587034.44000000,5262458.90580000,0
