Open Time,Open,High,Low,Close,Volume,Close Time,Quote Asset Volume,Number of trades,Taker Buy Base Asset Volume,Taker Buy Quote Asset volume
1659312000000,1.58200000,1.69000000,1.42700000,1.50900000,49308625.64000000,1659398399999,77485419.39474000,114074,24292493.27000000,38150793.40059000,0
