Open Time,Open,High,Low,Close,Volume,Close Time,Quote Asset Volume,Number of trades,Taker Buy Base Asset Volume,Taker Buy Quote Asset volume
1670025600000,1.10700000,1.11600000,1.03600000,1.03900000,10440345.55000000,1670111999999,11184424.00694000,33466,4864523.59000000,5216228.29331000,0
