Open Time,Open,High,Low,Close,Volume,Close Time,Quote Asset Volume,Number of trades,Taker Buy Base Asset Volume,Taker Buy Quote Asset volume
1671148800000,1.06600000,1.08800000,0.91700000,0.94500000,33743482.98000000,1671235199999,34369023.32602000,75625,16480407.88000000,16789049.86101000,0
