Open Time,Open,High,Low,Close,Volume,Close Time,Quote Asset Volume,Number of trades,Taker Buy Base Asset Volume,Taker Buy Quote Asset volume
1661904000000,1.08400000,1.21600000,1.08400000,1.12900000,37007506.01000000,1661990399999,42855486.22553000,66279,18371788.43000000,21289612.12964000,0
