Open Time,Open,High,Low,Close,Volume,Close Time,Quote Asset Volume,Number of trades,Taker Buy Base Asset Volume,Taker Buy Quote Asset volume
1657238400000,0.57700000,0.62700000,0.55700000,0.56600000,20417572.43000000,1657324799999,11934467.72395000,23654,8946451.79000000,5227710.91357000,0
