Open Time,Open,High,Low,Close,Volume,Close Time,Quote Asset Volume,Number of trades,Taker Buy Base Asset Volume,Taker Buy Quote Asset volume
1664236800000,0.92300000,0.99100000,0.89600000,0.91900000,21767026.87000000,1664323199999,20638663.85186000,39928,10014943.40000000,9490239.79011000,0
