Open Time,Open,High,Low,Close,Volume,Close Time,Quote Asset Volume,Number of trades,Taker Buy Base Asset Volume,Taker Buy Quote Asset volume
1665100800000,0.85200000,0.85500000,0.83300000,0.84600000,6481725.50000000,1665187199999,5464530.73932000,13189,3031531.20000000,2556710.39013000,0
