Open Time,Open,High,Low,Close,Volume,Close Time,Quote Asset Volume,Number of trades,Taker Buy Base Asset Volume,Taker Buy Quote Asset volume
1660003200000,1.89800000,1.92600000,1.60400000,1.61500000,63294913.93000000,1660089599999,111051434.88180000,164654,30628863.89000000,53734247.35437000,0
