Open Time,Open,High,Low,Close,Volume,Close Time,Quote Asset Volume,Number of trades,Taker Buy Base Asset Volume,Taker Buy Quote Asset volume
1667865600000,1.31000000,1.32600000,0.86000000,0.96700000,92027144.33000000,1667951999999,100894698.22673000,258001,44535555.30000000,48835683.26635000,0
