Open Time,Open,High,Low,Close,Volume,Close Time,Quote Asset Volume,Number of trades,Taker Buy Base Asset Volume,Taker Buy Quote Asset volume
1660953600000,1.22000000,1.29600000,1.09000000,1.13000000,49780846.28000000,1661039999999,59658261.36281000,105198,23702872.54000000,28448073.98966000,0
