Open Time,Open,High,Low,Close,Volume,Close Time,Quote Asset Volume,Number of trades,Taker Buy Base Asset Volume,Taker Buy Quote Asset volume
1670371200000,1.05900000,1.07100000,0.99000000,1.02500000,14002832.69000000,1670457599999,14365111.52856000,42726,6749102.24000000,6927306.38841000,0
