Open Time,Open,High,Low,Close,Volume,Close Time,Quote Asset Volume,Number of trades,Taker Buy Base Asset Volume,Taker Buy Quote Asset volume
1664582400000,0.91100000,0.92800000,0.88600000,0.89300000,7540066.35000000,1664668799999,6830714.27966000,15208,3316127.33000000,3008069.05271000,0
