Open Time,Open,High,Low,Close,Volume,Close Time,Quote Asset Volume,Number of trades,Taker Buy Base Asset Volume,Taker Buy Quote Asset volume
1666137600000,0.74100000,0.74600000,0.68200000,0.69000000,8410386.61000000,1666223999999,5990573.12342000,17772,3455632.82000000,2464313.27324000,0
