Open Time,Open,High,Low,Close,Volume,Close Time,Quote Asset Volume,Number of trades,Taker Buy Base Asset Volume,Taker Buy Quote Asset volume
1671321600000,0.94700000,0.96100000,0.92100000,0.92500000,10191811.20000000,1671407999999,9566143.74730000,27560,4890831.94000000,4593091.03189000,0
