Open Time,Open,High,Low,Close,Volume,Close Time,Quote Asset Volume,Number of trades,Taker Buy Base Asset Volume,Taker Buy Quote Asset volume
1665878400000,0.68600000,0.70800000,0.68500000,0.69900000,4345327.46000000,1665964799999,3033615.17093000,11991,1983324.11000000,1385305.57286000,0
