Open Time,Open,High,Low,Close,Volume,Close Time,Quote Asset Volume,Number of trades,Taker Buy Base Asset Volume,Taker Buy Quote Asset volume
1665014400000,0.86200000,0.87500000,0.84500000,0.85200000,9728831.79000000,1665100799999,8392006.48892000,20606,4430688.60000000,3823430.06156000,0
