Open Time,Open,High,Low,Close,Volume,Close Time,Quote Asset Volume,Number of trades,Taker Buy Base Asset Volume,Taker Buy Quote Asset volume
1666569600000,0.83100000,0.88800000,0.79300000,0.84000000,27702527.61000000,1666655999999,23146672.96949000,59939,13687388.38000000,11452834.70502000,0
