Open Time,Open,High,Low,Close,Volume,Close Time,Quote Asset Volume,Number of trades,Taker Buy Base Asset Volume,Taker Buy Quote Asset volume
1672012800000,0.93500000,0.95100000,0.92200000,0.94800000,4659330.09000000,1672099199999,4356659.75905000,14682,2324256.98000000,2174803.32226000,0
