Open Time,Open,High,Low,Close,Volume,Close Time,Quote Asset Volume,Number of trades,Taker Buy Base Asset Volume,Taker Buy Quote Asset volume
1668556800000,0.93700000,0.96300000,0.87100000,0.89700000,17898181.74000000,1668643199999,16348671.89277000,53516,8565556.14000000,7825337.68862000,0
