Open Time,Open,High,Low,Close,Volume,Close Time,Quote Asset Volume,Number of trades,Taker Buy Base Asset Volume,Taker Buy Quote Asset volume
1668902400000,0.93200000,0.94400000,0.84100000,0.84800000,12723046.80000000,1668988799999,11423446.47044000,40955,5605314.01000000,5040321.27394000,0
