Open Time,Open,High,Low,Close,Volume,Close Time,Quote Asset Volume,Number of trades,Taker Buy Base Asset Volume,Taker Buy Quote Asset volume
1662854400000,1.38700000,1.45800000,1.32700000,1.40100000,34453383.13000000,1662940799999,48076549.00869000,91356,16506569.96000000,23061404.95461000,0
