Open Time,Open,High,Low,Close,Volume,Close Time,Quote Asset Volume,Number of trades,Taker Buy Base Asset Volume,Taker Buy Quote Asset volume
1661731200000,1.05400000,1.20000000,1.02600000,1.17300000,47012266.34000000,1661817599999,52698254.69610000,87489,24359747.04000000,27319505.41172000,0
