Open Time,Open,High,Low,Close,Volume,Close Time,Quote Asset Volume,Number of trades,Taker Buy Base Asset Volume,Taker Buy Quote Asset volume
1656460800000,0.52800000,0.61500000,0.52000000,0.58100000,53810583.24000000,1656547199999,30850160.74924000,58176,25513473.20000000,14691059.77353000,0
