Open Time,Open,High,Low,Close,Volume,Close Time,Quote Asset Volume,Number of trades,Taker Buy Base Asset Volume,Taker Buy Quote Asset volume
1664323200000,0.91900000,0.92400000,0.86500000,0.90900000,15786888.08000000,1664409599999,14087933.46339000,33013,8289160.24000000,7396317.33741000,0
