Open Time,Open,High,Low,Close,Volume,Close Time,Quote Asset Volume,Number of trades,Taker Buy Base Asset Volume,Taker Buy Quote Asset volume
1670889600000,1.04600000,1.15500000,0.99800000,1.13900000,30537418.93000000,1670975999999,33320743.17258000,83520,15427600.58000000,16826948.39540000,0
