Open Time,Open,High,Low,Close,Volume,Close Time,Quote Asset Volume,Number of trades,Taker Buy Base Asset Volume,Taker Buy Quote Asset volume
1659225600000,1.80800000,1.81100000,1.56900000,1.58300000,43840563.01000000,1659311999999,74441886.25649000,123386,21562400.26000000,36640441.44827000,0
