Open Time,Open,High,Low,Close,Volume,Close Time,Quote Asset Volume,Number of trades,Taker Buy Base Asset Volume,Taker Buy Quote Asset volume
1655424000000,0.49100000,0.52900000,0.48500000,0.51800000,26253084.27000000,1655510399999,13356531.03770000,27731,12679414.53000000,6467603.52268000,0
