Open Time,Open,High,Low,Close,Volume,Close Time,Quote Asset Volume,Number of trades,Taker Buy Base Asset Volume,Taker Buy Quote Asset volume
1664150400000,0.90400000,0.92600000,0.88600000,0.92200000,11727584.93000000,1664236799999,10634533.68853000,29189,5633935.69000000,5112461.24137000,0
