Open Time,Open,High,Low,Close,Volume,Close Time,Quote Asset Volume,Number of trades,Taker Buy Base Asset Volume,Taker Buy Quote Asset volume
1664928000000,0.87100000,0.87500000,0.83700000,0.86300000,7878496.57000000,1665014399999,6731577.54746000,17440,3826123.21000000,3269348.85870000,0
