Open Time,Open,High,Low,Close,Volume,Close Time,Quote Asset Volume,Number of trades,Taker Buy Base Asset Volume,Taker Buy Quote Asset volume
1655164800000,0.54600000,0.62600000,0.51200000,0.56500000,67945402.65000000,1655251199999,38208339.37550000,63675,32713804.09000000,18448798.51746000,0
