Open Time,Open,High,Low,Close,Volume,Close Time,Quote Asset Volume,Number of trades,Taker Buy Base Asset Volume,Taker Buy Quote Asset volume
1656028800000,0.52200000,0.64400000,0.51100000,0.59000000,72524536.21000000,1656115199999,42756183.35140000,76177,34621793.61000000,20413640.82653000,0
