Open Time,Open,High,Low,Close,Volume,Close Time,Quote Asset Volume,Number of trades,Taker Buy Base Asset Volume,Taker Buy Quote Asset volume
1658966400000,1.05100000,1.55500000,1.03000000,1.44800000,156729992.66000000,1659052799999,198750029.35030000,315140,79926262.83000000,101613098.38364000,0
