Open Time,Open,High,Low,Close,Volume,Close Time,Quote Asset Volume,Number of trades,Taker Buy Base Asset Volume,Taker Buy Quote Asset volume
1663632000000,0.95300000,0.96100000,0.87600000,0.91900000,26701462.69000000,1663718399999,24481144.71412000,60682,12795264.53000000,11726428.54776000,0
