Open Time,Open,High,Low,Close,Volume,Close Time,Quote Asset Volume,Number of trades,Taker Buy Base Asset Volume,Taker Buy Quote Asset volume
1665792000000,0.71800000,0.71900000,0.67800000,0.68600000,5114019.31000000,1665878399999,3567482.69526000,15176,2514011.31000000,1754304.39895000,0
