Open Time,Open,High,Low,Close,Volume,Close Time,Quote Asset Volume,Number of trades,Taker Buy Base Asset Volume,Taker Buy Quote Asset volume
1661212800000,1.16800000,1.35500000,1.12000000,1.33300000,64350067.00000000,1661299199999,79850923.44688000,144887,32277588.98000000,40115161.44525000,0
