Open Time,Open,High,Low,Close,Volume,Close Time,Quote Asset Volume,Number of trades,Taker Buy Base Asset Volume,Taker Buy Quote Asset volume
1659398400000,1.50900000,1.67100000,1.36200000,1.63600000,78766374.90000000,1659484799999,118585438.28207000,173298,38141743.33000000,57533796.33344000,0
