Open Time,Open,High,Low,Close,Volume,Close Time,Quote Asset Volume,Number of trades,Taker Buy Base Asset Volume,Taker Buy Quote Asset volume
1671494400000,0.88400000,0.98300000,0.87800000,0.97200000,22155445.87000000,1671580799999,21077515.38251000,55558,11750813.73000000,11180232.16782000,0
