Open Time,Open,High,Low,Close,Volume,Close Time,Quote Asset Volume,Number of trades,Taker Buy Base Asset Volume,Taker Buy Quote Asset volume
1672185600000,0.94200000,0.94500000,0.88600000,0.89600000,18206795.46000000,1672271999999,16497248.31781000,35724,8928933.84000000,8089894.72197000,0
