Open Time,Open,High,Low,Close,Volume,Close Time,Quote Asset Volume,Number of trades,Taker Buy Base Asset Volume,Taker Buy Quote Asset volume
1669852800000,1.00200000,1.09300000,0.99900000,1.05700000,27460259.79000000,1669939199999,28972710.73409000,84111,13279767.47000000,14021256.97222000,0
