Open Time,Open,High,Low,Close,Volume,Close Time,Quote Asset Volume,Number of trades,Taker Buy Base Asset Volume,Taker Buy Quote Asset volume
1662249600000,1.19300000,1.22300000,1.12800000,1.17500000,19831287.43000000,1662335999999,23148437.47953000,42537,9298396.66000000,10878093.88591000,0
