Open Time,Open,High,Low,Close,Volume,Close Time,Quote Asset Volume,Number of trades,Taker Buy Base Asset Volume,Taker Buy Quote Asset volume
1669248000000,0.93000000,0.97200000,0.91600000,0.94600000,17460090.38000000,1669334399999,16427285.92934000,53679,8941917.75000000,8422597.20802000,0
