Open Time,Open,High,Low,Close,Volume,Close Time,Quote Asset Volume,Number of trades,Taker Buy Base Asset Volume,Taker Buy Quote Asset volume
1660694400000,1.45500000,1.50000000,1.25900000,1.32100000,44259816.29000000,1660780799999,61111138.84431000,108094,21455592.69000000,29727235.65646000,0
