Open Time,Open,High,Low,Close,Volume,Close Time,Quote Asset Volume,Number of trades,Taker Buy Base Asset Volume,Taker Buy Quote Asset volume
1672444800000,0.91300000,0.93500000,0.90600000,0.91700000,4248442.94000000,1672531199999,3901821.44432000,10441,2122443.46000000,1948992.49917000,0
