Open Time,Open,High,Low,Close,Volume,Close Time,Quote Asset Volume,Number of trades,Taker Buy Base Asset Volume,Taker Buy Quote Asset volume
1671408000000,0.92600000,0.94600000,0.86500000,0.88500000,13003013.26000000,1671494399999,11911057.14178000,35587,6408129.37000000,5871300.91331000,0
