Open Time,Open,High,Low,Close,Volume,Close Time,Quote Asset Volume,Number of trades,Taker Buy Base Asset Volume,Taker Buy Quote Asset volume
1669766400000,0.89200000,1.01700000,0.89100000,1.00300000,21923745.39000000,1669852799999,21104528.02864000,67446,11691464.60000000,11259384.66743000,0
