Open Time,Open,High,Low,Close,Volume,Close Time,Quote Asset Volume,Number of trades,Taker Buy Base Asset Volume,Taker Buy Quote Asset volume
1664496000000,0.90600000,0.92000000,0.88500000,0.91000000,11721438.16000000,1664582399999,10567527.45306000,24622,5602001.57000000,5055320.10356000,0
