Open Time,Open,High,Low,Close,Volume,Close Time,Quote Asset Volume,Number of trades,Taker Buy Base Asset Volume,Taker Buy Quote Asset volume
1657324800000,0.56700000,0.58600000,0.55700000,0.57400000,9416532.19000000,1657411199999,5369605.26327000,11550,4990778.01000000,2847683.82584000,0
