Open Time,Open,High,Low,Close,Volume,Close Time,Quote Asset Volume,Number of trades,Taker Buy Base Asset Volume,Taker Buy Quote Asset volume
1666396800000,0.73000000,0.76300000,0.71000000,0.74700000,12339537.45000000,1666483199999,9036902.51617000,31599,6353130.23000000,4661786.68531000,0
