Open Time,Open,High,Low,Close,Volume,Close Time,Quote Asset Volume,Number of trades,Taker Buy Base Asset Volume,Taker Buy Quote Asset volume
1654905600000,0.88000000,0.93000000,0.72800000,0.76200000,58235387.04000000,1654991999999,48384174.21930000,77463,26131278.66000000,21604893.67602000,0
