Open Time,Open,High,Low,Close,Volume,Close Time,Quote Asset Volume,Number of trades,Taker Buy Base Asset Volume,Taker Buy Quote Asset volume
1655078400000,0.64400000,0.66800000,0.49800000,0.54600000,100777103.80000000,1655164799999,55747240.54827000,93550,50043505.78000000,27709111.97062000,0
