Open Time,Open,High,Low,Close,Volume,Close Time,Quote Asset Volume,Number of trades,Taker Buy Base Asset Volume,Taker Buy Quote Asset volume
1666310400000,0.67200000,0.74900000,0.63400000,0.73000000,12545312.27000000,1666396799999,8497077.07654000,31303,6295698.41000000,4265926.54533000,0
