Open Time,Open,High,Low,Close,Volume,Close Time,Quote Asset Volume,Number of trades,Taker Buy Base Asset Volume,Taker Buy Quote Asset volume
1667347200000,1.00500000,1.05200000,0.94400000,1.02900000,25807190.71000000,1667433599999,25871950.84157000,78700,12889244.58000000,12925016.65891000,0
