Open Time,Open,High,Low,Close,Volume,Close Time,Quote Asset Volume,Number of trades,Taker Buy Base Asset Volume,Taker Buy Quote Asset volume
1667001600000,1.14600000,1.20500000,1.05500000,1.08500000,40432651.27000000,1667087999999,45549562.53801000,111472,18874506.50000000,21279811.70417000,0
