Open Time,Open,High,Low,Close,Volume,Close Time,Quote Asset Volume,Number of trades,Taker Buy Base Asset Volume,Taker Buy Quote Asset volume
1660521600000,1.43800000,1.57000000,1.37900000,1.57000000,65733983.17000000,1660607999999,97239591.15385000,176456,32850991.18000000,48693887.95996000,0
