Open Time,Open,High,Low,Close,Volume,Close Time,Quote Asset Volume,Number of trades,Taker Buy Base Asset Volume,Taker Buy Quote Asset volume
1661040000000,1.13200000,1.22600000,1.11700000,1.17600000,34252057.14000000,1661126399999,40277113.80155000,70117,17614137.32000000,20733321.69274000,0
