Open Time,Open,High,Low,Close,Volume,Close Time,Quote Asset Volume,Number of trades,Taker Buy Base Asset Volume,Taker Buy Quote Asset volume
1660348800000,1.65000000,1.70300000,1.51100000,1.54100000,38793008.27000000,1660435199999,63044616.42129000,102949,17852795.31000000,29107150.36777000,0
