Open Time,Open,High,Low,Close,Volume,Close Time,Quote Asset Volume,Number of trades,Taker Buy Base Asset Volume,Taker Buy Quote Asset volume
1654387200000,1.39300000,1.43500000,1.15100000,1.16500000,60514926.55000000,1654473599999,77545054.57373000,128011,28014306.41000000,35966921.89080000,0
