Open Time,Open,High,Low,Close,Volume,Close Time,Quote Asset Volume,Number of trades,Taker Buy Base Asset Volume,Taker Buy Quote Asset volume
1658016000000,0.52100000,0.61500000,0.51400000,0.58100000,73415867.41000000,1658102399999,42229684.58595000,73315,35412681.35000000,20365157.79650000,0
