Open Time,Open,High,Low,Close,Volume,Close Time,Quote Asset Volume,Number of trades,Taker Buy Base Asset Volume,Taker Buy Quote Asset volume
1662508800000,1.09400000,1.18700000,1.06400000,1.17200000,28846860.39000000,1662595199999,32304930.08329000,65418,14578179.80000000,16350538.86000000,0
