Open Time,Open,High,Low,Close,Volume,Close Time,Quote Asset Volume,Number of trades,Taker Buy Base Asset Volume,Taker Buy Quote Asset volume
1666656000000,0.84100000,1.05700000,0.82400000,0.97400000,55054061.10000000,1666742399999,51368081.50799000,131773,26978139.40000000,25183000.45184000,0
