Open Time,Open,High,Low,Close,Volume,Close Time,Quote Asset Volume,Number of trades,Taker Buy Base Asset Volume,Taker Buy Quote Asset volume
1664064000000,0.91800000,0.95200000,0.88500000,0.90500000,10584782.10000000,1664150399999,9739984.92630000,23610,5098508.49000000,4691196.85869000,0
