Open Time,Open,High,Low,Close,Volume,Close Time,Quote Asset Volume,Number of trades,Taker Buy Base Asset Volume,Taker Buy Quote Asset volume
1666828800000,1.11500000,1.15200000,1.05600000,1.06900000,41226844.85000000,1666915199999,45614062.96572000,115475,19391782.96000000,21482617.48208000,0
