Open Time,Open,High,Low,Close,Volume,Close Time,Quote Asset Volume,Number of trades,Taker Buy Base Asset Volume,Taker Buy Quote Asset volume
1655596800000,0.45000000,0.52800000,0.43500000,0.50900000,33706776.84000000,1655683199999,16087823.59595000,34516,16095925.13000000,7713386.02219000,0
