Open Time,Open,High,Low,Close,Volume,Close Time,Quote Asset Volume,Number of trades,Taker Buy Base Asset Volume,Taker Buy Quote Asset volume
1655856000000,0.51500000,0.51500000,0.45900000,0.46200000,28952466.07000000,1655942399999,14280349.10967000,26996,13808216.55000000,6812810.30971000,0
