Open Time,Open,High,Low,Close,Volume,Close Time,Quote Asset Volume,Number of trades,Taker Buy Base Asset Volume,Taker Buy Quote Asset volume
1663286400000,1.13200000,1.14200000,1.05800000,1.11200000,28988579.73000000,1663372799999,31772319.25262000,65736,13771134.21000000,15096783.21812000,0
