Open Time,Open,High,Low,Close,Volume,Close Time,Quote Asset Volume,Number of trades,Taker Buy Base Asset Volume,Taker Buy Quote Asset volume
1656633600000,0.54700000,0.57300000,0.51700000,0.53000000,17786719.42000000,1656719999999,9651887.50110000,23553,8331431.93000000,4526459.57672000,0
