Open Time,Open,High,Low,Close,Volume,Close Time,Quote Asset Volume,Number of trades,Taker Buy Base Asset Volume,Taker Buy Quote Asset volume
1669507200000,0.90700000,0.92600000,0.87700000,0.88400000,9041501.67000000,1669593599999,8203471.08036000,25647,4354682.97000000,3953619.64199000,0
