Open Time,Open,High,Low,Close,Volume,Close Time,Quote Asset Volume,Number of trades,Taker Buy Base Asset Volume,Taker Buy Quote Asset volume
1668729600000,0.88900000,0.92800000,0.87800000,0.91400000,12755477.79000000,1668815999999,11561150.73063000,35793,6518327.56000000,5907467.92284000,0
