Open Time,Open,High,Low,Close,Volume,Close Time,Quote Asset Volume,Number of trades,Taker Buy Base Asset Volume,Taker Buy Quote Asset volume
1656547200000,0.58100000,0.61000000,0.50500000,0.54700000,34273852.28000000,1656633599999,18784333.29701000,37925,15739076.88000000,8638987.61821000,0
