Open Time,Open,High,Low,Close,Volume,Close Time,Quote Asset Volume,Number of trades,Taker Buy Base Asset Volume,Taker Buy Quote Asset volume
1659139200000,1.83800000,1.89000000,1.64000000,1.80800000,80762939.05000000,1659225599999,142963916.79709000,219991,40792175.94000000,72266551.55153000,0
