Open Time,Open,High,Low,Close,Volume,Close Time,Quote Asset Volume,Number of trades,Taker Buy Base Asset Volume,Taker Buy Quote Asset volume
1662163200000,1.23200000,1.24600000,1.16900000,1.19400000,17821047.73000000,1662249599999,21327609.78490000,46047,8696876.33000000,10418983.70173000,0
