Open Time,Open,High,Low,Close,Volume,Close Time,Quote Asset Volume,Number of trades,Taker Buy Base Asset Volume,Taker Buy Quote Asset volume
1658188800000,0.81600000,0.84000000,0.70200000,0.72100000,80725408.75000000,1658275199999,60242066.49514000,108968,39554933.33000000,29533284.06920000,0
