Open Time,Open,High,Low,Close,Volume,Close Time,Quote Asset Volume,Number of trades,Taker Buy Base Asset Volume,Taker Buy Quote Asset volume
1657065600000,0.52400000,0.55700000,0.51700000,0.54400000,12308465.63000000,1657151999999,6611119.43152000,16370,6388416.94000000,3434684.35302000,0
