Open Time,Open,High,Low,Close,Volume,Close Time,Quote Asset Volume,Number of trades,Taker Buy Base Asset Volume,Taker Buy Quote Asset volume
1660608000000,1.56900000,1.60000000,1.41500000,1.45500000,45188412.09000000,1660694399999,67984473.01238000,122132,19651501.88000000,29604753.10678000,0
