Open Time,Open,High,Low,Close,Volume,Close Time,Quote Asset Volume,Number of trades,Taker Buy Base Asset Volume,Taker Buy Quote Asset volume
1665187200000,0.84700000,0.85500000,0.82000000,0.83600000,3958835.73000000,1665273599999,3332299.22515000,9792,1682502.38000000,1417658.80734000,0
