Open Time,Open,High,Low,Close,Volume,Close Time,Quote Asset Volume,Number of trades,Taker Buy Base Asset Volume,Taker Buy Quote Asset volume
1671926400000,0.93200000,0.93800000,0.90500000,0.93400000,7303514.41000000,1672012799999,6716715.26430000,18223,3536870.22000000,3250705.72651000,0
