Open Time,Open,High,Low,Close,Volume,Close Time,Quote Asset Volume,Number of trades,Taker Buy Base Asset Volume,Taker Buy Quote Asset volume
1665273600000,0.83600000,0.84900000,0.83300000,0.84400000,2897687.67000000,1665359999999,2440991.21874000,7484,1299831.34000000,1094713.92436000,0
