Open Time,Open,High,Low,Close,Volume,Close Time,Quote Asset Volume,Number of trades,Taker Buy Base Asset Volume,Taker Buy Quote Asset volume
1668211200000,1.02400000,1.02500000,0.90000000,0.92100000,17597648.59000000,1668297599999,16737387.30512000,54305,8883153.84000000,8448965.63414000,0
