Open Time,Open,High,Low,Close,Volume,Close Time,Quote Asset Volume,Number of trades,Taker Buy Base Asset Volume,Taker Buy Quote Asset volume
1657929600000,0.48300000,0.53500000,0.47100000,0.52200000,20486504.90000000,1658015999999,10295892.48236000,21920,10295438.84000000,5187239.73113000,0
