Open Time,Open,High,Low,Close,Volume,Close Time,Quote Asset Volume,Number of trades,Taker Buy Base Asset Volume,Taker Buy Quote Asset volume
1666915200000,1.06800000,1.23300000,1.03300000,1.14600000,42515101.03000000,1667001599999,47550962.24451000,126015,22092321.38000000,24737026.63648000,0
