Open Time,Open,High,Low,Close,Volume,Close Time,Quote Asset Volume,Number of trades,Taker Buy Base Asset Volume,Taker Buy Quote Asset volume
1663200000000,1.21500000,1.28800000,1.11200000,1.13200000,55461566.77000000,1663286399999,65748022.68510000,122221,25899575.04000000,30689021.14771000,0
