Open Time,Open,High,Low,Close,Volume,Close Time,Quote Asset Volume,Number of trades,Taker Buy Base Asset Volume,Taker Buy Quote Asset volume
1659571200000,1.99100000,2.24300000,1.82400000,1.91800000,108544334.53000000,1659657599999,216701827.49838000,364681,54358231.93000000,108601942.91190000,0
