Open Time,Open,High,Low,Close,Volume,Close Time,Quote Asset Volume,Number of trades,Taker Buy Base Asset Volume,Taker Buy Quote Asset volume
1666742400000,0.97500000,1.18900000,0.96300000,1.11500000,66953614.41000000,1666828799999,70182395.03476000,151679,35287854.59000000,36964647.64220000,0
