Open Time,Open,High,Low,Close,Volume,Close Time,Quote Asset Volume,Number of trades,Taker Buy Base Asset Volume,Taker Buy Quote Asset volume
1668643200000,0.89800000,0.90700000,0.86500000,0.88900000,12613385.22000000,1668729599999,11216778.22178000,37986,6130964.60000000,5453834.44240000,0
