Open Time,Open,High,Low,Close,Volume,Close Time,Quote Asset Volume,Number of trades,Taker Buy Base Asset Volume,Taker Buy Quote Asset volume
1669161600000,0.86300000,0.95000000,0.84300000,0.93000000,18551185.63000000,1669247999999,16850727.19680000,59336,9157375.15000000,8318106.18094000,0
