Open Time,Open,High,Low,Close,Volume,Close Time,Quote Asset Volume,Number of trades,Taker Buy Base Asset Volume,Taker Buy Quote Asset volume
1665360000000,0.84400000,0.85200000,0.72400000,0.75200000,10872290.16000000,1665446399999,8642799.69117000,24598,4631006.64000000,3690695.03850000,0
