Open Time,Open,High,Low,Close,Volume,Close Time,Quote Asset Volume,Number of trades,Taker Buy Base Asset Volume,Taker Buy Quote Asset volume
1667952000000,0.96700000,0.97400000,0.76100000,0.78100000,72782696.70000000,1668038399999,63444181.74882000,208789,35414269.86000000,30945336.58583000,0
