Open Time,Open,High,Low,Close,Volume,Close Time,Quote Asset Volume,Number of trades,Taker Buy Base Asset Volume,Taker Buy Quote Asset volume
1669939200000,1.05700000,1.14400000,1.03400000,1.10700000,23586530.80000000,1670025599999,25527975.36334000,69025,11946822.65000000,12926857.21589000,0
