Open Time,Open,High,Low,Close,Volume,Close Time,Quote Asset Volume,Number of trades,Taker Buy Base Asset Volume,Taker Buy Quote Asset volume
1654300800000,1.36200000,1.48400000,1.29700000,1.39300000,64765398.99000000,1654387199999,90398376.64957000,141994,31689003.06000000,44268535.07102000,0
