Open Time,Open,High,Low,Close,Volume,Close Time,Quote Asset Volume,Number of trades,Taker Buy Base Asset Volume,Taker Buy Quote Asset volume
1668297600000,0.92000000,0.95400000,0.87000000,0.90300000,25111698.02000000,1668383999999,22769106.52520000,65438,12452079.63000000,11279964.59683000,0
