Open Time,Open,High,Low,Close,Volume,Close Time,Quote Asset Volume,Number of trades,Taker Buy Base Asset Volume,Taker Buy Quote Asset volume
1663718400000,0.91900000,1.06400000,0.86200000,0.89100000,43791472.23000000,1663804799999,40172891.87132000,91469,21834103.80000000,20038628.94821000,0
