Open Time,Open,High,Low,Close,Volume,Close Time,Quote Asset Volume,Number of trades,Taker Buy Base Asset Volume,Taker Buy Quote Asset volume
1663027200000,1.26700000,1.33300000,1.15000000,1.18300000,49499193.39000000,1663113599999,60855635.35458000,121168,23838037.67000000,29379476.21716000,0
