Open Time,Open,High,Low,Close,Volume,Close Time,Quote Asset Volume,Number of trades,Taker Buy Base Asset Volume,Taker Buy Quote Asset volume
1670976000000,1.14000000,1.19800000,1.12900000,1.14700000,29440995.52000000,1671062399999,34311152.78878000,70837,14691162.86000000,17128590.96530000,0
