Open Time,Open,High,Low,Close,Volume,Close Time,Quote Asset Volume,Number of trades,Taker Buy Base Asset Volume,Taker Buy Quote Asset volume
1671840000000,0.95400000,0.96000000,0.92700000,0.93200000,5588694.20000000,1671926399999,5242538.66880000,14038,2615754.28000000,2452877.97898000,0
