Open Time,Open,High,Low,Close,Volume,Close Time,Quote Asset Volume,Number of trades,Taker Buy Base Asset Volume,Taker Buy Quote Asset volume
1662422400000,1.19700000,1.27000000,1.08100000,1.09500000,51854806.49000000,1662508799999,61835985.41069000,108606,24154606.08000000,28914535.73897000,0
