Open Time,Open,High,Low,Close,Volume,Close Time,Quote Asset Volume,Number of trades,Taker Buy Base Asset Volume,Taker Buy Quote Asset volume
1665446400000,0.75100000,0.77300000,0.72600000,0.73900000,12293573.20000000,1665532799999,9254878.77340000,28074,6242930.14000000,4701808.23959000,0
