Open Time,Open,High,Low,Close,Volume,Close Time,Quote Asset Volume,Number of trades,Taker Buy Base Asset Volume,Taker Buy Quote Asset volume
1661817600000,1.17300000,1.19800000,1.05900000,1.08400000,40881238.82000000,1661903999999,46010764.94046000,77100,18746247.63000000,21155763.33444000,0
