Open Time,Open,High,Low,Close,Volume,Close Time,Quote Asset Volume,Number of trades,Taker Buy Base Asset Volume,Taker Buy Quote Asset volume
1663372800000,1.11200000,1.13700000,1.08500000,1.13100000,14271506.09000000,1663459199999,15855383.34469000,30533,6859308.23000000,7628441.48679000,0
