Open Time,Open,High,Low,Close,Volume,Close Time,Quote Asset Volume,Number of trades,Taker Buy Base Asset Volume,Taker Buy Quote Asset volume
1658448000000,0.77700000,0.87700000,0.73100000,0.83500000,89588005.00000000,1658534399999,73470490.24988000,111312,42923988.89000000,35235720.87364000,0
