Open Time,Open,High,Low,Close,Volume,Close Time,Quote Asset Volume,Number of trades,Taker Buy Base Asset Volume,Taker Buy Quote Asset volume
1668816000000,0.91400000,0.94500000,0.88500000,0.93100000,9195001.62000000,1668902399999,8361105.17142000,27364,4620585.91000000,4205001.39077000,0
