Open Time,Open,High,Low,Close,Volume,Close Time,Quote Asset Volume,Number of trades,Taker Buy Base Asset Volume,Taker Buy Quote Asset volume
1654819200000,0.82400000,0.98000000,0.79500000,0.87900000,100513428.21000000,1654905599999,90654137.89583000,164448,47948470.22000000,43251987.85937000,0
