Open Time,Open,High,Low,Close,Volume,Close Time,Quote Asset Volume,Number of trades,Taker Buy Base Asset Volume,Taker Buy Quote Asset volume
1657152000000,0.54300000,0.59000000,0.54300000,0.57700000,20475885.58000000,1657238399999,11705764.56590000,22238,9644087.36000000,5521690.03448000,0
