Open Time,Open,High,Low,Close,Volume,Close Time,Quote Asset Volume,Number of trades,Taker Buy Base Asset Volume,Taker Buy Quote Asset volume
1668038400000,0.78100000,1.10000000,0.76700000,1.04000000,67876925.34000000,1668124799999,63789278.84084000,181878,33188926.32000000,31052667.12427000,0
