Open Time,Open,High,Low,Close,Volume,Close Time,Quote Asset Volume,Number of trades,Taker Buy Base Asset Volume,Taker Buy Quote Asset volume
1654041600000,1.44000000,2.20000000,1.03900000,1.23200000,135155408.59000000,1654127999999,184377773.99224000,534003,64444202.81000000,88135606.32644000,0
