Open Time,Open,High,Low,Close,Volume,Close Time,Quote Asset Volume,Number of trades,Taker Buy Base Asset Volume,Taker Buy Quote Asset volume
1665705600000,0.73200000,0.75900000,0.70300000,0.71700000,7617263.34000000,1665791999999,5614090.91862000,19218,3504772.67000000,2584996.94381000,0
