Open Time,Open,High,Low,Close,Volume,Close Time,Quote Asset Volume,Number of trades,Taker Buy Base Asset Volume,Taker Buy Quote Asset volume
1667260800000,1.03600000,1.06500000,0.99000000,1.00500000,13666030.36000000,1667347199999,14017905.61115000,46707,6337946.91000000,6510576.55356000,0
