Open Time,Open,High,Low,Close,Volume,Close Time,Quote Asset Volume,Number of trades,Taker Buy Base Asset Volume,Taker Buy Quote Asset volume
1668384000000,0.90200000,0.98600000,0.83500000,0.92700000,34422098.68000000,1668470399999,31622765.49185000,111831,17206626.80000000,15821403.95484000,0
