Open Time,Open,High,Low,Close,Volume,Close Time,Quote Asset Volume,Number of trades,Taker Buy Base Asset Volume,Taker Buy Quote Asset volume
1666224000000,0.69000000,0.70900000,0.65800000,0.67200000,7183536.47000000,1666310399999,4924514.43355000,20027,3642028.95000000,2500070.11060000,0
