Open Time,Open,High,Low,Close,Volume,Close Time,Quote Asset Volume,Number of trades,Taker Buy Base Asset Volume,Taker Buy Quote Asset volume
1689465600000,1.45900000,1.51500000,1.39800000,1.49100000,20866005.21000000,1689551999999,30571927.20836000,76712,10095613.48000000,14792475.32859000,0
