Open Time,Open,High,Low,Close,Volume,Close Time,Quote Asset Volume,Number of trades,Taker Buy Base Asset Volume,Taker Buy Quote Asset volume
1690675200000,1.50900000,1.63300000,1.49800000,1.62400000,35588055.29000000,1690761599999,56195020.22547000,127844,18606769.94000000,29402027.71794000,0
