Open Time,Open,High,Low,Close,Volume,Close Time,Quote Asset Volume,Number of trades,Taker Buy Base Asset Volume,Taker Buy Quote Asset volume
1673654400000,1.59400000,1.80000000,1.48000000,1.72700000,73826951.82000000,1673740799999,121676502.71463000,255525,37290425.27000000,61588025.95048000,0
