Open Time,Open,High,Low,Close,Volume,Close Time,Quote Asset Volume,Number of trades,Taker Buy Base Asset Volume,Taker Buy Quote Asset volume
1694649600000,1.35000000,1.38100000,1.33200000,1.35600000,13684151.75000000,1694735999999,18541090.76385000,34132,7432386.03000000,10073546.34018000,0
