Open Time,Open,High,Low,Close,Volume,Close Time,Quote Asset Volume,Number of trades,Taker Buy Base Asset Volume,Taker Buy Quote Asset volume
1677628800000,2.70400000,2.84300000,2.68000000,2.76900000,17130098.32000000,1677715199999,47322093.30725000,95913,8268336.51000000,22852874.72923000,0
