Open Time,Open,High,Low,Close,Volume,Close Time,Quote Asset Volume,Number of trades,Taker Buy Base Asset Volume,Taker Buy Quote Asset volume
1681257600000,2.29400000,2.30300000,2.17800000,2.28200000,14357463.50000000,1681343999999,32207656.32999000,73964,6798446.85000000,15251511.01465000,0
