Open Time,Open,High,Low,Close,Volume,Close Time,Quote Asset Volume,Number of trades,Taker Buy Base Asset Volume,Taker Buy Quote Asset volume
1686960000000,1.12900000,1.17900000,1.11200000,1.13300000,17001695.05000000,1687046399999,19532427.40244000,46590,8325971.12000000,9566823.29493000,0
