Open Time,Open,High,Low,Close,Volume,Close Time,Quote Asset Volume,Number of trades,Taker Buy Base Asset Volume,Taker Buy Quote Asset volume
1683676800000,1.70800000,1.78500000,1.61700000,1.72200000,13212634.99000000,1683763199999,22584989.50661000,82570,6633544.22000000,11342607.81461000,0
