Open Time,Open,High,Low,Close,Volume,Close Time,Quote Asset Volume,Number of trades,Taker Buy Base Asset Volume,Taker Buy Quote Asset volume
1692921600000,1.58500000,1.59300000,1.46100000,1.46800000,28190003.46000000,1693007999999,42339954.36386000,79484,12659628.06000000,19016340.20709000,0
