Open Time,Open,High,Low,Close,Volume,Close Time,Quote Asset Volume,Number of trades,Taker Buy Base Asset Volume,Taker Buy Quote Asset volume
1688342400000,1.33300000,1.37700000,1.32100000,1.35500000,18099834.69000000,1688428799999,24385025.76703000,60141,9418494.46000000,12696380.96416000,0
