Open Time,Open,High,Low,Close,Volume,Close Time,Quote Asset Volume,Number of trades,Taker Buy Base Asset Volume,Taker Buy Quote Asset volume
1691539200000,1.67900000,1.70500000,1.52200000,1.55100000,36720160.64000000,1691625599999,59554212.33767000,117432,16564939.50000000,26867075.70938000,0
