Open Time,Open,High,Low,Close,Volume,Close Time,Quote Asset Volume,Number of trades,Taker Buy Base Asset Volume,Taker Buy Quote Asset volume
1694563200000,1.33600000,1.38300000,1.32900000,1.35000000,17476656.81000000,1694649599999,23666102.03239000,43786,8660397.47000000,11729875.64264000,0
