Open Time,Open,High,Low,Close,Volume,Close Time,Quote Asset Volume,Number of trades,Taker Buy Base Asset Volume,Taker Buy Quote Asset volume
1689033600000,1.20000000,1.24500000,1.19200000,1.22400000,11153172.84000000,1689119999999,13563308.29749000,33603,5721717.73000000,6960461.51401000,0
