Open Time,Open,High,Low,Close,Volume,Close Time,Quote Asset Volume,Number of trades,Taker Buy Base Asset Volume,Taker Buy Quote Asset volume
1684540800000,1.66800000,1.70600000,1.62100000,1.69200000,10220326.74000000,1684627199999,17063194.15571000,38512,5056096.88000000,8433194.95381000,0
