Open Time,Open,High,Low,Close,Volume,Close Time,Quote Asset Volume,Number of trades,Taker Buy Base Asset Volume,Taker Buy Quote Asset volume
1676419200000,2.42800000,2.86300000,2.35900000,2.82000000,36954505.39000000,1676505599999,95393371.02258000,192291,17979778.56000000,46461187.07273000,0
