Open Time,Open,High,Low,Close,Volume,Close Time,Quote Asset Volume,Number of trades,Taker Buy Base Asset Volume,Taker Buy Quote Asset volume
1680480000000,2.20200000,2.23400000,2.08700000,2.16600000,14663330.68000000,1680566399999,31879497.99481000,82376,6944069.37000000,15110273.45959000,0
