Open Time,Open,High,Low,Close,Volume,Close Time,Quote Asset Volume,Number of trades,Taker Buy Base Asset Volume,Taker Buy Quote Asset volume
1688256000000,1.34700000,1.35200000,1.28500000,1.33300000,15224113.42000000,1688342399999,20232957.86926000,56069,7157192.04000000,9509021.34527000,0
