Open Time,Open,High,Low,Close,Volume,Close Time,Quote Asset Volume,Number of trades,Taker Buy Base Asset Volume,Taker Buy Quote Asset volume
1693872000000,1.34100000,1.34900000,1.30700000,1.34500000,8087530.14000000,1693958399999,10761483.01709000,23930,4273561.63000000,5692277.03295000,0
