Open Time,Open,High,Low,Close,Volume,Close Time,Quote Asset Volume,Number of trades,Taker Buy Base Asset Volume,Taker Buy Quote Asset volume
1684627200000,1.69100000,1.70100000,1.62200000,1.63700000,7261795.67000000,1684713599999,12047762.90659000,35246,3699068.23000000,6135809.90970000,0
