Open Time,Open,High,Low,Close,Volume,Close Time,Quote Asset Volume,Number of trades,Taker Buy Base Asset Volume,Taker Buy Quote Asset volume
1690416000000,1.51200000,1.56900000,1.49000000,1.49700000,15477102.09000000,1690502399999,23656730.86212000,50264,7652388.33000000,11701625.24433000,0
