Open Time,Open,High,Low,Close,Volume,Close Time,Quote Asset Volume,Number of trades,Taker Buy Base Asset Volume,Taker Buy Quote Asset volume
1675555200000,2.99400000,3.07400000,2.77800000,2.95300000,30477681.90000000,1675641599999,89036310.46939000,184213,14872694.10000000,43417543.31899000,0
