Open Time,Open,High,Low,Close,Volume,Close Time,Quote Asset Volume,Number of trades,Taker Buy Base Asset Volume,Taker Buy Quote Asset volume
1691971200000,1.53900000,1.57700000,1.50600000,1.53000000,13377278.71000000,1692057599999,20731448.71117000,39503,6428294.09000000,9969243.72565000,0
