Open Time,Open,High,Low,Close,Volume,Close Time,Quote Asset Volume,Number of trades,Taker Buy Base Asset Volume,Taker Buy Quote Asset volume
1673222400000,1.26300000,1.36700000,1.23400000,1.25200000,38674709.48000000,1673308799999,49979585.17159000,110728,18167021.90000000,23496947.56899000,0
