Open Time,Open,High,Low,Close,Volume,Close Time,Quote Asset Volume,Number of trades,Taker Buy Base Asset Volume,Taker Buy Quote Asset volume
1674086400000,1.66100000,1.76300000,1.62300000,1.74600000,19787555.65000000,1674172799999,33605870.08044000,75918,10322758.65000000,17543611.72230000,0
