Open Time,Open,High,Low,Close,Volume,Close Time,Quote Asset Volume,Number of trades,Taker Buy Base Asset Volume,Taker Buy Quote Asset volume
1692835200000,1.56100000,1.59200000,1.52100000,1.58600000,16273306.38000000,1692921599999,25270526.72482000,46711,8351128.62000000,12982476.22352000,0
