Open Time,Open,High,Low,Close,Volume,Close Time,Quote Asset Volume,Number of trades,Taker Buy Base Asset Volume,Taker Buy Quote Asset volume
1678665600000,2.34600000,2.74000000,2.24500000,2.61500000,71440211.38000000,1678751999999,174861883.05070000,365696,36196931.49000000,88658951.08262000,0
