Open Time,Open,High,Low,Close,Volume,Close Time,Quote Asset Volume,Number of trades,Taker Buy Base Asset Volume,Taker Buy Quote Asset volume
1677024000000,2.51900000,2.80000000,2.33900000,2.70400000,37373762.06000000,1677110399999,95880337.15544000,218375,18933441.16000000,48659918.14779000,0
