Open Time,Open,High,Low,Close,Volume,Close Time,Quote Asset Volume,Number of trades,Taker Buy Base Asset Volume,Taker Buy Quote Asset volume
1680998400000,2.23700000,2.31500000,2.20100000,2.28100000,6351163.94000000,1681084799999,14295116.99541000,36580,3095652.75000000,6974551.85355000,0
