Open Time,Open,High,Low,Close,Volume,Close Time,Quote Asset Volume,Number of trades,Taker Buy Base Asset Volume,Taker Buy Quote Asset volume
1681516800000,2.65500000,2.83000000,2.60400000,2.70800000,16924215.11000000,1681603199999,45898680.98118000,102749,8167784.02000000,22171184.60767000,0
