Open Time,Open,High,Low,Close,Volume,Close Time,Quote Asset Volume,Number of trades,Taker Buy Base Asset Volume,Taker Buy Quote Asset volume
1685318400000,1.64200000,1.67000000,1.51000000,1.52400000,14650896.21000000,1685404799999,23351131.93338000,58741,6555084.39000000,10448564.20181000,0
