Open Time,Open,High,Low,Close,Volume,Close Time,Quote Asset Volume,Number of trades,Taker Buy Base Asset Volume,Taker Buy Quote Asset volume
1687564800000,1.38700000,1.38700000,1.25400000,1.30600000,31066256.73000000,1687651199999,41230631.47672000,111117,15767569.37000000,20939933.76943000,0
