Open Time,Open,High,Low,Close,Volume,Close Time,Quote Asset Volume,Number of trades,Taker Buy Base Asset Volume,Taker Buy Quote Asset volume
1678233600000,2.40200000,2.42200000,2.17300000,2.23400000,28947555.90000000,1678319999999,65951216.09758000,131173,13764233.83000000,31315428.78113000,0
