Open Time,Open,High,Low,Close,Volume,Close Time,Quote Asset Volume,Number of trades,Taker Buy Base Asset Volume,Taker Buy Quote Asset volume
1686355200000,1.33100000,1.33400000,0.89500000,1.09100000,65859694.78000000,1686441599999,72918089.84728000,229151,31672752.17000000,35052287.50317000,0
