Open Time,Open,High,Low,Close,Volume,Close Time,Quote Asset Volume,Number of trades,Taker Buy Base Asset Volume,Taker Buy Quote Asset volume
1677369600000,2.75400000,3.04000000,2.72200000,3.00900000,30251270.25000000,1677455999999,87427923.18067000,162973,15568049.66000000,45001982.90257000,0
