Open Time,Open,High,Low,Close,Volume,Close Time,Quote Asset Volume,Number of trades,Taker Buy Base Asset Volume,Taker Buy Quote Asset volume
1684713600000,1.63700000,1.65700000,1.56300000,1.63200000,9249594.50000000,1684799999999,14898289.17827000,50719,4380330.01000000,7054361.42645000,0
