Open Time,Open,High,Low,Close,Volume,Close Time,Quote Asset Volume,Number of trades,Taker Buy Base Asset Volume,Taker Buy Quote Asset volume
1685145600000,1.60900000,1.62200000,1.58100000,1.60000000,4108379.21000000,1685231999999,6574216.56343000,19615,1924875.44000000,3079660.58968000,0
