Open Time,Open,High,Low,Close,Volume,Close Time,Quote Asset Volume,Number of trades,Taker Buy Base Asset Volume,Taker Buy Quote Asset volume
1677283200000,3.06000000,3.11200000,2.63000000,2.75300000,47431782.02000000,1677369599999,134644056.92787000,262346,22858861.26000000,64860619.87065000,0
