Open Time,Open,High,Low,Close,Volume,Close Time,Quote Asset Volume,Number of trades,Taker Buy Base Asset Volume,Taker Buy Quote Asset volume
1693008000000,1.46800000,1.50000000,1.44400000,1.48100000,8974571.51000000,1693094399999,13277854.42702000,25408,4340230.17000000,6429947.05019000,0
