Open Time,Open,High,Low,Close,Volume,Close Time,Quote Asset Volume,Number of trades,Taker Buy Base Asset Volume,Taker Buy Quote Asset volume
1683072000000,2.16400000,2.18100000,2.07900000,2.16400000,9586339.75000000,1683158399999,20344287.25577000,52227,4839342.99000000,10260509.18201000,0
