Open Time,Open,High,Low,Close,Volume,Close Time,Quote Asset Volume,Number of trades,Taker Buy Base Asset Volume,Taker Buy Quote Asset volume
1674691200000,2.38100000,2.50200000,2.14100000,2.21600000,38489167.35000000,1674777599999,88994060.05608000,212731,18797392.92000000,43520939.96011000,0
