Open Time,Open,High,Low,Close,Volume,Close Time,Quote Asset Volume,Number of trades,Taker Buy Base Asset Volume,Taker Buy Quote Asset volume
1684022400000,1.63800000,1.68600000,1.59500000,1.63400000,7918692.46000000,1684108799999,12999229.69053000,52355,4088140.82000000,6713562.23365000,0
