Open Time,Open,High,Low,Close,Volume,Close Time,Quote Asset Volume,Number of trades,Taker Buy Base Asset Volume,Taker Buy Quote Asset volume
1678492800000,2.13500000,2.19800000,1.76900000,1.88700000,48300197.60000000,1678579199999,93699698.69406000,201037,22055556.00000000,42753577.25764000,0
