Open Time,Open,High,Low,Close,Volume,Close Time,Quote Asset Volume,Number of trades,Taker Buy Base Asset Volume,Taker Buy Quote Asset volume
1676505600000,2.82000000,3.01100000,2.58800000,2.62200000,39777577.11000000,1676591999999,112820485.97063000,245949,19159755.65000000,54456181.93818000,0
