Open Time,Open,High,Low,Close,Volume,Close Time,Quote Asset Volume,Number of trades,Taker Buy Base Asset Volume,Taker Buy Quote Asset volume
1682467200000,2.24400000,2.34900000,2.05500000,2.16800000,14693111.03000000,1682553599999,32837394.90056000,86036,7133475.73000000,15976160.41314000,0
