Open Time,Open,High,Low,Close,Volume,Close Time,Quote Asset Volume,Number of trades,Taker Buy Base Asset Volume,Taker Buy Quote Asset volume
1688601600000,1.23400000,1.28300000,1.18300000,1.18500000,16592574.80000000,1688687999999,20422841.91582000,54931,8059440.18000000,9928927.21595000,0
