Open Time,Open,High,Low,Close,Volume,Close Time,Quote Asset Volume,Number of trades,Taker Buy Base Asset Volume,Taker Buy Quote Asset volume
1688428800000,1.35500000,1.37000000,1.26800000,1.28300000,15119886.45000000,1688515199999,20067517.40761000,51158,7187882.14000000,9549534.50283000,0
