Open Time,Open,High,Low,Close,Volume,Close Time,Quote Asset Volume,Number of trades,Taker Buy Base Asset Volume,Taker Buy Quote Asset volume
1680652800000,2.23300000,2.38700000,2.21900000,2.28200000,16705201.96000000,1680739199999,38621238.60677000,87633,8331472.12000000,19254199.27645000,0
