Open Time,Open,High,Low,Close,Volume,Close Time,Quote Asset Volume,Number of trades,Taker Buy Base Asset Volume,Taker Buy Quote Asset volume
1693612800000,1.31900000,1.34100000,1.28300000,1.31900000,10102629.09000000,1693699199999,13319546.80788000,25237,5300873.37000000,6993700.86981000,0
