Open Time,Open,High,Low,Close,Volume,Close Time,Quote Asset Volume,Number of trades,Taker Buy Base Asset Volume,Taker Buy Quote Asset volume
1673740800000,1.72700000,1.88900000,1.61500000,1.82100000,39771001.87000000,1673827199999,69746671.94637000,162167,20105688.53000000,35311560.55569000,0
