Open Time,Open,High,Low,Close,Volume,Close Time,Quote Asset Volume,Number of trades,Taker Buy Base Asset Volume,Taker Buy Quote Asset volume
1691625600000,1.55100000,1.60000000,1.54600000,1.58000000,18614574.22000000,1691711999999,29293165.35705000,59548,9198260.14000000,14480496.65776000,0
