Open Time,Open,High,Low,Close,Volume,Close Time,Quote Asset Volume,Number of trades,Taker Buy Base Asset Volume,Taker Buy Quote Asset volume
1682985600000,2.08100000,2.19100000,2.07500000,2.16300000,7208561.27000000,1683071999999,15335934.92152000,36391,3817980.37000000,8125827.78084000,0
