Open Time,Open,High,Low,Close,Volume,Close Time,Quote Asset Volume,Number of trades,Taker Buy Base Asset Volume,Taker Buy Quote Asset volume
1688169600000,1.33400000,1.38000000,1.30500000,1.34700000,14615772.97000000,1688255999999,19610488.07739000,55883,7110641.11000000,9546734.30550000,0
