Open Time,Open,High,Low,Close,Volume,Close Time,Quote Asset Volume,Number of trades,Taker Buy Base Asset Volume,Taker Buy Quote Asset volume
1689724800000,1.43000000,1.63300000,1.41700000,1.56500000,33940540.67000000,1689811199999,52157912.65814000,137023,17665832.02000000,27181898.62993000,0
