Open Time,Open,High,Low,Close,Volume,Close Time,Quote Asset Volume,Number of trades,Taker Buy Base Asset Volume,Taker Buy Quote Asset volume
1693094400000,1.48000000,1.49500000,1.43400000,1.45300000,10118300.33000000,1693180799999,14810380.24323000,27982,4470931.80000000,6546463.41941000,0
