Open Time,Open,High,Low,Close,Volume,Close Time,Quote Asset Volume,Number of trades,Taker Buy Base Asset Volume,Taker Buy Quote Asset volume
1684108800000,1.63400000,1.71800000,1.60000000,1.63800000,10409455.35000000,1684195199999,17316339.09892000,64610,5272841.31000000,8772487.83202000,0
