Open Time,Open,High,Low,Close,Volume,Close Time,Quote Asset Volume,Number of trades,Taker Buy Base Asset Volume,Taker Buy Quote Asset volume
1673568000000,1.38900000,1.68800000,1.36100000,1.59400000,50823369.12000000,1673654399999,76640942.92405000,163910,26186755.60000000,39550419.81225000,0
