Open Time,Open,High,Low,Close,Volume,Close Time,Quote Asset Volume,Number of trades,Taker Buy Base Asset Volume,Taker Buy Quote Asset volume
1678838400000,2.70900000,2.81400000,2.28300000,2.40400000,49863469.36000000,1678924799999,126319854.76963000,306904,23837988.75000000,60512819.59416000,0
