Open Time,Open,High,Low,Close,Volume,Close Time,Quote Asset Volume,Number of trades,Taker Buy Base Asset Volume,Taker Buy Quote Asset volume
1672790400000,0.95700000,1.05700000,0.95300000,1.03000000,18875204.78000000,1672876799999,19272581.73754000,43360,9616334.96000000,9807363.03712000,0
