Open Time,Open,High,Low,Close,Volume,Close Time,Quote Asset Volume,Number of trades,Taker Buy Base Asset Volume,Taker Buy Quote Asset volume
1676678400000,2.79300000,2.85500000,2.71100000,2.77900000,14713183.15000000,1676764799999,40831464.14567000,76094,7143088.08000000,19827234.91768000,0
