Open Time,Open,High,Low,Close,Volume,Close Time,Quote Asset Volume,Number of trades,Taker Buy Base Asset Volume,Taker Buy Quote Asset volume
1689984000000,1.50800000,1.59200000,1.50700000,1.56700000,13604964.07000000,1690070399999,21094584.14395000,52507,6988803.19000000,10844461.46621000,0
