Open Time,Open,High,Low,Close,Volume,Close Time,Quote Asset Volume,Number of trades,Taker Buy Base Asset Volume,Taker Buy Quote Asset volume
1688688000000,1.18500000,1.22700000,1.16900000,1.22700000,10907555.26000000,1688774399999,13119404.24442000,35231,5707473.80000000,6870176.59110000,0
