Open Time,Open,High,Low,Close,Volume,Close Time,Quote Asset Volume,Number of trades,Taker Buy Base Asset Volume,Taker Buy Quote Asset volume
1682640000000,2.18000000,2.19500000,2.10300000,2.13800000,6828919.52000000,1682726399999,14688024.57739000,38189,3074276.82000000,6614744.98887000,0
