Open Time,Open,High,Low,Close,Volume,Close Time,Quote Asset Volume,Number of trades,Taker Buy Base Asset Volume,Taker Buy Quote Asset volume
1681776000000,2.60800000,2.74400000,2.59400000,2.70200000,14839283.92000000,1681862399999,39799120.99047000,86679,7171955.33000000,19239739.71089000,0
