Open Time,Open,High,Low,Close,Volume,Close Time,Quote Asset Volume,Number of trades,Taker Buy Base Asset Volume,Taker Buy Quote Asset volume
1687996800000,1.21700000,1.25400000,1.20200000,1.22100000,14209715.78000000,1688083199999,17455824.60429000,47196,7117418.95000000,8745489.85083000,0
