Open Time,Open,High,Low,Close,Volume,Close Time,Quote Asset Volume,Number of trades,Taker Buy Base Asset Volume,Taker Buy Quote Asset volume
1687737600000,1.33200000,1.38300000,1.25800000,1.28200000,22449241.15000000,1687823999999,29606892.68418000,92231,10536503.58000000,13914989.72798000,0
