Open Time,Open,High,Low,Close,Volume,Close Time,Quote Asset Volume,Number of trades,Taker Buy Base Asset Volume,Taker Buy Quote Asset volume
1690070400000,1.56700000,1.65900000,1.53700000,1.58100000,25127845.54000000,1690156799999,40084754.66291000,88642,12254806.98000000,19565288.53406000,0
