Open Time,Open,High,Low,Close,Volume,Close Time,Quote Asset Volume,Number of trades,Taker Buy Base Asset Volume,Taker Buy Quote Asset volume
1683763200000,1.72200000,1.72400000,1.49100000,1.55800000,11916245.53000000,1683849599999,18893157.50449000,80724,5914227.99000000,9356109.77935000,0
