Open Time,Open,High,Low,Close,Volume,Close Time,Quote Asset Volume,Number of trades,Taker Buy Base Asset Volume,Taker Buy Quote Asset volume
1689120000000,1.22400000,1.27000000,1.19100000,1.21700000,15312284.97000000,1689206399999,18903476.58459000,53702,7879684.99000000,9731556.99156000,0
