Open Time,Open,High,Low,Close,Volume,Close Time,Quote Asset Volume,Number of trades,Taker Buy Base Asset Volume,Taker Buy Quote Asset volume
1681862400000,2.70200000,2.74100000,2.47000000,2.54400000,30000621.47000000,1681948799999,78237705.84489000,189185,14715217.83000000,38383671.30398000,0
