Open Time,Open,High,Low,Close,Volume,Close Time,Quote Asset Volume,Number of trades,Taker Buy Base Asset Volume,Taker Buy Quote Asset volume
1676073600000,2.41600000,2.53000000,2.34200000,2.48800000,20098265.59000000,1676159999999,48823219.29840000,106625,9873362.09000000,23980427.63428000,0
