Open Time,Open,High,Low,Close,Volume,Close Time,Quote Asset Volume,Number of trades,Taker Buy Base Asset Volume,Taker Buy Quote Asset volume
1690243200000,1.50800000,1.52400000,1.44400000,1.45100000,17114401.42000000,1690329599999,25431295.49915000,56102,8074138.95000000,11996752.79392000,0
