Open Time,Open,High,Low,Close,Volume,Close Time,Quote Asset Volume,Number of trades,Taker Buy Base Asset Volume,Taker Buy Quote Asset volume
1673913600000,1.79400000,1.91000000,1.72600000,1.73700000,27613540.67000000,1673999999999,50397177.02632000,100835,13837266.35000000,25267602.86159000,0
