Open Time,Open,High,Low,Close,Volume,Close Time,Quote Asset Volume,Number of trades,Taker Buy Base Asset Volume,Taker Buy Quote Asset volume
1674777600000,2.21600000,2.38000000,2.10100000,2.27900000,35789714.98000000,1674863999999,79564586.28961000,189949,17485881.61000000,38959222.37665000,0
