Open Time,Open,High,Low,Close,Volume,Close Time,Quote Asset Volume,Number of trades,Taker Buy Base Asset Volume,Taker Buy Quote Asset volume
1679270400000,2.69300000,2.73900000,2.46100000,2.47300000,23288863.68000000,1679356799999,60500691.66177000,154614,11248320.48000000,29216418.00489000,0
