Open Time,Open,High,Low,Close,Volume,Close Time,Quote Asset Volume,Number of trades,Taker Buy Base Asset Volume,Taker Buy Quote Asset volume
1686182400000,1.37200000,1.43900000,1.34600000,1.36800000,16584578.96000000,1686268799999,22971828.65749000,61389,8397415.24000000,11629240.31845000,0
