Open Time,Open,High,Low,Close,Volume,Close Time,Quote Asset Volume,Number of trades,Taker Buy Base Asset Volume,Taker Buy Quote Asset volume
1674604800000,1.99600000,2.55500000,1.92500000,2.38000000,73001164.04000000,1674691199999,161880123.81560000,372402,36803261.22000000,81696527.58151000,0
