Open Time,Open,High,Low,Close,Volume,Close Time,Quote Asset Volume,Number of trades,Taker Buy Base Asset Volume,Taker Buy Quote Asset volume
1676160000000,2.48700000,2.54500000,2.30100000,2.33300000,17918214.12000000,1676246399999,44004813.87883000,98064,8570627.35000000,21052699.43636000,0
