Open Time,Open,High,Low,Close,Volume,Close Time,Quote Asset Volume,Number of trades,Taker Buy Base Asset Volume,Taker Buy Quote Asset volume
1692057600000,1.53100000,1.53700000,1.40900000,1.47000000,20714406.44000000,1692143999999,30987253.54027000,59773,10208414.27000000,15278614.56076000,0
