Open Time,Open,High,Low,Close,Volume,Close Time,Quote Asset Volume,Number of trades,Taker Buy Base Asset Volume,Taker Buy Quote Asset volume
1678060800000,2.43100000,2.56900000,2.37400000,2.51700000,17072327.29000000,1678147199999,42410905.58797000,90941,8683694.75000000,21594466.06529000,0
