Open Time,Open,High,Low,Close,Volume,Close Time,Quote Asset Volume,Number of trades,Taker Buy Base Asset Volume,Taker Buy Quote Asset volume
1686873600000,1.11000000,1.15300000,1.07600000,1.12900000,17960795.38000000,1686959999999,20041479.28193000,48727,8746948.52000000,9756436.59131000,0
