Open Time,Open,High,Low,Close,Volume,Close Time,Quote Asset Volume,Number of trades,Taker Buy Base Asset Volume,Taker Buy Quote Asset volume
1689552000000,1.49100000,1.54900000,1.40500000,1.48100000,29337629.95000000,1689638399999,43263647.10579000,105277,14238657.97000000,21002452.00784000,0
