Open Time,Open,High,Low,Close,Volume,Close Time,Quote Asset Volume,Number of trades,Taker Buy Base Asset Volume,Taker Buy Quote Asset volume
1675382400000,2.79800000,3.22900000,2.76700000,3.10100000,48427444.45000000,1675468799999,145259977.45752000,289582,24022660.25000000,72057799.48112000,0
