Open Time,Open,High,Low,Close,Volume,Close Time,Quote Asset Volume,Number of trades,Taker Buy Base Asset Volume,Taker Buy Quote Asset volume
1693699200000,1.31800000,1.34700000,1.30900000,1.33600000,7993985.55000000,1693785599999,10641727.92118000,23107,4038221.17000000,5378362.45122000,0
