Open Time,Open,High,Low,Close,Volume,Close Time,Quote Asset Volume,Number of trades,Taker Buy Base Asset Volume,Taker Buy Quote Asset volume
1688515200000,1.28300000,1.30300000,1.20000000,1.23400000,19075728.10000000,1688601599999,23851882.20416000,63973,9022342.82000000,11286858.34480000,0
