Open Time,Open,High,Low,Close,Volume,Close Time,Quote Asset Volume,Number of trades,Taker Buy Base Asset Volume,Taker Buy Quote Asset volume
1677888000000,2.54300000,2.57100000,2.25500000,2.36800000,16956063.23000000,1677974399999,40995830.73712000,86750,8042623.89000000,19461920.02452000,0
