Open Time,Open,High,Low,Close,Volume,Close Time,Quote Asset Volume,Number of trades,Taker Buy Base Asset Volume,Taker Buy Quote Asset volume
1675123200000,2.12500000,2.26500000,2.07100000,2.16600000,20000528.75000000,1675209599999,43112470.24990000,95452,9751821.19000000,21048591.83130000,0
