Open Time,Open,High,Low,Close,Volume,Close Time,Quote Asset Volume,Number of trades,Taker Buy Base Asset Volume,Taker Buy Quote Asset volume
1688860800000,1.21700000,1.23000000,1.19800000,1.21400000,6900804.81000000,1688947199999,8377604.73265000,21596,3542066.61000000,4300030.07898000,0
