Open Time,Open,High,Low,Close,Volume,Close Time,Quote Asset Volume,Number of trades,Taker Buy Base Asset Volume,Taker Buy Quote Asset volume
1685491200000,1.42000000,1.53500000,1.34500000,1.38200000,39871906.73000000,1685577599999,56815577.17167000,160058,20549328.81000000,29268268.96805000,0
