Open Time,Open,High,Low,Close,Volume,Close Time,Quote Asset Volume,Number of trades,Taker Buy Base Asset Volume,Taker Buy Quote Asset volume
1676851200000,2.57900000,2.69500000,2.48100000,2.60800000,20692047.09000000,1676937599999,54137529.02003000,107100,10143972.64000000,26549921.17340000,0
