Open Time,Open,High,Low,Close,Volume,Close Time,Quote Asset Volume,Number of trades,Taker Buy Base Asset Volume,Taker Buy Quote Asset volume
1676937600000,2.60900000,2.65200000,2.42600000,2.51700000,18692308.19000000,1677023999999,47387560.49896000,108411,8673969.07000000,22010342.88409000,0
