Open Time,Open,High,Low,Close,Volume,Close Time,Quote Asset Volume,Number of trades,Taker Buy Base Asset Volume,Taker Buy Quote Asset volume
1690329600000,1.45000000,1.54600000,1.40300000,1.51300000,19018656.78000000,1690415999999,28088930.32886000,69427,9189091.28000000,13598210.29969000,0
