Open Time,Open,High,Low,Close,Volume,Close Time,Quote Asset Volume,Number of trades,Taker Buy Base Asset Volume,Taker Buy Quote Asset volume
1672963200000,1.02500000,1.10200000,0.98300000,1.08500000,25480935.55000000,1673049599999,26543437.84812000,52955,12708233.78000000,13252809.31604000,0
