Open Time,Open,High,Low,Close,Volume,Close Time,Quote Asset Volume,Number of trades,Taker Buy Base Asset Volume,Taker Buy Quote Asset volume
1679788800000,2.17700000,2.31800000,2.15800000,2.26300000,10468008.62000000,1679875199999,23574661.93278000,60618,5186455.34000000,11679980.51032000,0
