Open Time,Open,High,Low,Close,Volume,Close Time,Quote Asset Volume,Number of trades,Taker Buy Base Asset Volume,Taker Buy Quote Asset volume
1684368000000,1.80100000,1.84600000,1.69600000,1.73700000,27252390.50000000,1684454399999,48640874.96911000,103781,12897349.52000000,23027415.16790000,0
