Open Time,Open,High,Low,Close,Volume,Close Time,Quote Asset Volume,Number of trades,Taker Buy Base Asset Volume,Taker Buy Quote Asset volume
1679702400000,2.26900000,2.30700000,2.13400000,2.17700000,12309785.12000000,1679788799999,27471250.25853000,70421,5916319.02000000,13216236.42406000,0
