Open Time,Open,High,Low,Close,Volume,Close Time,Quote Asset Volume,Number of trades,Taker Buy Base Asset Volume,Taker Buy Quote Asset volume
1691366400000,1.70100000,1.80900000,1.67300000,1.79800000,30816087.82000000,1691452799999,53803447.33898000,92619,16346919.65000000,28576345.15242000,0
