Open Time,Open,High,Low,Close,Volume,Close Time,Quote Asset Volume,Number of trades,Taker Buy Base Asset Volume,Taker Buy Quote Asset volume
1674950400000,2.18600000,2.46800000,2.12300000,2.37600000,25573376.15000000,1675036799999,57676390.30227000,126757,13061701.76000000,29478948.13463000,0
