Open Time,Open,High,Low,Close,Volume,Close Time,Quote Asset Volume,Number of trades,Taker Buy Base Asset Volume,Taker Buy Quote Asset volume
1678752000000,2.61500000,2.96000000,2.52600000,2.71000000,49000505.45000000,1678838399999,133454114.02235000,311506,25299549.36000000,68936753.46762000,0
