Open Time,Open,High,Low,Close,Volume,Close Time,Quote Asset Volume,Number of trades,Taker Buy Base Asset Volume,Taker Buy Quote Asset volume
1680739200000,2.28100000,2.28400000,2.18200000,2.26400000,9553566.74000000,1680825599999,21310255.13837000,51168,4666930.09000000,10411479.72162000,0
