Open Time,Open,High,Low,Close,Volume,Close Time,Quote Asset Volume,Number of trades,Taker Buy Base Asset Volume,Taker Buy Quote Asset volume
1686614400000,1.13300000,1.19600000,1.11000000,1.15400000,19651843.82000000,1686700799999,22500735.00165000,75526,9376058.40000000,10742421.61754000,0
