Open Time,Open,High,Low,Close,Volume,Close Time,Quote Asset Volume,Number of trades,Taker Buy Base Asset Volume,Taker Buy Quote Asset volume
1680048000000,2.19400000,2.30000000,2.17600000,2.22900000,17015007.67000000,1680134399999,38155931.40947000,81353,8534173.95000000,19146318.17645000,0
