Open Time,Open,High,Low,Close,Volume,Close Time,Quote Asset Volume,Number of trades,Taker Buy Base Asset Volume,Taker Buy Quote Asset volume
1686009600000,1.38600000,1.55000000,1.36000000,1.49500000,51536832.64000000,1686095999999,75188985.13606000,174963,27042437.09000000,39510834.03331000,0
