Open Time,Open,High,Low,Close,Volume,Close Time,Quote Asset Volume,Number of trades,Taker Buy Base Asset Volume,Taker Buy Quote Asset volume
1684800000000,1.63300000,1.72000000,1.61300000,1.66900000,14077540.79000000,1684886399999,23691558.18034000,68311,6801719.23000000,11450003.41815000,0
