Open Time,Open,High,Low,Close,Volume,Close Time,Quote Asset Volume,Number of trades,Taker Buy Base Asset Volume,Taker Buy Quote Asset volume
1679443200000,2.63800000,2.67600000,2.41900000,2.52600000,24431341.34000000,1679529599999,62917546.49111000,158498,12080956.18000000,31135415.26300000,0
