Open Time,Open,High,Low,Close,Volume,Close Time,Quote Asset Volume,Number of trades,Taker Buy Base Asset Volume,Taker Buy Quote Asset volume
1681430400000,2.43100000,2.69600000,2.42200000,2.65500000,28090447.93000000,1681516799999,72665683.24687000,173846,14435078.76000000,37367495.52085000,0
