Open Time,Open,High,Low,Close,Volume,Close Time,Quote Asset Volume,Number of trades,Taker Buy Base Asset Volume,Taker Buy Quote Asset volume
1694822400000,1.40600000,1.43800000,1.37800000,1.39300000,13120592.17000000,1694908799999,18462583.10182000,34066,6284494.49000000,8855307.68147000,0
