Open Time,Open,High,Low,Close,Volume,Close Time,Quote Asset Volume,Number of trades,Taker Buy Base Asset Volume,Taker Buy Quote Asset volume
1679961600000,2.06800000,2.26000000,2.01800000,2.19300000,19450208.13000000,1680047999999,41233389.30833000,97425,10053246.61000000,21329108.36001000,0
