Open Time,Open,High,Low,Close,Volume,Close Time,Quote Asset Volume,Number of trades,Taker Buy Base Asset Volume,Taker Buy Quote Asset volume
1684281600000,1.65300000,1.87600000,1.63300000,1.80100000,37447885.31000000,1684367999999,65371899.30119000,145459,18703891.42000000,32608455.37322000,0
