Open Time,Open,High,Low,Close,Volume,Close Time,Quote Asset Volume,Number of trades,Taker Buy Base Asset Volume,Taker Buy Quote Asset volume
1687651200000,1.30700000,1.37500000,1.29600000,1.33200000,23376314.36000000,1687737599999,31347538.35561000,90516,11449829.47000000,15364004.02921000,0
