Open Time,Open,High,Low,Close,Volume,Close Time,Quote Asset Volume,Number of trades,Taker Buy Base Asset Volume,Taker Buy Quote Asset volume
1692576000000,1.47400000,1.55800000,1.46400000,1.52800000,27300311.51000000,1692662399999,41277495.86053000,74800,14196454.87000000,21477282.83655000,0
