Open Time,Open,High,Low,Close,Volume,Close Time,Quote Asset Volume,Number of trades,Taker Buy Base Asset Volume,Taker Buy Quote Asset volume
1692748800000,1.57700000,1.62700000,1.52500000,1.56200000,19879400.03000000,1692835199999,31313175.83915000,64759,10090261.06000000,15908661.40053000,0
