Open Time,Open,High,Low,Close,Volume,Close Time,Quote Asset Volume,Number of trades,Taker Buy Base Asset Volume,Taker Buy Quote Asset volume
1687305600000,1.33000000,1.50700000,1.31600000,1.43300000,65595020.00000000,1687391999999,91143097.40370000,213180,32638547.13000000,45369058.41390000,0
