Open Time,Open,High,Low,Close,Volume,Close Time,Quote Asset Volume,Number of trades,Taker Buy Base Asset Volume,Taker Buy Quote Asset volume
1678924800000,2.40500000,2.56000000,2.33600000,2.48200000,35392893.09000000,1679011199999,86238533.84016000,204871,17567835.60000000,42822309.67153000,0
