Open Time,Open,High,Low,Close,Volume,Close Time,Quote Asset Volume,Number of trades,Taker Buy Base Asset Volume,Taker Buy Quote Asset volume
1677974400000,2.36800000,2.52200000,2.33500000,2.43100000,17786820.61000000,1678060799999,43201861.75907000,93137,9073520.93000000,22039939.72521000,0
