Open Time,Open,High,Low,Close,Volume,Close Time,Quote Asset Volume,Number of trades,Taker Buy Base Asset Volume,Taker Buy Quote Asset volume
1680393600000,2.27900000,2.32200000,2.15900000,2.20200000,11170348.94000000,1680479999999,25093381.79934000,64204,5074758.29000000,11410836.95284000,0
