Open Time,Open,High,Low,Close,Volume,Close Time,Quote Asset Volume,Number of trades,Taker Buy Base Asset Volume,Taker Buy Quote Asset volume
1693526400000,1.39300000,1.40300000,1.29800000,1.31900000,16636252.26000000,1693612799999,22349358.11062000,44358,8030073.19000000,10778769.87109000,0
