Open Time,Open,High,Low,Close,Volume,Close Time,Quote Asset Volume,Number of trades,Taker Buy Base Asset Volume,Taker Buy Quote Asset volume
1679184000000,2.61800000,2.86100000,2.60300000,2.69300000,22472583.38000000,1679270399999,60920312.47864000,140735,11046781.35000000,29949344.63594000,0
