Open Time,Open,High,Low,Close,Volume,Close Time,Quote Asset Volume,Number of trades,Taker Buy Base Asset Volume,Taker Buy Quote Asset volume
1674518400000,2.16700000,2.36500000,1.92900000,1.99600000,33786413.76000000,1674604799999,73404164.00113000,177971,16408058.98000000,35762980.62159000,0
