Open Time,Open,High,Low,Close,Volume,Close Time,Quote Asset Volume,Number of trades,Taker Buy Base Asset Volume,Taker Buy Quote Asset volume
1683849600000,1.55800000,1.68800000,1.48200000,1.67700000,20828877.98000000,1683935999999,33116583.13557000,140608,11088824.39000000,17667325.49060000,0
