Open Time,Open,High,Low,Close,Volume,Close Time,Quote Asset Volume,Number of trades,Taker Buy Base Asset Volume,Taker Buy Quote Asset volume
1693180800000,1.45200000,1.46200000,1.40100000,1.42300000,14345184.89000000,1693267199999,20474758.93121000,38693,6876936.32000000,9821269.33461000,0
