Open Time,Open,High,Low,Close,Volume,Close Time,Quote Asset Volume,Number of trades,Taker Buy Base Asset Volume,Taker Buy Quote Asset volume
1681171200000,2.36800000,2.40000000,2.28200000,2.29300000,10581566.46000000,1681257599999,24784512.08207000,60503,4825878.90000000,11314273.02539000,0
