Open Time,Open,High,Low,Close,Volume,Close Time,Quote Asset Volume,Number of trades,Taker Buy Base Asset Volume,Taker Buy Quote Asset volume
1677110400000,2.70400000,3.09300000,2.69100000,2.87500000,64331564.83000000,1677196799999,184652954.65899000,310627,31901950.05000000,91608789.54804000,0
