Open Time,Open,High,Low,Close,Volume,Close Time,Quote Asset Volume,Number of trades,Taker Buy Base Asset Volume,Taker Buy Quote Asset volume
1678147200000,2.51700000,2.58900000,2.31100000,2.40200000,24697828.46000000,1678233599999,60227477.86273000,119993,11735319.97000000,28640758.93279000,0
