Open Time,Open,High,Low,Close,Volume,Close Time,Quote Asset Volume,Number of trades,Taker Buy Base Asset Volume,Taker Buy Quote Asset volume
1688947200000,1.21400000,1.22700000,1.09800000,1.20000000,17483153.42000000,1689033599999,20678532.30059000,53557,8725083.26000000,10313568.43623000,0
