Open Time,Open,High,Low,Close,Volume,Close Time,Quote Asset Volume,Number of trades,Taker Buy Base Asset Volume,Taker Buy Quote Asset volume
1691798400000,1.58900000,1.59800000,1.53500000,1.55100000,10021616.79000000,1691884799999,15708085.82485000,29677,4145642.00000000,6502068.43328000,0
