Open Time,Open,High,Low,Close,Volume,Close Time,Quote Asset Volume,Number of trades,Taker Buy Base Asset Volume,Taker Buy Quote Asset volume
1694131200000,1.34000000,1.34900000,1.29400000,1.29700000,7248538.39000000,1694217599999,9537619.65774000,19204,3215444.81000000,4228529.55846000,0
