Open Time,Open,High,Low,Close,Volume,Close Time,Quote Asset Volume,Number of trades,Taker Buy Base Asset Volume,Taker Buy Quote Asset volume
1690761600000,1.62400000,1.77100000,1.60500000,1.61300000,53074293.24000000,1690847999999,88568701.85198000,177615,26390648.57000000,44061595.18961000,0
