Open Time,Open,High,Low,Close,Volume,Close Time,Quote Asset Volume,Number of trades,Taker Buy Base Asset Volume,Taker Buy Quote Asset volume
1683936000000,1.67600000,1.67700000,1.62600000,1.63800000,6576530.93000000,1684022399999,10825837.50219000,50221,3430822.84000000,5649734.21627000,0
