Open Time,Open,High,Low,Close,Volume,Close Time,Quote Asset Volume,Number of trades,Taker Buy Base Asset Volume,Taker Buy Quote Asset volume
1673136000000,1.09500000,1.27900000,1.06400000,1.26300000,34355583.07000000,1673222399999,40076335.90475000,79347,17460276.87000000,20366815.51188000,0
