Open Time,Open,High,Low,Close,Volume,Close Time,Quote Asset Volume,Number of trades,Taker Buy Base Asset Volume,Taker Buy Quote Asset volume
1683244800000,2.02700000,2.06500000,1.91800000,1.98200000,12950166.08000000,1683331199999,25781759.12769000,67739,6480201.57000000,12903119.08975000,0
