Open Time,Open,High,Low,Close,Volume,Close Time,Quote Asset Volume,Number of trades,Taker Buy Base Asset Volume,Taker Buy Quote Asset volume
1685923200000,1.47800000,1.48600000,1.27000000,1.38600000,42811362.45000000,1686009599999,59824542.50035000,136753,21730999.66000000,30360051.36919000,0
