Open Time,Open,High,Low,Close,Volume,Close Time,Quote Asset Volume,Number of trades,Taker Buy Base Asset Volume,Taker Buy Quote Asset volume
1686700800000,1.15300000,1.16500000,1.05900000,1.08500000,19506654.83000000,1686787199999,21863102.48237000,69661,9121302.86000000,10221187.01708000,0
