Open Time,Open,High,Low,Close,Volume,Close Time,Quote Asset Volume,Number of trades,Taker Buy Base Asset Volume,Taker Buy Quote Asset volume
1677801600000,2.72300000,2.73400000,2.42300000,2.54300000,25431740.53000000,1677887999999,64975613.56504000,128640,11523222.00000000,29415510.29635000,0
