Open Time,Open,High,Low,Close,Volume,Close Time,Quote Asset Volume,Number of trades,Taker Buy Base Asset Volume,Taker Buy Quote Asset volume
1681689600000,2.69100000,2.69200000,2.56100000,2.60900000,13734487.33000000,1681775999999,36050667.60156000,90468,6697623.64000000,17577044.02097000,0
