Open Time,Open,High,Low,Close,Volume,Close Time,Quote Asset Volume,Number of trades,Taker Buy Base Asset Volume,Taker Buy Quote Asset volume
1672704000000,0.95800000,0.98800000,0.94400000,0.95700000,12847646.94000000,1672790399999,12405865.23569000,28633,6366123.48000000,6150766.88228000,0
