Open Time,Open,High,Low,Close,Volume,Close Time,Quote Asset Volume,Number of trades,Taker Buy Base Asset Volume,Taker Buy Quote Asset volume
1679356800000,2.47400000,2.73000000,2.40400000,2.63700000,26422633.08000000,1679443199999,68206982.29930000,165715,12911232.07000000,33326282.86673000,0
