Open Time,Open,High,Low,Close,Volume,Close Time,Quote Asset Volume,Number of trades,Taker Buy Base Asset Volume,Taker Buy Quote Asset volume
1692144000000,1.47100000,1.49100000,1.37300000,1.41100000,27769597.42000000,1692230399999,39991160.04061000,68373,13226161.84000000,19073979.92651000,0
