Open Time,Open,High,Low,Close,Volume,Close Time,Quote Asset Volume,Number of trades,Taker Buy Base Asset Volume,Taker Buy Quote Asset volume
1674432000000,2.18100000,2.32500000,2.08200000,2.16700000,34848020.06000000,1674518399999,76269932.92921000,201980,17263334.50000000,37777840.41922000,0
