Open Time,Open,High,Low,Close,Volume,Close Time,Quote Asset Volume,Number of trades,Taker Buy Base Asset Volume,Taker Buy Quote Asset volume
1690502400000,1.49600000,1.51400000,1.46100000,1.47800000,11968220.82000000,1690588799999,17759009.94523000,38695,5769843.26000000,8559631.66543000,0
