Open Time,Open,High,Low,Close,Volume,Close Time,Quote Asset Volume,Number of trades,Taker Buy Base Asset Volume,Taker Buy Quote Asset volume
1687046400000,1.13300000,1.14400000,1.08900000,1.10000000,14939414.07000000,1687132799999,16696268.17387000,46685,7086950.83000000,7921627.47670000,0
