Open Time,Open,High,Low,Close,Volume,Close Time,Quote Asset Volume,Number of trades,Taker Buy Base Asset Volume,Taker Buy Quote Asset volume
1691452800000,1.79700000,1.82900000,1.66300000,1.68000000,39559587.49000000,1691539199999,67947378.28704000,125712,17833863.47000000,30612679.09749000,0
