Open Time,Open,High,Low,Close,Volume,Close Time,Quote Asset Volume,Number of trades,Taker Buy Base Asset Volume,Taker Buy Quote Asset volume
1685404800000,1.52300000,1.54900000,1.40400000,1.42000000,25096269.46000000,1685491199999,37160718.90958000,97218,12186941.98000000,18051491.04483000,0
