Open Time,Open,High,Low,Close,Volume,Close Time,Quote Asset Volume,Number of trades,Taker Buy Base Asset Volume,Taker Buy Quote Asset volume
1680825600000,2.26300000,2.28000000,2.21800000,2.26700000,6139169.85000000,1680911999999,13804969.05974000,35581,2880547.64000000,6480056.57756000,0
