Open Time,Open,High,Low,Close,Volume,Close Time,Quote Asset Volume,Number of trades,Taker Buy Base Asset Volume,Taker Buy Quote Asset volume
1691712000000,1.58000000,1.60900000,1.57300000,1.58900000,12088811.00000000,1691798399999,19232765.23877000,36121,5914892.80000000,9415819.24527000,0
