Open Time,Open,High,Low,Close,Volume,Close Time,Quote Asset Volume,Number of trades,Taker Buy Base Asset Volume,Taker Buy Quote Asset volume
1686441600000,1.09200000,1.12800000,1.05800000,1.09300000,17550366.57000000,1686527999999,19060057.95446000,73120,8589069.72000000,9331891.74217000,0
