Open Time,Open,High,Low,Close,Volume,Close Time,Quote Asset Volume,Number of trades,Taker Buy Base Asset Volume,Taker Buy Quote Asset volume
1680566400000,2.16600000,2.26600000,2.12700000,2.23300000,12065215.84000000,1680652799999,26584305.93153000,61140,6194182.20000000,13652170.14289000,0
