Open Time,Open,High,Low,Close,Volume,Close Time,Quote Asset Volume,Number of trades,Taker Buy Base Asset Volume,Taker Buy Quote Asset volume
1681084800000,2.28100000,2.37200000,2.22200000,2.36800000,12487944.48000000,1681171199999,28414555.92954000,61436,6363993.79000000,14492976.60747000,0
