Open Time,Open,High,Low,Close,Volume,Close Time,Quote Asset Volume,Number of trades,Taker Buy Base Asset Volume,Taker Buy Quote Asset volume
1684886400000,1.66900000,1.67000000,1.53700000,1.59300000,14175908.01000000,1684972799999,22621461.79044000,61243,7139074.07000000,11383058.85555000,0
