Open Time,Open,High,Low,Close,Volume,Close Time,Quote Asset Volume,Number of trades,Taker Buy Base Asset Volume,Taker Buy Quote Asset volume
1673308800000,1.25200000,1.29400000,1.20700000,1.26600000,25380421.83000000,1673395199999,31916480.45493000,64105,12516332.78000000,15764400.89397000,0
