Open Time,Open,High,Low,Close,Volume,Close Time,Quote Asset Volume,Number of trades,Taker Buy Base Asset Volume,Taker Buy Quote Asset volume
1693353600000,1.49400000,1.51100000,1.45900000,1.48200000,13877534.33000000,1693439999999,20592289.38679000,36449,7161001.13000000,10633193.25476000,0
