Open Time,Open,High,Low,Close,Volume,Close Time,Quote Asset Volume,Number of trades,Taker Buy Base Asset Volume,Taker Buy Quote Asset volume
1690156800000,1.58100000,1.58700000,1.47100000,1.50900000,28803519.68000000,1690243199999,44251655.93704000,95429,14063750.24000000,21624539.14094000,0
