Open Time,Open,High,Low,Close,Volume,Close Time,Quote Asset Volume,Number of trades,Taker Buy Base Asset Volume,Taker Buy Quote Asset volume
1679011200000,2.48300000,2.74300000,2.43700000,2.71500000,35226787.93000000,1679097599999,91457846.49322000,208434,17480772.42000000,45390480.26726000,0
