Open Time,Open,High,Low,Close,Volume,Close Time,Quote Asset Volume,Number of trades,Taker Buy Base Asset Volume,Taker Buy Quote Asset volume
1685750400000,1.44900000,1.50000000,1.43200000,1.48300000,13835366.68000000,1685836799999,20385657.39759000,50343,7000155.88000000,10309331.82814000,0
