Open Time,Open,High,Low,Close,Volume,Close Time,Quote Asset Volume,Number of trades,Taker Buy Base Asset Volume,Taker Buy Quote Asset volume
1675987200000,2.40000000,2.45900000,2.28800000,2.41700000,31387345.68000000,1676073599999,75157687.10577000,167809,14847143.66000000,35569459.73155000,0
