Open Time,Open,High,Low,Close,Volume,Close Time,Quote Asset Volume,Number of trades,Taker Buy Base Asset Volume,Taker Buy Quote Asset volume
1680307200000,2.28800000,2.31800000,2.23600000,2.27800000,7421385.87000000,1680393599999,16877227.99302000,43358,3451000.74000000,7850738.50818000,0
