Open Time,Open,High,Low,Close,Volume,Close Time,Quote Asset Volume,Number of trades,Taker Buy Base Asset Volume,Taker Buy Quote Asset volume
1678320000000,2.23300000,2.39000000,2.11000000,2.20200000,36633290.60000000,1678406399999,82885391.83044000,186643,18087307.36000000,40987027.45618000,0
