Open Time,Open,High,Low,Close,Volume,Close Time,Quote Asset Volume,Number of trades,Taker Buy Base Asset Volume,Taker Buy Quote Asset volume
1693440000000,0.94230000,0.95960000,0.90090000,0.91610000,42555022.40000000,1693526399999,39552532.29435000,93811,20864732.80000000,19393606.83180000,0
