Open Time,Open,High,Low,Close,Volume,Close Time,Quote Asset Volume,Number of trades,Taker Buy Base Asset Volume,Taker Buy Quote Asset volume
1687046400000,0.99390000,1.02460000,0.98180000,0.99430000,35635277.90000000,1687132799999,35820116.80560000,97507,17637222.10000000,17735019.79807000,0
