Open Time,Open,High,Low,Close,Volume,Close Time,Quote Asset Volume,Number of trades,Taker Buy Base Asset Volume,Taker Buy Quote Asset volume
1685059200000,1.10660000,1.18100000,1.10320000,1.15780000,77326911.20000000,1685145599999,89034284.94026000,163491,38470463.30000000,44324836.18971000,0
