Open Time,Open,High,Low,Close,Volume,Close Time,Quote Asset Volume,Number of trades,Taker Buy Base Asset Volume,Taker Buy Quote Asset volume
1679961600000,1.16580000,1.22400000,1.11000000,1.22040000,202773340.20000000,1680047999999,234892901.28842000,368178,101468149.30000000,117815450.54963000,0
