Open Time,Open,High,Low,Close,Volume,Close Time,Quote Asset Volume,Number of trades,Taker Buy Base Asset Volume,Taker Buy Quote Asset volume
1693267200000,0.94980000,0.99850000,0.93290000,0.97110000,48866855.80000000,1693353599999,47211918.32114000,104233,23364798.00000000,22600950.07740000,0
