Open Time,Open,High,Low,Close,Volume,Close Time,Quote Asset Volume,Number of trades,Taker Buy Base Asset Volume,Taker Buy Quote Asset volume
1683849600000,1.08890000,1.17770000,1.06080000,1.17200000,130976835.80000000,1683935999999,145633499.00179000,277334,64874156.40000000,72212687.91713000,0
