Open Time,Open,High,Low,Close,Volume,Close Time,Quote Asset Volume,Number of trades,Taker Buy Base Asset Volume,Taker Buy Quote Asset volume
1684281600000,1.18010000,1.21240000,1.13140000,1.19840000,75624032.30000000,1684367999999,89146910.46743000,157418,36535159.20000000,43085793.72759000,0
