Open Time,Open,High,Low,Close,Volume,Close Time,Quote Asset Volume,Number of trades,Taker Buy Base Asset Volume,Taker Buy Quote Asset volume
1686528000000,0.99210000,0.99810000,0.95400000,0.97880000,68832854.60000000,1686614399999,67147378.95907000,138234,35098874.10000000,34207307.51480000,0
