Open Time,Open,High,Low,Close,Volume,Close Time,Quote Asset Volume,Number of trades,Taker Buy Base Asset Volume,Taker Buy Quote Asset volume
1681776000000,1.60930000,1.82000000,1.58200000,1.67310000,300760709.20000000,1681862399999,516812935.81904000,643663,156810891.20000000,269603724.61926000,0
