Open Time,Open,High,Low,Close,Volume,Close Time,Quote Asset Volume,Number of trades,Taker Buy Base Asset Volume,Taker Buy Quote Asset volume
1694131200000,0.91320000,0.92340000,0.88910000,0.90180000,20574730.10000000,1694217599999,18649767.95603000,53039,9348937.10000000,8479582.63728000,0
