Open Time,Open,High,Low,Close,Volume,Close Time,Quote Asset Volume,Number of trades,Taker Buy Base Asset Volume,Taker Buy Quote Asset volume
1693872000000,0.89680000,0.91290000,0.88350000,0.90110000,19954862.40000000,1693958399999,17902351.11077000,42245,9844872.80000000,8835730.62816000,0
