Open Time,Open,High,Low,Close,Volume,Close Time,Quote Asset Volume,Number of trades,Taker Buy Base Asset Volume,Taker Buy Quote Asset volume
1689206400000,1.12180000,1.25000000,1.11180000,1.22370000,83084202.00000000,1689292799999,98737457.11305000,220282,43321817.60000000,51516811.65265000,0
