Open Time,Open,High,Low,Close,Volume,Close Time,Quote Asset Volume,Number of trades,Taker Buy Base Asset Volume,Taker Buy Quote Asset volume
1679702400000,1.27260000,1.31500000,1.18000000,1.21780000,281919109.50000000,1679788799999,349520142.61178000,594751,132853921.80000000,164852695.42930000,0
