Open Time,Open,High,Low,Close,Volume,Close Time,Quote Asset Volume,Number of trades,Taker Buy Base Asset Volume,Taker Buy Quote Asset volume
1689984000000,1.23310000,1.25220000,1.21390000,1.22580000,16645592.30000000,1690070399999,20612947.99787000,50025,7549088.90000000,9351423.81967000,0
