Open Time,Open,High,Low,Close,Volume,Close Time,Quote Asset Volume,Number of trades,Taker Buy Base Asset Volume,Taker Buy Quote Asset volume
1693353600000,0.97100000,0.97200000,0.93530000,0.94230000,27311575.10000000,1693439999999,25999115.69990000,56396,12502169.20000000,11898658.59541000,0
