Open Time,Open,High,Low,Close,Volume,Close Time,Quote Asset Volume,Number of trades,Taker Buy Base Asset Volume,Taker Buy Quote Asset volume
1687651200000,1.08010000,1.13900000,1.07340000,1.11330000,51072557.90000000,1687737599999,56629678.68251000,138128,23789894.50000000,26368138.76799000,0
