Open Time,Open,High,Low,Close,Volume,Close Time,Quote Asset Volume,Number of trades,Taker Buy Base Asset Volume,Taker Buy Quote Asset volume
1682380800000,1.33820000,1.38730000,1.29330000,1.37940000,159350211.50000000,1682467199999,211600050.84145000,299761,80057333.60000000,106357944.76323000,0
