Open Time,Open,High,Low,Close,Volume,Close Time,Quote Asset Volume,Number of trades,Taker Buy Base Asset Volume,Taker Buy Quote Asset volume
1685232000000,1.17210000,1.25920000,1.16420000,1.24810000,83679711.70000000,1685318399999,101141790.54380000,160292,41746687.50000000,50451614.19811000,0
