Open Time,Open,High,Low,Close,Volume,Close Time,Quote Asset Volume,Number of trades,Taker Buy Base Asset Volume,Taker Buy Quote Asset volume
1691625600000,1.17620000,1.18920000,1.15500000,1.16030000,24479088.10000000,1691711999999,28677551.68523000,61297,11318905.70000000,13274202.24085000,0
