Open Time,Open,High,Low,Close,Volume,Close Time,Quote Asset Volume,Number of trades,Taker Buy Base Asset Volume,Taker Buy Quote Asset volume
1688860800000,1.12470000,1.14300000,1.12110000,1.12450000,37628437.30000000,1688947199999,42651619.39819000,80581,18969038.50000000,21498344.95421000,0
