Open Time,Open,High,Low,Close,Volume,Close Time,Quote Asset Volume,Number of trades,Taker Buy Base Asset Volume,Taker Buy Quote Asset volume
1686700800000,0.99310000,1.01200000,0.91840000,0.94180000,54776158.60000000,1686787199999,53480238.72336000,123749,25049405.80000000,24462680.04446000,0
