Open Time,Open,High,Low,Close,Volume,Close Time,Quote Asset Volume,Number of trades,Taker Buy Base Asset Volume,Taker Buy Quote Asset volume
1693612800000,0.88480000,0.89920000,0.87490000,0.88810000,19659100.60000000,1693699199999,17456268.74532000,43041,9071679.90000000,8056592.75935000,0
