Open Time,Open,High,Low,Close,Volume,Close Time,Quote Asset Volume,Number of trades,Taker Buy Base Asset Volume,Taker Buy Quote Asset volume
1680652800000,1.23450000,1.29050000,1.20460000,1.24250000,147233101.00000000,1680739199999,184702389.63259000,308117,72829918.30000000,91450838.62234000,0
