Open Time,Open,High,Low,Close,Volume,Close Time,Quote Asset Volume,Number of trades,Taker Buy Base Asset Volume,Taker Buy Quote Asset volume
1688774400000,1.13170000,1.15050000,1.11050000,1.12470000,33248410.00000000,1688860799999,37617760.16966000,85823,17706042.90000000,20044676.44676000,0
