Open Time,Open,High,Low,Close,Volume,Close Time,Quote Asset Volume,Number of trades,Taker Buy Base Asset Volume,Taker Buy Quote Asset volume
1691539200000,1.16020000,1.19560000,1.16020000,1.17610000,41496971.20000000,1691625599999,48874751.25625000,101517,19938870.60000000,23488654.68079000,0
