Open Time,Open,High,Low,Close,Volume,Close Time,Quote Asset Volume,Number of trades,Taker Buy Base Asset Volume,Taker Buy Quote Asset volume
1689552000000,1.27110000,1.34990000,1.25040000,1.30520000,88908688.40000000,1689638399999,115579619.91977000,257141,44054364.60000000,57301589.98359000,0
