Open Time,Open,High,Low,Close,Volume,Close Time,Quote Asset Volume,Number of trades,Taker Buy Base Asset Volume,Taker Buy Quote Asset volume
1690934400000,1.16280000,1.17490000,1.12310000,1.13330000,30072008.80000000,1691020799999,34541434.56429000,70081,13404250.60000000,15389466.73673000,0
