Open Time,Open,High,Low,Close,Volume,Close Time,Quote Asset Volume,Number of trades,Taker Buy Base Asset Volume,Taker Buy Quote Asset volume
1694822400000,0.80770000,0.83770000,0.80650000,0.82780000,31965136.30000000,1694908799999,26331396.11474000,75808,16254007.20000000,13390093.92557000,0
