Open Time,Open,High,Low,Close,Volume,Close Time,Quote Asset Volume,Number of trades,Taker Buy Base Asset Volume,Taker Buy Quote Asset volume
1689033600000,1.11920000,1.13410000,1.11000000,1.12720000,29744788.40000000,1689119999999,33360067.93257000,70342,14079566.90000000,15798587.35794000,0
