Open Time,Open,High,Low,Close,Volume,Close Time,Quote Asset Volume,Number of trades,Taker Buy Base Asset Volume,Taker Buy Quote Asset volume
1684713600000,1.12740000,1.14030000,1.10560000,1.12540000,34381113.00000000,1684799999999,38611452.83196000,77933,17184748.60000000,19300511.33458000,0
