Open Time,Open,High,Low,Close,Volume,Close Time,Quote Asset Volume,Number of trades,Taker Buy Base Asset Volume,Taker Buy Quote Asset volume
1690243200000,1.18630000,1.19520000,1.15520000,1.16870000,24737966.60000000,1690329599999,29042574.44483000,68530,11432154.70000000,13423058.60401000,0
