Open Time,Open,High,Low,Close,Volume,Close Time,Quote Asset Volume,Number of trades,Taker Buy Base Asset Volume,Taker Buy Quote Asset volume
1689120000000,1.12720000,1.13930000,1.10820000,1.12190000,43186392.30000000,1689206399999,48712598.69601000,91334,21090154.00000000,23792564.25916000,0
