Open Time,Open,High,Low,Close,Volume,Close Time,Quote Asset Volume,Number of trades,Taker Buy Base Asset Volume,Taker Buy Quote Asset volume
1686873600000,0.95030000,0.98700000,0.92260000,0.97540000,45830213.70000000,1686959999999,43833085.57272000,102215,22332988.10000000,21370244.46084000,0
