Open Time,Open,High,Low,Close,Volume,Close Time,Quote Asset Volume,Number of trades,Taker Buy Base Asset Volume,Taker Buy Quote Asset volume
1685836800000,1.21570000,1.23540000,1.20010000,1.20710000,27355404.20000000,1685923199999,33391584.00324000,59547,13322716.50000000,16268453.98310000,0
