Open Time,Open,High,Low,Close,Volume,Close Time,Quote Asset Volume,Number of trades,Taker Buy Base Asset Volume,Taker Buy Quote Asset volume
1681948800000,1.48860000,1.54500000,1.40360000,1.44200000,241956942.90000000,1682035199999,358454314.24985000,495571,116995112.10000000,173401698.65765000,0
