Open Time,Open,High,Low,Close,Volume,Close Time,Quote Asset Volume,Number of trades,Taker Buy Base Asset Volume,Taker Buy Quote Asset volume
1687564800000,1.13510000,1.13510000,1.05530000,1.08000000,45896280.60000000,1687651199999,50390138.50538000,129549,22230890.40000000,24415427.76299000,0
