Open Time,Open,High,Low,Close,Volume,Close Time,Quote Asset Volume,Number of trades,Taker Buy Base Asset Volume,Taker Buy Quote Asset volume
1682726400000,1.38010000,1.39480000,1.33000000,1.36750000,43764208.70000000,1682812799999,60010394.27391000,97642,20448341.20000000,28049539.09860000,0
