Open Time,Open,High,Low,Close,Volume,Close Time,Quote Asset Volume,Number of trades,Taker Buy Base Asset Volume,Taker Buy Quote Asset volume
1688947200000,1.12450000,1.14430000,1.09450000,1.11930000,40698798.90000000,1689033599999,45502635.95973000,105708,20009375.70000000,22380276.54922000,0
