Open Time,Open,High,Low,Close,Volume,Close Time,Quote Asset Volume,Number of trades,Taker Buy Base Asset Volume,Taker Buy Quote Asset volume
1691107200000,1.12920000,1.16630000,1.12760000,1.15770000,23883256.50000000,1691193599999,27469376.88024000,55038,11835615.30000000,13612490.79612000,0
