Open Time,Open,High,Low,Close,Volume,Close Time,Quote Asset Volume,Number of trades,Taker Buy Base Asset Volume,Taker Buy Quote Asset volume
1682294400000,1.34050000,1.36890000,1.28000000,1.33850000,160683841.40000000,1682380799999,213192113.69572000,308157,79312937.20000000,105272130.75677000,0
