Open Time,Open,High,Low,Close,Volume,Close Time,Quote Asset Volume,Number of trades,Taker Buy Base Asset Volume,Taker Buy Quote Asset volume
1692489600000,1.02110000,1.04120000,1.01580000,1.02920000,18058972.60000000,1692575999999,18579868.14394000,38786,8637173.20000000,8889467.17588000,0
