Open Time,Open,High,Low,Close,Volume,Close Time,Quote Asset Volume,Number of trades,Taker Buy Base Asset Volume,Taker Buy Quote Asset volume
1691452800000,1.13460000,1.17420000,1.13180000,1.16030000,28957898.20000000,1691539199999,33327387.30504000,61715,13804313.70000000,15888463.31591000,0
