Open Time,Open,High,Low,Close,Volume,Close Time,Quote Asset Volume,Number of trades,Taker Buy Base Asset Volume,Taker Buy Quote Asset volume
1689465600000,1.27110000,1.31070000,1.23410000,1.27120000,53253421.40000000,1689551999999,68046558.02618000,149306,26121722.30000000,33393319.34905000,0
