Open Time,Open,High,Low,Close,Volume,Close Time,Quote Asset Volume,Number of trades,Taker Buy Base Asset Volume,Taker Buy Quote Asset volume
1692057600000,1.14180000,1.16720000,1.11100000,1.13010000,32200168.50000000,1692143999999,36763154.94451000,73729,15420622.80000000,17618601.24790000,0
