Open Time,Open,High,Low,Close,Volume,Close Time,Quote Asset Volume,Number of trades,Taker Buy Base Asset Volume,Taker Buy Quote Asset volume
1685318400000,1.24820000,1.27980000,1.20500000,1.22660000,77856522.90000000,1685404799999,96747128.48614000,157580,36988074.50000000,45968477.20765000,0
