Open Time,Open,High,Low,Close,Volume,Close Time,Quote Asset Volume,Number of trades,Taker Buy Base Asset Volume,Taker Buy Quote Asset volume
1686787200000,0.94190000,0.96040000,0.90750000,0.95040000,53024487.00000000,1686873599999,49430342.42920000,135878,24423739.70000000,22774519.59944000,0
