Open Time,Open,High,Low,Close,Volume,Close Time,Quote Asset Volume,Number of trades,Taker Buy Base Asset Volume,Taker Buy Quote Asset volume
1690848000000,1.16940000,1.17570000,1.12110000,1.16270000,33704668.60000000,1690934399999,38569922.50086000,76097,16920880.90000000,19362459.07106000,0
