Open Time,Open,High,Low,Close,Volume,Close Time,Quote Asset Volume,Number of trades,Taker Buy Base Asset Volume,Taker Buy Quote Asset volume
1693008000000,0.94910000,0.95570000,0.93800000,0.95060000,15026370.40000000,1693094399999,14213059.79097000,34908,6760289.20000000,6396636.31327000,0
