Open Time,Open,High,Low,Close,Volume,Close Time,Quote Asset Volume,Number of trades,Taker Buy Base Asset Volume,Taker Buy Quote Asset volume
1683936000000,1.17200000,1.19160000,1.14380000,1.17010000,72548008.20000000,1684022399999,84728589.58257000,152262,36313732.00000000,42402414.42755000,0
