Open Time,Open,High,Low,Close,Volume,Close Time,Quote Asset Volume,Number of trades,Taker Buy Base Asset Volume,Taker Buy Quote Asset volume
1689811200000,1.26660000,1.31200000,1.24760000,1.26140000,57556923.50000000,1689897599999,73619564.54870000,143924,26385427.60000000,33763983.92471000,0
