Open Time,Open,High,Low,Close,Volume,Close Time,Quote Asset Volume,Number of trades,Taker Buy Base Asset Volume,Taker Buy Quote Asset volume
1690416000000,1.19780000,1.20890000,1.16730000,1.17290000,19387171.50000000,1690502399999,23105073.63195000,49605,8561672.30000000,10206303.22497000,0
