Open Time,Open,High,Low,Close,Volume,Close Time,Quote Asset Volume,Number of trades,Taker Buy Base Asset Volume,Taker Buy Quote Asset volume
1694736000000,0.80380000,0.81490000,0.78270000,0.80780000,30610271.20000000,1694822399999,24447284.52945000,76302,14049470.60000000,11223430.20611000,0
