Open Time,Open,High,Low,Close,Volume,Close Time,Quote Asset Volume,Number of trades,Taker Buy Base Asset Volume,Taker Buy Quote Asset volume
1692921600000,0.98130000,0.98130000,0.93170000,0.94920000,32485307.00000000,1693007999999,30917479.30139000,84438,14451951.60000000,13752967.27282000,0
