Open Time,Open,High,Low,Close,Volume,Close Time,Quote Asset Volume,Number of trades,Taker Buy Base Asset Volume,Taker Buy Quote Asset volume
1692662400000,0.99430000,1.00460000,0.93420000,0.98210000,38533398.60000000,1692748799999,37593516.30810000,84216,18315443.20000000,17870751.32165000,0
