Open Time,Open,High,Low,Close,Volume,Close Time,Quote Asset Volume,Number of trades,Taker Buy Base Asset Volume,Taker Buy Quote Asset volume
1681257600000,1.21620000,1.21930000,1.15280000,1.19340000,103650019.00000000,1681343999999,122754788.29227000,200475,49522981.80000000,58659558.87483000,0
