Open Time,Open,High,Low,Close,Volume,Close Time,Quote Asset Volume,Number of trades,Taker Buy Base Asset Volume,Taker Buy Quote Asset volume
1688083200000,1.12930000,1.19760000,1.06320000,1.16380000,131933322.40000000,1688169599999,150867607.31094000,334688,64363526.60000000,73641595.91564000,0
