Open Time,Open,High,Low,Close,Volume,Close Time,Quote Asset Volume,Number of trades,Taker Buy Base Asset Volume,Taker Buy Quote Asset volume
1679616000000,1.32180000,1.56750000,1.17170000,1.27270000,543509688.10000000,1679702399999,752523772.91822000,1454212,256537764.50000000,356122482.00129000,0
