Open Time,Open,High,Low,Close,Volume,Close Time,Quote Asset Volume,Number of trades,Taker Buy Base Asset Volume,Taker Buy Quote Asset volume
1684195200000,1.18840000,1.21330000,1.16250000,1.18020000,69837029.80000000,1684281599999,82855958.02706000,149146,34587456.80000000,41053809.56334000,0
