Open Time,Open,High,Low,Close,Volume,Close Time,Quote Asset Volume,Number of trades,Taker Buy Base Asset Volume,Taker Buy Quote Asset volume
1687132800000,0.99430000,1.01780000,0.98560000,1.00730000,29777653.30000000,1687219199999,29777228.76987000,79987,14715742.20000000,14717446.91075000,0
