Open Time,Open,High,Low,Close,Volume,Close Time,Quote Asset Volume,Number of trades,Taker Buy Base Asset Volume,Taker Buy Quote Asset volume
1681862400000,1.67260000,1.69660000,1.45430000,1.48880000,280622993.70000000,1681948799999,438441810.19323000,699250,133863905.90000000,209123951.29891000,0
