Open Time,Open,High,Low,Close,Volume,Close Time,Quote Asset Volume,Number of trades,Taker Buy Base Asset Volume,Taker Buy Quote Asset volume
1682121600000,1.47170000,1.50030000,1.42000000,1.46520000,161249474.50000000,1682207999999,235315083.39117000,320905,83979948.20000000,122611932.35895000,0
