Open Time,Open,High,Low,Close,Volume,Close Time,Quote Asset Volume,Number of trades,Taker Buy Base Asset Volume,Taker Buy Quote Asset volume
1689638400000,1.30500000,1.33100000,1.21310000,1.24510000,73200138.90000000,1689724799999,93094296.60309000,203552,35859213.60000000,45627631.70941000,0
