Open Time,Open,High,Low,Close,Volume,Close Time,Quote Asset Volume,Number of trades,Taker Buy Base Asset Volume,Taker Buy Quote Asset volume
1687824000000,1.13960000,1.24470000,1.13720000,1.20680000,92047161.10000000,1687910399999,110971123.72375000,244334,45339934.20000000,54635094.35555000,0
