Open Time,Open,High,Low,Close,Volume,Close Time,Quote Asset Volume,Number of trades,Taker Buy Base Asset Volume,Taker Buy Quote Asset volume
1680048000000,1.22020000,1.27670000,1.19570000,1.22570000,192740067.40000000,1680134399999,237899785.88639000,327097,95260399.00000000,117662729.89337000,0
