Open Time,Open,High,Low,Close,Volume,Close Time,Quote Asset Volume,Number of trades,Taker Buy Base Asset Volume,Taker Buy Quote Asset volume
1684368000000,1.19840000,1.21490000,1.13610000,1.15580000,65314586.50000000,1684454399999,76883153.08293000,130553,32066215.40000000,37751606.83348000,0
