Open Time,Open,High,Low,Close,Volume,Close Time,Quote Asset Volume,Number of trades,Taker Buy Base Asset Volume,Taker Buy Quote Asset volume
1684886400000,1.16660000,1.16720000,1.08010000,1.10930000,67414125.40000000,1684972799999,75200353.61181000,133547,31194573.50000000,34769504.66636000,0
