Open Time,Open,High,Low,Close,Volume,Close Time,Quote Asset Volume,Number of trades,Taker Buy Base Asset Volume,Taker Buy Quote Asset volume
1692230400000,1.04910000,1.06750000,0.91600000,0.98450000,83393302.60000000,1692316799999,84329368.60978000,194710,39662986.60000000,40087355.59224000,0
