Open Time,Open,High,Low,Close,Volume,Close Time,Quote Asset Volume,Number of trades,Taker Buy Base Asset Volume,Taker Buy Quote Asset volume
1685664000000,1.14610000,1.25860000,1.13470000,1.24070000,85117991.90000000,1685750399999,104091305.37180000,180773,42606406.80000000,52091545.79991000,0
