Open Time,Open,High,Low,Close,Volume,Close Time,Quote Asset Volume,Number of trades,Taker Buy Base Asset Volume,Taker Buy Quote Asset volume
1692576000000,1.02920000,1.03400000,0.97310000,0.99420000,29878736.60000000,1692662399999,30005702.77130000,68307,13548462.00000000,13604742.93766000,0
