Open Time,Open,High,Low,Close,Volume,Close Time,Quote Asset Volume,Number of trades,Taker Buy Base Asset Volume,Taker Buy Quote Asset volume
1685923200000,1.20670000,1.20670000,1.06130000,1.13560000,115265008.00000000,1686009599999,131799959.66909000,242705,53576115.30000000,61306996.45690000,0
