Open Time,Open,High,Low,Close,Volume,Close Time,Quote Asset Volume,Number of trades,Taker Buy Base Asset Volume,Taker Buy Quote Asset volume
1691971200000,1.14110000,1.15410000,1.13190000,1.14170000,18582640.20000000,1692057599999,21241185.61810000,39443,8951076.70000000,10235178.11624000,0
