Open Time,Open,High,Low,Close,Volume,Close Time,Quote Asset Volume,Number of trades,Taker Buy Base Asset Volume,Taker Buy Quote Asset volume
1686182400000,1.12610000,1.15140000,1.10560000,1.12870000,39436174.50000000,1686268799999,44452960.67135000,91005,18863497.30000000,21263138.75635000,0
