Open Time,Open,High,Low,Close,Volume,Close Time,Quote Asset Volume,Number of trades,Taker Buy Base Asset Volume,Taker Buy Quote Asset volume
1682985600000,1.31870000,1.35950000,1.30730000,1.34860000,57278100.90000000,1683071999999,76124744.35070000,120508,28828250.80000000,38325967.26887000,0
