Open Time,Open,High,Low,Close,Volume,Close Time,Quote Asset Volume,Number of trades,Taker Buy Base Asset Volume,Taker Buy Quote Asset volume
1691020800000,1.13290000,1.15060000,1.11870000,1.12920000,24196608.60000000,1691107199999,27411739.84152000,52501,11895432.40000000,13482449.52028000,0
