Open Time,Open,High,Low,Close,Volume,Close Time,Quote Asset Volume,Number of trades,Taker Buy Base Asset Volume,Taker Buy Quote Asset volume
1680480000000,1.20170000,1.22790000,1.10000000,1.15300000,238034627.30000000,1680566399999,280329403.36809000,480886,113927329.60000000,134370729.22100000,0
