Open Time,Open,High,Low,Close,Volume,Close Time,Quote Asset Volume,Number of trades,Taker Buy Base Asset Volume,Taker Buy Quote Asset volume
1684454400000,1.15610000,1.17330000,1.14160000,1.16360000,44685807.20000000,1684540799999,51668201.33462000,95291,22166417.60000000,25630590.00948000,0
