Open Time,Open,High,Low,Close,Volume,Close Time,Quote Asset Volume,Number of trades,Taker Buy Base Asset Volume,Taker Buy Quote Asset volume
1685491200000,1.21820000,1.23630000,1.13500000,1.16070000,69174488.30000000,1685577599999,81298215.67678000,130342,32687246.50000000,38400214.09962000,0
