Open Time,Open,High,Low,Close,Volume,Close Time,Quote Asset Volume,Number of trades,Taker Buy Base Asset Volume,Taker Buy Quote Asset volume
1681430400000,1.36890000,1.74500000,1.36800000,1.69850000,531188625.70000000,1681516799999,826118730.32467000,1141885,275961711.20000000,428934042.99811000,0
