Open Time,Open,High,Low,Close,Volume,Close Time,Quote Asset Volume,Number of trades,Taker Buy Base Asset Volume,Taker Buy Quote Asset volume
1683331200000,1.35620000,1.36790000,1.21550000,1.23930000,125932908.60000000,1683417599999,160010840.58745000,231282,57718462.50000000,73235375.08507000,0
