Open Time,Open,High,Low,Close,Volume,Close Time,Quote Asset Volume,Number of trades,Taker Buy Base Asset Volume,Taker Buy Quote Asset volume
1687219200000,1.00730000,1.09000000,0.98250000,1.08340000,66970269.60000000,1687305599999,69359325.98514000,151486,33118838.20000000,34335748.52466000,0
