Open Time,Open,High,Low,Close,Volume,Close Time,Quote Asset Volume,Number of trades,Taker Buy Base Asset Volume,Taker Buy Quote Asset volume
1693526400000,0.91600000,0.92910000,0.87010000,0.88480000,36363970.20000000,1693612799999,32727733.48028000,80302,17415986.60000000,15681230.34033000,0
