Open Time,Open,High,Low,Close,Volume,Close Time,Quote Asset Volume,Number of trades,Taker Buy Base Asset Volume,Taker Buy Quote Asset volume
1690588800000,1.17360000,1.18400000,1.17140000,1.18230000,8097316.30000000,1690675199999,9534984.64781000,25944,3942125.60000000,4641815.39424000,0
