Open Time,Open,High,Low,Close,Volume,Close Time,Quote Asset Volume,Number of trades,Taker Buy Base Asset Volume,Taker Buy Quote Asset volume
1679529600000,0.50000000,1.60000000,0.50000000,1.32170000,495714259.20000000,1679615999999,669932083.21377000,1554607,239582225.30000000,324232707.79253000,0
