Open Time,Open,High,Low,Close,Volume,Close Time,Quote Asset Volume,Number of trades,Taker Buy Base Asset Volume,Taker Buy Quote Asset volume
1688256000000,1.15120000,1.16160000,1.11620000,1.15110000,36723276.40000000,1688342399999,41800717.11607000,101342,17616366.00000000,20053193.72532000,0
