Open Time,Open,High,Low,Close,Volume,Close Time,Quote Asset Volume,Number of trades,Taker Buy Base Asset Volume,Taker Buy Quote Asset volume
1684540800000,1.16360000,1.16950000,1.14980000,1.16340000,24322161.60000000,1684627199999,28180471.53521000,50370,11221206.10000000,13006852.47534000,0
