Open Time,Open,High,Low,Close,Volume,Close Time,Quote Asset Volume,Number of trades,Taker Buy Base Asset Volume,Taker Buy Quote Asset volume
1680566400000,1.15270000,1.26870000,1.14790000,1.23450000,175931684.00000000,1680652799999,212519021.88563000,339191,92979020.90000000,112386980.62921000,0
