Open Time,Open,High,Low,Close,Volume,Close Time,Quote Asset Volume,Number of trades,Taker Buy Base Asset Volume,Taker Buy Quote Asset volume
1683158400000,1.34280000,1.36520000,1.30730000,1.31830000,66484608.20000000,1683244799999,88645379.87799000,121494,32446123.80000000,43266330.51275000,0
