Open Time,Open,High,Low,Close,Volume,Close Time,Quote Asset Volume,Number of trades,Taker Buy Base Asset Volume,Taker Buy Quote Asset volume
1681171200000,1.24230000,1.25900000,1.20320000,1.21640000,85393969.60000000,1681257599999,105254360.64188000,165996,41647632.90000000,51350540.40925000,0
