Open Time,Open,High,Low,Close,Volume,Close Time,Quote Asset Volume,Number of trades,Taker Buy Base Asset Volume,Taker Buy Quote Asset volume
1687305600000,1.08330000,1.15000000,1.07680000,1.14050000,93746416.10000000,1687391999999,104277183.44224000,231019,46933531.90000000,52159999.76733000,0
