Open Time,Open,High,Low,Close,Volume,Close Time,Quote Asset Volume,Number of trades,Taker Buy Base Asset Volume,Taker Buy Quote Asset volume
1685404800000,1.22670000,1.24820000,1.20670000,1.21810000,59864078.40000000,1685491199999,73613998.58932000,124999,29803786.80000000,36653083.12190000,0
