Open Time,Open,High,Low,Close,Volume,Close Time,Quote Asset Volume,Number of trades,Taker Buy Base Asset Volume,Taker Buy Quote Asset volume
1686614400000,0.97870000,1.03400000,0.96850000,0.99320000,66922099.30000000,1686700799999,66949166.59981000,149475,31357183.50000000,31370762.09041000,0
