Open Time,Open,High,Low,Close,Volume,Close Time,Quote Asset Volume,Number of trades,Taker Buy Base Asset Volume,Taker Buy Quote Asset volume
1686355200000,1.13170000,1.13380000,0.92940000,0.99320000,166047016.30000000,1686441599999,168049027.44013000,404596,76345688.50000000,77231502.14936000,0
