Open Time,Open,High,Low,Close,Volume,Close Time,Quote Asset Volume,Number of trades,Taker Buy Base Asset Volume,Taker Buy Quote Asset volume
1690329600000,1.16870000,1.20700000,1.15000000,1.19760000,30886900.70000000,1690415999999,36327013.45242000,86708,14953646.90000000,17601635.35221000,0
