Open Time,Open,High,Low,Close,Volume,Close Time,Quote Asset Volume,Number of trades,Taker Buy Base Asset Volume,Taker Buy Quote Asset volume
1680393600000,1.29300000,1.29850000,1.13290000,1.20160000,273657244.10000000,1680479999999,331454458.65718000,510219,134871807.10000000,163428692.30468000,0
