Open Time,Open,High,Low,Close,Volume,Close Time,Quote Asset Volume,Number of trades,Taker Buy Base Asset Volume,Taker Buy Quote Asset volume
1688515200000,1.14870000,1.15720000,1.08500000,1.11170000,43694827.30000000,1688601599999,49042621.27454000,112059,20548816.90000000,23045127.29405000,0
