Open Time,Open,High,Low,Close,Volume,Close Time,Quote Asset Volume,Number of trades,Taker Buy Base Asset Volume,Taker Buy Quote Asset volume
1686441600000,0.99330000,1.01780000,0.97400000,0.99200000,50770338.80000000,1686527999999,50599111.14446000,114379,23955394.00000000,23883270.35108000,0
