Open Time,Open,High,Low,Close,Volume,Close Time,Quote Asset Volume,Number of trades,Taker Buy Base Asset Volume,Taker Buy Quote Asset volume
1682035200000,1.44190000,1.50360000,1.41000000,1.47190000,234777423.30000000,1682121599999,340360740.76319000,473427,118027907.60000000,171192462.25178000,0
