Open Time,Open,High,Low,Close,Volume,Close Time,Quote Asset Volume,Number of trades,Taker Buy Base Asset Volume,Taker Buy Quote Asset volume
1693180800000,0.95850000,0.96040000,0.92000000,0.95010000,26501170.10000000,1693267199999,24940150.94530000,59328,11635692.40000000,10951417.49737000,0
