Open Time,Open,High,Low,Close,Volume,Close Time,Quote Asset Volume,Number of trades,Taker Buy Base Asset Volume,Taker Buy Quote Asset volume
1687996800000,1.12110000,1.16830000,1.11710000,1.12900000,57043661.40000000,1688083199999,65106335.18396000,140024,28001648.00000000,31959346.67667000,0
