Open Time,Open,High,Low,Close,Volume,Close Time,Quote Asset Volume,Number of trades,Taker Buy Base Asset Volume,Taker Buy Quote Asset volume
1691280000000,1.13730000,1.14730000,1.12830000,1.13840000,12644554.40000000,1691366399999,14399408.75824000,30677,5824747.30000000,6635112.92962000,0
