Open Time,Open,High,Low,Close,Volume,Close Time,Quote Asset Volume,Number of trades,Taker Buy Base Asset Volume,Taker Buy Quote Asset volume
1684627200000,1.16360000,1.17110000,1.10950000,1.12750000,35299855.50000000,1684713599999,40276003.06053000,83324,16035211.80000000,18292218.47849000,0
