Open Time,Open,High,Low,Close,Volume,Close Time,Quote Asset Volume,Number of trades,Taker Buy Base Asset Volume,Taker Buy Quote Asset volume
1684800000000,1.12540000,1.18060000,1.11910000,1.16660000,49638479.10000000,1684886399999,57690853.28957000,99467,24126388.70000000,28026329.21305000,0
