Open Time,Open,High,Low,Close,Volume,Close Time,Quote Asset Volume,Number of trades,Taker Buy Base Asset Volume,Taker Buy Quote Asset volume
1680134400000,1.22570000,1.43000000,1.22340000,1.37960000,432682328.80000000,1680220799999,578876650.49493000,800177,222740167.30000000,298007301.57198000,0
