Open Time,Open,High,Low,Close,Volume,Close Time,Quote Asset Volume,Number of trades,Taker Buy Base Asset Volume,Taker Buy Quote Asset volume
1694390400000,0.84420000,0.84880000,0.73900000,0.76230000,103453304.10000000,1694476799999,81425526.20480000,220364,48345728.10000000,38012308.23760000,0
