Open Time,Open,High,Low,Close,Volume,Close Time,Quote Asset Volume,Number of trades,Taker Buy Base Asset Volume,Taker Buy Quote Asset volume
1684108800000,1.17030000,1.23000000,1.14780000,1.18830000,88401390.70000000,1684195199999,106324682.67058000,191357,42780896.20000000,51435406.86515000,0
