Open Time,Open,High,Low,Close,Volume,Close Time,Quote Asset Volume,Number of trades,Taker Buy Base Asset Volume,Taker Buy Quote Asset volume
1685750400000,1.24090000,1.25720000,1.20370000,1.21580000,43809651.80000000,1685836799999,54000378.91452000,97542,21508831.30000000,26530392.39986000,0
