Open Time,Open,High,Low,Close,Volume,Close Time,Quote Asset Volume,Number of trades,Taker Buy Base Asset Volume,Taker Buy Quote Asset volume
1688688000000,1.06790000,1.13380000,1.05710000,1.13160000,53835791.60000000,1688774399999,59542730.01668000,151823,28125469.50000000,31121800.30495000,0
