Open Time,Open,High,Low,Close,Volume,Close Time,Quote Asset Volume,Number of trades,Taker Buy Base Asset Volume,Taker Buy Quote Asset volume
1683763200000,1.17080000,1.17220000,1.05030000,1.08880000,129897745.90000000,1683849599999,143455263.76381000,225728,61624961.80000000,68057134.17426000,0
