Open Time,Open,High,Low,Close,Volume,Close Time,Quote Asset Volume,Number of trades,Taker Buy Base Asset Volume,Taker Buy Quote Asset volume
1685577600000,1.16060000,1.16790000,1.12810000,1.14610000,33505494.30000000,1685663999999,38554702.26647000,75026,14994108.30000000,17261152.77216000,0
