Open Time,Open,High,Low,Close,Volume,Close Time,Quote Asset Volume,Number of trades,Taker Buy Base Asset Volume,Taker Buy Quote Asset volume
1690675200000,1.18240000,1.18940000,1.13970000,1.15850000,19756586.90000000,1690761599999,23105763.95370000,53880,9030656.90000000,10563424.96489000,0
