Open Time,Open,High,Low,Close,Volume,Close Time,Quote Asset Volume,Number of trades,Taker Buy Base Asset Volume,Taker Buy Quote Asset volume
1682640000000,1.42320000,1.44390000,1.36000000,1.37990000,95044843.40000000,1682726399999,133226120.31020000,189966,45176924.00000000,63308131.42785000,0
